2026-05-31 14:10:34,953 [INFO] ============================================================
2026-05-31 14:10:34,953 [INFO] STEP 1: Data Ingestion
2026-05-31 14:10:34,953 [INFO] Ingesting GlobalTech HRIS CSV: c:\Users\RhodaArthur\Desktop\Projects\data-engineering\sk-01-capstone-project\src\data\raw\globaltech_hris.csv
2026-05-31 14:10:35,005 [INFO]   Ingested 15000 records from GlobalTech HRIS CSV
2026-05-31 14:10:35,016 [INFO] Ingesting AcquiredCo JSON: c:\Users\RhodaArthur\Desktop\Projects\data-engineering\sk-01-capstone-project\src\data\raw\acquiredco_api.json
2026-05-31 14:10:35,051 [INFO]   Total records in file: 3200
2026-05-31 14:10:35,053 [INFO]   Page 1: ingested 100 records (offset 0–99)
2026-05-31 14:10:35,055 [INFO]   Page 2: ingested 100 records (offset 100–199)
2026-05-31 14:10:35,057 [INFO]   Page 3: ingested 100 records (offset 200–299)
2026-05-31 14:10:35,058 [INFO]   Page 4: ingested 100 records (offset 300–399)
2026-05-31 14:10:35,060 [INFO]   Page 5: ingested 100 records (offset 400–499)
2026-05-31 14:10:35,063 [INFO]   Page 6: ingested 100 records (offset 500–599)
2026-05-31 14:10:35,065 [INFO]   Page 7: ingested 100 records (offset 600–699)
2026-05-31 14:10:35,068 [INFO]   Page 8: ingested 100 records (offset 700–799)
2026-05-31 14:10:35,070 [INFO]   Page 9: ingested 100 records (offset 800–899)
2026-05-31 14:10:35,071 [INFO]   Page 10: ingested 100 records (offset 900–999)
2026-05-31 14:10:35,073 [INFO]   Page 11: ingested 100 records (offset 1000–1099)
2026-05-31 14:10:35,074 [INFO]   Page 12: ingested 100 records (offset 1100–1199)
2026-05-31 14:10:35,075 [INFO]   Page 13: ingested 100 records (offset 1200–1299)
2026-05-31 14:10:35,077 [INFO]   Page 14: ingested 100 records (offset 1300–1399)
2026-05-31 14:10:35,079 [INFO]   Page 15: ingested 100 records (offset 1400–1499)
2026-05-31 14:10:35,081 [INFO]   Page 16: ingested 100 records (offset 1500–1599)
2026-05-31 14:10:35,083 [INFO]   Page 17: ingested 100 records (offset 1600–1699)
2026-05-31 14:10:35,084 [INFO]   Page 18: ingested 100 records (offset 1700–1799)
2026-05-31 14:10:35,086 [INFO]   Page 19: ingested 100 records (offset 1800–1899)
2026-05-31 14:10:35,087 [INFO]   Page 20: ingested 100 records (offset 1900–1999)
2026-05-31 14:10:35,088 [INFO]   Page 21: ingested 100 records (offset 2000–2099)
2026-05-31 14:10:35,090 [INFO]   Page 22: ingested 100 records (offset 2100–2199)
2026-05-31 14:10:35,091 [INFO]   Page 23: ingested 100 records (offset 2200–2299)
2026-05-31 14:10:35,093 [INFO]   Page 24: ingested 100 records (offset 2300–2399)
2026-05-31 14:10:35,095 [INFO]   Page 25: ingested 100 records (offset 2400–2499)
2026-05-31 14:10:35,097 [INFO]   Page 26: ingested 100 records (offset 2500–2599)
2026-05-31 14:10:35,098 [INFO]   Page 27: ingested 100 records (offset 2600–2699)
2026-05-31 14:10:35,101 [INFO]   Page 28: ingested 100 records (offset 2700–2799)
2026-05-31 14:10:35,102 [INFO]   Page 29: ingested 100 records (offset 2800–2899)
2026-05-31 14:10:35,103 [INFO]   Page 30: ingested 100 records (offset 2900–2999)
2026-05-31 14:10:35,105 [INFO]   Page 31: ingested 100 records (offset 3000–3099)
2026-05-31 14:10:35,106 [INFO]   Page 32: ingested 100 records (offset 3100–3199)
2026-05-31 14:10:35,112 [INFO]   Ingested 3200 total records from AcquiredCo JSON
2026-05-31 14:10:35,120 [INFO]   Combined HRIS records: 18200
2026-05-31 14:10:35,129 [INFO]     globaltech_hris: 15000 records
2026-05-31 14:10:35,129 [INFO]     acquiredco_hris: 3200 records
2026-05-31 14:10:35,129 [INFO] Ingesting benefits XML: c:\Users\RhodaArthur\Desktop\Projects\data-engineering\sk-01-capstone-project\src\data\raw\benefits_enrollment.xml
2026-05-31 14:10:35,248 [INFO]   Ingested 12000 enrollment records from benefits XML
2026-05-31 14:10:35,250 [INFO]   Unique enrolled employee IDs: 8283
2026-05-31 14:10:35,258 [INFO] Ingesting payroll Excel: c:\Users\RhodaArthur\Desktop\Projects\data-engineering\sk-01-capstone-project\src\data\raw\payroll_data.xlsx
2026-05-31 14:10:35,259 [ERROR] [DEAD LETTER] Failed to read payroll Excel: Missing optional dependency 'openpyxl'.  Use pip or conda to install openpyxl.
2026-05-31 14:10:35,260 [INFO]   Benefits enrollment records: 12000
2026-05-31 14:10:35,260 [INFO]   Payroll records: 0
2026-05-31 14:10:35,260 [INFO] STEP 1 complete.
2026-05-31 18:28:09,887 [INFO] ============================================================
2026-05-31 18:28:09,887 [INFO] STEP 1: Data Ingestion
2026-05-31 18:28:09,888 [INFO] Ingesting GlobalTech HRIS CSV: c:\Users\RhodaArthur\Desktop\Projects\data-engineering\sk-01-capstone-project\src\data\raw\globaltech_hris.csv
2026-05-31 18:28:09,940 [INFO]   Ingested 15000 records from GlobalTech HRIS CSV
2026-05-31 18:28:09,946 [INFO] Ingesting AcquiredCo JSON: c:\Users\RhodaArthur\Desktop\Projects\data-engineering\sk-01-capstone-project\src\data\raw\acquiredco_api.json
2026-05-31 18:28:09,983 [INFO]   Total records in file: 3200
2026-05-31 18:28:09,986 [INFO]   Page 1: ingested 100 records (offset 0–99)
2026-05-31 18:28:09,989 [INFO]   Page 2: ingested 100 records (offset 100–199)
2026-05-31 18:28:09,990 [INFO]   Page 3: ingested 100 records (offset 200–299)
2026-05-31 18:28:09,992 [INFO]   Page 4: ingested 100 records (offset 300–399)
2026-05-31 18:28:09,993 [INFO]   Page 5: ingested 100 records (offset 400–499)
2026-05-31 18:28:09,994 [INFO]   Page 6: ingested 100 records (offset 500–599)
2026-05-31 18:28:09,996 [INFO]   Page 7: ingested 100 records (offset 600–699)
2026-05-31 18:28:09,997 [INFO]   Page 8: ingested 100 records (offset 700–799)
2026-05-31 18:28:09,999 [INFO]   Page 9: ingested 100 records (offset 800–899)
2026-05-31 18:28:10,000 [INFO]   Page 10: ingested 100 records (offset 900–999)
2026-05-31 18:28:10,001 [INFO]   Page 11: ingested 100 records (offset 1000–1099)
2026-05-31 18:28:10,003 [INFO]   Page 12: ingested 100 records (offset 1100–1199)
2026-05-31 18:28:10,004 [INFO]   Page 13: ingested 100 records (offset 1200–1299)
2026-05-31 18:28:10,006 [INFO]   Page 14: ingested 100 records (offset 1300–1399)
2026-05-31 18:28:10,007 [INFO]   Page 15: ingested 100 records (offset 1400–1499)
2026-05-31 18:28:10,009 [INFO]   Page 16: ingested 100 records (offset 1500–1599)
2026-05-31 18:28:10,011 [INFO]   Page 17: ingested 100 records (offset 1600–1699)
2026-05-31 18:28:10,013 [INFO]   Page 18: ingested 100 records (offset 1700–1799)
2026-05-31 18:28:10,015 [INFO]   Page 19: ingested 100 records (offset 1800–1899)
2026-05-31 18:28:10,016 [INFO]   Page 20: ingested 100 records (offset 1900–1999)
2026-05-31 18:28:10,018 [INFO]   Page 21: ingested 100 records (offset 2000–2099)
2026-05-31 18:28:10,019 [INFO]   Page 22: ingested 100 records (offset 2100–2199)
2026-05-31 18:28:10,021 [INFO]   Page 23: ingested 100 records (offset 2200–2299)
2026-05-31 18:28:10,022 [INFO]   Page 24: ingested 100 records (offset 2300–2399)
2026-05-31 18:28:10,024 [INFO]   Page 25: ingested 100 records (offset 2400–2499)
2026-05-31 18:28:10,025 [INFO]   Page 26: ingested 100 records (offset 2500–2599)
2026-05-31 18:28:10,027 [INFO]   Page 27: ingested 100 records (offset 2600–2699)
2026-05-31 18:28:10,028 [INFO]   Page 28: ingested 100 records (offset 2700–2799)
2026-05-31 18:28:10,030 [INFO]   Page 29: ingested 100 records (offset 2800–2899)
2026-05-31 18:28:10,031 [INFO]   Page 30: ingested 100 records (offset 2900–2999)
2026-05-31 18:28:10,033 [INFO]   Page 31: ingested 100 records (offset 3000–3099)
2026-05-31 18:28:10,034 [INFO]   Page 32: ingested 100 records (offset 3100–3199)
2026-05-31 18:28:10,037 [INFO]   Ingested 3200 total records from AcquiredCo JSON
2026-05-31 18:28:10,045 [INFO]   Combined HRIS records: 18200
2026-05-31 18:28:10,049 [INFO]     globaltech_hris: 15000 records
2026-05-31 18:28:10,049 [INFO]     acquiredco_hris: 3200 records
2026-05-31 18:28:10,050 [INFO] Ingesting benefits XML: c:\Users\RhodaArthur\Desktop\Projects\data-engineering\sk-01-capstone-project\src\data\raw\benefits_enrollment.xml
2026-05-31 18:28:10,160 [INFO]   Ingested 12000 enrollment records from benefits XML
2026-05-31 18:28:10,162 [INFO]   Unique enrolled employee IDs: 8283
2026-05-31 18:28:10,170 [INFO] Ingesting payroll Excel: c:\Users\RhodaArthur\Desktop\Projects\data-engineering\sk-01-capstone-project\src\data\raw\payroll_data.xlsx
2026-05-31 18:28:10,171 [ERROR] [DEAD LETTER] Failed to read payroll Excel: Missing optional dependency 'openpyxl'.  Use pip or conda to install openpyxl.
2026-05-31 18:28:10,172 [INFO]   Benefits enrollment records: 12000
2026-05-31 18:28:10,172 [INFO]   Payroll records: 0
2026-05-31 18:28:10,173 [INFO] STEP 1 complete.
2026-06-02 09:26:46,852 [INFO] ============================================================
2026-06-02 09:26:46,852 [INFO] STEP 1: Data Ingestion
2026-06-02 09:26:46,853 [INFO] Ingesting GlobalTech HRIS CSV: c:\Users\RhodaArthur\Desktop\Projects\data-engineering\sk-01-capstone-project\src\data\raw\globaltech_hris.csv
2026-06-02 09:26:46,905 [INFO]   Ingested 15000 records from GlobalTech HRIS CSV
2026-06-02 09:26:46,914 [INFO] Ingesting AcquiredCo JSON: c:\Users\RhodaArthur\Desktop\Projects\data-engineering\sk-01-capstone-project\src\data\raw\acquiredco_api.json
2026-06-02 09:26:46,955 [INFO]   Total records in file: 3200
2026-06-02 09:26:46,957 [INFO]   Page 1: ingested 100 records (offset 0–99)
2026-06-02 09:26:46,959 [INFO]   Page 2: ingested 100 records (offset 100–199)
2026-06-02 09:26:46,960 [INFO]   Page 3: ingested 100 records (offset 200–299)
2026-06-02 09:26:46,962 [INFO]   Page 4: ingested 100 records (offset 300–399)
2026-06-02 09:26:46,963 [INFO]   Page 5: ingested 100 records (offset 400–499)
2026-06-02 09:26:46,965 [INFO]   Page 6: ingested 100 records (offset 500–599)
2026-06-02 09:26:46,966 [INFO]   Page 7: ingested 100 records (offset 600–699)
2026-06-02 09:26:46,968 [INFO]   Page 8: ingested 100 records (offset 700–799)
2026-06-02 09:26:46,969 [INFO]   Page 9: ingested 100 records (offset 800–899)
2026-06-02 09:26:46,972 [INFO]   Page 10: ingested 100 records (offset 900–999)
2026-06-02 09:26:46,973 [INFO]   Page 11: ingested 100 records (offset 1000–1099)
2026-06-02 09:26:46,975 [INFO]   Page 12: ingested 100 records (offset 1100–1199)
2026-06-02 09:26:46,976 [INFO]   Page 13: ingested 100 records (offset 1200–1299)
2026-06-02 09:26:46,979 [INFO]   Page 14: ingested 100 records (offset 1300–1399)
2026-06-02 09:26:46,980 [INFO]   Page 15: ingested 100 records (offset 1400–1499)
2026-06-02 09:26:46,982 [INFO]   Page 16: ingested 100 records (offset 1500–1599)
2026-06-02 09:26:46,983 [INFO]   Page 17: ingested 100 records (offset 1600–1699)
2026-06-02 09:26:46,986 [INFO]   Page 18: ingested 100 records (offset 1700–1799)
2026-06-02 09:26:46,988 [INFO]   Page 19: ingested 100 records (offset 1800–1899)
2026-06-02 09:26:46,989 [INFO]   Page 20: ingested 100 records (offset 1900–1999)
2026-06-02 09:26:46,991 [INFO]   Page 21: ingested 100 records (offset 2000–2099)
2026-06-02 09:26:46,992 [INFO]   Page 22: ingested 100 records (offset 2100–2199)
2026-06-02 09:26:46,994 [INFO]   Page 23: ingested 100 records (offset 2200–2299)
2026-06-02 09:26:46,996 [INFO]   Page 24: ingested 100 records (offset 2300–2399)
2026-06-02 09:26:46,999 [INFO]   Page 25: ingested 100 records (offset 2400–2499)
2026-06-02 09:26:47,002 [INFO]   Page 26: ingested 100 records (offset 2500–2599)
2026-06-02 09:26:47,004 [INFO]   Page 27: ingested 100 records (offset 2600–2699)
2026-06-02 09:26:47,007 [INFO]   Page 28: ingested 100 records (offset 2700–2799)
2026-06-02 09:26:47,010 [INFO]   Page 29: ingested 100 records (offset 2800–2899)
2026-06-02 09:26:47,012 [INFO]   Page 30: ingested 100 records (offset 2900–2999)
2026-06-02 09:26:47,016 [INFO]   Page 31: ingested 100 records (offset 3000–3099)
2026-06-02 09:26:47,019 [INFO]   Page 32: ingested 100 records (offset 3100–3199)
2026-06-02 09:26:47,026 [INFO]   Ingested 3200 total records from AcquiredCo JSON
2026-06-02 09:26:47,034 [INFO]   Combined HRIS records: 18200
2026-06-02 09:26:47,043 [INFO]     globaltech_hris: 15000 records
2026-06-02 09:26:47,043 [INFO]     acquiredco_hris: 3200 records
2026-06-02 09:26:47,044 [INFO] Ingesting benefits XML: c:\Users\RhodaArthur\Desktop\Projects\data-engineering\sk-01-capstone-project\src\data\raw\benefits_enrollment.xml
2026-06-02 09:26:47,185 [INFO]   Ingested 12000 enrollment records from benefits XML
2026-06-02 09:26:47,187 [INFO]   Unique enrolled employee IDs: 8283
2026-06-02 09:26:47,193 [INFO] Ingesting payroll Excel: c:\Users\RhodaArthur\Desktop\Projects\data-engineering\sk-01-capstone-project\src\data\raw\payroll_data.xlsx
2026-06-02 09:26:47,194 [ERROR] [DEAD LETTER] Failed to read payroll Excel: Missing optional dependency 'openpyxl'.  Use pip or conda to install openpyxl.
2026-06-02 09:26:47,195 [INFO]   Benefits enrollment records: 12000
2026-06-02 09:26:47,195 [INFO]   Payroll records: 0
2026-06-02 09:26:47,195 [INFO] STEP 1 complete.
2026-06-02 15:01:10,262 [INFO] ============================================================
2026-06-02 15:01:10,263 [INFO] STEP 1: Data Ingestion
2026-06-02 15:01:10,263 [INFO] Ingesting GlobalTech HRIS CSV: c:\Users\RhodaArthur\Desktop\Projects\data-engineering\sk-01-capstone-project\src\data\raw\globaltech_hris.csv
2026-06-02 15:01:10,319 [INFO]   Ingested 15000 records from GlobalTech HRIS CSV
2026-06-02 15:01:10,332 [INFO] Ingesting AcquiredCo JSON: c:\Users\RhodaArthur\Desktop\Projects\data-engineering\sk-01-capstone-project\src\data\raw\acquiredco_api.json
2026-06-02 15:01:10,371 [INFO]   Total records in file: 3200
2026-06-02 15:01:10,373 [INFO]   Page 1: ingested 100 records (offset 0–99)
2026-06-02 15:01:10,374 [INFO]   Page 2: ingested 100 records (offset 100–199)
2026-06-02 15:01:10,376 [INFO]   Page 3: ingested 100 records (offset 200–299)
2026-06-02 15:01:10,377 [INFO]   Page 4: ingested 100 records (offset 300–399)
2026-06-02 15:01:10,379 [INFO]   Page 5: ingested 100 records (offset 400–499)
2026-06-02 15:01:10,380 [INFO]   Page 6: ingested 100 records (offset 500–599)
2026-06-02 15:01:10,381 [INFO]   Page 7: ingested 100 records (offset 600–699)
2026-06-02 15:01:10,383 [INFO]   Page 8: ingested 100 records (offset 700–799)
2026-06-02 15:01:10,386 [INFO]   Page 9: ingested 100 records (offset 800–899)
2026-06-02 15:01:10,388 [INFO]   Page 10: ingested 100 records (offset 900–999)
2026-06-02 15:01:10,391 [INFO]   Page 11: ingested 100 records (offset 1000–1099)
2026-06-02 15:01:10,392 [INFO]   Page 12: ingested 100 records (offset 1100–1199)
2026-06-02 15:01:10,394 [INFO]   Page 13: ingested 100 records (offset 1200–1299)
2026-06-02 15:01:10,396 [INFO]   Page 14: ingested 100 records (offset 1300–1399)
2026-06-02 15:01:10,398 [INFO]   Page 15: ingested 100 records (offset 1400–1499)
2026-06-02 15:01:10,400 [INFO]   Page 16: ingested 100 records (offset 1500–1599)
2026-06-02 15:01:10,402 [INFO]   Page 17: ingested 100 records (offset 1600–1699)
2026-06-02 15:01:10,404 [INFO]   Page 18: ingested 100 records (offset 1700–1799)
2026-06-02 15:01:10,406 [INFO]   Page 19: ingested 100 records (offset 1800–1899)
2026-06-02 15:01:10,407 [INFO]   Page 20: ingested 100 records (offset 1900–1999)
2026-06-02 15:01:10,409 [INFO]   Page 21: ingested 100 records (offset 2000–2099)
2026-06-02 15:01:10,410 [INFO]   Page 22: ingested 100 records (offset 2100–2199)
2026-06-02 15:01:10,411 [INFO]   Page 23: ingested 100 records (offset 2200–2299)
2026-06-02 15:01:10,412 [INFO]   Page 24: ingested 100 records (offset 2300–2399)
2026-06-02 15:01:10,414 [INFO]   Page 25: ingested 100 records (offset 2400–2499)
2026-06-02 15:01:10,415 [INFO]   Page 26: ingested 100 records (offset 2500–2599)
2026-06-02 15:01:10,417 [INFO]   Page 27: ingested 100 records (offset 2600–2699)
2026-06-02 15:01:10,419 [INFO]   Page 28: ingested 100 records (offset 2700–2799)
2026-06-02 15:01:10,421 [INFO]   Page 29: ingested 100 records (offset 2800–2899)
2026-06-02 15:01:10,422 [INFO]   Page 30: ingested 100 records (offset 2900–2999)
2026-06-02 15:01:10,423 [INFO]   Page 31: ingested 100 records (offset 3000–3099)
2026-06-02 15:01:10,425 [INFO]   Page 32: ingested 100 records (offset 3100–3199)
2026-06-02 15:01:10,430 [INFO]   Ingested 3200 total records from AcquiredCo JSON
2026-06-02 15:01:10,439 [INFO]   Combined HRIS records: 18200
2026-06-02 15:01:10,448 [INFO]     globaltech_hris: 15000 records
2026-06-02 15:01:10,448 [INFO]     acquiredco_hris: 3200 records
2026-06-02 15:01:10,449 [INFO] Ingesting benefits XML: c:\Users\RhodaArthur\Desktop\Projects\data-engineering\sk-01-capstone-project\src\data\raw\benefits_enrollment.xml
2026-06-02 15:01:10,584 [INFO]   Ingested 12000 enrollment records from benefits XML
2026-06-02 15:01:10,589 [INFO]   Unique enrolled employee IDs: 8283
2026-06-02 15:01:10,597 [INFO] Ingesting payroll Excel: c:\Users\RhodaArthur\Desktop\Projects\data-engineering\sk-01-capstone-project\src\data\raw\payroll_data.xlsx
2026-06-02 15:01:10,598 [ERROR] [DEAD LETTER] Failed to read payroll Excel: Missing optional dependency 'openpyxl'.  Use pip or conda to install openpyxl.
2026-06-02 15:01:10,599 [INFO]   Benefits enrollment records: 12000
2026-06-02 15:01:10,599 [INFO]   Payroll records: 0
2026-06-02 15:01:10,599 [INFO] STEP 1 complete.
2026-06-02 15:22:31,745 [INFO] ============================================================
2026-06-02 15:22:31,745 [INFO] Multi-source HR Data Integration PIPELINE
2026-06-02 15:22:31,745 [INFO] Run started: 2026-06-02T15:22:31.745272
2026-06-02 15:22:31,746 [INFO] ============================================================
2026-06-02 15:22:31,746 [INFO] ============================================================
2026-06-02 15:22:31,746 [INFO] STEP 1: Data Ingestion
2026-06-02 15:22:31,746 [INFO] Ingesting GlobalTech HRIS CSV: c:\Users\RhodaArthur\Desktop\Projects\data-engineering\sk-01-capstone-project\src\data\raw\globaltech_hris.csv
2026-06-02 15:22:31,807 [INFO]   Ingested 15000 records from GlobalTech HRIS CSV
2026-06-02 15:22:31,813 [INFO] Ingesting AcquiredCo JSON: c:\Users\RhodaArthur\Desktop\Projects\data-engineering\sk-01-capstone-project\src\data\raw\acquiredco_api.json
2026-06-02 15:22:31,854 [INFO]   Total records in file: 3200
2026-06-02 15:22:31,857 [INFO]   Page 1: ingested 100 records (offset 0–99)
2026-06-02 15:22:31,858 [INFO]   Page 2: ingested 100 records (offset 100–199)
2026-06-02 15:22:31,860 [INFO]   Page 3: ingested 100 records (offset 200–299)
2026-06-02 15:22:31,862 [INFO]   Page 4: ingested 100 records (offset 300–399)
2026-06-02 15:22:31,864 [INFO]   Page 5: ingested 100 records (offset 400–499)
2026-06-02 15:22:31,866 [INFO]   Page 6: ingested 100 records (offset 500–599)
2026-06-02 15:22:31,868 [INFO]   Page 7: ingested 100 records (offset 600–699)
2026-06-02 15:22:31,871 [INFO]   Page 8: ingested 100 records (offset 700–799)
2026-06-02 15:22:31,873 [INFO]   Page 9: ingested 100 records (offset 800–899)
2026-06-02 15:22:31,874 [INFO]   Page 10: ingested 100 records (offset 900–999)
2026-06-02 15:22:31,876 [INFO]   Page 11: ingested 100 records (offset 1000–1099)
2026-06-02 15:22:31,878 [INFO]   Page 12: ingested 100 records (offset 1100–1199)
2026-06-02 15:22:31,880 [INFO]   Page 13: ingested 100 records (offset 1200–1299)
2026-06-02 15:22:31,882 [INFO]   Page 14: ingested 100 records (offset 1300–1399)
2026-06-02 15:22:31,884 [INFO]   Page 15: ingested 100 records (offset 1400–1499)
2026-06-02 15:22:31,887 [INFO]   Page 16: ingested 100 records (offset 1500–1599)
2026-06-02 15:22:31,889 [INFO]   Page 17: ingested 100 records (offset 1600–1699)
2026-06-02 15:22:31,891 [INFO]   Page 18: ingested 100 records (offset 1700–1799)
2026-06-02 15:22:31,893 [INFO]   Page 19: ingested 100 records (offset 1800–1899)
2026-06-02 15:22:31,895 [INFO]   Page 20: ingested 100 records (offset 1900–1999)
2026-06-02 15:22:31,897 [INFO]   Page 21: ingested 100 records (offset 2000–2099)
2026-06-02 15:22:31,899 [INFO]   Page 22: ingested 100 records (offset 2100–2199)
2026-06-02 15:22:31,901 [INFO]   Page 23: ingested 100 records (offset 2200–2299)
2026-06-02 15:22:31,904 [INFO]   Page 24: ingested 100 records (offset 2300–2399)
2026-06-02 15:22:31,906 [INFO]   Page 25: ingested 100 records (offset 2400–2499)
2026-06-02 15:22:31,908 [INFO]   Page 26: ingested 100 records (offset 2500–2599)
2026-06-02 15:22:31,910 [INFO]   Page 27: ingested 100 records (offset 2600–2699)
2026-06-02 15:22:31,911 [INFO]   Page 28: ingested 100 records (offset 2700–2799)
2026-06-02 15:22:31,913 [INFO]   Page 29: ingested 100 records (offset 2800–2899)
2026-06-02 15:22:31,916 [INFO]   Page 30: ingested 100 records (offset 2900–2999)
2026-06-02 15:22:31,918 [INFO]   Page 31: ingested 100 records (offset 3000–3099)
2026-06-02 15:22:31,920 [INFO]   Page 32: ingested 100 records (offset 3100–3199)
2026-06-02 15:22:31,924 [INFO]   Ingested 3200 total records from AcquiredCo JSON
2026-06-02 15:22:31,937 [INFO]   Combined HRIS records: 18200
2026-06-02 15:22:31,943 [INFO]     globaltech_hris: 15000 records
2026-06-02 15:22:31,943 [INFO]     acquiredco_hris: 3200 records
2026-06-02 15:22:31,944 [INFO] Ingesting benefits XML: c:\Users\RhodaArthur\Desktop\Projects\data-engineering\sk-01-capstone-project\src\data\raw\benefits_enrollment.xml
2026-06-02 15:22:32,100 [INFO]   Ingested 12000 enrollment records from benefits XML
2026-06-02 15:22:32,104 [INFO]   Unique enrolled employee IDs: 8283
2026-06-02 15:22:32,113 [INFO] Ingesting payroll Excel: c:\Users\RhodaArthur\Desktop\Projects\data-engineering\sk-01-capstone-project\src\data\raw\payroll_data.xlsx
2026-06-02 15:22:32,115 [ERROR] [DEAD LETTER] Failed to read payroll Excel: Missing optional dependency 'openpyxl'.  Use pip or conda to install openpyxl.
2026-06-02 15:22:32,115 [INFO]   Benefits enrollment records: 12000
2026-06-02 15:22:32,116 [INFO]   Payroll records: 0
2026-06-02 15:22:32,116 [INFO] STEP 1 complete.
2026-06-02 15:22:32,119 [INFO] STEP 2: Cleaning & Standardization
2026-06-02 15:22:32,124 [INFO]   2.1 Namespacing employee and manager IDs...
2026-06-02 15:22:32,772 [INFO]       Sample IDs: ['GT-000001', 'GT-000002', 'GT-000003']
2026-06-02 15:22:32,772 [INFO]   2.2 Standardising names...
2026-06-02 15:22:32,909 [INFO]   2.3 Standardising hire dates...
2026-06-02 15:22:33,190 [WARNING]       3200 records have out-of-range hire dates
2026-06-02 15:22:33,191 [INFO]   2.4 Validating department taxonomy...
2026-06-02 15:22:33,206 [WARNING] Unknown department 'DevOps' for employee GT-000015
2026-06-02 15:22:33,206 [WARNING] Unknown department 'DevOps' for employee GT-000025
2026-06-02 15:22:33,207 [WARNING] Unknown department 'DevOps' for employee GT-000028
2026-06-02 15:22:33,207 [WARNING] Unknown department 'DevOps' for employee GT-000090
2026-06-02 15:22:33,208 [WARNING] Unknown department 'DevOps' for employee GT-000091
2026-06-02 15:22:33,209 [WARNING] Unknown department 'DevOps' for employee GT-000096
2026-06-02 15:22:33,210 [WARNING] Unknown department 'DevOps' for employee GT-000097
2026-06-02 15:22:33,211 [WARNING] Unknown department 'DevOps' for employee GT-000100
2026-06-02 15:22:33,211 [WARNING] Unknown department 'DevOps' for employee GT-000108
2026-06-02 15:22:33,214 [WARNING] Unknown department 'DevOps' for employee GT-000115
2026-06-02 15:22:33,214 [WARNING] Unknown department 'DevOps' for employee GT-000127
2026-06-02 15:22:33,216 [WARNING] Unknown department 'DevOps' for employee GT-000128
2026-06-02 15:22:33,218 [WARNING] Unknown department 'DevOps' for employee GT-000137
2026-06-02 15:22:33,228 [WARNING] Unknown department 'DevOps' for employee GT-000144
2026-06-02 15:22:33,241 [WARNING] Unknown department 'DevOps' for employee GT-000177
2026-06-02 15:22:33,242 [WARNING] Unknown department 'DevOps' for employee GT-000277
2026-06-02 15:22:33,242 [WARNING] Unknown department 'DevOps' for employee GT-000280
2026-06-02 15:22:33,242 [WARNING] Unknown department 'DevOps' for employee GT-000293
2026-06-02 15:22:33,243 [WARNING] Unknown department 'DevOps' for employee GT-000295
2026-06-02 15:22:33,247 [WARNING] Unknown department 'DevOps' for employee GT-000324
2026-06-02 15:22:33,248 [WARNING] Unknown department 'DevOps' for employee GT-000325
2026-06-02 15:22:33,248 [WARNING] Unknown department 'DevOps' for employee GT-000341
2026-06-02 15:22:33,249 [WARNING] Unknown department 'DevOps' for employee GT-000354
2026-06-02 15:22:33,259 [WARNING] Unknown department 'DevOps' for employee GT-000361
2026-06-02 15:22:33,260 [WARNING] Unknown department 'DevOps' for employee GT-000372
2026-06-02 15:22:33,261 [WARNING] Unknown department 'DevOps' for employee GT-000375
2026-06-02 15:22:33,261 [WARNING] Unknown department 'DevOps' for employee GT-000377
2026-06-02 15:22:33,263 [WARNING] Unknown department 'DevOps' for employee GT-000385
2026-06-02 15:22:33,264 [WARNING] Unknown department 'DevOps' for employee GT-000393
2026-06-02 15:22:33,265 [WARNING] Unknown department 'DevOps' for employee GT-000395
2026-06-02 15:22:33,267 [WARNING] Unknown department 'DevOps' for employee GT-000401
2026-06-02 15:22:33,267 [WARNING] Unknown department 'DevOps' for employee GT-000413
2026-06-02 15:22:33,268 [WARNING] Unknown department 'DevOps' for employee GT-000447
2026-06-02 15:22:33,268 [WARNING] Unknown department 'DevOps' for employee GT-000465
2026-06-02 15:22:33,273 [WARNING] Unknown department 'DevOps' for employee GT-000504
2026-06-02 15:22:33,274 [WARNING] Unknown department 'DevOps' for employee GT-000541
2026-06-02 15:22:33,275 [WARNING] Unknown department 'DevOps' for employee GT-000610
2026-06-02 15:22:33,275 [WARNING] Unknown department 'DevOps' for employee GT-000617
2026-06-02 15:22:33,276 [WARNING] Unknown department 'DevOps' for employee GT-000640
2026-06-02 15:22:33,277 [WARNING] Unknown department 'DevOps' for employee GT-000649
2026-06-02 15:22:33,277 [WARNING] Unknown department 'DevOps' for employee GT-000662
2026-06-02 15:22:33,278 [WARNING] Unknown department 'DevOps' for employee GT-000666
2026-06-02 15:22:33,278 [WARNING] Unknown department 'DevOps' for employee GT-000672
2026-06-02 15:22:33,279 [WARNING] Unknown department 'DevOps' for employee GT-000677
2026-06-02 15:22:33,280 [WARNING] Unknown department 'DevOps' for employee GT-000686
2026-06-02 15:22:33,281 [WARNING] Unknown department 'DevOps' for employee GT-000691
2026-06-02 15:22:33,282 [WARNING] Unknown department 'DevOps' for employee GT-000701
2026-06-02 15:22:33,282 [WARNING] Unknown department 'DevOps' for employee GT-000708
2026-06-02 15:22:33,283 [WARNING] Unknown department 'DevOps' for employee GT-000729
2026-06-02 15:22:33,284 [WARNING] Unknown department 'DevOps' for employee GT-000730
2026-06-02 15:22:33,288 [WARNING] Unknown department 'DevOps' for employee GT-000754
2026-06-02 15:22:33,289 [WARNING] Unknown department 'DevOps' for employee GT-000763
2026-06-02 15:22:33,289 [WARNING] Unknown department 'DevOps' for employee GT-000784
2026-06-02 15:22:33,290 [WARNING] Unknown department 'DevOps' for employee GT-000789
2026-06-02 15:22:33,290 [WARNING] Unknown department 'DevOps' for employee GT-000802
2026-06-02 15:22:33,291 [WARNING] Unknown department 'DevOps' for employee GT-000807
2026-06-02 15:22:33,291 [WARNING] Unknown department 'DevOps' for employee GT-000822
2026-06-02 15:22:33,292 [WARNING] Unknown department 'DevOps' for employee GT-000828
2026-06-02 15:22:33,292 [WARNING] Unknown department 'DevOps' for employee GT-000852
2026-06-02 15:22:33,293 [WARNING] Unknown department 'DevOps' for employee GT-000856
2026-06-02 15:22:33,294 [WARNING] Unknown department 'DevOps' for employee GT-000858
2026-06-02 15:22:33,294 [WARNING] Unknown department 'DevOps' for employee GT-000875
2026-06-02 15:22:33,295 [WARNING] Unknown department 'DevOps' for employee GT-000929
2026-06-02 15:22:33,295 [WARNING] Unknown department 'DevOps' for employee GT-000933
2026-06-02 15:22:33,299 [WARNING] Unknown department 'DevOps' for employee GT-000962
2026-06-02 15:22:33,301 [WARNING] Unknown department 'DevOps' for employee GT-000982
2026-06-02 15:22:33,304 [WARNING] Unknown department 'DevOps' for employee GT-000988
2026-06-02 15:22:33,305 [WARNING] Unknown department 'DevOps' for employee GT-000997
2026-06-02 15:22:33,307 [WARNING] Unknown department 'DevOps' for employee GT-001014
2026-06-02 15:22:33,308 [WARNING] Unknown department 'DevOps' for employee GT-001028
2026-06-02 15:22:33,309 [WARNING] Unknown department 'DevOps' for employee GT-001048
2026-06-02 15:22:33,309 [WARNING] Unknown department 'DevOps' for employee GT-001066
2026-06-02 15:22:33,309 [WARNING] Unknown department 'DevOps' for employee GT-001082
2026-06-02 15:22:33,310 [WARNING] Unknown department 'DevOps' for employee GT-001089
2026-06-02 15:22:33,310 [WARNING] Unknown department 'DevOps' for employee GT-001116
2026-06-02 15:22:33,311 [WARNING] Unknown department 'DevOps' for employee GT-001126
2026-06-02 15:22:33,321 [WARNING] Unknown department 'DevOps' for employee GT-001168
2026-06-02 15:22:33,326 [WARNING] Unknown department 'DevOps' for employee GT-001183
2026-06-02 15:22:33,328 [WARNING] Unknown department 'DevOps' for employee GT-001191
2026-06-02 15:22:33,331 [WARNING] Unknown department 'DevOps' for employee GT-001197
2026-06-02 15:22:33,332 [WARNING] Unknown department 'DevOps' for employee GT-001223
2026-06-02 15:22:33,336 [WARNING] Unknown department 'DevOps' for employee GT-001242
2026-06-02 15:22:33,339 [WARNING] Unknown department 'DevOps' for employee GT-001247
2026-06-02 15:22:33,340 [WARNING] Unknown department 'DevOps' for employee GT-001257
2026-06-02 15:22:33,341 [WARNING] Unknown department 'DevOps' for employee GT-001277
2026-06-02 15:22:33,341 [WARNING] Unknown department 'DevOps' for employee GT-001301
2026-06-02 15:22:33,342 [WARNING] Unknown department 'DevOps' for employee GT-001312
2026-06-02 15:22:33,343 [WARNING] Unknown department 'DevOps' for employee GT-001373
2026-06-02 15:22:33,344 [WARNING] Unknown department 'DevOps' for employee GT-001390
2026-06-02 15:22:33,344 [WARNING] Unknown department 'DevOps' for employee GT-001398
2026-06-02 15:22:33,345 [WARNING] Unknown department 'DevOps' for employee GT-001407
2026-06-02 15:22:33,347 [WARNING] Unknown department 'DevOps' for employee GT-001416
2026-06-02 15:22:33,347 [WARNING] Unknown department 'DevOps' for employee GT-001429
2026-06-02 15:22:33,348 [WARNING] Unknown department 'DevOps' for employee GT-001459
2026-06-02 15:22:33,348 [WARNING] Unknown department 'DevOps' for employee GT-001521
2026-06-02 15:22:33,349 [WARNING] Unknown department 'DevOps' for employee GT-001522
2026-06-02 15:22:33,349 [WARNING] Unknown department 'DevOps' for employee GT-001526
2026-06-02 15:22:33,353 [WARNING] Unknown department 'DevOps' for employee GT-001536
2026-06-02 15:22:33,354 [WARNING] Unknown department 'DevOps' for employee GT-001598
2026-06-02 15:22:33,355 [WARNING] Unknown department 'DevOps' for employee GT-001599
2026-06-02 15:22:33,355 [WARNING] Unknown department 'DevOps' for employee GT-001618
2026-06-02 15:22:33,356 [WARNING] Unknown department 'DevOps' for employee GT-001619
2026-06-02 15:22:33,357 [WARNING] Unknown department 'DevOps' for employee GT-001633
2026-06-02 15:22:33,357 [WARNING] Unknown department 'DevOps' for employee GT-001659
2026-06-02 15:22:33,359 [WARNING] Unknown department 'DevOps' for employee GT-001686
2026-06-02 15:22:33,359 [WARNING] Unknown department 'DevOps' for employee GT-001693
2026-06-02 15:22:33,360 [WARNING] Unknown department 'DevOps' for employee GT-001741
2026-06-02 15:22:33,361 [WARNING] Unknown department 'DevOps' for employee GT-001756
2026-06-02 15:22:33,361 [WARNING] Unknown department 'DevOps' for employee GT-001795
2026-06-02 15:22:33,362 [WARNING] Unknown department 'DevOps' for employee GT-001803
2026-06-02 15:22:33,363 [WARNING] Unknown department 'DevOps' for employee GT-001806
2026-06-02 15:22:33,363 [WARNING] Unknown department 'DevOps' for employee GT-001846
2026-06-02 15:22:33,365 [WARNING] Unknown department 'DevOps' for employee GT-001857
2026-06-02 15:22:33,366 [WARNING] Unknown department 'DevOps' for employee GT-001868
2026-06-02 15:22:33,368 [WARNING] Unknown department 'DevOps' for employee GT-001882
2026-06-02 15:22:33,371 [WARNING] Unknown department 'DevOps' for employee GT-001935
2026-06-02 15:22:33,372 [WARNING] Unknown department 'DevOps' for employee GT-001948
2026-06-02 15:22:33,373 [WARNING] Unknown department 'DevOps' for employee GT-001949
2026-06-02 15:22:33,374 [WARNING] Unknown department 'DevOps' for employee GT-001961
2026-06-02 15:22:33,374 [WARNING] Unknown department 'DevOps' for employee GT-001969
2026-06-02 15:22:33,375 [WARNING] Unknown department 'DevOps' for employee GT-001981
2026-06-02 15:22:33,375 [WARNING] Unknown department 'DevOps' for employee GT-001984
2026-06-02 15:22:33,376 [WARNING] Unknown department 'DevOps' for employee GT-002027
2026-06-02 15:22:33,376 [WARNING] Unknown department 'DevOps' for employee GT-002052
2026-06-02 15:22:33,376 [WARNING] Unknown department 'DevOps' for employee GT-002073
2026-06-02 15:22:33,377 [WARNING] Unknown department 'DevOps' for employee GT-002095
2026-06-02 15:22:33,378 [WARNING] Unknown department 'DevOps' for employee GT-002121
2026-06-02 15:22:33,379 [WARNING] Unknown department 'DevOps' for employee GT-002137
2026-06-02 15:22:33,380 [WARNING] Unknown department 'DevOps' for employee GT-002170
2026-06-02 15:22:33,380 [WARNING] Unknown department 'DevOps' for employee GT-002192
2026-06-02 15:22:33,381 [WARNING] Unknown department 'DevOps' for employee GT-002240
2026-06-02 15:22:33,381 [WARNING] Unknown department 'DevOps' for employee GT-002274
2026-06-02 15:22:33,382 [WARNING] Unknown department 'DevOps' for employee GT-002297
2026-06-02 15:22:33,383 [WARNING] Unknown department 'DevOps' for employee GT-002299
2026-06-02 15:22:33,386 [WARNING] Unknown department 'DevOps' for employee GT-002350
2026-06-02 15:22:33,387 [WARNING] Unknown department 'DevOps' for employee GT-002371
2026-06-02 15:22:33,387 [WARNING] Unknown department 'DevOps' for employee GT-002389
2026-06-02 15:22:33,388 [WARNING] Unknown department 'DevOps' for employee GT-002391
2026-06-02 15:22:33,389 [WARNING] Unknown department 'DevOps' for employee GT-002398
2026-06-02 15:22:33,389 [WARNING] Unknown department 'DevOps' for employee GT-002417
2026-06-02 15:22:33,390 [WARNING] Unknown department 'DevOps' for employee GT-002418
2026-06-02 15:22:33,390 [WARNING] Unknown department 'DevOps' for employee GT-002419
2026-06-02 15:22:33,391 [WARNING] Unknown department 'DevOps' for employee GT-002425
2026-06-02 15:22:33,392 [WARNING] Unknown department 'DevOps' for employee GT-002445
2026-06-02 15:22:33,393 [WARNING] Unknown department 'DevOps' for employee GT-002501
2026-06-02 15:22:33,393 [WARNING] Unknown department 'DevOps' for employee GT-002529
2026-06-02 15:22:33,394 [WARNING] Unknown department 'DevOps' for employee GT-002536
2026-06-02 15:22:33,394 [WARNING] Unknown department 'DevOps' for employee GT-002537
2026-06-02 15:22:33,395 [WARNING] Unknown department 'DevOps' for employee GT-002540
2026-06-02 15:22:33,395 [WARNING] Unknown department 'DevOps' for employee GT-002560
2026-06-02 15:22:33,396 [WARNING] Unknown department 'DevOps' for employee GT-002561
2026-06-02 15:22:33,397 [WARNING] Unknown department 'DevOps' for employee GT-002594
2026-06-02 15:22:33,397 [WARNING] Unknown department 'DevOps' for employee GT-002598
2026-06-02 15:22:33,397 [WARNING] Unknown department 'DevOps' for employee GT-002613
2026-06-02 15:22:33,398 [WARNING] Unknown department 'DevOps' for employee GT-002616
2026-06-02 15:22:33,399 [WARNING] Unknown department 'DevOps' for employee GT-002655
2026-06-02 15:22:33,400 [WARNING] Unknown department 'DevOps' for employee GT-002674
2026-06-02 15:22:33,402 [WARNING] Unknown department 'DevOps' for employee GT-002678
2026-06-02 15:22:33,404 [WARNING] Unknown department 'DevOps' for employee GT-002687
2026-06-02 15:22:33,405 [WARNING] Unknown department 'DevOps' for employee GT-002690
2026-06-02 15:22:33,406 [WARNING] Unknown department 'DevOps' for employee GT-002716
2026-06-02 15:22:33,406 [WARNING] Unknown department 'DevOps' for employee GT-002722
2026-06-02 15:22:33,407 [WARNING] Unknown department 'DevOps' for employee GT-002771
2026-06-02 15:22:33,407 [WARNING] Unknown department 'DevOps' for employee GT-002790
2026-06-02 15:22:33,408 [WARNING] Unknown department 'DevOps' for employee GT-002794
2026-06-02 15:22:33,408 [WARNING] Unknown department 'DevOps' for employee GT-002799
2026-06-02 15:22:33,409 [WARNING] Unknown department 'DevOps' for employee GT-002818
2026-06-02 15:22:33,409 [WARNING] Unknown department 'DevOps' for employee GT-002821
2026-06-02 15:22:33,410 [WARNING] Unknown department 'DevOps' for employee GT-002841
2026-06-02 15:22:33,412 [WARNING] Unknown department 'DevOps' for employee GT-002864
2026-06-02 15:22:33,414 [WARNING] Unknown department 'DevOps' for employee GT-002877
2026-06-02 15:22:33,415 [WARNING] Unknown department 'DevOps' for employee GT-002915
2026-06-02 15:22:33,416 [WARNING] Unknown department 'DevOps' for employee GT-002938
2026-06-02 15:22:33,418 [WARNING] Unknown department 'DevOps' for employee GT-002941
2026-06-02 15:22:33,420 [WARNING] Unknown department 'DevOps' for employee GT-002943
2026-06-02 15:22:33,422 [WARNING] Unknown department 'DevOps' for employee GT-002957
2026-06-02 15:22:33,423 [WARNING] Unknown department 'DevOps' for employee GT-002958
2026-06-02 15:22:33,423 [WARNING] Unknown department 'DevOps' for employee GT-002967
2026-06-02 15:22:33,424 [WARNING] Unknown department 'DevOps' for employee GT-002997
2026-06-02 15:22:33,424 [WARNING] Unknown department 'DevOps' for employee GT-003049
2026-06-02 15:22:33,425 [WARNING] Unknown department 'DevOps' for employee GT-003069
2026-06-02 15:22:33,425 [WARNING] Unknown department 'DevOps' for employee GT-003076
2026-06-02 15:22:33,425 [WARNING] Unknown department 'DevOps' for employee GT-003077
2026-06-02 15:22:33,426 [WARNING] Unknown department 'DevOps' for employee GT-003086
2026-06-02 15:22:33,426 [WARNING] Unknown department 'DevOps' for employee GT-003097
2026-06-02 15:22:33,427 [WARNING] Unknown department 'DevOps' for employee GT-003105
2026-06-02 15:22:33,427 [WARNING] Unknown department 'DevOps' for employee GT-003146
2026-06-02 15:22:33,428 [WARNING] Unknown department 'DevOps' for employee GT-003155
2026-06-02 15:22:33,429 [WARNING] Unknown department 'DevOps' for employee GT-003172
2026-06-02 15:22:33,430 [WARNING] Unknown department 'DevOps' for employee GT-003203
2026-06-02 15:22:33,430 [WARNING] Unknown department 'DevOps' for employee GT-003209
2026-06-02 15:22:33,431 [WARNING] Unknown department 'DevOps' for employee GT-003225
2026-06-02 15:22:33,431 [WARNING] Unknown department 'DevOps' for employee GT-003234
2026-06-02 15:22:33,432 [WARNING] Unknown department 'DevOps' for employee GT-003239
2026-06-02 15:22:33,432 [WARNING] Unknown department 'DevOps' for employee GT-003246
2026-06-02 15:22:33,434 [WARNING] Unknown department 'DevOps' for employee GT-003284
2026-06-02 15:22:33,436 [WARNING] Unknown department 'DevOps' for employee GT-003293
2026-06-02 15:22:33,437 [WARNING] Unknown department 'DevOps' for employee GT-003339
2026-06-02 15:22:33,437 [WARNING] Unknown department 'DevOps' for employee GT-003403
2026-06-02 15:22:33,438 [WARNING] Unknown department 'DevOps' for employee GT-003446
2026-06-02 15:22:33,438 [WARNING] Unknown department 'DevOps' for employee GT-003497
2026-06-02 15:22:33,439 [WARNING] Unknown department 'DevOps' for employee GT-003533
2026-06-02 15:22:33,440 [WARNING] Unknown department 'DevOps' for employee GT-003534
2026-06-02 15:22:33,440 [WARNING] Unknown department 'DevOps' for employee GT-003601
2026-06-02 15:22:33,441 [WARNING] Unknown department 'DevOps' for employee GT-003608
2026-06-02 15:22:33,441 [WARNING] Unknown department 'DevOps' for employee GT-003610
2026-06-02 15:22:33,442 [WARNING] Unknown department 'DevOps' for employee GT-003616
2026-06-02 15:22:33,442 [WARNING] Unknown department 'DevOps' for employee GT-003637
2026-06-02 15:22:33,443 [WARNING] Unknown department 'DevOps' for employee GT-003649
2026-06-02 15:22:33,443 [WARNING] Unknown department 'DevOps' for employee GT-003692
2026-06-02 15:22:33,444 [WARNING] Unknown department 'DevOps' for employee GT-003700
2026-06-02 15:22:33,445 [WARNING] Unknown department 'DevOps' for employee GT-003709
2026-06-02 15:22:33,445 [WARNING] Unknown department 'DevOps' for employee GT-003717
2026-06-02 15:22:33,446 [WARNING] Unknown department 'DevOps' for employee GT-003735
2026-06-02 15:22:33,446 [WARNING] Unknown department 'DevOps' for employee GT-003752
2026-06-02 15:22:33,447 [WARNING] Unknown department 'DevOps' for employee GT-003758
2026-06-02 15:22:33,447 [WARNING] Unknown department 'DevOps' for employee GT-003760
2026-06-02 15:22:33,448 [WARNING] Unknown department 'DevOps' for employee GT-003761
2026-06-02 15:22:33,448 [WARNING] Unknown department 'DevOps' for employee GT-003781
2026-06-02 15:22:33,449 [WARNING] Unknown department 'DevOps' for employee GT-003799
2026-06-02 15:22:33,449 [WARNING] Unknown department 'DevOps' for employee GT-003815
2026-06-02 15:22:33,453 [WARNING] Unknown department 'DevOps' for employee GT-003818
2026-06-02 15:22:33,454 [WARNING] Unknown department 'DevOps' for employee GT-003833
2026-06-02 15:22:33,454 [WARNING] Unknown department 'DevOps' for employee GT-003840
2026-06-02 15:22:33,455 [WARNING] Unknown department 'DevOps' for employee GT-003862
2026-06-02 15:22:33,456 [WARNING] Unknown department 'DevOps' for employee GT-003882
2026-06-02 15:22:33,456 [WARNING] Unknown department 'DevOps' for employee GT-003903
2026-06-02 15:22:33,457 [WARNING] Unknown department 'DevOps' for employee GT-003904
2026-06-02 15:22:33,457 [WARNING] Unknown department 'DevOps' for employee GT-003907
2026-06-02 15:22:33,458 [WARNING] Unknown department 'DevOps' for employee GT-003916
2026-06-02 15:22:33,459 [WARNING] Unknown department 'DevOps' for employee GT-003935
2026-06-02 15:22:33,459 [WARNING] Unknown department 'DevOps' for employee GT-003936
2026-06-02 15:22:33,460 [WARNING] Unknown department 'DevOps' for employee GT-003952
2026-06-02 15:22:33,460 [WARNING] Unknown department 'DevOps' for employee GT-003957
2026-06-02 15:22:33,460 [WARNING] Unknown department 'DevOps' for employee GT-003960
2026-06-02 15:22:33,461 [WARNING] Unknown department 'DevOps' for employee GT-004035
2026-06-02 15:22:33,462 [WARNING] Unknown department 'DevOps' for employee GT-004067
2026-06-02 15:22:33,462 [WARNING] Unknown department 'DevOps' for employee GT-004096
2026-06-02 15:22:33,463 [WARNING] Unknown department 'DevOps' for employee GT-004099
2026-06-02 15:22:33,464 [WARNING] Unknown department 'DevOps' for employee GT-004151
2026-06-02 15:22:33,464 [WARNING] Unknown department 'DevOps' for employee GT-004174
2026-06-02 15:22:33,465 [WARNING] Unknown department 'DevOps' for employee GT-004200
2026-06-02 15:22:33,465 [WARNING] Unknown department 'DevOps' for employee GT-004229
2026-06-02 15:22:33,466 [WARNING] Unknown department 'DevOps' for employee GT-004247
2026-06-02 15:22:33,466 [WARNING] Unknown department 'DevOps' for employee GT-004290
2026-06-02 15:22:33,467 [WARNING] Unknown department 'DevOps' for employee GT-004326
2026-06-02 15:22:33,470 [WARNING] Unknown department 'DevOps' for employee GT-004336
2026-06-02 15:22:33,471 [WARNING] Unknown department 'DevOps' for employee GT-004374
2026-06-02 15:22:33,471 [WARNING] Unknown department 'DevOps' for employee GT-004380
2026-06-02 15:22:33,472 [WARNING] Unknown department 'DevOps' for employee GT-004382
2026-06-02 15:22:33,472 [WARNING] Unknown department 'DevOps' for employee GT-004386
2026-06-02 15:22:33,472 [WARNING] Unknown department 'DevOps' for employee GT-004395
2026-06-02 15:22:33,473 [WARNING] Unknown department 'DevOps' for employee GT-004396
2026-06-02 15:22:33,473 [WARNING] Unknown department 'DevOps' for employee GT-004404
2026-06-02 15:22:33,474 [WARNING] Unknown department 'DevOps' for employee GT-004406
2026-06-02 15:22:33,475 [WARNING] Unknown department 'DevOps' for employee GT-004418
2026-06-02 15:22:33,475 [WARNING] Unknown department 'DevOps' for employee GT-004452
2026-06-02 15:22:33,476 [WARNING] Unknown department 'DevOps' for employee GT-004460
2026-06-02 15:22:33,476 [WARNING] Unknown department 'DevOps' for employee GT-004468
2026-06-02 15:22:33,477 [WARNING] Unknown department 'DevOps' for employee GT-004472
2026-06-02 15:22:33,477 [WARNING] Unknown department 'DevOps' for employee GT-004473
2026-06-02 15:22:33,478 [WARNING] Unknown department 'DevOps' for employee GT-004487
2026-06-02 15:22:33,480 [WARNING] Unknown department 'DevOps' for employee GT-004496
2026-06-02 15:22:33,481 [WARNING] Unknown department 'DevOps' for employee GT-004522
2026-06-02 15:22:33,482 [WARNING] Unknown department 'DevOps' for employee GT-004535
2026-06-02 15:22:33,482 [WARNING] Unknown department 'DevOps' for employee GT-004565
2026-06-02 15:22:33,484 [WARNING] Unknown department 'DevOps' for employee GT-004572
2026-06-02 15:22:33,484 [WARNING] Unknown department 'DevOps' for employee GT-004580
2026-06-02 15:22:33,486 [WARNING] Unknown department 'DevOps' for employee GT-004589
2026-06-02 15:22:33,487 [WARNING] Unknown department 'DevOps' for employee GT-004595
2026-06-02 15:22:33,487 [WARNING] Unknown department 'DevOps' for employee GT-004610
2026-06-02 15:22:33,488 [WARNING] Unknown department 'DevOps' for employee GT-004613
2026-06-02 15:22:33,488 [WARNING] Unknown department 'DevOps' for employee GT-004623
2026-06-02 15:22:33,488 [WARNING] Unknown department 'DevOps' for employee GT-004638
2026-06-02 15:22:33,489 [WARNING] Unknown department 'DevOps' for employee GT-004654
2026-06-02 15:22:33,489 [WARNING] Unknown department 'DevOps' for employee GT-004683
2026-06-02 15:22:33,490 [WARNING] Unknown department 'DevOps' for employee GT-004697
2026-06-02 15:22:33,490 [WARNING] Unknown department 'DevOps' for employee GT-004723
2026-06-02 15:22:33,491 [WARNING] Unknown department 'DevOps' for employee GT-004769
2026-06-02 15:22:33,491 [WARNING] Unknown department 'DevOps' for employee GT-004777
2026-06-02 15:22:33,491 [WARNING] Unknown department 'DevOps' for employee GT-004780
2026-06-02 15:22:33,493 [WARNING] Unknown department 'DevOps' for employee GT-004785
2026-06-02 15:22:33,493 [WARNING] Unknown department 'DevOps' for employee GT-004798
2026-06-02 15:22:33,494 [WARNING] Unknown department 'DevOps' for employee GT-004810
2026-06-02 15:22:33,494 [WARNING] Unknown department 'DevOps' for employee GT-004811
2026-06-02 15:22:33,495 [WARNING] Unknown department 'DevOps' for employee GT-004824
2026-06-02 15:22:33,495 [WARNING] Unknown department 'DevOps' for employee GT-004863
2026-06-02 15:22:33,496 [WARNING] Unknown department 'DevOps' for employee GT-004868
2026-06-02 15:22:33,496 [WARNING] Unknown department 'DevOps' for employee GT-004882
2026-06-02 15:22:33,497 [WARNING] Unknown department 'DevOps' for employee GT-004912
2026-06-02 15:22:33,497 [WARNING] Unknown department 'DevOps' for employee GT-004928
2026-06-02 15:22:33,497 [WARNING] Unknown department 'DevOps' for employee GT-004933
2026-06-02 15:22:33,498 [WARNING] Unknown department 'DevOps' for employee GT-004955
2026-06-02 15:22:33,498 [WARNING] Unknown department 'DevOps' for employee GT-004972
2026-06-02 15:22:33,499 [WARNING] Unknown department 'DevOps' for employee GT-004984
2026-06-02 15:22:33,500 [WARNING] Unknown department 'DevOps' for employee GT-004993
2026-06-02 15:22:33,501 [WARNING] Unknown department 'DevOps' for employee GT-005010
2026-06-02 15:22:33,502 [WARNING] Unknown department 'DevOps' for employee GT-005020
2026-06-02 15:22:33,503 [WARNING] Unknown department 'DevOps' for employee GT-005027
2026-06-02 15:22:33,504 [WARNING] Unknown department 'DevOps' for employee GT-005030
2026-06-02 15:22:33,505 [WARNING] Unknown department 'DevOps' for employee GT-005041
2026-06-02 15:22:33,505 [WARNING] Unknown department 'DevOps' for employee GT-005061
2026-06-02 15:22:33,506 [WARNING] Unknown department 'DevOps' for employee GT-005070
2026-06-02 15:22:33,506 [WARNING] Unknown department 'DevOps' for employee GT-005078
2026-06-02 15:22:33,507 [WARNING] Unknown department 'DevOps' for employee GT-005083
2026-06-02 15:22:33,507 [WARNING] Unknown department 'DevOps' for employee GT-005084
2026-06-02 15:22:33,508 [WARNING] Unknown department 'DevOps' for employee GT-005086
2026-06-02 15:22:33,508 [WARNING] Unknown department 'DevOps' for employee GT-005102
2026-06-02 15:22:33,508 [WARNING] Unknown department 'DevOps' for employee GT-005157
2026-06-02 15:22:33,509 [WARNING] Unknown department 'DevOps' for employee GT-005183
2026-06-02 15:22:33,510 [WARNING] Unknown department 'DevOps' for employee GT-005209
2026-06-02 15:22:33,510 [WARNING] Unknown department 'DevOps' for employee GT-005218
2026-06-02 15:22:33,511 [WARNING] Unknown department 'DevOps' for employee GT-005262
2026-06-02 15:22:33,511 [WARNING] Unknown department 'DevOps' for employee GT-005265
2026-06-02 15:22:33,512 [WARNING] Unknown department 'DevOps' for employee GT-005275
2026-06-02 15:22:33,512 [WARNING] Unknown department 'DevOps' for employee GT-005307
2026-06-02 15:22:33,513 [WARNING] Unknown department 'DevOps' for employee GT-005359
2026-06-02 15:22:33,513 [WARNING] Unknown department 'DevOps' for employee GT-005382
2026-06-02 15:22:33,514 [WARNING] Unknown department 'DevOps' for employee GT-005390
2026-06-02 15:22:33,514 [WARNING] Unknown department 'DevOps' for employee GT-005421
2026-06-02 15:22:33,514 [WARNING] Unknown department 'DevOps' for employee GT-005424
2026-06-02 15:22:33,515 [WARNING] Unknown department 'DevOps' for employee GT-005466
2026-06-02 15:22:33,516 [WARNING] Unknown department 'DevOps' for employee GT-005470
2026-06-02 15:22:33,516 [WARNING] Unknown department 'DevOps' for employee GT-005504
2026-06-02 15:22:33,517 [WARNING] Unknown department 'DevOps' for employee GT-005510
2026-06-02 15:22:33,518 [WARNING] Unknown department 'DevOps' for employee GT-005590
2026-06-02 15:22:33,519 [WARNING] Unknown department 'DevOps' for employee GT-005613
2026-06-02 15:22:33,520 [WARNING] Unknown department 'DevOps' for employee GT-005645
2026-06-02 15:22:33,520 [WARNING] Unknown department 'DevOps' for employee GT-005656
2026-06-02 15:22:33,521 [WARNING] Unknown department 'DevOps' for employee GT-005660
2026-06-02 15:22:33,521 [WARNING] Unknown department 'DevOps' for employee GT-005675
2026-06-02 15:22:33,522 [WARNING] Unknown department 'DevOps' for employee GT-005729
2026-06-02 15:22:33,522 [WARNING] Unknown department 'DevOps' for employee GT-005731
2026-06-02 15:22:33,522 [WARNING] Unknown department 'DevOps' for employee GT-005767
2026-06-02 15:22:33,523 [WARNING] Unknown department 'DevOps' for employee GT-005819
2026-06-02 15:22:33,524 [WARNING] Unknown department 'DevOps' for employee GT-005822
2026-06-02 15:22:33,524 [WARNING] Unknown department 'DevOps' for employee GT-005823
2026-06-02 15:22:33,524 [WARNING] Unknown department 'DevOps' for employee GT-005899
2026-06-02 15:22:33,525 [WARNING] Unknown department 'DevOps' for employee GT-005900
2026-06-02 15:22:33,525 [WARNING] Unknown department 'DevOps' for employee GT-005937
2026-06-02 15:22:33,526 [WARNING] Unknown department 'DevOps' for employee GT-005942
2026-06-02 15:22:33,526 [WARNING] Unknown department 'DevOps' for employee GT-005949
2026-06-02 15:22:33,527 [WARNING] Unknown department 'DevOps' for employee GT-005968
2026-06-02 15:22:33,528 [WARNING] Unknown department 'DevOps' for employee GT-005995
2026-06-02 15:22:33,528 [WARNING] Unknown department 'DevOps' for employee GT-006013
2026-06-02 15:22:33,529 [WARNING] Unknown department 'DevOps' for employee GT-006019
2026-06-02 15:22:33,529 [WARNING] Unknown department 'DevOps' for employee GT-006063
2026-06-02 15:22:33,530 [WARNING] Unknown department 'DevOps' for employee GT-006096
2026-06-02 15:22:33,530 [WARNING] Unknown department 'DevOps' for employee GT-006104
2026-06-02 15:22:33,531 [WARNING] Unknown department 'DevOps' for employee GT-006119
2026-06-02 15:22:33,531 [WARNING] Unknown department 'DevOps' for employee GT-006149
2026-06-02 15:22:33,532 [WARNING] Unknown department 'DevOps' for employee GT-006158
2026-06-02 15:22:33,532 [WARNING] Unknown department 'DevOps' for employee GT-006204
2026-06-02 15:22:33,533 [WARNING] Unknown department 'DevOps' for employee GT-006208
2026-06-02 15:22:33,533 [WARNING] Unknown department 'DevOps' for employee GT-006218
2026-06-02 15:22:33,534 [WARNING] Unknown department 'DevOps' for employee GT-006231
2026-06-02 15:22:33,535 [WARNING] Unknown department 'DevOps' for employee GT-006234
2026-06-02 15:22:33,535 [WARNING] Unknown department 'DevOps' for employee GT-006262
2026-06-02 15:22:33,536 [WARNING] Unknown department 'DevOps' for employee GT-006284
2026-06-02 15:22:33,537 [WARNING] Unknown department 'DevOps' for employee GT-006296
2026-06-02 15:22:33,537 [WARNING] Unknown department 'DevOps' for employee GT-006307
2026-06-02 15:22:33,538 [WARNING] Unknown department 'DevOps' for employee GT-006337
2026-06-02 15:22:33,539 [WARNING] Unknown department 'DevOps' for employee GT-006354
2026-06-02 15:22:33,539 [WARNING] Unknown department 'DevOps' for employee GT-006368
2026-06-02 15:22:33,540 [WARNING] Unknown department 'DevOps' for employee GT-006371
2026-06-02 15:22:33,540 [WARNING] Unknown department 'DevOps' for employee GT-006401
2026-06-02 15:22:33,540 [WARNING] Unknown department 'DevOps' for employee GT-006403
2026-06-02 15:22:33,541 [WARNING] Unknown department 'DevOps' for employee GT-006427
2026-06-02 15:22:33,541 [WARNING] Unknown department 'DevOps' for employee GT-006466
2026-06-02 15:22:33,542 [WARNING] Unknown department 'DevOps' for employee GT-006484
2026-06-02 15:22:33,542 [WARNING] Unknown department 'DevOps' for employee GT-006494
2026-06-02 15:22:33,543 [WARNING] Unknown department 'DevOps' for employee GT-006526
2026-06-02 15:22:33,543 [WARNING] Unknown department 'DevOps' for employee GT-006537
2026-06-02 15:22:33,544 [WARNING] Unknown department 'DevOps' for employee GT-006540
2026-06-02 15:22:33,544 [WARNING] Unknown department 'DevOps' for employee GT-006569
2026-06-02 15:22:33,544 [WARNING] Unknown department 'DevOps' for employee GT-006584
2026-06-02 15:22:33,545 [WARNING] Unknown department 'DevOps' for employee GT-006587
2026-06-02 15:22:33,545 [WARNING] Unknown department 'DevOps' for employee GT-006593
2026-06-02 15:22:33,546 [WARNING] Unknown department 'DevOps' for employee GT-006606
2026-06-02 15:22:33,546 [WARNING] Unknown department 'DevOps' for employee GT-006607
2026-06-02 15:22:33,547 [WARNING] Unknown department 'DevOps' for employee GT-006614
2026-06-02 15:22:33,547 [WARNING] Unknown department 'DevOps' for employee GT-006695
2026-06-02 15:22:33,548 [WARNING] Unknown department 'DevOps' for employee GT-006697
2026-06-02 15:22:33,548 [WARNING] Unknown department 'DevOps' for employee GT-006701
2026-06-02 15:22:33,549 [WARNING] Unknown department 'DevOps' for employee GT-006720
2026-06-02 15:22:33,549 [WARNING] Unknown department 'DevOps' for employee GT-006727
2026-06-02 15:22:33,550 [WARNING] Unknown department 'DevOps' for employee GT-006737
2026-06-02 15:22:33,550 [WARNING] Unknown department 'DevOps' for employee GT-006765
2026-06-02 15:22:33,551 [WARNING] Unknown department 'DevOps' for employee GT-006839
2026-06-02 15:22:33,552 [WARNING] Unknown department 'DevOps' for employee GT-006891
2026-06-02 15:22:33,553 [WARNING] Unknown department 'DevOps' for employee GT-006898
2026-06-02 15:22:33,553 [WARNING] Unknown department 'DevOps' for employee GT-006908
2026-06-02 15:22:33,554 [WARNING] Unknown department 'DevOps' for employee GT-006912
2026-06-02 15:22:33,554 [WARNING] Unknown department 'DevOps' for employee GT-006982
2026-06-02 15:22:33,555 [WARNING] Unknown department 'DevOps' for employee GT-006984
2026-06-02 15:22:33,555 [WARNING] Unknown department 'DevOps' for employee GT-007054
2026-06-02 15:22:33,556 [WARNING] Unknown department 'DevOps' for employee GT-007055
2026-06-02 15:22:33,556 [WARNING] Unknown department 'DevOps' for employee GT-007074
2026-06-02 15:22:33,556 [WARNING] Unknown department 'DevOps' for employee GT-007129
2026-06-02 15:22:33,557 [WARNING] Unknown department 'DevOps' for employee GT-007181
2026-06-02 15:22:33,557 [WARNING] Unknown department 'DevOps' for employee GT-007195
2026-06-02 15:22:33,557 [WARNING] Unknown department 'DevOps' for employee GT-007199
2026-06-02 15:22:33,558 [WARNING] Unknown department 'DevOps' for employee GT-007206
2026-06-02 15:22:33,558 [WARNING] Unknown department 'DevOps' for employee GT-007209
2026-06-02 15:22:33,559 [WARNING] Unknown department 'DevOps' for employee GT-007210
2026-06-02 15:22:33,560 [WARNING] Unknown department 'DevOps' for employee GT-007236
2026-06-02 15:22:33,560 [WARNING] Unknown department 'DevOps' for employee GT-007239
2026-06-02 15:22:33,561 [WARNING] Unknown department 'DevOps' for employee GT-007241
2026-06-02 15:22:33,561 [WARNING] Unknown department 'DevOps' for employee GT-007270
2026-06-02 15:22:33,562 [WARNING] Unknown department 'DevOps' for employee GT-007275
2026-06-02 15:22:33,562 [WARNING] Unknown department 'DevOps' for employee GT-007277
2026-06-02 15:22:33,564 [WARNING] Unknown department 'DevOps' for employee GT-007278
2026-06-02 15:22:33,564 [WARNING] Unknown department 'DevOps' for employee GT-007296
2026-06-02 15:22:33,565 [WARNING] Unknown department 'DevOps' for employee GT-007332
2026-06-02 15:22:33,565 [WARNING] Unknown department 'DevOps' for employee GT-007354
2026-06-02 15:22:33,565 [WARNING] Unknown department 'DevOps' for employee GT-007363
2026-06-02 15:22:33,566 [WARNING] Unknown department 'DevOps' for employee GT-007401
2026-06-02 15:22:33,567 [WARNING] Unknown department 'DevOps' for employee GT-007451
2026-06-02 15:22:33,569 [WARNING] Unknown department 'DevOps' for employee GT-007463
2026-06-02 15:22:33,570 [WARNING] Unknown department 'DevOps' for employee GT-007464
2026-06-02 15:22:33,571 [WARNING] Unknown department 'DevOps' for employee GT-007505
2026-06-02 15:22:33,572 [WARNING] Unknown department 'DevOps' for employee GT-007524
2026-06-02 15:22:33,573 [WARNING] Unknown department 'DevOps' for employee GT-007543
2026-06-02 15:22:33,573 [WARNING] Unknown department 'DevOps' for employee GT-007564
2026-06-02 15:22:33,574 [WARNING] Unknown department 'DevOps' for employee GT-007589
2026-06-02 15:22:33,574 [WARNING] Unknown department 'DevOps' for employee GT-007598
2026-06-02 15:22:33,574 [WARNING] Unknown department 'DevOps' for employee GT-007644
2026-06-02 15:22:33,575 [WARNING] Unknown department 'DevOps' for employee GT-007658
2026-06-02 15:22:33,578 [WARNING] Unknown department 'DevOps' for employee GT-007662
2026-06-02 15:22:33,580 [WARNING] Unknown department 'DevOps' for employee GT-007665
2026-06-02 15:22:33,581 [WARNING] Unknown department 'DevOps' for employee GT-007669
2026-06-02 15:22:33,582 [WARNING] Unknown department 'DevOps' for employee GT-007671
2026-06-02 15:22:33,583 [WARNING] Unknown department 'DevOps' for employee GT-007675
2026-06-02 15:22:33,584 [WARNING] Unknown department 'DevOps' for employee GT-007680
2026-06-02 15:22:33,585 [WARNING] Unknown department 'DevOps' for employee GT-007726
2026-06-02 15:22:33,586 [WARNING] Unknown department 'DevOps' for employee GT-007744
2026-06-02 15:22:33,587 [WARNING] Unknown department 'DevOps' for employee GT-007769
2026-06-02 15:22:33,587 [WARNING] Unknown department 'DevOps' for employee GT-007773
2026-06-02 15:22:33,588 [WARNING] Unknown department 'DevOps' for employee GT-007824
2026-06-02 15:22:33,588 [WARNING] Unknown department 'DevOps' for employee GT-007842
2026-06-02 15:22:33,589 [WARNING] Unknown department 'DevOps' for employee GT-007887
2026-06-02 15:22:33,589 [WARNING] Unknown department 'DevOps' for employee GT-007906
2026-06-02 15:22:33,590 [WARNING] Unknown department 'DevOps' for employee GT-007932
2026-06-02 15:22:33,590 [WARNING] Unknown department 'DevOps' for employee GT-007961
2026-06-02 15:22:33,591 [WARNING] Unknown department 'DevOps' for employee GT-007975
2026-06-02 15:22:33,591 [WARNING] Unknown department 'DevOps' for employee GT-007998
2026-06-02 15:22:33,592 [WARNING] Unknown department 'DevOps' for employee GT-008022
2026-06-02 15:22:33,592 [WARNING] Unknown department 'DevOps' for employee GT-008042
2026-06-02 15:22:33,593 [WARNING] Unknown department 'DevOps' for employee GT-008050
2026-06-02 15:22:33,594 [WARNING] Unknown department 'DevOps' for employee GT-008059
2026-06-02 15:22:33,594 [WARNING] Unknown department 'DevOps' for employee GT-008064
2026-06-02 15:22:33,594 [WARNING] Unknown department 'DevOps' for employee GT-008076
2026-06-02 15:22:33,595 [WARNING] Unknown department 'DevOps' for employee GT-008079
2026-06-02 15:22:33,596 [WARNING] Unknown department 'DevOps' for employee GT-008105
2026-06-02 15:22:33,597 [WARNING] Unknown department 'DevOps' for employee GT-008133
2026-06-02 15:22:33,597 [WARNING] Unknown department 'DevOps' for employee GT-008167
2026-06-02 15:22:33,598 [WARNING] Unknown department 'DevOps' for employee GT-008169
2026-06-02 15:22:33,598 [WARNING] Unknown department 'DevOps' for employee GT-008258
2026-06-02 15:22:33,603 [WARNING] Unknown department 'DevOps' for employee GT-008268
2026-06-02 15:22:33,604 [WARNING] Unknown department 'DevOps' for employee GT-008270
2026-06-02 15:22:33,605 [WARNING] Unknown department 'DevOps' for employee GT-008278
2026-06-02 15:22:33,605 [WARNING] Unknown department 'DevOps' for employee GT-008290
2026-06-02 15:22:33,606 [WARNING] Unknown department 'DevOps' for employee GT-008324
2026-06-02 15:22:33,606 [WARNING] Unknown department 'DevOps' for employee GT-008354
2026-06-02 15:22:33,607 [WARNING] Unknown department 'DevOps' for employee GT-008355
2026-06-02 15:22:33,607 [WARNING] Unknown department 'DevOps' for employee GT-008362
2026-06-02 15:22:33,608 [WARNING] Unknown department 'DevOps' for employee GT-008410
2026-06-02 15:22:33,608 [WARNING] Unknown department 'DevOps' for employee GT-008492
2026-06-02 15:22:33,609 [WARNING] Unknown department 'DevOps' for employee GT-008506
2026-06-02 15:22:33,609 [WARNING] Unknown department 'DevOps' for employee GT-008513
2026-06-02 15:22:33,611 [WARNING] Unknown department 'DevOps' for employee GT-008541
2026-06-02 15:22:33,611 [WARNING] Unknown department 'DevOps' for employee GT-008574
2026-06-02 15:22:33,612 [WARNING] Unknown department 'DevOps' for employee GT-008604
2026-06-02 15:22:33,612 [WARNING] Unknown department 'DevOps' for employee GT-008619
2026-06-02 15:22:33,613 [WARNING] Unknown department 'DevOps' for employee GT-008624
2026-06-02 15:22:33,613 [WARNING] Unknown department 'DevOps' for employee GT-008637
2026-06-02 15:22:33,614 [WARNING] Unknown department 'DevOps' for employee GT-008646
2026-06-02 15:22:33,614 [WARNING] Unknown department 'DevOps' for employee GT-008700
2026-06-02 15:22:33,615 [WARNING] Unknown department 'DevOps' for employee GT-008740
2026-06-02 15:22:33,615 [WARNING] Unknown department 'DevOps' for employee GT-008767
2026-06-02 15:22:33,617 [WARNING] Unknown department 'DevOps' for employee GT-008786
2026-06-02 15:22:33,619 [WARNING] Unknown department 'DevOps' for employee GT-008795
2026-06-02 15:22:33,620 [WARNING] Unknown department 'DevOps' for employee GT-008802
2026-06-02 15:22:33,620 [WARNING] Unknown department 'DevOps' for employee GT-008823
2026-06-02 15:22:33,622 [WARNING] Unknown department 'DevOps' for employee GT-008855
2026-06-02 15:22:33,622 [WARNING] Unknown department 'DevOps' for employee GT-008858
2026-06-02 15:22:33,623 [WARNING] Unknown department 'DevOps' for employee GT-008880
2026-06-02 15:22:33,623 [WARNING] Unknown department 'DevOps' for employee GT-008886
2026-06-02 15:22:33,624 [WARNING] Unknown department 'DevOps' for employee GT-008917
2026-06-02 15:22:33,625 [WARNING] Unknown department 'DevOps' for employee GT-008924
2026-06-02 15:22:33,626 [WARNING] Unknown department 'DevOps' for employee GT-008928
2026-06-02 15:22:33,626 [WARNING] Unknown department 'DevOps' for employee GT-008946
2026-06-02 15:22:33,627 [WARNING] Unknown department 'DevOps' for employee GT-008967
2026-06-02 15:22:33,627 [WARNING] Unknown department 'DevOps' for employee GT-008991
2026-06-02 15:22:33,628 [WARNING] Unknown department 'DevOps' for employee GT-008992
2026-06-02 15:22:33,628 [WARNING] Unknown department 'DevOps' for employee GT-009001
2026-06-02 15:22:33,629 [WARNING] Unknown department 'DevOps' for employee GT-009021
2026-06-02 15:22:33,629 [WARNING] Unknown department 'DevOps' for employee GT-009042
2026-06-02 15:22:33,630 [WARNING] Unknown department 'DevOps' for employee GT-009057
2026-06-02 15:22:33,630 [WARNING] Unknown department 'DevOps' for employee GT-009079
2026-06-02 15:22:33,631 [WARNING] Unknown department 'DevOps' for employee GT-009147
2026-06-02 15:22:33,631 [WARNING] Unknown department 'DevOps' for employee GT-009149
2026-06-02 15:22:33,632 [WARNING] Unknown department 'DevOps' for employee GT-009158
2026-06-02 15:22:33,633 [WARNING] Unknown department 'DevOps' for employee GT-009170
2026-06-02 15:22:33,634 [WARNING] Unknown department 'DevOps' for employee GT-009172
2026-06-02 15:22:33,636 [WARNING] Unknown department 'DevOps' for employee GT-009200
2026-06-02 15:22:33,638 [WARNING] Unknown department 'DevOps' for employee GT-009203
2026-06-02 15:22:33,639 [WARNING] Unknown department 'DevOps' for employee GT-009255
2026-06-02 15:22:33,640 [WARNING] Unknown department 'DevOps' for employee GT-009257
2026-06-02 15:22:33,640 [WARNING] Unknown department 'DevOps' for employee GT-009258
2026-06-02 15:22:33,641 [WARNING] Unknown department 'DevOps' for employee GT-009262
2026-06-02 15:22:33,641 [WARNING] Unknown department 'DevOps' for employee GT-009290
2026-06-02 15:22:33,642 [WARNING] Unknown department 'DevOps' for employee GT-009292
2026-06-02 15:22:33,642 [WARNING] Unknown department 'DevOps' for employee GT-009299
2026-06-02 15:22:33,643 [WARNING] Unknown department 'DevOps' for employee GT-009317
2026-06-02 15:22:33,643 [WARNING] Unknown department 'DevOps' for employee GT-009321
2026-06-02 15:22:33,643 [WARNING] Unknown department 'DevOps' for employee GT-009322
2026-06-02 15:22:33,644 [WARNING] Unknown department 'DevOps' for employee GT-009344
2026-06-02 15:22:33,645 [WARNING] Unknown department 'DevOps' for employee GT-009348
2026-06-02 15:22:33,646 [WARNING] Unknown department 'DevOps' for employee GT-009383
2026-06-02 15:22:33,647 [WARNING] Unknown department 'DevOps' for employee GT-009388
2026-06-02 15:22:33,647 [WARNING] Unknown department 'DevOps' for employee GT-009395
2026-06-02 15:22:33,648 [WARNING] Unknown department 'DevOps' for employee GT-009405
2026-06-02 15:22:33,648 [WARNING] Unknown department 'DevOps' for employee GT-009412
2026-06-02 15:22:33,648 [WARNING] Unknown department 'DevOps' for employee GT-009453
2026-06-02 15:22:33,649 [WARNING] Unknown department 'DevOps' for employee GT-009484
2026-06-02 15:22:33,655 [WARNING] Unknown department 'DevOps' for employee GT-009497
2026-06-02 15:22:33,656 [WARNING] Unknown department 'DevOps' for employee GT-009527
2026-06-02 15:22:33,656 [WARNING] Unknown department 'DevOps' for employee GT-009539
2026-06-02 15:22:33,657 [WARNING] Unknown department 'DevOps' for employee GT-009571
2026-06-02 15:22:33,657 [WARNING] Unknown department 'DevOps' for employee GT-009619
2026-06-02 15:22:33,658 [WARNING] Unknown department 'DevOps' for employee GT-009646
2026-06-02 15:22:33,658 [WARNING] Unknown department 'DevOps' for employee GT-009663
2026-06-02 15:22:33,659 [WARNING] Unknown department 'DevOps' for employee GT-009668
2026-06-02 15:22:33,659 [WARNING] Unknown department 'DevOps' for employee GT-009670
2026-06-02 15:22:33,660 [WARNING] Unknown department 'DevOps' for employee GT-009692
2026-06-02 15:22:33,660 [WARNING] Unknown department 'DevOps' for employee GT-009705
2026-06-02 15:22:33,660 [WARNING] Unknown department 'DevOps' for employee GT-009717
2026-06-02 15:22:33,661 [WARNING] Unknown department 'DevOps' for employee GT-009744
2026-06-02 15:22:33,662 [WARNING] Unknown department 'DevOps' for employee GT-009747
2026-06-02 15:22:33,662 [WARNING] Unknown department 'DevOps' for employee GT-009775
2026-06-02 15:22:33,663 [WARNING] Unknown department 'DevOps' for employee GT-009796
2026-06-02 15:22:33,663 [WARNING] Unknown department 'DevOps' for employee GT-009797
2026-06-02 15:22:33,664 [WARNING] Unknown department 'DevOps' for employee GT-009816
2026-06-02 15:22:33,664 [WARNING] Unknown department 'DevOps' for employee GT-009823
2026-06-02 15:22:33,665 [WARNING] Unknown department 'DevOps' for employee GT-009825
2026-06-02 15:22:33,665 [WARNING] Unknown department 'DevOps' for employee GT-009862
2026-06-02 15:22:33,666 [WARNING] Unknown department 'DevOps' for employee GT-009865
2026-06-02 15:22:33,666 [WARNING] Unknown department 'DevOps' for employee GT-009867
2026-06-02 15:22:33,669 [WARNING] Unknown department 'DevOps' for employee GT-009918
2026-06-02 15:22:33,670 [WARNING] Unknown department 'DevOps' for employee GT-009952
2026-06-02 15:22:33,671 [WARNING] Unknown department 'DevOps' for employee GT-009977
2026-06-02 15:22:33,672 [WARNING] Unknown department 'DevOps' for employee GT-009991
2026-06-02 15:22:33,672 [WARNING] Unknown department 'DevOps' for employee GT-010016
2026-06-02 15:22:33,673 [WARNING] Unknown department 'DevOps' for employee GT-010073
2026-06-02 15:22:33,673 [WARNING] Unknown department 'DevOps' for employee GT-010076
2026-06-02 15:22:33,674 [WARNING] Unknown department 'DevOps' for employee GT-010081
2026-06-02 15:22:33,674 [WARNING] Unknown department 'DevOps' for employee GT-010092
2026-06-02 15:22:33,675 [WARNING] Unknown department 'DevOps' for employee GT-010094
2026-06-02 15:22:33,675 [WARNING] Unknown department 'DevOps' for employee GT-010100
2026-06-02 15:22:33,676 [WARNING] Unknown department 'DevOps' for employee GT-010106
2026-06-02 15:22:33,676 [WARNING] Unknown department 'DevOps' for employee GT-010124
2026-06-02 15:22:33,676 [WARNING] Unknown department 'DevOps' for employee GT-010131
2026-06-02 15:22:33,677 [WARNING] Unknown department 'DevOps' for employee GT-010139
2026-06-02 15:22:33,677 [WARNING] Unknown department 'DevOps' for employee GT-010147
2026-06-02 15:22:33,678 [WARNING] Unknown department 'DevOps' for employee GT-010161
2026-06-02 15:22:33,678 [WARNING] Unknown department 'DevOps' for employee GT-010187
2026-06-02 15:22:33,679 [WARNING] Unknown department 'DevOps' for employee GT-010201
2026-06-02 15:22:33,680 [WARNING] Unknown department 'DevOps' for employee GT-010250
2026-06-02 15:22:33,680 [WARNING] Unknown department 'DevOps' for employee GT-010281
2026-06-02 15:22:33,681 [WARNING] Unknown department 'DevOps' for employee GT-010283
2026-06-02 15:22:33,681 [WARNING] Unknown department 'DevOps' for employee GT-010303
2026-06-02 15:22:33,681 [WARNING] Unknown department 'DevOps' for employee GT-010304
2026-06-02 15:22:33,682 [WARNING] Unknown department 'DevOps' for employee GT-010357
2026-06-02 15:22:33,683 [WARNING] Unknown department 'DevOps' for employee GT-010359
2026-06-02 15:22:33,686 [WARNING] Unknown department 'DevOps' for employee GT-010388
2026-06-02 15:22:33,688 [WARNING] Unknown department 'DevOps' for employee GT-010423
2026-06-02 15:22:33,688 [WARNING] Unknown department 'DevOps' for employee GT-010442
2026-06-02 15:22:33,689 [WARNING] Unknown department 'DevOps' for employee GT-010456
2026-06-02 15:22:33,689 [WARNING] Unknown department 'DevOps' for employee GT-010472
2026-06-02 15:22:33,690 [WARNING] Unknown department 'DevOps' for employee GT-010484
2026-06-02 15:22:33,690 [WARNING] Unknown department 'DevOps' for employee GT-010522
2026-06-02 15:22:33,691 [WARNING] Unknown department 'DevOps' for employee GT-010525
2026-06-02 15:22:33,691 [WARNING] Unknown department 'DevOps' for employee GT-010537
2026-06-02 15:22:33,692 [WARNING] Unknown department 'DevOps' for employee GT-010547
2026-06-02 15:22:33,692 [WARNING] Unknown department 'DevOps' for employee GT-010549
2026-06-02 15:22:33,694 [WARNING] Unknown department 'DevOps' for employee GT-010559
2026-06-02 15:22:33,695 [WARNING] Unknown department 'DevOps' for employee GT-010575
2026-06-02 15:22:33,695 [WARNING] Unknown department 'DevOps' for employee GT-010576
2026-06-02 15:22:33,696 [WARNING] Unknown department 'DevOps' for employee GT-010609
2026-06-02 15:22:33,696 [WARNING] Unknown department 'DevOps' for employee GT-010635
2026-06-02 15:22:33,696 [WARNING] Unknown department 'DevOps' for employee GT-010665
2026-06-02 15:22:33,697 [WARNING] Unknown department 'DevOps' for employee GT-010676
2026-06-02 15:22:33,697 [WARNING] Unknown department 'DevOps' for employee GT-010715
2026-06-02 15:22:33,698 [WARNING] Unknown department 'DevOps' for employee GT-010724
2026-06-02 15:22:33,698 [WARNING] Unknown department 'DevOps' for employee GT-010772
2026-06-02 15:22:33,699 [WARNING] Unknown department 'DevOps' for employee GT-010790
2026-06-02 15:22:33,699 [WARNING] Unknown department 'DevOps' for employee GT-010813
2026-06-02 15:22:33,700 [WARNING] Unknown department 'DevOps' for employee GT-010815
2026-06-02 15:22:33,701 [WARNING] Unknown department 'DevOps' for employee GT-010825
2026-06-02 15:22:33,702 [WARNING] Unknown department 'DevOps' for employee GT-010837
2026-06-02 15:22:33,703 [WARNING] Unknown department 'DevOps' for employee GT-010841
2026-06-02 15:22:33,703 [WARNING] Unknown department 'DevOps' for employee GT-010854
2026-06-02 15:22:33,704 [WARNING] Unknown department 'DevOps' for employee GT-010856
2026-06-02 15:22:33,705 [WARNING] Unknown department 'DevOps' for employee GT-010857
2026-06-02 15:22:33,705 [WARNING] Unknown department 'DevOps' for employee GT-010898
2026-06-02 15:22:33,706 [WARNING] Unknown department 'DevOps' for employee GT-010901
2026-06-02 15:22:33,706 [WARNING] Unknown department 'DevOps' for employee GT-010909
2026-06-02 15:22:33,707 [WARNING] Unknown department 'DevOps' for employee GT-010915
2026-06-02 15:22:33,707 [WARNING] Unknown department 'DevOps' for employee GT-010949
2026-06-02 15:22:33,708 [WARNING] Unknown department 'DevOps' for employee GT-010959
2026-06-02 15:22:33,708 [WARNING] Unknown department 'DevOps' for employee GT-010986
2026-06-02 15:22:33,708 [WARNING] Unknown department 'DevOps' for employee GT-010998
2026-06-02 15:22:33,709 [WARNING] Unknown department 'DevOps' for employee GT-011040
2026-06-02 15:22:33,709 [WARNING] Unknown department 'DevOps' for employee GT-011072
2026-06-02 15:22:33,710 [WARNING] Unknown department 'DevOps' for employee GT-011084
2026-06-02 15:22:33,711 [WARNING] Unknown department 'DevOps' for employee GT-011098
2026-06-02 15:22:33,711 [WARNING] Unknown department 'DevOps' for employee GT-011104
2026-06-02 15:22:33,712 [WARNING] Unknown department 'DevOps' for employee GT-011162
2026-06-02 15:22:33,712 [WARNING] Unknown department 'DevOps' for employee GT-011231
2026-06-02 15:22:33,712 [WARNING] Unknown department 'DevOps' for employee GT-011232
2026-06-02 15:22:33,713 [WARNING] Unknown department 'DevOps' for employee GT-011233
2026-06-02 15:22:33,714 [WARNING] Unknown department 'DevOps' for employee GT-011244
2026-06-02 15:22:33,714 [WARNING] Unknown department 'DevOps' for employee GT-011253
2026-06-02 15:22:33,715 [WARNING] Unknown department 'DevOps' for employee GT-011282
2026-06-02 15:22:33,717 [WARNING] Unknown department 'DevOps' for employee GT-011286
2026-06-02 15:22:33,718 [WARNING] Unknown department 'DevOps' for employee GT-011309
2026-06-02 15:22:33,719 [WARNING] Unknown department 'DevOps' for employee GT-011364
2026-06-02 15:22:33,719 [WARNING] Unknown department 'DevOps' for employee GT-011381
2026-06-02 15:22:33,720 [WARNING] Unknown department 'DevOps' for employee GT-011396
2026-06-02 15:22:33,721 [WARNING] Unknown department 'DevOps' for employee GT-011405
2026-06-02 15:22:33,721 [WARNING] Unknown department 'DevOps' for employee GT-011408
2026-06-02 15:22:33,722 [WARNING] Unknown department 'DevOps' for employee GT-011415
2026-06-02 15:22:33,722 [WARNING] Unknown department 'DevOps' for employee GT-011445
2026-06-02 15:22:33,723 [WARNING] Unknown department 'DevOps' for employee GT-011457
2026-06-02 15:22:33,723 [WARNING] Unknown department 'DevOps' for employee GT-011461
2026-06-02 15:22:33,723 [WARNING] Unknown department 'DevOps' for employee GT-011465
2026-06-02 15:22:33,724 [WARNING] Unknown department 'DevOps' for employee GT-011475
2026-06-02 15:22:33,724 [WARNING] Unknown department 'DevOps' for employee GT-011495
2026-06-02 15:22:33,725 [WARNING] Unknown department 'DevOps' for employee GT-011502
2026-06-02 15:22:33,726 [WARNING] Unknown department 'DevOps' for employee GT-011529
2026-06-02 15:22:33,726 [WARNING] Unknown department 'DevOps' for employee GT-011548
2026-06-02 15:22:33,727 [WARNING] Unknown department 'DevOps' for employee GT-011552
2026-06-02 15:22:33,727 [WARNING] Unknown department 'DevOps' for employee GT-011562
2026-06-02 15:22:33,728 [WARNING] Unknown department 'DevOps' for employee GT-011570
2026-06-02 15:22:33,728 [WARNING] Unknown department 'DevOps' for employee GT-011571
2026-06-02 15:22:33,729 [WARNING] Unknown department 'DevOps' for employee GT-011605
2026-06-02 15:22:33,729 [WARNING] Unknown department 'DevOps' for employee GT-011639
2026-06-02 15:22:33,730 [WARNING] Unknown department 'DevOps' for employee GT-011659
2026-06-02 15:22:33,731 [WARNING] Unknown department 'DevOps' for employee GT-011677
2026-06-02 15:22:33,731 [WARNING] Unknown department 'DevOps' for employee GT-011679
2026-06-02 15:22:33,731 [WARNING] Unknown department 'DevOps' for employee GT-011688
2026-06-02 15:22:33,732 [WARNING] Unknown department 'DevOps' for employee GT-011691
2026-06-02 15:22:33,733 [WARNING] Unknown department 'DevOps' for employee GT-011714
2026-06-02 15:22:33,733 [WARNING] Unknown department 'DevOps' for employee GT-011750
2026-06-02 15:22:33,734 [WARNING] Unknown department 'DevOps' for employee GT-011754
2026-06-02 15:22:33,735 [WARNING] Unknown department 'DevOps' for employee GT-011825
2026-06-02 15:22:33,736 [WARNING] Unknown department 'DevOps' for employee GT-011834
2026-06-02 15:22:33,737 [WARNING] Unknown department 'DevOps' for employee GT-011853
2026-06-02 15:22:33,737 [WARNING] Unknown department 'DevOps' for employee GT-011859
2026-06-02 15:22:33,738 [WARNING] Unknown department 'DevOps' for employee GT-011875
2026-06-02 15:22:33,738 [WARNING] Unknown department 'DevOps' for employee GT-011912
2026-06-02 15:22:33,739 [WARNING] Unknown department 'DevOps' for employee GT-011921
2026-06-02 15:22:33,739 [WARNING] Unknown department 'DevOps' for employee GT-011936
2026-06-02 15:22:33,740 [WARNING] Unknown department 'DevOps' for employee GT-011938
2026-06-02 15:22:33,740 [WARNING] Unknown department 'DevOps' for employee GT-011973
2026-06-02 15:22:33,741 [WARNING] Unknown department 'DevOps' for employee GT-011974
2026-06-02 15:22:33,741 [WARNING] Unknown department 'DevOps' for employee GT-011982
2026-06-02 15:22:33,742 [WARNING] Unknown department 'DevOps' for employee GT-011984
2026-06-02 15:22:33,742 [WARNING] Unknown department 'DevOps' for employee GT-011992
2026-06-02 15:22:33,743 [WARNING] Unknown department 'DevOps' for employee GT-011996
2026-06-02 15:22:33,743 [WARNING] Unknown department 'DevOps' for employee GT-012054
2026-06-02 15:22:33,744 [WARNING] Unknown department 'DevOps' for employee GT-012077
2026-06-02 15:22:33,744 [WARNING] Unknown department 'DevOps' for employee GT-012106
2026-06-02 15:22:33,745 [WARNING] Unknown department 'DevOps' for employee GT-012107
2026-06-02 15:22:33,745 [WARNING] Unknown department 'DevOps' for employee GT-012108
2026-06-02 15:22:33,745 [WARNING] Unknown department 'DevOps' for employee GT-012114
2026-06-02 15:22:33,746 [WARNING] Unknown department 'DevOps' for employee GT-012136
2026-06-02 15:22:33,747 [WARNING] Unknown department 'DevOps' for employee GT-012173
2026-06-02 15:22:33,747 [WARNING] Unknown department 'DevOps' for employee GT-012180
2026-06-02 15:22:33,748 [WARNING] Unknown department 'DevOps' for employee GT-012191
2026-06-02 15:22:33,748 [WARNING] Unknown department 'DevOps' for employee GT-012227
2026-06-02 15:22:33,749 [WARNING] Unknown department 'DevOps' for employee GT-012274
2026-06-02 15:22:33,749 [WARNING] Unknown department 'DevOps' for employee GT-012308
2026-06-02 15:22:33,750 [WARNING] Unknown department 'DevOps' for employee GT-012330
2026-06-02 15:22:33,750 [WARNING] Unknown department 'DevOps' for employee GT-012337
2026-06-02 15:22:33,752 [WARNING] Unknown department 'DevOps' for employee GT-012344
2026-06-02 15:22:33,753 [WARNING] Unknown department 'DevOps' for employee GT-012346
2026-06-02 15:22:33,753 [WARNING] Unknown department 'DevOps' for employee GT-012349
2026-06-02 15:22:33,754 [WARNING] Unknown department 'DevOps' for employee GT-012369
2026-06-02 15:22:33,754 [WARNING] Unknown department 'DevOps' for employee GT-012395
2026-06-02 15:22:33,755 [WARNING] Unknown department 'DevOps' for employee GT-012402
2026-06-02 15:22:33,755 [WARNING] Unknown department 'DevOps' for employee GT-012442
2026-06-02 15:22:33,756 [WARNING] Unknown department 'DevOps' for employee GT-012463
2026-06-02 15:22:33,756 [WARNING] Unknown department 'DevOps' for employee GT-012475
2026-06-02 15:22:33,757 [WARNING] Unknown department 'DevOps' for employee GT-012499
2026-06-02 15:22:33,757 [WARNING] Unknown department 'DevOps' for employee GT-012552
2026-06-02 15:22:33,758 [WARNING] Unknown department 'DevOps' for employee GT-012585
2026-06-02 15:22:33,759 [WARNING] Unknown department 'DevOps' for employee GT-012593
2026-06-02 15:22:33,759 [WARNING] Unknown department 'DevOps' for employee GT-012605
2026-06-02 15:22:33,759 [WARNING] Unknown department 'DevOps' for employee GT-012626
2026-06-02 15:22:33,760 [WARNING] Unknown department 'DevOps' for employee GT-012643
2026-06-02 15:22:33,760 [WARNING] Unknown department 'DevOps' for employee GT-012656
2026-06-02 15:22:33,761 [WARNING] Unknown department 'DevOps' for employee GT-012658
2026-06-02 15:22:33,761 [WARNING] Unknown department 'DevOps' for employee GT-012683
2026-06-02 15:22:33,762 [WARNING] Unknown department 'DevOps' for employee GT-012684
2026-06-02 15:22:33,762 [WARNING] Unknown department 'DevOps' for employee GT-012688
2026-06-02 15:22:33,763 [WARNING] Unknown department 'DevOps' for employee GT-012691
2026-06-02 15:22:33,763 [WARNING] Unknown department 'DevOps' for employee GT-012710
2026-06-02 15:22:33,764 [WARNING] Unknown department 'DevOps' for employee GT-012739
2026-06-02 15:22:33,764 [WARNING] Unknown department 'DevOps' for employee GT-012753
2026-06-02 15:22:33,765 [WARNING] Unknown department 'DevOps' for employee GT-012754
2026-06-02 15:22:33,765 [WARNING] Unknown department 'DevOps' for employee GT-012803
2026-06-02 15:22:33,766 [WARNING] Unknown department 'DevOps' for employee GT-012812
2026-06-02 15:22:33,766 [WARNING] Unknown department 'DevOps' for employee GT-012817
2026-06-02 15:22:33,768 [WARNING] Unknown department 'DevOps' for employee GT-012819
2026-06-02 15:22:33,768 [WARNING] Unknown department 'DevOps' for employee GT-012829
2026-06-02 15:22:33,769 [WARNING] Unknown department 'DevOps' for employee GT-012835
2026-06-02 15:22:33,770 [WARNING] Unknown department 'DevOps' for employee GT-012840
2026-06-02 15:22:33,770 [WARNING] Unknown department 'DevOps' for employee GT-012844
2026-06-02 15:22:33,771 [WARNING] Unknown department 'DevOps' for employee GT-012845
2026-06-02 15:22:33,771 [WARNING] Unknown department 'DevOps' for employee GT-012869
2026-06-02 15:22:33,772 [WARNING] Unknown department 'DevOps' for employee GT-012882
2026-06-02 15:22:33,772 [WARNING] Unknown department 'DevOps' for employee GT-012890
2026-06-02 15:22:33,773 [WARNING] Unknown department 'DevOps' for employee GT-012897
2026-06-02 15:22:33,774 [WARNING] Unknown department 'DevOps' for employee GT-012902
2026-06-02 15:22:33,774 [WARNING] Unknown department 'DevOps' for employee GT-012976
2026-06-02 15:22:33,775 [WARNING] Unknown department 'DevOps' for employee GT-012985
2026-06-02 15:22:33,775 [WARNING] Unknown department 'DevOps' for employee GT-013007
2026-06-02 15:22:33,776 [WARNING] Unknown department 'DevOps' for employee GT-013024
2026-06-02 15:22:33,776 [WARNING] Unknown department 'DevOps' for employee GT-013030
2026-06-02 15:22:33,777 [WARNING] Unknown department 'DevOps' for employee GT-013031
2026-06-02 15:22:33,777 [WARNING] Unknown department 'DevOps' for employee GT-013069
2026-06-02 15:22:33,778 [WARNING] Unknown department 'DevOps' for employee GT-013074
2026-06-02 15:22:33,779 [WARNING] Unknown department 'DevOps' for employee GT-013135
2026-06-02 15:22:33,779 [WARNING] Unknown department 'DevOps' for employee GT-013169
2026-06-02 15:22:33,780 [WARNING] Unknown department 'DevOps' for employee GT-013186
2026-06-02 15:22:33,780 [WARNING] Unknown department 'DevOps' for employee GT-013256
2026-06-02 15:22:33,781 [WARNING] Unknown department 'DevOps' for employee GT-013288
2026-06-02 15:22:33,781 [WARNING] Unknown department 'DevOps' for employee GT-013297
2026-06-02 15:22:33,781 [WARNING] Unknown department 'DevOps' for employee GT-013311
2026-06-02 15:22:33,782 [WARNING] Unknown department 'DevOps' for employee GT-013331
2026-06-02 15:22:33,782 [WARNING] Unknown department 'DevOps' for employee GT-013336
2026-06-02 15:22:33,783 [WARNING] Unknown department 'DevOps' for employee GT-013363
2026-06-02 15:22:33,783 [WARNING] Unknown department 'DevOps' for employee GT-013367
2026-06-02 15:22:33,785 [WARNING] Unknown department 'DevOps' for employee GT-013385
2026-06-02 15:22:33,786 [WARNING] Unknown department 'DevOps' for employee GT-013403
2026-06-02 15:22:33,786 [WARNING] Unknown department 'DevOps' for employee GT-013406
2026-06-02 15:22:33,787 [WARNING] Unknown department 'DevOps' for employee GT-013413
2026-06-02 15:22:33,787 [WARNING] Unknown department 'DevOps' for employee GT-013490
2026-06-02 15:22:33,788 [WARNING] Unknown department 'DevOps' for employee GT-013491
2026-06-02 15:22:33,788 [WARNING] Unknown department 'DevOps' for employee GT-013505
2026-06-02 15:22:33,788 [WARNING] Unknown department 'DevOps' for employee GT-013511
2026-06-02 15:22:33,789 [WARNING] Unknown department 'DevOps' for employee GT-013572
2026-06-02 15:22:33,789 [WARNING] Unknown department 'DevOps' for employee GT-013579
2026-06-02 15:22:33,790 [WARNING] Unknown department 'DevOps' for employee GT-013580
2026-06-02 15:22:33,790 [WARNING] Unknown department 'DevOps' for employee GT-013615
2026-06-02 15:22:33,791 [WARNING] Unknown department 'DevOps' for employee GT-013629
2026-06-02 15:22:33,791 [WARNING] Unknown department 'DevOps' for employee GT-013647
2026-06-02 15:22:33,792 [WARNING] Unknown department 'DevOps' for employee GT-013648
2026-06-02 15:22:33,793 [WARNING] Unknown department 'DevOps' for employee GT-013662
2026-06-02 15:22:33,793 [WARNING] Unknown department 'DevOps' for employee GT-013678
2026-06-02 15:22:33,794 [WARNING] Unknown department 'DevOps' for employee GT-013724
2026-06-02 15:22:33,794 [WARNING] Unknown department 'DevOps' for employee GT-013732
2026-06-02 15:22:33,795 [WARNING] Unknown department 'DevOps' for employee GT-013737
2026-06-02 15:22:33,795 [WARNING] Unknown department 'DevOps' for employee GT-013800
2026-06-02 15:22:33,796 [WARNING] Unknown department 'DevOps' for employee GT-013811
2026-06-02 15:22:33,797 [WARNING] Unknown department 'DevOps' for employee GT-013818
2026-06-02 15:22:33,798 [WARNING] Unknown department 'DevOps' for employee GT-013834
2026-06-02 15:22:33,798 [WARNING] Unknown department 'DevOps' for employee GT-013836
2026-06-02 15:22:33,799 [WARNING] Unknown department 'DevOps' for employee GT-013861
2026-06-02 15:22:33,800 [WARNING] Unknown department 'DevOps' for employee GT-013885
2026-06-02 15:22:33,803 [WARNING] Unknown department 'DevOps' for employee GT-013888
2026-06-02 15:22:33,804 [WARNING] Unknown department 'DevOps' for employee GT-013918
2026-06-02 15:22:33,805 [WARNING] Unknown department 'DevOps' for employee GT-013931
2026-06-02 15:22:33,805 [WARNING] Unknown department 'DevOps' for employee GT-013940
2026-06-02 15:22:33,806 [WARNING] Unknown department 'DevOps' for employee GT-013952
2026-06-02 15:22:33,806 [WARNING] Unknown department 'DevOps' for employee GT-013957
2026-06-02 15:22:33,807 [WARNING] Unknown department 'DevOps' for employee GT-013960
2026-06-02 15:22:33,808 [WARNING] Unknown department 'DevOps' for employee GT-013968
2026-06-02 15:22:33,809 [WARNING] Unknown department 'DevOps' for employee GT-013972
2026-06-02 15:22:33,810 [WARNING] Unknown department 'DevOps' for employee GT-013974
2026-06-02 15:22:33,811 [WARNING] Unknown department 'DevOps' for employee GT-013982
2026-06-02 15:22:33,811 [WARNING] Unknown department 'DevOps' for employee GT-014005
2026-06-02 15:22:33,812 [WARNING] Unknown department 'DevOps' for employee GT-014050
2026-06-02 15:22:33,812 [WARNING] Unknown department 'DevOps' for employee GT-014117
2026-06-02 15:22:33,813 [WARNING] Unknown department 'DevOps' for employee GT-014145
2026-06-02 15:22:33,813 [WARNING] Unknown department 'DevOps' for employee GT-014163
2026-06-02 15:22:33,814 [WARNING] Unknown department 'DevOps' for employee GT-014164
2026-06-02 15:22:33,815 [WARNING] Unknown department 'DevOps' for employee GT-014175
2026-06-02 15:22:33,815 [WARNING] Unknown department 'DevOps' for employee GT-014194
2026-06-02 15:22:33,817 [WARNING] Unknown department 'DevOps' for employee GT-014195
2026-06-02 15:22:33,818 [WARNING] Unknown department 'DevOps' for employee GT-014268
2026-06-02 15:22:33,819 [WARNING] Unknown department 'DevOps' for employee GT-014272
2026-06-02 15:22:33,819 [WARNING] Unknown department 'DevOps' for employee GT-014275
2026-06-02 15:22:33,820 [WARNING] Unknown department 'DevOps' for employee GT-014283
2026-06-02 15:22:33,820 [WARNING] Unknown department 'DevOps' for employee GT-014291
2026-06-02 15:22:33,821 [WARNING] Unknown department 'DevOps' for employee GT-014302
2026-06-02 15:22:33,822 [WARNING] Unknown department 'DevOps' for employee GT-014306
2026-06-02 15:22:33,822 [WARNING] Unknown department 'DevOps' for employee GT-014316
2026-06-02 15:22:33,823 [WARNING] Unknown department 'DevOps' for employee GT-014327
2026-06-02 15:22:33,823 [WARNING] Unknown department 'DevOps' for employee GT-014493
2026-06-02 15:22:33,824 [WARNING] Unknown department 'DevOps' for employee GT-014525
2026-06-02 15:22:33,824 [WARNING] Unknown department 'DevOps' for employee GT-014565
2026-06-02 15:22:33,825 [WARNING] Unknown department 'DevOps' for employee GT-014586
2026-06-02 15:22:33,825 [WARNING] Unknown department 'DevOps' for employee GT-014612
2026-06-02 15:22:33,826 [WARNING] Unknown department 'DevOps' for employee GT-014616
2026-06-02 15:22:33,826 [WARNING] Unknown department 'DevOps' for employee GT-014636
2026-06-02 15:22:33,828 [WARNING] Unknown department 'DevOps' for employee GT-014667
2026-06-02 15:22:33,828 [WARNING] Unknown department 'DevOps' for employee GT-014696
2026-06-02 15:22:33,829 [WARNING] Unknown department 'DevOps' for employee GT-014707
2026-06-02 15:22:33,829 [WARNING] Unknown department 'DevOps' for employee GT-014717
2026-06-02 15:22:33,830 [WARNING] Unknown department 'DevOps' for employee GT-014741
2026-06-02 15:22:33,830 [WARNING] Unknown department 'DevOps' for employee GT-014758
2026-06-02 15:22:33,831 [WARNING] Unknown department 'DevOps' for employee GT-014761
2026-06-02 15:22:33,831 [WARNING] Unknown department 'DevOps' for employee GT-014768
2026-06-02 15:22:33,832 [WARNING] Unknown department 'DevOps' for employee GT-014804
2026-06-02 15:22:33,834 [WARNING] Unknown department 'DevOps' for employee GT-014815
2026-06-02 15:22:33,836 [WARNING] Unknown department 'DevOps' for employee GT-014817
2026-06-02 15:22:33,837 [WARNING] Unknown department 'DevOps' for employee GT-014837
2026-06-02 15:22:33,837 [WARNING] Unknown department 'DevOps' for employee GT-014851
2026-06-02 15:22:33,838 [WARNING] Unknown department 'DevOps' for employee GT-014886
2026-06-02 15:22:33,838 [WARNING] Unknown department 'DevOps' for employee GT-014887
2026-06-02 15:22:33,839 [WARNING] Unknown department 'DevOps' for employee GT-014889
2026-06-02 15:22:33,845 [WARNING] Unknown department 'DevOps' for employee GT-014890
2026-06-02 15:22:33,847 [WARNING] Unknown department 'DevOps' for employee GT-014931
2026-06-02 15:22:33,847 [WARNING] Unknown department 'DevOps' for employee GT-014938
2026-06-02 15:22:33,848 [WARNING] Unknown department 'DevOps' for employee GT-014970
2026-06-02 15:22:33,848 [WARNING] Unknown department 'DevOps' for employee AC-000078
2026-06-02 15:22:33,849 [WARNING] Unknown department 'DevOps' for employee AC-000091
2026-06-02 15:22:33,850 [WARNING] Unknown department 'DevOps' for employee AC-000104
2026-06-02 15:22:33,851 [WARNING] Unknown department 'DevOps' for employee AC-000111
2026-06-02 15:22:33,853 [WARNING] Unknown department 'DevOps' for employee AC-000159
2026-06-02 15:22:33,853 [WARNING] Unknown department 'DevOps' for employee AC-000181
2026-06-02 15:22:33,854 [WARNING] Unknown department 'DevOps' for employee AC-000217
2026-06-02 15:22:33,854 [WARNING] Unknown department 'DevOps' for employee AC-000227
2026-06-02 15:22:33,855 [WARNING] Unknown department 'DevOps' for employee AC-000230
2026-06-02 15:22:33,855 [WARNING] Unknown department 'DevOps' for employee AC-000235
2026-06-02 15:22:33,856 [WARNING] Unknown department 'DevOps' for employee AC-000260
2026-06-02 15:22:33,856 [WARNING] Unknown department 'DevOps' for employee AC-000288
2026-06-02 15:22:33,857 [WARNING] Unknown department 'DevOps' for employee AC-000292
2026-06-02 15:22:33,858 [WARNING] Unknown department 'DevOps' for employee AC-000379
2026-06-02 15:22:33,859 [WARNING] Unknown department 'DevOps' for employee AC-000391
2026-06-02 15:22:33,859 [WARNING] Unknown department 'DevOps' for employee AC-000397
2026-06-02 15:22:33,860 [WARNING] Unknown department 'DevOps' for employee AC-000400
2026-06-02 15:22:33,860 [WARNING] Unknown department 'DevOps' for employee AC-000412
2026-06-02 15:22:33,860 [WARNING] Unknown department 'DevOps' for employee AC-000421
2026-06-02 15:22:33,861 [WARNING] Unknown department 'DevOps' for employee AC-000452
2026-06-02 15:22:33,862 [WARNING] Unknown department 'DevOps' for employee AC-000535
2026-06-02 15:22:33,862 [WARNING] Unknown department 'DevOps' for employee AC-000543
2026-06-02 15:22:33,862 [WARNING] Unknown department 'DevOps' for employee AC-000554
2026-06-02 15:22:33,864 [WARNING] Unknown department 'DevOps' for employee AC-000569
2026-06-02 15:22:33,864 [WARNING] Unknown department 'DevOps' for employee AC-000581
2026-06-02 15:22:33,865 [WARNING] Unknown department 'DevOps' for employee AC-000609
2026-06-02 15:22:33,865 [WARNING] Unknown department 'DevOps' for employee AC-000655
2026-06-02 15:22:33,866 [WARNING] Unknown department 'DevOps' for employee AC-000662
2026-06-02 15:22:33,867 [WARNING] Unknown department 'DevOps' for employee AC-000674
2026-06-02 15:22:33,868 [WARNING] Unknown department 'DevOps' for employee AC-000688
2026-06-02 15:22:33,868 [WARNING] Unknown department 'DevOps' for employee AC-000707
2026-06-02 15:22:33,871 [WARNING] Unknown department 'DevOps' for employee AC-000763
2026-06-02 15:22:33,872 [WARNING] Unknown department 'DevOps' for employee AC-000793
2026-06-02 15:22:33,872 [WARNING] Unknown department 'DevOps' for employee AC-000840
2026-06-02 15:22:33,873 [WARNING] Unknown department 'DevOps' for employee AC-000858
2026-06-02 15:22:33,873 [WARNING] Unknown department 'DevOps' for employee AC-000862
2026-06-02 15:22:33,874 [WARNING] Unknown department 'DevOps' for employee AC-000866
2026-06-02 15:22:33,874 [WARNING] Unknown department 'DevOps' for employee AC-000872
2026-06-02 15:22:33,875 [WARNING] Unknown department 'DevOps' for employee AC-000874
2026-06-02 15:22:33,875 [WARNING] Unknown department 'DevOps' for employee AC-000880
2026-06-02 15:22:33,876 [WARNING] Unknown department 'DevOps' for employee AC-000889
2026-06-02 15:22:33,877 [WARNING] Unknown department 'DevOps' for employee AC-000890
2026-06-02 15:22:33,877 [WARNING] Unknown department 'DevOps' for employee AC-000919
2026-06-02 15:22:33,877 [WARNING] Unknown department 'DevOps' for employee AC-000956
2026-06-02 15:22:33,878 [WARNING] Unknown department 'DevOps' for employee AC-000965
2026-06-02 15:22:33,878 [WARNING] Unknown department 'DevOps' for employee AC-000971
2026-06-02 15:22:33,879 [WARNING] Unknown department 'DevOps' for employee AC-001000
2026-06-02 15:22:33,879 [WARNING] Unknown department 'DevOps' for employee AC-001014
2026-06-02 15:22:33,880 [WARNING] Unknown department 'DevOps' for employee AC-001051
2026-06-02 15:22:33,880 [WARNING] Unknown department 'DevOps' for employee AC-001058
2026-06-02 15:22:33,881 [WARNING] Unknown department 'DevOps' for employee AC-001089
2026-06-02 15:22:33,881 [WARNING] Unknown department 'DevOps' for employee AC-001131
2026-06-02 15:22:33,882 [WARNING] Unknown department 'DevOps' for employee AC-001144
2026-06-02 15:22:33,883 [WARNING] Unknown department 'DevOps' for employee AC-001156
2026-06-02 15:22:33,884 [WARNING] Unknown department 'DevOps' for employee AC-001163
2026-06-02 15:22:33,885 [WARNING] Unknown department 'DevOps' for employee AC-001172
2026-06-02 15:22:33,886 [WARNING] Unknown department 'DevOps' for employee AC-001174
2026-06-02 15:22:33,886 [WARNING] Unknown department 'DevOps' for employee AC-001183
2026-06-02 15:22:33,887 [WARNING] Unknown department 'DevOps' for employee AC-001204
2026-06-02 15:22:33,888 [WARNING] Unknown department 'DevOps' for employee AC-001205
2026-06-02 15:22:33,889 [WARNING] Unknown department 'DevOps' for employee AC-001206
2026-06-02 15:22:33,889 [WARNING] Unknown department 'DevOps' for employee AC-001212
2026-06-02 15:22:33,890 [WARNING] Unknown department 'DevOps' for employee AC-001286
2026-06-02 15:22:33,891 [WARNING] Unknown department 'DevOps' for employee AC-001304
2026-06-02 15:22:33,891 [WARNING] Unknown department 'DevOps' for employee AC-001315
2026-06-02 15:22:33,893 [WARNING] Unknown department 'DevOps' for employee AC-001322
2026-06-02 15:22:33,893 [WARNING] Unknown department 'DevOps' for employee AC-001350
2026-06-02 15:22:33,894 [WARNING] Unknown department 'DevOps' for employee AC-001372
2026-06-02 15:22:33,894 [WARNING] Unknown department 'DevOps' for employee AC-001383
2026-06-02 15:22:33,895 [WARNING] Unknown department 'DevOps' for employee AC-001397
2026-06-02 15:22:33,895 [WARNING] Unknown department 'DevOps' for employee AC-001431
2026-06-02 15:22:33,896 [WARNING] Unknown department 'DevOps' for employee AC-001460
2026-06-02 15:22:33,896 [WARNING] Unknown department 'DevOps' for employee AC-001501
2026-06-02 15:22:33,897 [WARNING] Unknown department 'DevOps' for employee AC-001519
2026-06-02 15:22:33,897 [WARNING] Unknown department 'DevOps' for employee AC-001533
2026-06-02 15:22:33,899 [WARNING] Unknown department 'DevOps' for employee AC-001538
2026-06-02 15:22:33,903 [WARNING] Unknown department 'DevOps' for employee AC-001541
2026-06-02 15:22:33,906 [WARNING] Unknown department 'DevOps' for employee AC-001547
2026-06-02 15:22:33,906 [WARNING] Unknown department 'DevOps' for employee AC-001562
2026-06-02 15:22:33,907 [WARNING] Unknown department 'DevOps' for employee AC-001566
2026-06-02 15:22:33,907 [WARNING] Unknown department 'DevOps' for employee AC-001568
2026-06-02 15:22:33,908 [WARNING] Unknown department 'DevOps' for employee AC-001575
2026-06-02 15:22:33,908 [WARNING] Unknown department 'DevOps' for employee AC-001588
2026-06-02 15:22:33,909 [WARNING] Unknown department 'DevOps' for employee AC-001599
2026-06-02 15:22:33,910 [WARNING] Unknown department 'DevOps' for employee AC-001617
2026-06-02 15:22:33,910 [WARNING] Unknown department 'DevOps' for employee AC-001636
2026-06-02 15:22:33,913 [WARNING] Unknown department 'DevOps' for employee AC-001673
2026-06-02 15:22:33,914 [WARNING] Unknown department 'DevOps' for employee AC-001693
2026-06-02 15:22:33,915 [WARNING] Unknown department 'DevOps' for employee AC-001714
2026-06-02 15:22:33,915 [WARNING] Unknown department 'DevOps' for employee AC-001783
2026-06-02 15:22:33,915 [WARNING] Unknown department 'DevOps' for employee AC-001791
2026-06-02 15:22:33,920 [WARNING] Unknown department 'DevOps' for employee AC-001807
2026-06-02 15:22:33,920 [WARNING] Unknown department 'DevOps' for employee AC-001815
2026-06-02 15:22:33,922 [WARNING] Unknown department 'DevOps' for employee AC-001821
2026-06-02 15:22:33,923 [WARNING] Unknown department 'DevOps' for employee AC-001861
2026-06-02 15:22:33,924 [WARNING] Unknown department 'DevOps' for employee AC-001917
2026-06-02 15:22:33,924 [WARNING] Unknown department 'DevOps' for employee AC-001930
2026-06-02 15:22:33,925 [WARNING] Unknown department 'DevOps' for employee AC-001937
2026-06-02 15:22:33,925 [WARNING] Unknown department 'DevOps' for employee AC-001952
2026-06-02 15:22:33,926 [WARNING] Unknown department 'DevOps' for employee AC-001970
2026-06-02 15:22:33,926 [WARNING] Unknown department 'DevOps' for employee AC-001998
2026-06-02 15:22:33,928 [WARNING] Unknown department 'DevOps' for employee AC-002003
2026-06-02 15:22:33,928 [WARNING] Unknown department 'DevOps' for employee AC-002016
2026-06-02 15:22:33,929 [WARNING] Unknown department 'DevOps' for employee AC-002018
2026-06-02 15:22:33,929 [WARNING] Unknown department 'DevOps' for employee AC-002020
2026-06-02 15:22:33,930 [WARNING] Unknown department 'DevOps' for employee AC-002024
2026-06-02 15:22:33,930 [WARNING] Unknown department 'DevOps' for employee AC-002030
2026-06-02 15:22:33,931 [WARNING] Unknown department 'DevOps' for employee AC-002037
2026-06-02 15:22:33,932 [WARNING] Unknown department 'DevOps' for employee AC-002094
2026-06-02 15:22:33,933 [WARNING] Unknown department 'DevOps' for employee AC-002105
2026-06-02 15:22:33,934 [WARNING] Unknown department 'DevOps' for employee AC-002127
2026-06-02 15:22:33,935 [WARNING] Unknown department 'DevOps' for employee AC-002176
2026-06-02 15:22:33,937 [WARNING] Unknown department 'DevOps' for employee AC-002203
2026-06-02 15:22:33,937 [WARNING] Unknown department 'DevOps' for employee AC-002233
2026-06-02 15:22:33,938 [WARNING] Unknown department 'DevOps' for employee AC-002235
2026-06-02 15:22:33,938 [WARNING] Unknown department 'DevOps' for employee AC-002275
2026-06-02 15:22:33,940 [WARNING] Unknown department 'DevOps' for employee AC-002279
2026-06-02 15:22:33,941 [WARNING] Unknown department 'DevOps' for employee AC-002318
2026-06-02 15:22:33,941 [WARNING] Unknown department 'DevOps' for employee AC-002321
2026-06-02 15:22:33,941 [WARNING] Unknown department 'DevOps' for employee AC-002329
2026-06-02 15:22:33,942 [WARNING] Unknown department 'DevOps' for employee AC-002350
2026-06-02 15:22:33,943 [WARNING] Unknown department 'DevOps' for employee AC-002351
2026-06-02 15:22:33,944 [WARNING] Unknown department 'DevOps' for employee AC-002352
2026-06-02 15:22:33,944 [WARNING] Unknown department 'DevOps' for employee AC-002373
2026-06-02 15:22:33,946 [WARNING] Unknown department 'DevOps' for employee AC-002389
2026-06-02 15:22:33,946 [WARNING] Unknown department 'DevOps' for employee AC-002396
2026-06-02 15:22:33,947 [WARNING] Unknown department 'DevOps' for employee AC-002411
2026-06-02 15:22:33,948 [WARNING] Unknown department 'DevOps' for employee AC-002413
2026-06-02 15:22:33,949 [WARNING] Unknown department 'DevOps' for employee AC-002423
2026-06-02 15:22:33,949 [WARNING] Unknown department 'DevOps' for employee AC-002430
2026-06-02 15:22:33,950 [WARNING] Unknown department 'DevOps' for employee AC-002483
2026-06-02 15:22:33,950 [WARNING] Unknown department 'DevOps' for employee AC-002492
2026-06-02 15:22:33,953 [WARNING] Unknown department 'DevOps' for employee AC-002496
2026-06-02 15:22:33,953 [WARNING] Unknown department 'DevOps' for employee AC-002497
2026-06-02 15:22:33,954 [WARNING] Unknown department 'DevOps' for employee AC-002506
2026-06-02 15:22:33,954 [WARNING] Unknown department 'DevOps' for employee AC-002544
2026-06-02 15:22:33,955 [WARNING] Unknown department 'DevOps' for employee AC-002561
2026-06-02 15:22:33,955 [WARNING] Unknown department 'DevOps' for employee AC-002576
2026-06-02 15:22:33,956 [WARNING] Unknown department 'DevOps' for employee AC-002582
2026-06-02 15:22:33,956 [WARNING] Unknown department 'DevOps' for employee AC-002586
2026-06-02 15:22:33,957 [WARNING] Unknown department 'DevOps' for employee AC-002594
2026-06-02 15:22:33,957 [WARNING] Unknown department 'DevOps' for employee AC-002602
2026-06-02 15:22:33,958 [WARNING] Unknown department 'DevOps' for employee AC-002657
2026-06-02 15:22:33,959 [WARNING] Unknown department 'DevOps' for employee AC-002659
2026-06-02 15:22:33,959 [WARNING] Unknown department 'DevOps' for employee AC-002687
2026-06-02 15:22:33,960 [WARNING] Unknown department 'DevOps' for employee AC-002695
2026-06-02 15:22:33,960 [WARNING] Unknown department 'DevOps' for employee AC-002708
2026-06-02 15:22:33,961 [WARNING] Unknown department 'DevOps' for employee AC-002749
2026-06-02 15:22:33,961 [WARNING] Unknown department 'DevOps' for employee AC-002757
2026-06-02 15:22:33,961 [WARNING] Unknown department 'DevOps' for employee AC-002768
2026-06-02 15:22:33,962 [WARNING] Unknown department 'DevOps' for employee AC-002771
2026-06-02 15:22:33,962 [WARNING] Unknown department 'DevOps' for employee AC-002813
2026-06-02 15:22:33,963 [WARNING] Unknown department 'DevOps' for employee AC-002815
2026-06-02 15:22:33,964 [WARNING] Unknown department 'DevOps' for employee AC-002840
2026-06-02 15:22:33,964 [WARNING] Unknown department 'DevOps' for employee AC-002919
2026-06-02 15:22:33,965 [WARNING] Unknown department 'DevOps' for employee AC-002935
2026-06-02 15:22:33,966 [WARNING] Unknown department 'DevOps' for employee AC-002965
2026-06-02 15:22:33,969 [WARNING] Unknown department 'DevOps' for employee AC-000011
2026-06-02 15:22:33,970 [WARNING] Unknown department 'DevOps' for employee AC-000012
2026-06-02 15:22:33,970 [WARNING] Unknown department 'DevOps' for employee AC-000016
2026-06-02 15:22:33,971 [WARNING] Unknown department 'DevOps' for employee AC-000071
2026-06-02 15:22:33,971 [WARNING] Unknown department 'DevOps' for employee AC-000084
2026-06-02 15:22:33,972 [WARNING] Unknown department 'DevOps' for employee AC-000089
2026-06-02 15:22:33,973 [WARNING] Unknown department 'DevOps' for employee AC-000133
2026-06-02 15:22:33,974 [WARNING] Unknown department 'DevOps' for employee AC-000183
2026-06-02 15:22:33,974 [WARNING] Unknown department 'DevOps' for employee AC-000186
2026-06-02 15:22:33,975 [WARNING] Unknown department 'DevOps' for employee AC-000199
2026-06-02 15:22:33,975 [WARNING]   Total unknown departments: 995 records flagged for manual review
2026-06-02 15:22:33,976 [INFO] STEP 2 complete. 18200 records cleaned.
2026-06-02 15:22:33,976 [INFO] ============================================================
2026-06-02 15:22:33,977 [INFO] PIPELINE COMPLETE
2026-06-02 15:22:33,977 [INFO]   Input records:           18,200
2026-06-02 15:22:33,977 [INFO]   Duration:                2.2s
2026-06-02 15:22:33,978 [INFO] ============================================================
2026-06-02 15:23:04,849 [INFO] ============================================================
2026-06-02 15:23:04,849 [INFO] Multi-source HR Data Integration PIPELINE
2026-06-02 15:23:04,849 [INFO] Run started: 2026-06-02T15:23:04.849078
2026-06-02 15:23:04,850 [INFO] ============================================================
2026-06-02 15:23:04,850 [INFO] ============================================================
2026-06-02 15:23:04,850 [INFO] STEP 1: Data Ingestion
2026-06-02 15:23:04,850 [INFO] Ingesting GlobalTech HRIS CSV: c:\Users\RhodaArthur\Desktop\Projects\data-engineering\sk-01-capstone-project\src\data\raw\globaltech_hris.csv
2026-06-02 15:23:04,889 [INFO]   Ingested 15000 records from GlobalTech HRIS CSV
2026-06-02 15:23:04,901 [INFO] Ingesting AcquiredCo JSON: c:\Users\RhodaArthur\Desktop\Projects\data-engineering\sk-01-capstone-project\src\data\raw\acquiredco_api.json
2026-06-02 15:23:04,930 [INFO]   Total records in file: 3200
2026-06-02 15:23:04,933 [INFO]   Page 1: ingested 100 records (offset 0–99)
2026-06-02 15:23:04,935 [INFO]   Page 2: ingested 100 records (offset 100–199)
2026-06-02 15:23:04,937 [INFO]   Page 3: ingested 100 records (offset 200–299)
2026-06-02 15:23:04,939 [INFO]   Page 4: ingested 100 records (offset 300–399)
2026-06-02 15:23:04,941 [INFO]   Page 5: ingested 100 records (offset 400–499)
2026-06-02 15:23:04,943 [INFO]   Page 6: ingested 100 records (offset 500–599)
2026-06-02 15:23:04,946 [INFO]   Page 7: ingested 100 records (offset 600–699)
2026-06-02 15:23:04,948 [INFO]   Page 8: ingested 100 records (offset 700–799)
2026-06-02 15:23:04,950 [INFO]   Page 9: ingested 100 records (offset 800–899)
2026-06-02 15:23:04,952 [INFO]   Page 10: ingested 100 records (offset 900–999)
2026-06-02 15:23:04,955 [INFO]   Page 11: ingested 100 records (offset 1000–1099)
2026-06-02 15:23:04,957 [INFO]   Page 12: ingested 100 records (offset 1100–1199)
2026-06-02 15:23:04,959 [INFO]   Page 13: ingested 100 records (offset 1200–1299)
2026-06-02 15:23:04,962 [INFO]   Page 14: ingested 100 records (offset 1300–1399)
2026-06-02 15:23:04,965 [INFO]   Page 15: ingested 100 records (offset 1400–1499)
2026-06-02 15:23:04,968 [INFO]   Page 16: ingested 100 records (offset 1500–1599)
2026-06-02 15:23:04,970 [INFO]   Page 17: ingested 100 records (offset 1600–1699)
2026-06-02 15:23:04,973 [INFO]   Page 18: ingested 100 records (offset 1700–1799)
2026-06-02 15:23:04,975 [INFO]   Page 19: ingested 100 records (offset 1800–1899)
2026-06-02 15:23:04,977 [INFO]   Page 20: ingested 100 records (offset 1900–1999)
2026-06-02 15:23:04,980 [INFO]   Page 21: ingested 100 records (offset 2000–2099)
2026-06-02 15:23:04,983 [INFO]   Page 22: ingested 100 records (offset 2100–2199)
2026-06-02 15:23:04,987 [INFO]   Page 23: ingested 100 records (offset 2200–2299)
2026-06-02 15:23:04,990 [INFO]   Page 24: ingested 100 records (offset 2300–2399)
2026-06-02 15:23:04,992 [INFO]   Page 25: ingested 100 records (offset 2400–2499)
2026-06-02 15:23:04,993 [INFO]   Page 26: ingested 100 records (offset 2500–2599)
2026-06-02 15:23:04,997 [INFO]   Page 27: ingested 100 records (offset 2600–2699)
2026-06-02 15:23:05,000 [INFO]   Page 28: ingested 100 records (offset 2700–2799)
2026-06-02 15:23:05,002 [INFO]   Page 29: ingested 100 records (offset 2800–2899)
2026-06-02 15:23:05,005 [INFO]   Page 30: ingested 100 records (offset 2900–2999)
2026-06-02 15:23:05,008 [INFO]   Page 31: ingested 100 records (offset 3000–3099)
2026-06-02 15:23:05,010 [INFO]   Page 32: ingested 100 records (offset 3100–3199)
2026-06-02 15:23:05,017 [INFO]   Ingested 3200 total records from AcquiredCo JSON
2026-06-02 15:23:05,030 [INFO]   Combined HRIS records: 18200
2026-06-02 15:23:05,037 [INFO]     globaltech_hris: 15000 records
2026-06-02 15:23:05,037 [INFO]     acquiredco_hris: 3200 records
2026-06-02 15:23:05,037 [INFO] Ingesting benefits XML: c:\Users\RhodaArthur\Desktop\Projects\data-engineering\sk-01-capstone-project\src\data\raw\benefits_enrollment.xml
2026-06-02 15:23:05,196 [INFO]   Ingested 12000 enrollment records from benefits XML
2026-06-02 15:23:05,200 [INFO]   Unique enrolled employee IDs: 8283
2026-06-02 15:23:05,212 [INFO] Ingesting payroll Excel: c:\Users\RhodaArthur\Desktop\Projects\data-engineering\sk-01-capstone-project\src\data\raw\payroll_data.xlsx
2026-06-02 15:23:05,214 [ERROR] [DEAD LETTER] Failed to read payroll Excel: Missing optional dependency 'openpyxl'.  Use pip or conda to install openpyxl.
2026-06-02 15:23:05,215 [INFO]   Benefits enrollment records: 12000
2026-06-02 15:23:05,215 [INFO]   Payroll records: 0
2026-06-02 15:23:05,216 [INFO] STEP 1 complete.
2026-06-02 15:23:05,219 [INFO] STEP 2: Cleaning & Standardization
2026-06-02 15:23:05,226 [INFO]   2.1 Namespacing employee and manager IDs...
2026-06-02 15:23:05,685 [INFO]       Sample IDs: ['GT-000001', 'GT-000002', 'GT-000003']
2026-06-02 15:23:05,685 [INFO]   2.2 Standardising names...
2026-06-02 15:23:05,736 [INFO]   2.3 Standardising hire dates...
2026-06-02 15:23:05,821 [WARNING]       3200 records have out-of-range hire dates
2026-06-02 15:23:05,821 [INFO]   2.4 Validating department taxonomy...
2026-06-02 15:23:05,825 [INFO]   All department values match known taxonomy
2026-06-02 15:23:05,825 [INFO] STEP 2 complete. 18200 records cleaned.
2026-06-02 15:23:05,825 [INFO] ============================================================
2026-06-02 15:23:05,825 [INFO] PIPELINE COMPLETE
2026-06-02 15:23:05,826 [INFO]   Input records:           18,200
2026-06-02 15:23:05,826 [INFO]   Duration:                1.0s
2026-06-02 15:23:05,826 [INFO] ============================================================
2026-06-02 15:34:54,439 [INFO] ============================================================
2026-06-02 15:34:54,439 [INFO] Multi-source HR Data Integration PIPELINE
2026-06-02 15:34:54,440 [INFO] Run started: 2026-06-02T15:34:54.439252
2026-06-02 15:34:54,440 [INFO] ============================================================
2026-06-02 15:34:54,440 [INFO] ============================================================
2026-06-02 15:34:54,441 [INFO] STEP 1: Data Ingestion
2026-06-02 15:34:54,441 [INFO] Ingesting GlobalTech HRIS CSV: c:\Users\RhodaArthur\Desktop\Projects\data-engineering\sk-01-capstone-project\src\data\raw\globaltech_hris.csv
2026-06-02 15:34:54,515 [INFO]   Ingested 15000 records from GlobalTech HRIS CSV
2026-06-02 15:34:54,523 [INFO] Ingesting AcquiredCo JSON: c:\Users\RhodaArthur\Desktop\Projects\data-engineering\sk-01-capstone-project\src\data\raw\acquiredco_api.json
2026-06-02 15:34:54,565 [INFO]   Total records in file: 3200
2026-06-02 15:34:54,572 [INFO]   Page 1: ingested 100 records (offset 0–99)
2026-06-02 15:34:54,577 [INFO]   Page 2: ingested 100 records (offset 100–199)
2026-06-02 15:34:54,582 [INFO]   Page 3: ingested 100 records (offset 200–299)
2026-06-02 15:34:54,587 [INFO]   Page 4: ingested 100 records (offset 300–399)
2026-06-02 15:34:54,591 [INFO]   Page 5: ingested 100 records (offset 400–499)
2026-06-02 15:34:54,594 [INFO]   Page 6: ingested 100 records (offset 500–599)
2026-06-02 15:34:54,599 [INFO]   Page 7: ingested 100 records (offset 600–699)
2026-06-02 15:34:54,604 [INFO]   Page 8: ingested 100 records (offset 700–799)
2026-06-02 15:34:54,608 [INFO]   Page 9: ingested 100 records (offset 800–899)
2026-06-02 15:34:54,612 [INFO]   Page 10: ingested 100 records (offset 900–999)
2026-06-02 15:34:54,619 [INFO]   Page 11: ingested 100 records (offset 1000–1099)
2026-06-02 15:34:54,626 [INFO]   Page 12: ingested 100 records (offset 1100–1199)
2026-06-02 15:34:54,630 [INFO]   Page 13: ingested 100 records (offset 1200–1299)
2026-06-02 15:34:54,634 [INFO]   Page 14: ingested 100 records (offset 1300–1399)
2026-06-02 15:34:54,640 [INFO]   Page 15: ingested 100 records (offset 1400–1499)
2026-06-02 15:34:54,644 [INFO]   Page 16: ingested 100 records (offset 1500–1599)
2026-06-02 15:34:54,647 [INFO]   Page 17: ingested 100 records (offset 1600–1699)
2026-06-02 15:34:54,652 [INFO]   Page 18: ingested 100 records (offset 1700–1799)
2026-06-02 15:34:54,657 [INFO]   Page 19: ingested 100 records (offset 1800–1899)
2026-06-02 15:34:54,660 [INFO]   Page 20: ingested 100 records (offset 1900–1999)
2026-06-02 15:34:54,664 [INFO]   Page 21: ingested 100 records (offset 2000–2099)
2026-06-02 15:34:54,667 [INFO]   Page 22: ingested 100 records (offset 2100–2199)
2026-06-02 15:34:54,672 [INFO]   Page 23: ingested 100 records (offset 2200–2299)
2026-06-02 15:34:54,675 [INFO]   Page 24: ingested 100 records (offset 2300–2399)
2026-06-02 15:34:54,679 [INFO]   Page 25: ingested 100 records (offset 2400–2499)
2026-06-02 15:34:54,683 [INFO]   Page 26: ingested 100 records (offset 2500–2599)
2026-06-02 15:34:54,689 [INFO]   Page 27: ingested 100 records (offset 2600–2699)
2026-06-02 15:34:54,693 [INFO]   Page 28: ingested 100 records (offset 2700–2799)
2026-06-02 15:34:54,698 [INFO]   Page 29: ingested 100 records (offset 2800–2899)
2026-06-02 15:34:54,706 [INFO]   Page 30: ingested 100 records (offset 2900–2999)
2026-06-02 15:34:54,711 [INFO]   Page 31: ingested 100 records (offset 3000–3099)
2026-06-02 15:34:54,715 [INFO]   Page 32: ingested 100 records (offset 3100–3199)
2026-06-02 15:34:54,745 [INFO]   Ingested 3200 total records from AcquiredCo JSON
2026-06-02 15:34:54,769 [INFO]   Combined HRIS records: 18200
2026-06-02 15:34:54,780 [INFO]     globaltech_hris: 15000 records
2026-06-02 15:34:54,791 [INFO]     acquiredco_hris: 3200 records
2026-06-02 15:34:54,793 [INFO] Ingesting benefits XML: c:\Users\RhodaArthur\Desktop\Projects\data-engineering\sk-01-capstone-project\src\data\raw\benefits_enrollment.xml
2026-06-02 15:34:55,087 [INFO]   Ingested 12000 enrollment records from benefits XML
2026-06-02 15:34:55,089 [INFO]   Unique enrolled employee IDs: 8283
2026-06-02 15:34:55,107 [INFO] Ingesting payroll Excel: c:\Users\RhodaArthur\Desktop\Projects\data-engineering\sk-01-capstone-project\src\data\raw\payroll_data.xlsx
2026-06-02 15:34:59,675 [INFO]   Ingested 19000 records from payroll Excel
2026-06-02 15:34:59,677 [INFO]   Unique company origins: {'GlobalTech': 13328, 'AcquiredCo': 5672}
2026-06-02 15:34:59,678 [INFO]   Benefits enrollment records: 12000
2026-06-02 15:34:59,678 [INFO]   Payroll records: 19000
2026-06-02 15:34:59,678 [INFO] STEP 1 complete.
2026-06-02 15:34:59,679 [INFO] STEP 2: Cleaning & Standardization
2026-06-02 15:35:00,543 [WARNING]       3200 records have out-of-range hire dates
2026-06-02 15:35:00,546 [INFO]   All department values match known taxonomy
2026-06-02 15:35:00,547 [INFO] STEP 2 complete. 18200 records cleaned.
2026-06-02 15:35:00,547 [WARNING] Could not parse salary value: '£140,888' — set to NaN
2026-06-02 15:35:00,547 [WARNING] Could not parse salary value: '£96,012' — set to NaN
2026-06-02 15:35:00,548 [WARNING] Could not parse salary value: '£140,418' — set to NaN
2026-06-02 15:35:00,548 [WARNING] Could not parse salary value: '£54,153' — set to NaN
2026-06-02 15:35:00,548 [WARNING] Could not parse salary value: '£100,018' — set to NaN
2026-06-02 15:35:00,549 [WARNING] Could not parse salary value: '£67,231' — set to NaN
2026-06-02 15:35:00,549 [WARNING] Could not parse salary value: '£110,570' — set to NaN
2026-06-02 15:35:00,549 [WARNING] Could not parse salary value: '€118,496' — set to NaN
2026-06-02 15:35:00,549 [WARNING] Could not parse salary value: '€67,263' — set to NaN
2026-06-02 15:35:00,550 [WARNING] Could not parse salary value: '£96,204' — set to NaN
2026-06-02 15:35:00,550 [WARNING] Could not parse salary value: '€112,850' — set to NaN
2026-06-02 15:35:00,550 [WARNING] Could not parse salary value: '€92,012' — set to NaN
2026-06-02 15:35:00,551 [WARNING] Could not parse salary value: '£55,402' — set to NaN
2026-06-02 15:35:00,551 [WARNING] Could not parse salary value: '€86,238' — set to NaN
2026-06-02 15:35:00,551 [WARNING] Could not parse salary value: '£117,624' — set to NaN
2026-06-02 15:35:00,551 [WARNING] Could not parse salary value: '£97,707' — set to NaN
2026-06-02 15:35:00,552 [WARNING] Could not parse salary value: '€47,977' — set to NaN
2026-06-02 15:35:00,552 [WARNING] Could not parse salary value: '£61,897' — set to NaN
2026-06-02 15:35:00,552 [WARNING] Could not parse salary value: '£57,129' — set to NaN
2026-06-02 15:35:00,552 [WARNING] Could not parse salary value: '£77,244' — set to NaN
2026-06-02 15:35:00,553 [WARNING] Could not parse salary value: '£104,016' — set to NaN
2026-06-02 15:35:00,553 [WARNING] Could not parse salary value: '€90,599' — set to NaN
2026-06-02 15:35:00,553 [WARNING] Could not parse salary value: '€90,667' — set to NaN
2026-06-02 15:35:00,554 [WARNING] Could not parse salary value: '£45,648' — set to NaN
2026-06-02 15:35:00,554 [WARNING] Could not parse salary value: '€106,635' — set to NaN
2026-06-02 15:35:00,554 [WARNING] Could not parse salary value: '£92,596' — set to NaN
2026-06-02 15:35:00,555 [WARNING] Could not parse salary value: '€72,998' — set to NaN
2026-06-02 15:35:00,555 [WARNING] Could not parse salary value: '€95,758' — set to NaN
2026-06-02 15:35:00,555 [WARNING] Could not parse salary value: '£60,464' — set to NaN
2026-06-02 15:35:00,555 [WARNING] Could not parse salary value: '£64,559' — set to NaN
2026-06-02 15:35:00,556 [WARNING] Could not parse salary value: '€101,550' — set to NaN
2026-06-02 15:35:00,556 [WARNING] Could not parse salary value: '€99,096' — set to NaN
2026-06-02 15:35:00,556 [WARNING] Could not parse salary value: '€154,256' — set to NaN
2026-06-02 15:35:00,556 [WARNING] Could not parse salary value: '£111,896' — set to NaN
2026-06-02 15:35:00,557 [WARNING] Could not parse salary value: '£58,067' — set to NaN
2026-06-02 15:35:00,557 [WARNING] Could not parse salary value: '€126,408' — set to NaN
2026-06-02 15:35:00,557 [WARNING] Could not parse salary value: '£50,696' — set to NaN
2026-06-02 15:35:00,557 [WARNING] Could not parse salary value: '€109,390' — set to NaN
2026-06-02 15:35:00,558 [WARNING] Could not parse salary value: '£52,005' — set to NaN
2026-06-02 15:35:00,558 [WARNING] Could not parse salary value: '€79,303' — set to NaN
2026-06-02 15:35:00,558 [WARNING] Could not parse salary value: '£106,616' — set to NaN
2026-06-02 15:35:00,558 [WARNING] Could not parse salary value: '€67,982' — set to NaN
2026-06-02 15:35:00,559 [WARNING] Could not parse salary value: '£141,296' — set to NaN
2026-06-02 15:35:00,559 [WARNING] Could not parse salary value: '€131,077' — set to NaN
2026-06-02 15:35:00,559 [WARNING] Could not parse salary value: '€84,224' — set to NaN
2026-06-02 15:35:00,560 [WARNING] Could not parse salary value: '£117,308' — set to NaN
2026-06-02 15:35:00,560 [WARNING] Could not parse salary value: '€64,586' — set to NaN
2026-06-02 15:35:00,560 [WARNING] Could not parse salary value: '£57,193' — set to NaN
2026-06-02 15:35:00,561 [WARNING] Could not parse salary value: '£145,989' — set to NaN
2026-06-02 15:35:00,561 [WARNING] Could not parse salary value: '€130,907' — set to NaN
2026-06-02 15:35:00,561 [WARNING] Could not parse salary value: '£57,100' — set to NaN
2026-06-02 15:35:00,562 [WARNING] Could not parse salary value: '£89,776' — set to NaN
2026-06-02 15:35:00,562 [WARNING] Could not parse salary value: '£165,530' — set to NaN
2026-06-02 15:35:00,562 [WARNING] Could not parse salary value: '£77,280' — set to NaN
2026-06-02 15:35:00,562 [WARNING] Could not parse salary value: '€125,643' — set to NaN
2026-06-02 15:35:00,562 [WARNING] Could not parse salary value: '£113,629' — set to NaN
2026-06-02 15:35:00,563 [WARNING] Could not parse salary value: '€65,446' — set to NaN
2026-06-02 15:35:00,563 [WARNING] Could not parse salary value: '£79,283' — set to NaN
2026-06-02 15:35:00,563 [WARNING] Could not parse salary value: '€129,546' — set to NaN
2026-06-02 15:35:00,563 [WARNING] Could not parse salary value: '£140,308' — set to NaN
2026-06-02 15:35:00,564 [WARNING] Could not parse salary value: '£95,168' — set to NaN
2026-06-02 15:35:00,564 [WARNING] Could not parse salary value: '£124,288' — set to NaN
2026-06-02 15:35:00,564 [WARNING] Could not parse salary value: '£55,084' — set to NaN
2026-06-02 15:35:00,565 [WARNING] Could not parse salary value: '£97,894' — set to NaN
2026-06-02 15:35:00,565 [WARNING] Could not parse salary value: '€119,401' — set to NaN
2026-06-02 15:35:00,565 [WARNING] Could not parse salary value: '€60,792' — set to NaN
2026-06-02 15:35:00,566 [WARNING] Could not parse salary value: '€120,922' — set to NaN
2026-06-02 15:35:00,566 [WARNING] Could not parse salary value: '£41,483' — set to NaN
2026-06-02 15:35:00,566 [WARNING] Could not parse salary value: '€83,202' — set to NaN
2026-06-02 15:35:00,567 [WARNING] Could not parse salary value: '€85,594' — set to NaN
2026-06-02 15:35:00,567 [WARNING] Could not parse salary value: '€132,316' — set to NaN
2026-06-02 15:35:00,567 [WARNING] Could not parse salary value: '€94,097' — set to NaN
2026-06-02 15:35:00,568 [WARNING] Could not parse salary value: '£132,587' — set to NaN
2026-06-02 15:35:00,568 [WARNING] Could not parse salary value: '£120,885' — set to NaN
2026-06-02 15:35:00,568 [WARNING] Could not parse salary value: '£60,516' — set to NaN
2026-06-02 15:35:00,569 [WARNING] Could not parse salary value: '€145,509' — set to NaN
2026-06-02 15:35:00,569 [WARNING] Could not parse salary value: '£109,680' — set to NaN
2026-06-02 15:35:00,569 [WARNING] Could not parse salary value: '€129,748' — set to NaN
2026-06-02 15:35:00,570 [WARNING] Could not parse salary value: '€115,603' — set to NaN
2026-06-02 15:35:00,570 [WARNING] Could not parse salary value: '€57,940' — set to NaN
2026-06-02 15:35:00,570 [WARNING] Could not parse salary value: '€55,908' — set to NaN
2026-06-02 15:35:00,570 [WARNING] Could not parse salary value: '£111,748' — set to NaN
2026-06-02 15:35:00,570 [WARNING] Could not parse salary value: '€127,982' — set to NaN
2026-06-02 15:35:00,571 [WARNING] Could not parse salary value: '£96,401' — set to NaN
2026-06-02 15:35:00,571 [WARNING] Could not parse salary value: '€136,291' — set to NaN
2026-06-02 15:35:00,571 [WARNING] Could not parse salary value: '€76,556' — set to NaN
2026-06-02 15:35:00,571 [WARNING] Could not parse salary value: '€58,589' — set to NaN
2026-06-02 15:35:00,572 [WARNING] Could not parse salary value: '€91,239' — set to NaN
2026-06-02 15:35:00,572 [WARNING] Could not parse salary value: '£82,826' — set to NaN
2026-06-02 15:35:00,572 [WARNING] Could not parse salary value: '€93,095' — set to NaN
2026-06-02 15:35:00,572 [WARNING] Could not parse salary value: '€64,423' — set to NaN
2026-06-02 15:35:00,572 [WARNING] Could not parse salary value: '€56,343' — set to NaN
2026-06-02 15:35:00,573 [WARNING] Could not parse salary value: '£91,680' — set to NaN
2026-06-02 15:35:00,573 [WARNING] Could not parse salary value: '€99,325' — set to NaN
2026-06-02 15:35:00,573 [WARNING] Could not parse salary value: '£113,529' — set to NaN
2026-06-02 15:35:00,574 [WARNING] Could not parse salary value: '£82,629' — set to NaN
2026-06-02 15:35:00,574 [WARNING] Could not parse salary value: '€92,287' — set to NaN
2026-06-02 15:35:00,574 [WARNING] Could not parse salary value: '€136,844' — set to NaN
2026-06-02 15:35:00,574 [WARNING] Could not parse salary value: '€91,092' — set to NaN
2026-06-02 15:35:00,575 [WARNING] Could not parse salary value: '£70,035' — set to NaN
2026-06-02 15:35:00,575 [WARNING] Could not parse salary value: '£99,494' — set to NaN
2026-06-02 15:35:00,576 [WARNING] Could not parse salary value: '€80,738' — set to NaN
2026-06-02 15:35:00,576 [WARNING] Could not parse salary value: '€115,624' — set to NaN
2026-06-02 15:35:00,576 [WARNING] Could not parse salary value: '€200,446' — set to NaN
2026-06-02 15:35:00,576 [WARNING] Could not parse salary value: '£55,405' — set to NaN
2026-06-02 15:35:00,577 [WARNING] Could not parse salary value: '€129,098' — set to NaN
2026-06-02 15:35:00,577 [WARNING] Could not parse salary value: '£51,612' — set to NaN
2026-06-02 15:35:00,577 [WARNING] Could not parse salary value: '€51,543' — set to NaN
2026-06-02 15:35:00,578 [WARNING] Could not parse salary value: '€91,322' — set to NaN
2026-06-02 15:35:00,578 [WARNING] Could not parse salary value: '£106,738' — set to NaN
2026-06-02 15:35:00,578 [WARNING] Could not parse salary value: '€107,415' — set to NaN
2026-06-02 15:35:00,579 [WARNING] Could not parse salary value: '€130,478' — set to NaN
2026-06-02 15:35:00,579 [WARNING] Could not parse salary value: '€153,168' — set to NaN
2026-06-02 15:35:00,580 [WARNING] Could not parse salary value: '€53,377' — set to NaN
2026-06-02 15:35:00,580 [WARNING] Could not parse salary value: '£52,231' — set to NaN
2026-06-02 15:35:00,580 [WARNING] Could not parse salary value: '£52,091' — set to NaN
2026-06-02 15:35:00,580 [WARNING] Could not parse salary value: '€118,644' — set to NaN
2026-06-02 15:35:00,581 [WARNING] Could not parse salary value: '€98,115' — set to NaN
2026-06-02 15:35:00,581 [WARNING] Could not parse salary value: '£59,790' — set to NaN
2026-06-02 15:35:00,581 [WARNING] Could not parse salary value: '£50,228' — set to NaN
2026-06-02 15:35:00,582 [WARNING] Could not parse salary value: '£73,019' — set to NaN
2026-06-02 15:35:00,582 [WARNING] Could not parse salary value: '£101,853' — set to NaN
2026-06-02 15:35:00,582 [WARNING] Could not parse salary value: '€94,373' — set to NaN
2026-06-02 15:35:00,583 [WARNING] Could not parse salary value: '£96,929' — set to NaN
2026-06-02 15:35:00,583 [WARNING] Could not parse salary value: '€101,577' — set to NaN
2026-06-02 15:35:00,584 [WARNING] Could not parse salary value: '£109,309' — set to NaN
2026-06-02 15:35:00,585 [WARNING] Could not parse salary value: '€54,222' — set to NaN
2026-06-02 15:35:00,585 [WARNING] Could not parse salary value: '£159,735' — set to NaN
2026-06-02 15:35:00,586 [WARNING] Could not parse salary value: '£116,124' — set to NaN
2026-06-02 15:35:00,586 [WARNING] Could not parse salary value: '£87,876' — set to NaN
2026-06-02 15:35:00,586 [WARNING] Could not parse salary value: '€52,001' — set to NaN
2026-06-02 15:35:00,586 [WARNING] Could not parse salary value: '€99,498' — set to NaN
2026-06-02 15:35:00,587 [WARNING] Could not parse salary value: '£114,593' — set to NaN
2026-06-02 15:35:00,587 [WARNING] Could not parse salary value: '£105,184' — set to NaN
2026-06-02 15:35:00,587 [WARNING] Could not parse salary value: '€68,698' — set to NaN
2026-06-02 15:35:00,588 [WARNING] Could not parse salary value: '€77,062' — set to NaN
2026-06-02 15:35:00,588 [WARNING] Could not parse salary value: '£89,756' — set to NaN
2026-06-02 15:35:00,588 [WARNING] Could not parse salary value: '€94,301' — set to NaN
2026-06-02 15:35:00,589 [WARNING] Could not parse salary value: '€170,005' — set to NaN
2026-06-02 15:35:00,589 [WARNING] Could not parse salary value: '£135,620' — set to NaN
2026-06-02 15:35:00,590 [WARNING] Could not parse salary value: '£82,257' — set to NaN
2026-06-02 15:35:00,590 [WARNING] Could not parse salary value: '€133,619' — set to NaN
2026-06-02 15:35:00,590 [WARNING] Could not parse salary value: '£48,911' — set to NaN
2026-06-02 15:35:00,591 [WARNING] Could not parse salary value: '£77,914' — set to NaN
2026-06-02 15:35:00,591 [WARNING] Could not parse salary value: '€122,019' — set to NaN
2026-06-02 15:35:00,592 [WARNING] Could not parse salary value: '£152,715' — set to NaN
2026-06-02 15:35:00,592 [WARNING] Could not parse salary value: '£68,892' — set to NaN
2026-06-02 15:35:00,592 [WARNING] Could not parse salary value: '£109,718' — set to NaN
2026-06-02 15:35:00,593 [WARNING] Could not parse salary value: '€133,959' — set to NaN
2026-06-02 15:35:00,593 [WARNING] Could not parse salary value: '€139,371' — set to NaN
2026-06-02 15:35:00,594 [WARNING] Could not parse salary value: '£119,156' — set to NaN
2026-06-02 15:35:00,595 [WARNING] Could not parse salary value: '£103,235' — set to NaN
2026-06-02 15:35:00,596 [WARNING] Could not parse salary value: '€137,271' — set to NaN
2026-06-02 15:35:00,597 [WARNING] Could not parse salary value: '€109,123' — set to NaN
2026-06-02 15:35:00,597 [WARNING] Could not parse salary value: '£103,863' — set to NaN
2026-06-02 15:35:00,598 [WARNING] Could not parse salary value: '€89,642' — set to NaN
2026-06-02 15:35:00,598 [WARNING] Could not parse salary value: '€52,198' — set to NaN
2026-06-02 15:35:00,599 [WARNING] Could not parse salary value: '€115,622' — set to NaN
2026-06-02 15:35:00,601 [WARNING] Could not parse salary value: '£88,511' — set to NaN
2026-06-02 15:35:00,602 [WARNING] Could not parse salary value: '£113,421' — set to NaN
2026-06-02 15:35:00,602 [WARNING] Could not parse salary value: '€102,700' — set to NaN
2026-06-02 15:35:00,603 [WARNING] Could not parse salary value: '£84,258' — set to NaN
2026-06-02 15:35:00,603 [WARNING] Could not parse salary value: '£44,894' — set to NaN
2026-06-02 15:35:00,604 [WARNING] Could not parse salary value: '£58,959' — set to NaN
2026-06-02 15:35:00,604 [WARNING] Could not parse salary value: '£45,430' — set to NaN
2026-06-02 15:35:00,605 [WARNING] Could not parse salary value: '€66,839' — set to NaN
2026-06-02 15:35:00,606 [WARNING] Could not parse salary value: '£65,719' — set to NaN
2026-06-02 15:35:00,606 [WARNING] Could not parse salary value: '£82,175' — set to NaN
2026-06-02 15:35:00,607 [WARNING] Could not parse salary value: '£63,052' — set to NaN
2026-06-02 15:35:00,608 [WARNING] Could not parse salary value: '€94,082' — set to NaN
2026-06-02 15:35:00,609 [WARNING] Could not parse salary value: '£88,748' — set to NaN
2026-06-02 15:35:00,610 [WARNING] Could not parse salary value: '€61,010' — set to NaN
2026-06-02 15:35:00,612 [WARNING] Could not parse salary value: '£112,352' — set to NaN
2026-06-02 15:35:00,612 [WARNING] Could not parse salary value: '£117,904' — set to NaN
2026-06-02 15:35:00,613 [WARNING] Could not parse salary value: '£52,910' — set to NaN
2026-06-02 15:35:00,613 [WARNING] Could not parse salary value: '€152,910' — set to NaN
2026-06-02 15:35:00,614 [WARNING] Could not parse salary value: '€115,367' — set to NaN
2026-06-02 15:35:00,619 [WARNING] Could not parse salary value: '£114,428' — set to NaN
2026-06-02 15:35:00,620 [WARNING] Could not parse salary value: '€119,245' — set to NaN
2026-06-02 15:35:00,620 [WARNING] Could not parse salary value: '£102,973' — set to NaN
2026-06-02 15:35:00,621 [WARNING] Could not parse salary value: '£80,644' — set to NaN
2026-06-02 15:35:00,621 [WARNING] Could not parse salary value: '£63,768' — set to NaN
2026-06-02 15:35:00,622 [WARNING] Could not parse salary value: '€47,585' — set to NaN
2026-06-02 15:35:00,622 [WARNING] Could not parse salary value: '€131,823' — set to NaN
2026-06-02 15:35:00,625 [WARNING] Could not parse salary value: '£99,206' — set to NaN
2026-06-02 15:35:00,625 [WARNING] Could not parse salary value: '£60,868' — set to NaN
2026-06-02 15:35:00,626 [WARNING] Could not parse salary value: '£100,191' — set to NaN
2026-06-02 15:35:00,626 [WARNING] Could not parse salary value: '£50,181' — set to NaN
2026-06-02 15:35:00,627 [WARNING] Could not parse salary value: '€61,916' — set to NaN
2026-06-02 15:35:00,627 [WARNING] Could not parse salary value: '£84,681' — set to NaN
2026-06-02 15:35:00,627 [WARNING] Could not parse salary value: '€76,139' — set to NaN
2026-06-02 15:35:00,628 [WARNING] Could not parse salary value: '£136,449' — set to NaN
2026-06-02 15:35:00,628 [WARNING] Could not parse salary value: '£84,703' — set to NaN
2026-06-02 15:35:00,629 [WARNING] Could not parse salary value: '€124,145' — set to NaN
2026-06-02 15:35:00,635 [WARNING] Could not parse salary value: '€58,465' — set to NaN
2026-06-02 15:35:00,642 [WARNING] Could not parse salary value: '£117,772' — set to NaN
2026-06-02 15:35:00,647 [WARNING] Could not parse salary value: '€53,983' — set to NaN
2026-06-02 15:35:00,652 [WARNING] Could not parse salary value: '£59,699' — set to NaN
2026-06-02 15:35:00,657 [WARNING] Could not parse salary value: '€78,237' — set to NaN
2026-06-02 15:35:00,663 [WARNING] Could not parse salary value: '€64,356' — set to NaN
2026-06-02 15:35:00,665 [WARNING] Could not parse salary value: '£161,102' — set to NaN
2026-06-02 15:35:00,670 [WARNING] Could not parse salary value: '€73,338' — set to NaN
2026-06-02 15:35:00,672 [WARNING] Could not parse salary value: '£150,654' — set to NaN
2026-06-02 15:35:00,674 [WARNING] Could not parse salary value: '€101,457' — set to NaN
2026-06-02 15:35:00,678 [WARNING] Could not parse salary value: '£47,136' — set to NaN
2026-06-02 15:35:00,685 [WARNING] Could not parse salary value: '£117,679' — set to NaN
2026-06-02 15:35:00,689 [WARNING] Could not parse salary value: '£48,632' — set to NaN
2026-06-02 15:35:00,691 [WARNING] Could not parse salary value: '£67,017' — set to NaN
2026-06-02 15:35:00,693 [WARNING] Could not parse salary value: '£51,105' — set to NaN
2026-06-02 15:35:00,694 [WARNING] Could not parse salary value: '€100,874' — set to NaN
2026-06-02 15:35:00,698 [WARNING] Could not parse salary value: '€89,044' — set to NaN
2026-06-02 15:35:00,702 [WARNING] Could not parse salary value: '£117,431' — set to NaN
2026-06-02 15:35:00,703 [WARNING] Could not parse salary value: '€117,136' — set to NaN
2026-06-02 15:35:00,704 [WARNING] Could not parse salary value: '€108,198' — set to NaN
2026-06-02 15:35:00,706 [WARNING] Could not parse salary value: '€124,487' — set to NaN
2026-06-02 15:35:00,706 [WARNING] Could not parse salary value: '£93,259' — set to NaN
2026-06-02 15:35:00,708 [WARNING] Could not parse salary value: '£40,792' — set to NaN
2026-06-02 15:35:00,708 [WARNING] Could not parse salary value: '£113,808' — set to NaN
2026-06-02 15:35:00,708 [WARNING] Could not parse salary value: '€107,288' — set to NaN
2026-06-02 15:35:00,709 [WARNING] Could not parse salary value: '£97,596' — set to NaN
2026-06-02 15:35:00,709 [WARNING] Could not parse salary value: '£78,010' — set to NaN
2026-06-02 15:35:00,709 [WARNING] Could not parse salary value: '€80,378' — set to NaN
2026-06-02 15:35:00,710 [WARNING] Could not parse salary value: '£57,140' — set to NaN
2026-06-02 15:35:00,710 [WARNING] Could not parse salary value: '£113,124' — set to NaN
2026-06-02 15:35:00,711 [WARNING] Could not parse salary value: '€62,468' — set to NaN
2026-06-02 15:35:00,711 [WARNING] Could not parse salary value: '£106,867' — set to NaN
2026-06-02 15:35:00,712 [WARNING] Could not parse salary value: '£51,129' — set to NaN
2026-06-02 15:35:00,712 [WARNING] Could not parse salary value: '£111,706' — set to NaN
2026-06-02 15:35:00,712 [WARNING] Could not parse salary value: '£63,975' — set to NaN
2026-06-02 15:35:00,713 [WARNING] Could not parse salary value: '€104,074' — set to NaN
2026-06-02 15:35:00,713 [WARNING] Could not parse salary value: '€100,540' — set to NaN
2026-06-02 15:35:00,713 [WARNING] Could not parse salary value: '£112,370' — set to NaN
2026-06-02 15:35:00,713 [WARNING] Could not parse salary value: '£111,681' — set to NaN
2026-06-02 15:35:00,714 [WARNING] Could not parse salary value: '€169,319' — set to NaN
2026-06-02 15:35:00,714 [WARNING] Could not parse salary value: '€48,035' — set to NaN
2026-06-02 15:35:00,714 [WARNING] Could not parse salary value: '€69,173' — set to NaN
2026-06-02 15:35:00,715 [WARNING] Could not parse salary value: '£72,178' — set to NaN
2026-06-02 15:35:00,715 [WARNING] Could not parse salary value: '£58,508' — set to NaN
2026-06-02 15:35:00,716 [WARNING] Could not parse salary value: '€72,484' — set to NaN
2026-06-02 15:35:00,717 [WARNING] Could not parse salary value: '€83,192' — set to NaN
2026-06-02 15:35:00,718 [WARNING] Could not parse salary value: '€72,754' — set to NaN
2026-06-02 15:35:00,718 [WARNING] Could not parse salary value: '£111,429' — set to NaN
2026-06-02 15:35:00,719 [WARNING] Could not parse salary value: '€105,094' — set to NaN
2026-06-02 15:35:00,719 [WARNING] Could not parse salary value: '€135,183' — set to NaN
2026-06-02 15:35:00,719 [WARNING] Could not parse salary value: '€129,465' — set to NaN
2026-06-02 15:35:00,719 [WARNING] Could not parse salary value: '£141,249' — set to NaN
2026-06-02 15:35:00,719 [WARNING] Could not parse salary value: '£64,971' — set to NaN
2026-06-02 15:35:00,720 [WARNING] Could not parse salary value: '£40,881' — set to NaN
2026-06-02 15:35:00,720 [WARNING] Could not parse salary value: '€126,268' — set to NaN
2026-06-02 15:35:00,720 [WARNING] Could not parse salary value: '€52,604' — set to NaN
2026-06-02 15:35:00,721 [WARNING] Could not parse salary value: '£67,042' — set to NaN
2026-06-02 15:35:00,721 [WARNING] Could not parse salary value: '£98,524' — set to NaN
2026-06-02 15:35:00,721 [WARNING] Could not parse salary value: '£93,264' — set to NaN
2026-06-02 15:35:00,721 [WARNING] Could not parse salary value: '£91,091' — set to NaN
2026-06-02 15:35:00,721 [WARNING] Could not parse salary value: '€125,729' — set to NaN
2026-06-02 15:35:00,722 [WARNING] Could not parse salary value: '£86,692' — set to NaN
2026-06-02 15:35:00,722 [WARNING] Could not parse salary value: '£99,290' — set to NaN
2026-06-02 15:35:00,722 [WARNING] Could not parse salary value: '€104,410' — set to NaN
2026-06-02 15:35:00,723 [WARNING] Could not parse salary value: '€113,551' — set to NaN
2026-06-02 15:35:00,723 [WARNING] Could not parse salary value: '€122,812' — set to NaN
2026-06-02 15:35:00,723 [WARNING] Could not parse salary value: '€109,354' — set to NaN
2026-06-02 15:35:00,723 [WARNING] Could not parse salary value: '€133,267' — set to NaN
2026-06-02 15:35:00,724 [WARNING] Could not parse salary value: '€79,029' — set to NaN
2026-06-02 15:35:00,724 [WARNING] Could not parse salary value: '£96,281' — set to NaN
2026-06-02 15:35:00,724 [WARNING] Could not parse salary value: '£109,652' — set to NaN
2026-06-02 15:35:00,724 [WARNING] Could not parse salary value: '€114,340' — set to NaN
2026-06-02 15:35:00,725 [WARNING] Could not parse salary value: '€99,585' — set to NaN
2026-06-02 15:35:00,725 [WARNING] Could not parse salary value: '€56,601' — set to NaN
2026-06-02 15:35:00,725 [WARNING] Could not parse salary value: '£45,495' — set to NaN
2026-06-02 15:35:00,725 [WARNING] Could not parse salary value: '£83,240' — set to NaN
2026-06-02 15:35:00,725 [WARNING] Could not parse salary value: '£113,464' — set to NaN
2026-06-02 15:35:00,726 [WARNING] Could not parse salary value: '£124,322' — set to NaN
2026-06-02 15:35:00,726 [WARNING] Could not parse salary value: '£79,246' — set to NaN
2026-06-02 15:35:00,726 [WARNING] Could not parse salary value: '£79,906' — set to NaN
2026-06-02 15:35:00,726 [WARNING] Could not parse salary value: '£99,062' — set to NaN
2026-06-02 15:35:00,727 [WARNING] Could not parse salary value: '£95,343' — set to NaN
2026-06-02 15:35:00,727 [WARNING] Could not parse salary value: '£82,353' — set to NaN
2026-06-02 15:35:00,727 [WARNING] Could not parse salary value: '£50,537' — set to NaN
2026-06-02 15:35:00,728 [WARNING] Could not parse salary value: '€50,815' — set to NaN
2026-06-02 15:35:00,728 [WARNING] Could not parse salary value: '€104,157' — set to NaN
2026-06-02 15:35:00,728 [WARNING] Could not parse salary value: '£51,337' — set to NaN
2026-06-02 15:35:00,728 [WARNING] Could not parse salary value: '€126,555' — set to NaN
2026-06-02 15:35:00,729 [WARNING] Could not parse salary value: '£85,963' — set to NaN
2026-06-02 15:35:00,729 [WARNING] Could not parse salary value: '£80,468' — set to NaN
2026-06-02 15:35:00,729 [WARNING] Could not parse salary value: '€74,777' — set to NaN
2026-06-02 15:35:00,729 [WARNING] Could not parse salary value: '€74,388' — set to NaN
2026-06-02 15:35:00,730 [WARNING] Could not parse salary value: '£47,788' — set to NaN
2026-06-02 15:35:00,730 [WARNING] Could not parse salary value: '£93,624' — set to NaN
2026-06-02 15:35:00,730 [WARNING] Could not parse salary value: '€79,763' — set to NaN
2026-06-02 15:35:00,731 [WARNING] Could not parse salary value: '€128,518' — set to NaN
2026-06-02 15:35:00,731 [WARNING] Could not parse salary value: '€112,690' — set to NaN
2026-06-02 15:35:00,731 [WARNING] Could not parse salary value: '£102,188' — set to NaN
2026-06-02 15:35:00,732 [WARNING] Could not parse salary value: '£114,785' — set to NaN
2026-06-02 15:35:00,732 [WARNING] Could not parse salary value: '€59,217' — set to NaN
2026-06-02 15:35:00,732 [WARNING] Could not parse salary value: '£62,535' — set to NaN
2026-06-02 15:35:00,733 [WARNING] Could not parse salary value: '£59,395' — set to NaN
2026-06-02 15:35:00,733 [WARNING] Could not parse salary value: '£139,829' — set to NaN
2026-06-02 15:35:00,733 [WARNING] Could not parse salary value: '€115,804' — set to NaN
2026-06-02 15:35:00,734 [WARNING] Could not parse salary value: '€114,193' — set to NaN
2026-06-02 15:35:00,734 [WARNING] Could not parse salary value: '£94,424' — set to NaN
2026-06-02 15:35:00,734 [WARNING] Could not parse salary value: '€48,436' — set to NaN
2026-06-02 15:35:00,734 [WARNING] Could not parse salary value: '€144,958' — set to NaN
2026-06-02 15:35:00,735 [WARNING] Could not parse salary value: '£46,228' — set to NaN
2026-06-02 15:35:00,735 [WARNING] Could not parse salary value: '£73,194' — set to NaN
2026-06-02 15:35:00,735 [WARNING] Could not parse salary value: '£49,995' — set to NaN
2026-06-02 15:35:00,735 [WARNING] Could not parse salary value: '€204,569' — set to NaN
2026-06-02 15:35:00,735 [WARNING] Could not parse salary value: '£112,156' — set to NaN
2026-06-02 15:35:00,736 [WARNING] Could not parse salary value: '€84,751' — set to NaN
2026-06-02 15:35:00,736 [WARNING] Could not parse salary value: '£119,512' — set to NaN
2026-06-02 15:35:00,736 [WARNING] Could not parse salary value: '€52,938' — set to NaN
2026-06-02 15:35:00,736 [WARNING] Could not parse salary value: '€104,612' — set to NaN
2026-06-02 15:35:00,737 [WARNING] Could not parse salary value: '£92,490' — set to NaN
2026-06-02 15:35:00,737 [WARNING] Could not parse salary value: '£91,664' — set to NaN
2026-06-02 15:35:00,737 [WARNING] Could not parse salary value: '€61,659' — set to NaN
2026-06-02 15:35:00,738 [WARNING] Could not parse salary value: '£156,511' — set to NaN
2026-06-02 15:35:00,738 [WARNING] Could not parse salary value: '€79,557' — set to NaN
2026-06-02 15:35:00,738 [WARNING] Could not parse salary value: '€152,312' — set to NaN
2026-06-02 15:35:00,738 [WARNING] Could not parse salary value: '£114,691' — set to NaN
2026-06-02 15:35:00,739 [WARNING] Could not parse salary value: '€101,041' — set to NaN
2026-06-02 15:35:00,739 [WARNING] Could not parse salary value: '€59,887' — set to NaN
2026-06-02 15:35:00,739 [WARNING] Could not parse salary value: '£77,571' — set to NaN
2026-06-02 15:35:00,739 [WARNING] Could not parse salary value: '£74,135' — set to NaN
2026-06-02 15:35:00,740 [WARNING] Could not parse salary value: '€122,370' — set to NaN
2026-06-02 15:35:00,740 [WARNING] Could not parse salary value: '€79,148' — set to NaN
2026-06-02 15:35:00,740 [WARNING] Could not parse salary value: '£87,366' — set to NaN
2026-06-02 15:35:00,740 [WARNING] Could not parse salary value: '£75,589' — set to NaN
2026-06-02 15:35:00,741 [WARNING] Could not parse salary value: '£117,448' — set to NaN
2026-06-02 15:35:00,741 [WARNING] Could not parse salary value: '£110,228' — set to NaN
2026-06-02 15:35:00,741 [WARNING] Could not parse salary value: '€89,851' — set to NaN
2026-06-02 15:35:00,741 [WARNING] Could not parse salary value: '£55,080' — set to NaN
2026-06-02 15:35:00,742 [WARNING] Could not parse salary value: '€84,505' — set to NaN
2026-06-02 15:35:00,742 [WARNING] Could not parse salary value: '£40,246' — set to NaN
2026-06-02 15:35:00,742 [WARNING] Could not parse salary value: '€112,320' — set to NaN
2026-06-02 15:35:00,742 [WARNING] Could not parse salary value: '€162,159' — set to NaN
2026-06-02 15:35:00,743 [WARNING] Could not parse salary value: '€66,012' — set to NaN
2026-06-02 15:35:00,743 [WARNING] Could not parse salary value: '£89,178' — set to NaN
2026-06-02 15:35:00,743 [WARNING] Could not parse salary value: '£83,718' — set to NaN
2026-06-02 15:35:00,743 [WARNING] Could not parse salary value: '£100,060' — set to NaN
2026-06-02 15:35:00,743 [WARNING] Could not parse salary value: '€107,283' — set to NaN
2026-06-02 15:35:00,744 [WARNING] Could not parse salary value: '£111,334' — set to NaN
2026-06-02 15:35:00,744 [WARNING] Could not parse salary value: '€110,354' — set to NaN
2026-06-02 15:35:00,744 [WARNING] Could not parse salary value: '€126,241' — set to NaN
2026-06-02 15:35:00,744 [WARNING] Could not parse salary value: '£100,172' — set to NaN
2026-06-02 15:35:00,745 [WARNING] Could not parse salary value: '€133,224' — set to NaN
2026-06-02 15:35:00,745 [WARNING] Could not parse salary value: '£71,508' — set to NaN
2026-06-02 15:35:00,745 [WARNING] Could not parse salary value: '£51,367' — set to NaN
2026-06-02 15:35:00,745 [WARNING] Could not parse salary value: '€67,238' — set to NaN
2026-06-02 15:35:00,745 [WARNING] Could not parse salary value: '€136,653' — set to NaN
2026-06-02 15:35:00,746 [WARNING] Could not parse salary value: '£45,440' — set to NaN
2026-06-02 15:35:00,746 [WARNING] Could not parse salary value: '€67,264' — set to NaN
2026-06-02 15:35:00,746 [WARNING] Could not parse salary value: '£89,868' — set to NaN
2026-06-02 15:35:00,746 [WARNING] Could not parse salary value: '€104,714' — set to NaN
2026-06-02 15:35:00,747 [WARNING] Could not parse salary value: '€91,357' — set to NaN
2026-06-02 15:35:00,747 [WARNING] Could not parse salary value: '€105,015' — set to NaN
2026-06-02 15:35:00,747 [WARNING] Could not parse salary value: '€121,663' — set to NaN
2026-06-02 15:35:00,748 [WARNING] Could not parse salary value: '€52,067' — set to NaN
2026-06-02 15:35:00,748 [WARNING] Could not parse salary value: '€80,170' — set to NaN
2026-06-02 15:35:00,748 [WARNING] Could not parse salary value: '€79,198' — set to NaN
2026-06-02 15:35:00,749 [WARNING] Could not parse salary value: '£105,180' — set to NaN
2026-06-02 15:35:00,749 [WARNING] Could not parse salary value: '£53,865' — set to NaN
2026-06-02 15:35:00,749 [WARNING] Could not parse salary value: '€126,021' — set to NaN
2026-06-02 15:35:00,749 [WARNING] Could not parse salary value: '£108,196' — set to NaN
2026-06-02 15:35:00,750 [WARNING] Could not parse salary value: '£87,738' — set to NaN
2026-06-02 15:35:00,750 [WARNING] Could not parse salary value: '£118,723' — set to NaN
2026-06-02 15:35:00,750 [WARNING] Could not parse salary value: '£60,024' — set to NaN
2026-06-02 15:35:00,750 [WARNING] Could not parse salary value: '£118,508' — set to NaN
2026-06-02 15:35:00,751 [WARNING] Could not parse salary value: '£77,834' — set to NaN
2026-06-02 15:35:00,751 [WARNING] Could not parse salary value: '€117,813' — set to NaN
2026-06-02 15:35:00,751 [WARNING] Could not parse salary value: '£47,028' — set to NaN
2026-06-02 15:35:00,751 [WARNING] Could not parse salary value: '£112,561' — set to NaN
2026-06-02 15:35:00,752 [WARNING] Could not parse salary value: '£83,316' — set to NaN
2026-06-02 15:35:00,752 [WARNING] Could not parse salary value: '£109,351' — set to NaN
2026-06-02 15:35:00,752 [WARNING] Could not parse salary value: '£64,512' — set to NaN
2026-06-02 15:35:00,752 [WARNING] Could not parse salary value: '£125,534' — set to NaN
2026-06-02 15:35:00,753 [WARNING] Could not parse salary value: '£52,320' — set to NaN
2026-06-02 15:35:00,753 [WARNING] Could not parse salary value: '£73,638' — set to NaN
2026-06-02 15:35:00,753 [WARNING] Could not parse salary value: '€82,207' — set to NaN
2026-06-02 15:35:00,753 [WARNING] Could not parse salary value: '£61,991' — set to NaN
2026-06-02 15:35:00,754 [WARNING] Could not parse salary value: '€58,058' — set to NaN
2026-06-02 15:35:00,754 [WARNING] Could not parse salary value: '€97,001' — set to NaN
2026-06-02 15:35:00,754 [WARNING] Could not parse salary value: '£129,016' — set to NaN
2026-06-02 15:35:00,755 [WARNING] Could not parse salary value: '£60,753' — set to NaN
2026-06-02 15:35:00,755 [WARNING] Could not parse salary value: '£81,532' — set to NaN
2026-06-02 15:35:00,755 [WARNING] Could not parse salary value: '£46,097' — set to NaN
2026-06-02 15:35:00,755 [WARNING] Could not parse salary value: '£95,446' — set to NaN
2026-06-02 15:35:00,756 [WARNING] Could not parse salary value: '€68,938' — set to NaN
2026-06-02 15:35:00,756 [WARNING] Could not parse salary value: '€132,197' — set to NaN
2026-06-02 15:35:00,756 [WARNING] Could not parse salary value: '€174,649' — set to NaN
2026-06-02 15:35:00,756 [WARNING] Could not parse salary value: '€119,232' — set to NaN
2026-06-02 15:35:00,757 [WARNING] Could not parse salary value: '£73,151' — set to NaN
2026-06-02 15:35:00,757 [WARNING] Could not parse salary value: '£92,276' — set to NaN
2026-06-02 15:35:00,757 [WARNING] Could not parse salary value: '€86,752' — set to NaN
2026-06-02 15:35:00,758 [WARNING] Could not parse salary value: '€75,760' — set to NaN
2026-06-02 15:35:00,758 [WARNING] Could not parse salary value: '€76,335' — set to NaN
2026-06-02 15:35:00,758 [WARNING] Could not parse salary value: '£56,624' — set to NaN
2026-06-02 15:35:00,759 [WARNING] Could not parse salary value: '€64,621' — set to NaN
2026-06-02 15:35:00,759 [WARNING] Could not parse salary value: '€123,414' — set to NaN
2026-06-02 15:35:00,759 [WARNING] Could not parse salary value: '£71,840' — set to NaN
2026-06-02 15:35:00,759 [WARNING] Could not parse salary value: '£73,077' — set to NaN
2026-06-02 15:35:00,760 [WARNING] Could not parse salary value: '£60,907' — set to NaN
2026-06-02 15:35:00,760 [WARNING] Could not parse salary value: '£43,696' — set to NaN
2026-06-02 15:35:00,761 [WARNING] Could not parse salary value: '€106,561' — set to NaN
2026-06-02 15:35:00,761 [WARNING] Could not parse salary value: '€136,161' — set to NaN
2026-06-02 15:35:00,761 [WARNING] Could not parse salary value: '€98,405' — set to NaN
2026-06-02 15:35:00,762 [WARNING] Could not parse salary value: '€113,649' — set to NaN
2026-06-02 15:35:00,762 [WARNING] Could not parse salary value: '€94,048' — set to NaN
2026-06-02 15:35:00,762 [WARNING] Could not parse salary value: '€117,403' — set to NaN
2026-06-02 15:35:00,763 [WARNING] Could not parse salary value: '€92,398' — set to NaN
2026-06-02 15:35:00,763 [WARNING] Could not parse salary value: '€63,991' — set to NaN
2026-06-02 15:35:00,763 [WARNING] Could not parse salary value: '€164,508' — set to NaN
2026-06-02 15:35:00,764 [WARNING] Could not parse salary value: '£89,534' — set to NaN
2026-06-02 15:35:00,764 [WARNING] Could not parse salary value: '€137,481' — set to NaN
2026-06-02 15:35:00,765 [WARNING] Could not parse salary value: '€88,549' — set to NaN
2026-06-02 15:35:00,766 [WARNING] Could not parse salary value: '€75,445' — set to NaN
2026-06-02 15:35:00,767 [WARNING] Could not parse salary value: '€65,371' — set to NaN
2026-06-02 15:35:00,769 [WARNING] Could not parse salary value: '£56,058' — set to NaN
2026-06-02 15:35:00,769 [WARNING] Could not parse salary value: '€90,775' — set to NaN
2026-06-02 15:35:00,770 [WARNING] Could not parse salary value: '£106,184' — set to NaN
2026-06-02 15:35:00,770 [WARNING] Could not parse salary value: '£95,536' — set to NaN
2026-06-02 15:35:00,770 [WARNING] Could not parse salary value: '£113,473' — set to NaN
2026-06-02 15:35:00,771 [WARNING] Could not parse salary value: '£49,811' — set to NaN
2026-06-02 15:35:00,771 [WARNING] Could not parse salary value: '£62,694' — set to NaN
2026-06-02 15:35:00,771 [WARNING] Could not parse salary value: '£187,240' — set to NaN
2026-06-02 15:35:00,772 [WARNING] Could not parse salary value: '€97,478' — set to NaN
2026-06-02 15:35:00,772 [WARNING] Could not parse salary value: '£92,328' — set to NaN
2026-06-02 15:35:00,772 [WARNING] Could not parse salary value: '€104,348' — set to NaN
2026-06-02 15:35:00,772 [WARNING] Could not parse salary value: '€60,065' — set to NaN
2026-06-02 15:35:00,773 [WARNING] Could not parse salary value: '£55,253' — set to NaN
2026-06-02 15:35:00,773 [WARNING] Could not parse salary value: '€98,938' — set to NaN
2026-06-02 15:35:00,773 [WARNING] Could not parse salary value: '€73,156' — set to NaN
2026-06-02 15:35:00,773 [WARNING] Could not parse salary value: '€114,033' — set to NaN
2026-06-02 15:35:00,774 [WARNING] Could not parse salary value: '€109,347' — set to NaN
2026-06-02 15:35:00,774 [WARNING] Could not parse salary value: '£136,819' — set to NaN
2026-06-02 15:35:00,774 [WARNING] Could not parse salary value: '€95,556' — set to NaN
2026-06-02 15:35:00,774 [WARNING] Could not parse salary value: '£89,755' — set to NaN
2026-06-02 15:35:00,775 [WARNING] Could not parse salary value: '£90,701' — set to NaN
2026-06-02 15:35:00,775 [WARNING] Could not parse salary value: '£119,174' — set to NaN
2026-06-02 15:35:00,775 [WARNING] Could not parse salary value: '€70,888' — set to NaN
2026-06-02 15:35:00,775 [WARNING] Could not parse salary value: '£115,099' — set to NaN
2026-06-02 15:35:00,776 [WARNING] Could not parse salary value: '€88,583' — set to NaN
2026-06-02 15:35:00,776 [WARNING] Could not parse salary value: '€47,986' — set to NaN
2026-06-02 15:35:00,776 [WARNING] Could not parse salary value: '£67,328' — set to NaN
2026-06-02 15:35:00,777 [WARNING] Could not parse salary value: '€87,126' — set to NaN
2026-06-02 15:35:00,777 [WARNING] Could not parse salary value: '€111,773' — set to NaN
2026-06-02 15:35:00,777 [WARNING] Could not parse salary value: '€133,569' — set to NaN
2026-06-02 15:35:00,777 [WARNING] Could not parse salary value: '€46,376' — set to NaN
2026-06-02 15:35:00,777 [WARNING] Could not parse salary value: '€84,892' — set to NaN
2026-06-02 15:35:00,778 [WARNING] Could not parse salary value: '£86,450' — set to NaN
2026-06-02 15:35:00,778 [WARNING] Could not parse salary value: '£98,100' — set to NaN
2026-06-02 15:35:00,778 [WARNING] Could not parse salary value: '£82,693' — set to NaN
2026-06-02 15:35:00,779 [WARNING] Could not parse salary value: '€67,487' — set to NaN
2026-06-02 15:35:00,779 [WARNING] Could not parse salary value: '€178,611' — set to NaN
2026-06-02 15:35:00,779 [WARNING] Could not parse salary value: '€62,375' — set to NaN
2026-06-02 15:35:00,779 [WARNING] Could not parse salary value: '£79,302' — set to NaN
2026-06-02 15:35:00,780 [WARNING] Could not parse salary value: '£41,484' — set to NaN
2026-06-02 15:35:00,780 [WARNING] Could not parse salary value: '£142,937' — set to NaN
2026-06-02 15:35:00,780 [WARNING] Could not parse salary value: '€151,218' — set to NaN
2026-06-02 15:35:00,780 [WARNING] Could not parse salary value: '£110,286' — set to NaN
2026-06-02 15:35:00,781 [WARNING] Could not parse salary value: '€174,060' — set to NaN
2026-06-02 15:35:00,781 [WARNING] Could not parse salary value: '€74,860' — set to NaN
2026-06-02 15:35:00,782 [WARNING] Could not parse salary value: '€125,363' — set to NaN
2026-06-02 15:35:00,782 [WARNING] Could not parse salary value: '€81,730' — set to NaN
2026-06-02 15:35:00,782 [WARNING] Could not parse salary value: '£60,948' — set to NaN
2026-06-02 15:35:00,782 [WARNING] Could not parse salary value: '€79,338' — set to NaN
2026-06-02 15:35:00,783 [WARNING] Could not parse salary value: '£103,439' — set to NaN
2026-06-02 15:35:00,783 [WARNING] Could not parse salary value: '€91,178' — set to NaN
2026-06-02 15:35:00,783 [WARNING] Could not parse salary value: '£108,927' — set to NaN
2026-06-02 15:35:00,784 [WARNING] Could not parse salary value: '£82,088' — set to NaN
2026-06-02 15:35:00,784 [WARNING] Could not parse salary value: '€51,582' — set to NaN
2026-06-02 15:35:00,784 [WARNING] Could not parse salary value: '€130,281' — set to NaN
2026-06-02 15:35:00,785 [WARNING] Could not parse salary value: '€66,089' — set to NaN
2026-06-02 15:35:00,785 [WARNING] Could not parse salary value: '£42,590' — set to NaN
2026-06-02 15:35:00,785 [WARNING] Could not parse salary value: '€84,614' — set to NaN
2026-06-02 15:35:00,785 [WARNING] Could not parse salary value: '£64,092' — set to NaN
2026-06-02 15:35:00,786 [WARNING] Could not parse salary value: '£65,285' — set to NaN
2026-06-02 15:35:00,786 [WARNING] Could not parse salary value: '£119,254' — set to NaN
2026-06-02 15:35:00,786 [WARNING] Could not parse salary value: '£80,180' — set to NaN
2026-06-02 15:35:00,786 [WARNING] Could not parse salary value: '£107,703' — set to NaN
2026-06-02 15:35:00,787 [WARNING] Could not parse salary value: '€135,643' — set to NaN
2026-06-02 15:35:00,787 [WARNING] Could not parse salary value: '€153,645' — set to NaN
2026-06-02 15:35:00,787 [WARNING] Could not parse salary value: '€52,172' — set to NaN
2026-06-02 15:35:00,787 [WARNING] Could not parse salary value: '£71,273' — set to NaN
2026-06-02 15:35:00,787 [WARNING] Could not parse salary value: '€57,810' — set to NaN
2026-06-02 15:35:00,788 [WARNING] Could not parse salary value: '€110,328' — set to NaN
2026-06-02 15:35:00,788 [WARNING] Could not parse salary value: '€182,047' — set to NaN
2026-06-02 15:35:00,788 [WARNING] Could not parse salary value: '£44,246' — set to NaN
2026-06-02 15:35:00,788 [WARNING] Could not parse salary value: '€75,688' — set to NaN
2026-06-02 15:35:00,789 [WARNING] Could not parse salary value: '£100,413' — set to NaN
2026-06-02 15:35:00,789 [WARNING] Could not parse salary value: '£64,136' — set to NaN
2026-06-02 15:35:00,789 [WARNING] Could not parse salary value: '€65,775' — set to NaN
2026-06-02 15:35:00,789 [WARNING] Could not parse salary value: '£113,204' — set to NaN
2026-06-02 15:35:00,790 [WARNING] Could not parse salary value: '€58,610' — set to NaN
2026-06-02 15:35:00,790 [WARNING] Could not parse salary value: '€127,723' — set to NaN
2026-06-02 15:35:00,790 [WARNING] Could not parse salary value: '£65,504' — set to NaN
2026-06-02 15:35:00,790 [WARNING] Could not parse salary value: '€160,082' — set to NaN
2026-06-02 15:35:00,791 [WARNING] Could not parse salary value: '£93,319' — set to NaN
2026-06-02 15:35:00,791 [WARNING] Could not parse salary value: '£45,063' — set to NaN
2026-06-02 15:35:00,791 [WARNING] Could not parse salary value: '€56,329' — set to NaN
2026-06-02 15:35:00,792 [WARNING] Could not parse salary value: '£116,500' — set to NaN
2026-06-02 15:35:00,792 [WARNING] Could not parse salary value: '€69,291' — set to NaN
2026-06-02 15:35:00,792 [WARNING] Could not parse salary value: '£101,423' — set to NaN
2026-06-02 15:35:00,792 [WARNING] Could not parse salary value: '€78,984' — set to NaN
2026-06-02 15:35:00,792 [WARNING] Could not parse salary value: '€96,008' — set to NaN
2026-06-02 15:35:00,793 [WARNING] Could not parse salary value: '£64,095' — set to NaN
2026-06-02 15:35:00,793 [WARNING] Could not parse salary value: '£41,311' — set to NaN
2026-06-02 15:35:00,793 [WARNING] Could not parse salary value: '£111,996' — set to NaN
2026-06-02 15:35:00,793 [WARNING] Could not parse salary value: '€98,756' — set to NaN
2026-06-02 15:35:00,794 [WARNING] Could not parse salary value: '€139,629' — set to NaN
2026-06-02 15:35:00,794 [WARNING] Could not parse salary value: '£55,620' — set to NaN
2026-06-02 15:35:00,794 [WARNING] Could not parse salary value: '€85,648' — set to NaN
2026-06-02 15:35:00,794 [WARNING] Could not parse salary value: '€125,099' — set to NaN
2026-06-02 15:35:00,795 [WARNING] Could not parse salary value: '£105,194' — set to NaN
2026-06-02 15:35:00,795 [WARNING] Could not parse salary value: '€188,139' — set to NaN
2026-06-02 15:35:00,795 [WARNING] Could not parse salary value: '€116,184' — set to NaN
2026-06-02 15:35:00,795 [WARNING] Could not parse salary value: '£50,924' — set to NaN
2026-06-02 15:35:00,796 [WARNING] Could not parse salary value: '£45,653' — set to NaN
2026-06-02 15:35:00,796 [WARNING] Could not parse salary value: '€102,209' — set to NaN
2026-06-02 15:35:00,796 [WARNING] Could not parse salary value: '€151,402' — set to NaN
2026-06-02 15:35:00,796 [WARNING] Could not parse salary value: '£73,054' — set to NaN
2026-06-02 15:35:00,797 [WARNING] Could not parse salary value: '€89,572' — set to NaN
2026-06-02 15:35:00,797 [WARNING] Could not parse salary value: '£45,664' — set to NaN
2026-06-02 15:35:00,797 [WARNING] Could not parse salary value: '£83,836' — set to NaN
2026-06-02 15:35:00,797 [WARNING] Could not parse salary value: '£138,257' — set to NaN
2026-06-02 15:35:00,798 [WARNING] Could not parse salary value: '€107,987' — set to NaN
2026-06-02 15:35:00,798 [WARNING] Could not parse salary value: '£62,141' — set to NaN
2026-06-02 15:35:00,798 [WARNING] Could not parse salary value: '£98,447' — set to NaN
2026-06-02 15:35:00,798 [WARNING] Could not parse salary value: '€123,936' — set to NaN
2026-06-02 15:35:00,799 [WARNING] Could not parse salary value: '£186,875' — set to NaN
2026-06-02 15:35:00,799 [WARNING] Could not parse salary value: '£77,859' — set to NaN
2026-06-02 15:35:00,799 [WARNING] Could not parse salary value: '£61,116' — set to NaN
2026-06-02 15:35:00,800 [WARNING] Could not parse salary value: '£61,543' — set to NaN
2026-06-02 15:35:00,800 [WARNING] Could not parse salary value: '£60,726' — set to NaN
2026-06-02 15:35:00,801 [WARNING] Could not parse salary value: '€100,272' — set to NaN
2026-06-02 15:35:00,801 [WARNING] Could not parse salary value: '€102,619' — set to NaN
2026-06-02 15:35:00,801 [WARNING] Could not parse salary value: '£77,776' — set to NaN
2026-06-02 15:35:00,802 [WARNING] Could not parse salary value: '£87,409' — set to NaN
2026-06-02 15:35:00,802 [WARNING] Could not parse salary value: '£99,792' — set to NaN
2026-06-02 15:35:00,802 [WARNING] Could not parse salary value: '€70,759' — set to NaN
2026-06-02 15:35:00,802 [WARNING] Could not parse salary value: '£93,946' — set to NaN
2026-06-02 15:35:00,803 [WARNING] Could not parse salary value: '€97,588' — set to NaN
2026-06-02 15:35:00,803 [WARNING] Could not parse salary value: '€135,554' — set to NaN
2026-06-02 15:35:00,803 [WARNING] Could not parse salary value: '£100,111' — set to NaN
2026-06-02 15:35:00,803 [WARNING] Could not parse salary value: '€123,633' — set to NaN
2026-06-02 15:35:00,803 [WARNING] Could not parse salary value: '€91,661' — set to NaN
2026-06-02 15:35:00,804 [WARNING] Could not parse salary value: '£115,101' — set to NaN
2026-06-02 15:35:00,804 [WARNING] Could not parse salary value: '€204,733' — set to NaN
2026-06-02 15:35:00,804 [WARNING] Could not parse salary value: '£103,337' — set to NaN
2026-06-02 15:35:00,804 [WARNING] Could not parse salary value: '£112,624' — set to NaN
2026-06-02 15:35:00,804 [WARNING] Could not parse salary value: '€76,160' — set to NaN
2026-06-02 15:35:00,805 [WARNING] Could not parse salary value: '€92,245' — set to NaN
2026-06-02 15:35:00,805 [WARNING] Could not parse salary value: '€93,403' — set to NaN
2026-06-02 15:35:00,805 [WARNING] Could not parse salary value: '£109,049' — set to NaN
2026-06-02 15:35:00,806 [WARNING] Could not parse salary value: '€81,258' — set to NaN
2026-06-02 15:35:00,806 [WARNING] Could not parse salary value: '£74,456' — set to NaN
2026-06-02 15:35:00,806 [WARNING] Could not parse salary value: '£136,756' — set to NaN
2026-06-02 15:35:00,806 [WARNING] Could not parse salary value: '£61,541' — set to NaN
2026-06-02 15:35:00,807 [WARNING] Could not parse salary value: '€63,567' — set to NaN
2026-06-02 15:35:00,807 [WARNING] Could not parse salary value: '£131,100' — set to NaN
2026-06-02 15:35:00,807 [WARNING] Could not parse salary value: '€92,860' — set to NaN
2026-06-02 15:35:00,807 [WARNING] Could not parse salary value: '€114,240' — set to NaN
2026-06-02 15:35:00,808 [WARNING] Could not parse salary value: '€92,437' — set to NaN
2026-06-02 15:35:00,808 [WARNING] Could not parse salary value: '£83,999' — set to NaN
2026-06-02 15:35:00,808 [WARNING] Could not parse salary value: '£113,212' — set to NaN
2026-06-02 15:35:00,808 [WARNING] Could not parse salary value: '£41,953' — set to NaN
2026-06-02 15:35:00,808 [WARNING] Could not parse salary value: '£65,793' — set to NaN
2026-06-02 15:35:00,809 [WARNING] Could not parse salary value: '£89,849' — set to NaN
2026-06-02 15:35:00,809 [WARNING] Could not parse salary value: '€119,016' — set to NaN
2026-06-02 15:35:00,809 [WARNING] Could not parse salary value: '€101,305' — set to NaN
2026-06-02 15:35:00,809 [WARNING] Could not parse salary value: '€149,257' — set to NaN
2026-06-02 15:35:00,810 [WARNING] Could not parse salary value: '£80,670' — set to NaN
2026-06-02 15:35:00,810 [WARNING] Could not parse salary value: '£89,356' — set to NaN
2026-06-02 15:35:00,810 [WARNING] Could not parse salary value: '£73,471' — set to NaN
2026-06-02 15:35:00,810 [WARNING] Could not parse salary value: '€72,606' — set to NaN
2026-06-02 15:35:00,811 [WARNING] Could not parse salary value: '£52,332' — set to NaN
2026-06-02 15:35:00,811 [WARNING] Could not parse salary value: '£86,320' — set to NaN
2026-06-02 15:35:00,811 [WARNING] Could not parse salary value: '€131,671' — set to NaN
2026-06-02 15:35:00,812 [WARNING] Could not parse salary value: '€78,679' — set to NaN
2026-06-02 15:35:00,812 [WARNING] Could not parse salary value: '£75,391' — set to NaN
2026-06-02 15:35:00,812 [WARNING] Could not parse salary value: '€53,796' — set to NaN
2026-06-02 15:35:00,813 [WARNING] Could not parse salary value: '£106,201' — set to NaN
2026-06-02 15:35:00,813 [WARNING] Could not parse salary value: '€114,638' — set to NaN
2026-06-02 15:35:00,813 [WARNING] Could not parse salary value: '£103,131' — set to NaN
2026-06-02 15:35:00,813 [WARNING] Could not parse salary value: '£89,972' — set to NaN
2026-06-02 15:35:00,813 [WARNING] Could not parse salary value: '£44,371' — set to NaN
2026-06-02 15:35:00,814 [WARNING] Could not parse salary value: '£65,674' — set to NaN
2026-06-02 15:35:00,814 [WARNING] Could not parse salary value: '£110,215' — set to NaN
2026-06-02 15:35:00,814 [WARNING] Could not parse salary value: '€107,310' — set to NaN
2026-06-02 15:35:00,815 [WARNING] Could not parse salary value: '£142,082' — set to NaN
2026-06-02 15:35:00,815 [WARNING] Could not parse salary value: '€125,683' — set to NaN
2026-06-02 15:35:00,815 [WARNING] Could not parse salary value: '€98,532' — set to NaN
2026-06-02 15:35:00,816 [WARNING] Could not parse salary value: '£65,196' — set to NaN
2026-06-02 15:35:00,816 [WARNING] Could not parse salary value: '€100,457' — set to NaN
2026-06-02 15:35:00,816 [WARNING] Could not parse salary value: '€118,039' — set to NaN
2026-06-02 15:35:00,816 [WARNING] Could not parse salary value: '€102,733' — set to NaN
2026-06-02 15:35:00,817 [WARNING] Could not parse salary value: '€128,983' — set to NaN
2026-06-02 15:35:00,817 [WARNING] Could not parse salary value: '£71,808' — set to NaN
2026-06-02 15:35:00,817 [WARNING] Could not parse salary value: '€156,319' — set to NaN
2026-06-02 15:35:00,818 [WARNING] Could not parse salary value: '£117,838' — set to NaN
2026-06-02 15:35:00,818 [WARNING] Could not parse salary value: '£67,006' — set to NaN
2026-06-02 15:35:00,818 [WARNING] Could not parse salary value: '€179,929' — set to NaN
2026-06-02 15:35:00,818 [WARNING] Could not parse salary value: '£54,803' — set to NaN
2026-06-02 15:35:00,819 [WARNING] Could not parse salary value: '£96,568' — set to NaN
2026-06-02 15:35:00,819 [WARNING] Could not parse salary value: '€123,006' — set to NaN
2026-06-02 15:35:00,819 [WARNING] Could not parse salary value: '£80,319' — set to NaN
2026-06-02 15:35:00,820 [WARNING] Could not parse salary value: '£87,005' — set to NaN
2026-06-02 15:35:00,820 [WARNING] Could not parse salary value: '€93,220' — set to NaN
2026-06-02 15:35:00,820 [WARNING] Could not parse salary value: '€99,528' — set to NaN
2026-06-02 15:35:00,820 [WARNING] Could not parse salary value: '€111,359' — set to NaN
2026-06-02 15:35:00,821 [WARNING] Could not parse salary value: '£135,349' — set to NaN
2026-06-02 15:35:00,821 [WARNING] Could not parse salary value: '€123,048' — set to NaN
2026-06-02 15:35:00,821 [WARNING] Could not parse salary value: '€49,205' — set to NaN
2026-06-02 15:35:00,821 [WARNING] Could not parse salary value: '€111,184' — set to NaN
2026-06-02 15:35:00,822 [WARNING] Could not parse salary value: '£73,073' — set to NaN
2026-06-02 15:35:00,822 [WARNING] Could not parse salary value: '£66,961' — set to NaN
2026-06-02 15:35:00,822 [WARNING] Could not parse salary value: '£79,521' — set to NaN
2026-06-02 15:35:00,823 [WARNING] Could not parse salary value: '€121,319' — set to NaN
2026-06-02 15:35:00,823 [WARNING] Could not parse salary value: '£98,054' — set to NaN
2026-06-02 15:35:00,823 [WARNING] Could not parse salary value: '€106,695' — set to NaN
2026-06-02 15:35:00,823 [WARNING] Could not parse salary value: '£183,675' — set to NaN
2026-06-02 15:35:00,823 [WARNING] Could not parse salary value: '£68,058' — set to NaN
2026-06-02 15:35:00,824 [WARNING] Could not parse salary value: '€130,663' — set to NaN
2026-06-02 15:35:00,824 [WARNING] Could not parse salary value: '€76,160' — set to NaN
2026-06-02 15:35:00,824 [WARNING] Could not parse salary value: '€90,667' — set to NaN
2026-06-02 15:35:00,824 [WARNING] Could not parse salary value: '£41,484' — set to NaN
2026-06-02 15:35:00,825 [WARNING] Could not parse salary value: '€50,815' — set to NaN
2026-06-02 15:35:00,825 [WARNING] Could not parse salary value: '€101,041' — set to NaN
2026-06-02 15:35:00,825 [WARNING] Could not parse salary value: '€92,012' — set to NaN
2026-06-02 15:35:00,825 [WARNING] Could not parse salary value: '€89,572' — set to NaN
2026-06-02 15:35:00,826 [WARNING] Could not parse salary value: '€79,148' — set to NaN
2026-06-02 15:35:00,826 [WARNING] Could not parse salary value: '£165,530' — set to NaN
2026-06-02 15:35:00,826 [WARNING] Could not parse salary value: '£73,019' — set to NaN
2026-06-02 15:35:00,827 [WARNING] Could not parse salary value: '£88,511' — set to NaN
2026-06-02 15:35:00,827 [WARNING] Could not parse salary value: '€69,173' — set to NaN
2026-06-02 15:35:00,827 [WARNING] Could not parse salary value: '£61,897' — set to NaN
2026-06-02 15:35:00,827 [WARNING] Could not parse salary value: '€51,543' — set to NaN
2026-06-02 15:35:00,827 [WARNING] Could not parse salary value: '£57,193' — set to NaN
2026-06-02 15:35:00,828 [WARNING] Could not parse salary value: '€102,733' — set to NaN
2026-06-02 15:35:00,828 [WARNING] Could not parse salary value: '£50,924' — set to NaN
2026-06-02 15:35:00,828 [WARNING] Could not parse salary value: '£145,989' — set to NaN
2026-06-02 15:35:00,844 [INFO]   salary_usd_annual computed for 18361/19000 payroll records
2026-06-02 15:35:00,844 [INFO] ============================================================
2026-06-02 15:35:00,845 [INFO] PIPELINE COMPLETE
2026-06-02 15:35:00,845 [INFO]   Input records:           18,200
2026-06-02 15:35:00,845 [INFO]   Duration:                6.4s
2026-06-02 15:35:00,845 [INFO] ============================================================
2026-06-02 15:41:40,634 [INFO] ============================================================
2026-06-02 15:41:40,634 [INFO] Multi-source HR Data Integration PIPELINE
2026-06-02 15:41:40,635 [INFO] Run started: 2026-06-02T15:41:40.634201
2026-06-02 15:41:40,635 [INFO] ============================================================
2026-06-02 15:41:40,635 [INFO] ============================================================
2026-06-02 15:41:40,635 [INFO] STEP 1: Data Ingestion
2026-06-02 15:41:40,636 [INFO] Ingesting GlobalTech HRIS CSV: c:\Users\RhodaArthur\Desktop\Projects\data-engineering\sk-01-capstone-project\src\data\raw\globaltech_hris.csv
2026-06-02 15:41:40,802 [INFO]   Ingested 15000 records from GlobalTech HRIS CSV
2026-06-02 15:41:40,814 [INFO] Ingesting AcquiredCo JSON: c:\Users\RhodaArthur\Desktop\Projects\data-engineering\sk-01-capstone-project\src\data\raw\acquiredco_api.json
2026-06-02 15:41:40,882 [INFO]   Total records in file: 3200
2026-06-02 15:41:40,905 [INFO]   Page 1: ingested 100 records (offset 0–99)
2026-06-02 15:41:40,929 [INFO]   Page 2: ingested 100 records (offset 100–199)
2026-06-02 15:41:40,934 [INFO]   Page 3: ingested 100 records (offset 200–299)
2026-06-02 15:41:40,941 [INFO]   Page 4: ingested 100 records (offset 300–399)
2026-06-02 15:41:40,948 [INFO]   Page 5: ingested 100 records (offset 400–499)
2026-06-02 15:41:40,958 [INFO]   Page 6: ingested 100 records (offset 500–599)
2026-06-02 15:41:40,979 [INFO]   Page 7: ingested 100 records (offset 600–699)
2026-06-02 15:41:40,992 [INFO]   Page 8: ingested 100 records (offset 700–799)
2026-06-02 15:41:41,006 [INFO]   Page 9: ingested 100 records (offset 800–899)
2026-06-02 15:41:41,024 [INFO]   Page 10: ingested 100 records (offset 900–999)
2026-06-02 15:41:41,043 [INFO]   Page 11: ingested 100 records (offset 1000–1099)
2026-06-02 15:41:41,054 [INFO]   Page 12: ingested 100 records (offset 1100–1199)
2026-06-02 15:41:41,065 [INFO]   Page 13: ingested 100 records (offset 1200–1299)
2026-06-02 15:41:41,075 [INFO]   Page 14: ingested 100 records (offset 1300–1399)
2026-06-02 15:41:41,087 [INFO]   Page 15: ingested 100 records (offset 1400–1499)
2026-06-02 15:41:41,094 [INFO]   Page 16: ingested 100 records (offset 1500–1599)
2026-06-02 15:41:41,100 [INFO]   Page 17: ingested 100 records (offset 1600–1699)
2026-06-02 15:41:41,108 [INFO]   Page 18: ingested 100 records (offset 1700–1799)
2026-06-02 15:41:41,114 [INFO]   Page 19: ingested 100 records (offset 1800–1899)
2026-06-02 15:41:41,126 [INFO]   Page 20: ingested 100 records (offset 1900–1999)
2026-06-02 15:41:41,139 [INFO]   Page 21: ingested 100 records (offset 2000–2099)
2026-06-02 15:41:41,143 [INFO]   Page 22: ingested 100 records (offset 2100–2199)
2026-06-02 15:41:41,151 [INFO]   Page 23: ingested 100 records (offset 2200–2299)
2026-06-02 15:41:41,161 [INFO]   Page 24: ingested 100 records (offset 2300–2399)
2026-06-02 15:41:41,171 [INFO]   Page 25: ingested 100 records (offset 2400–2499)
2026-06-02 15:41:41,198 [INFO]   Page 26: ingested 100 records (offset 2500–2599)
2026-06-02 15:41:41,214 [INFO]   Page 27: ingested 100 records (offset 2600–2699)
2026-06-02 15:41:41,231 [INFO]   Page 28: ingested 100 records (offset 2700–2799)
2026-06-02 15:41:41,244 [INFO]   Page 29: ingested 100 records (offset 2800–2899)
2026-06-02 15:41:41,261 [INFO]   Page 30: ingested 100 records (offset 2900–2999)
2026-06-02 15:41:41,278 [INFO]   Page 31: ingested 100 records (offset 3000–3099)
2026-06-02 15:41:41,297 [INFO]   Page 32: ingested 100 records (offset 3100–3199)
2026-06-02 15:41:41,340 [INFO]   Ingested 3200 total records from AcquiredCo JSON
2026-06-02 15:41:41,361 [INFO]   Combined HRIS records: 18200
2026-06-02 15:41:41,374 [INFO]     globaltech_hris: 15000 records
2026-06-02 15:41:41,386 [INFO]     acquiredco_hris: 3200 records
2026-06-02 15:41:41,392 [INFO] Ingesting benefits XML: c:\Users\RhodaArthur\Desktop\Projects\data-engineering\sk-01-capstone-project\src\data\raw\benefits_enrollment.xml
2026-06-02 15:41:41,748 [INFO]   Ingested 12000 enrollment records from benefits XML
2026-06-02 15:41:41,751 [INFO]   Unique enrolled employee IDs: 8283
2026-06-02 15:41:41,769 [INFO] Ingesting payroll Excel: c:\Users\RhodaArthur\Desktop\Projects\data-engineering\sk-01-capstone-project\src\data\raw\payroll_data.xlsx
2026-06-02 15:41:45,655 [INFO]   Ingested 19000 records from payroll Excel
2026-06-02 15:41:45,657 [INFO]   Unique company origins: {'GlobalTech': 13328, 'AcquiredCo': 5672}
2026-06-02 15:41:45,657 [INFO]   Benefits enrollment records: 12000
2026-06-02 15:41:45,658 [INFO]   Payroll records: 19000
2026-06-02 15:41:45,658 [INFO] STEP 1 complete.
2026-06-02 15:41:45,659 [INFO] STEP 2: Cleaning & Standardization
2026-06-02 15:41:46,537 [WARNING]       3200 records have out-of-range hire dates
2026-06-02 15:41:46,542 [INFO]   All department values match known taxonomy
2026-06-02 15:41:46,543 [INFO] STEP 2 complete. 18200 records cleaned.
2026-06-02 15:41:46,588 [INFO]   salary_usd_annual computed for 19000/19000 payroll records
2026-06-02 15:41:46,603 [INFO] ============================================================
2026-06-02 15:41:46,603 [INFO] PIPELINE COMPLETE
2026-06-02 15:41:46,603 [INFO]   Input records:           18,200
2026-06-02 15:41:46,604 [INFO]   Duration:                6.0s
2026-06-02 15:41:46,604 [INFO] ============================================================
2026-06-02 15:48:22,384 [INFO] ============================================================
2026-06-02 15:48:22,384 [INFO] Multi-source HR Data Integration PIPELINE
2026-06-02 15:48:22,385 [INFO] Run started: 2026-06-02T15:48:22.384429
2026-06-02 15:48:22,385 [INFO] ============================================================
2026-06-02 15:48:22,385 [INFO] ============================================================
2026-06-02 15:48:22,385 [INFO] STEP 1: Data Ingestion
2026-06-02 15:48:22,385 [INFO] Ingesting GlobalTech HRIS CSV: C:\Users\RhodaArthur\Desktop\Projects\data-engineering\sk-01-capstone-project\src\data\raw\globaltech_hris.csv
2026-06-02 15:48:22,482 [INFO]   Ingested 15000 records from GlobalTech HRIS CSV
2026-06-02 15:48:22,488 [INFO] Ingesting AcquiredCo JSON: C:\Users\RhodaArthur\Desktop\Projects\data-engineering\sk-01-capstone-project\src\data\raw\acquiredco_api.json
2026-06-02 15:48:22,538 [INFO]   Total records in file: 3200
2026-06-02 15:48:22,545 [INFO]   Page 1: ingested 100 records (offset 0–99)
2026-06-02 15:48:22,552 [INFO]   Page 2: ingested 100 records (offset 100–199)
2026-06-02 15:48:22,569 [INFO]   Page 3: ingested 100 records (offset 200–299)
2026-06-02 15:48:22,575 [INFO]   Page 4: ingested 100 records (offset 300–399)
2026-06-02 15:48:22,583 [INFO]   Page 5: ingested 100 records (offset 400–499)
2026-06-02 15:48:22,588 [INFO]   Page 6: ingested 100 records (offset 500–599)
2026-06-02 15:48:22,597 [INFO]   Page 7: ingested 100 records (offset 600–699)
2026-06-02 15:48:22,603 [INFO]   Page 8: ingested 100 records (offset 700–799)
2026-06-02 15:48:22,609 [INFO]   Page 9: ingested 100 records (offset 800–899)
2026-06-02 15:48:22,617 [INFO]   Page 10: ingested 100 records (offset 900–999)
2026-06-02 15:48:22,622 [INFO]   Page 11: ingested 100 records (offset 1000–1099)
2026-06-02 15:48:22,627 [INFO]   Page 12: ingested 100 records (offset 1100–1199)
2026-06-02 15:48:22,635 [INFO]   Page 13: ingested 100 records (offset 1200–1299)
2026-06-02 15:48:22,640 [INFO]   Page 14: ingested 100 records (offset 1300–1399)
2026-06-02 15:48:22,647 [INFO]   Page 15: ingested 100 records (offset 1400–1499)
2026-06-02 15:48:22,653 [INFO]   Page 16: ingested 100 records (offset 1500–1599)
2026-06-02 15:48:22,658 [INFO]   Page 17: ingested 100 records (offset 1600–1699)
2026-06-02 15:48:22,665 [INFO]   Page 18: ingested 100 records (offset 1700–1799)
2026-06-02 15:48:22,668 [INFO]   Page 19: ingested 100 records (offset 1800–1899)
2026-06-02 15:48:22,672 [INFO]   Page 20: ingested 100 records (offset 1900–1999)
2026-06-02 15:48:22,677 [INFO]   Page 21: ingested 100 records (offset 2000–2099)
2026-06-02 15:48:22,683 [INFO]   Page 22: ingested 100 records (offset 2100–2199)
2026-06-02 15:48:22,686 [INFO]   Page 23: ingested 100 records (offset 2200–2299)
2026-06-02 15:48:22,689 [INFO]   Page 24: ingested 100 records (offset 2300–2399)
2026-06-02 15:48:22,695 [INFO]   Page 25: ingested 100 records (offset 2400–2499)
2026-06-02 15:48:22,701 [INFO]   Page 26: ingested 100 records (offset 2500–2599)
2026-06-02 15:48:22,704 [INFO]   Page 27: ingested 100 records (offset 2600–2699)
2026-06-02 15:48:22,709 [INFO]   Page 28: ingested 100 records (offset 2700–2799)
2026-06-02 15:48:22,715 [INFO]   Page 29: ingested 100 records (offset 2800–2899)
2026-06-02 15:48:22,720 [INFO]   Page 30: ingested 100 records (offset 2900–2999)
2026-06-02 15:48:22,734 [INFO]   Page 31: ingested 100 records (offset 3000–3099)
2026-06-02 15:48:22,740 [INFO]   Page 32: ingested 100 records (offset 3100–3199)
2026-06-02 15:48:22,769 [INFO]   Ingested 3200 total records from AcquiredCo JSON
2026-06-02 15:48:22,788 [INFO]   Combined HRIS records: 18200
2026-06-02 15:48:22,793 [INFO]     globaltech_hris: 15000 records
2026-06-02 15:48:22,795 [INFO]     acquiredco_hris: 3200 records
2026-06-02 15:48:22,796 [INFO] Ingesting benefits XML: C:\Users\RhodaArthur\Desktop\Projects\data-engineering\sk-01-capstone-project\src\data\raw\benefits_enrollment.xml
2026-06-02 15:48:23,181 [INFO]   Ingested 12000 enrollment records from benefits XML
2026-06-02 15:48:23,184 [INFO]   Unique enrolled employee IDs: 8283
2026-06-02 15:48:23,210 [INFO] Ingesting payroll Excel: C:\Users\RhodaArthur\Desktop\Projects\data-engineering\sk-01-capstone-project\src\data\raw\payroll_data.xlsx
2026-06-02 15:48:27,532 [INFO]   Ingested 19000 records from payroll Excel
2026-06-02 15:48:27,534 [INFO]   Unique company origins: {'GlobalTech': 13328, 'AcquiredCo': 5672}
2026-06-02 15:48:27,535 [INFO]   Benefits enrollment records: 12000
2026-06-02 15:48:27,535 [INFO]   Payroll records: 19000
2026-06-02 15:48:27,535 [INFO] STEP 1 complete.
2026-06-02 15:48:27,543 [INFO] STEP 2: Cleaning & Standardization
2026-06-02 15:48:28,570 [WARNING]       3200 records have out-of-range hire dates
2026-06-02 15:48:28,574 [INFO]   All department values match known taxonomy
2026-06-02 15:48:28,574 [INFO] STEP 2 complete. 18200 records cleaned.
2026-06-02 15:48:28,625 [INFO]   salary_usd_annual computed for 19000/19000 payroll records
2026-06-02 15:48:28,643 [INFO] ============================================================
2026-06-02 15:48:28,643 [INFO] PIPELINE COMPLETE
2026-06-02 15:48:28,644 [INFO]   Input records:           18,200
2026-06-02 15:48:28,644 [INFO]   Duration:                6.3s
2026-06-02 15:48:28,644 [INFO] ============================================================
2026-06-02 15:48:55,656 [INFO] ============================================================
2026-06-02 15:48:55,657 [INFO] Multi-source HR Data Integration PIPELINE
2026-06-02 15:48:55,657 [INFO] Run started: 2026-06-02T15:48:55.656728
2026-06-02 15:48:55,657 [INFO] ============================================================
2026-06-02 15:48:55,657 [INFO] ============================================================
2026-06-02 15:48:55,657 [INFO] STEP 1: Data Ingestion
2026-06-02 15:48:55,657 [INFO] Ingesting GlobalTech HRIS CSV: C:\Users\RhodaArthur\Desktop\Projects\data-engineering\sk-01-capstone-project\src\data\raw\globaltech_hris.csv
2026-06-02 15:48:55,734 [INFO]   Ingested 15000 records from GlobalTech HRIS CSV
2026-06-02 15:48:55,737 [INFO] Ingesting AcquiredCo JSON: C:\Users\RhodaArthur\Desktop\Projects\data-engineering\sk-01-capstone-project\src\data\raw\acquiredco_api.json
2026-06-02 15:48:55,764 [INFO]   Total records in file: 3200
2026-06-02 15:48:55,769 [INFO]   Page 1: ingested 100 records (offset 0–99)
2026-06-02 15:48:55,774 [INFO]   Page 2: ingested 100 records (offset 100–199)
2026-06-02 15:48:55,779 [INFO]   Page 3: ingested 100 records (offset 200–299)
2026-06-02 15:48:55,783 [INFO]   Page 4: ingested 100 records (offset 300–399)
2026-06-02 15:48:55,787 [INFO]   Page 5: ingested 100 records (offset 400–499)
2026-06-02 15:48:55,792 [INFO]   Page 6: ingested 100 records (offset 500–599)
2026-06-02 15:48:55,798 [INFO]   Page 7: ingested 100 records (offset 600–699)
2026-06-02 15:48:55,803 [INFO]   Page 8: ingested 100 records (offset 700–799)
2026-06-02 15:48:55,809 [INFO]   Page 9: ingested 100 records (offset 800–899)
2026-06-02 15:48:55,814 [INFO]   Page 10: ingested 100 records (offset 900–999)
2026-06-02 15:48:55,821 [INFO]   Page 11: ingested 100 records (offset 1000–1099)
2026-06-02 15:48:55,827 [INFO]   Page 12: ingested 100 records (offset 1100–1199)
2026-06-02 15:48:55,832 [INFO]   Page 13: ingested 100 records (offset 1200–1299)
2026-06-02 15:48:55,838 [INFO]   Page 14: ingested 100 records (offset 1300–1399)
2026-06-02 15:48:55,844 [INFO]   Page 15: ingested 100 records (offset 1400–1499)
2026-06-02 15:48:55,849 [INFO]   Page 16: ingested 100 records (offset 1500–1599)
2026-06-02 15:48:55,856 [INFO]   Page 17: ingested 100 records (offset 1600–1699)
2026-06-02 15:48:55,861 [INFO]   Page 18: ingested 100 records (offset 1700–1799)
2026-06-02 15:48:55,867 [INFO]   Page 19: ingested 100 records (offset 1800–1899)
2026-06-02 15:48:55,872 [INFO]   Page 20: ingested 100 records (offset 1900–1999)
2026-06-02 15:48:55,878 [INFO]   Page 21: ingested 100 records (offset 2000–2099)
2026-06-02 15:48:55,884 [INFO]   Page 22: ingested 100 records (offset 2100–2199)
2026-06-02 15:48:55,889 [INFO]   Page 23: ingested 100 records (offset 2200–2299)
2026-06-02 15:48:55,895 [INFO]   Page 24: ingested 100 records (offset 2300–2399)
2026-06-02 15:48:55,901 [INFO]   Page 25: ingested 100 records (offset 2400–2499)
2026-06-02 15:48:55,907 [INFO]   Page 26: ingested 100 records (offset 2500–2599)
2026-06-02 15:48:55,913 [INFO]   Page 27: ingested 100 records (offset 2600–2699)
2026-06-02 15:48:55,919 [INFO]   Page 28: ingested 100 records (offset 2700–2799)
2026-06-02 15:48:55,924 [INFO]   Page 29: ingested 100 records (offset 2800–2899)
2026-06-02 15:48:55,929 [INFO]   Page 30: ingested 100 records (offset 2900–2999)
2026-06-02 15:48:55,932 [INFO]   Page 31: ingested 100 records (offset 3000–3099)
2026-06-02 15:48:55,937 [INFO]   Page 32: ingested 100 records (offset 3100–3199)
2026-06-02 15:48:55,959 [INFO]   Ingested 3200 total records from AcquiredCo JSON
2026-06-02 15:48:55,970 [INFO]   Combined HRIS records: 18200
2026-06-02 15:48:55,974 [INFO]     globaltech_hris: 15000 records
2026-06-02 15:48:55,975 [INFO]     acquiredco_hris: 3200 records
2026-06-02 15:48:55,976 [INFO] Ingesting benefits XML: C:\Users\RhodaArthur\Desktop\Projects\data-engineering\sk-01-capstone-project\src\data\raw\benefits_enrollment.xml
2026-06-02 15:48:56,249 [INFO]   Ingested 12000 enrollment records from benefits XML
2026-06-02 15:48:56,251 [INFO]   Unique enrolled employee IDs: 8283
2026-06-02 15:48:56,267 [INFO] Ingesting payroll Excel: C:\Users\RhodaArthur\Desktop\Projects\data-engineering\sk-01-capstone-project\src\data\raw\payroll_data.xlsx
2026-06-02 15:49:00,279 [INFO]   Ingested 19000 records from payroll Excel
2026-06-02 15:49:00,282 [INFO]   Unique company origins: {'GlobalTech': 13328, 'AcquiredCo': 5672}
2026-06-02 15:49:00,282 [INFO]   Benefits enrollment records: 12000
2026-06-02 15:49:00,282 [INFO]   Payroll records: 19000
2026-06-02 15:49:00,283 [INFO] STEP 1 complete.
2026-06-02 15:49:00,292 [INFO] STEP 2: Cleaning & Standardization
2026-06-02 15:49:01,228 [WARNING]       3200 records have out-of-range hire dates
2026-06-02 15:49:01,232 [INFO]   All department values match known taxonomy
2026-06-02 15:49:01,232 [INFO] STEP 2 complete. 18200 records cleaned.
2026-06-02 15:49:01,288 [INFO]   salary_usd_annual computed for 19000/19000 payroll records
2026-06-02 15:49:01,305 [INFO] ============================================================
2026-06-02 15:49:01,305 [INFO] PIPELINE COMPLETE
2026-06-02 15:49:01,305 [INFO]   Input records:           18,200
2026-06-02 15:49:01,305 [INFO]   Duration:                5.6s
2026-06-02 15:49:01,305 [INFO] ============================================================
2026-06-02 15:50:54,914 [INFO] ============================================================
2026-06-02 15:50:54,915 [INFO] Multi-source HR Data Integration PIPELINE
2026-06-02 15:50:54,915 [INFO] Run started: 2026-06-02T15:50:54.914887
2026-06-02 15:50:54,915 [INFO] ============================================================
2026-06-02 15:50:54,916 [INFO] ============================================================
2026-06-02 15:50:54,916 [INFO] STEP 1: Data Ingestion
2026-06-02 15:50:54,916 [INFO] Ingesting GlobalTech HRIS CSV: C:\Users\RhodaArthur\Desktop\Projects\data-engineering\sk-01-capstone-project\src\data\raw\globaltech_hris.csv
2026-06-02 15:50:55,074 [INFO]   Ingested 15000 records from GlobalTech HRIS CSV
2026-06-02 15:50:55,090 [INFO] Ingesting AcquiredCo JSON: C:\Users\RhodaArthur\Desktop\Projects\data-engineering\sk-01-capstone-project\src\data\raw\acquiredco_api.json
2026-06-02 15:50:55,150 [INFO]   Total records in file: 3200
2026-06-02 15:50:55,157 [INFO]   Page 1: ingested 100 records (offset 0–99)
2026-06-02 15:50:55,165 [INFO]   Page 2: ingested 100 records (offset 100–199)
2026-06-02 15:50:55,171 [INFO]   Page 3: ingested 100 records (offset 200–299)
2026-06-02 15:50:55,177 [INFO]   Page 4: ingested 100 records (offset 300–399)
2026-06-02 15:50:55,183 [INFO]   Page 5: ingested 100 records (offset 400–499)
2026-06-02 15:50:55,189 [INFO]   Page 6: ingested 100 records (offset 500–599)
2026-06-02 15:50:55,199 [INFO]   Page 7: ingested 100 records (offset 600–699)
2026-06-02 15:50:55,205 [INFO]   Page 8: ingested 100 records (offset 700–799)
2026-06-02 15:50:55,211 [INFO]   Page 9: ingested 100 records (offset 800–899)
2026-06-02 15:50:55,218 [INFO]   Page 10: ingested 100 records (offset 900–999)
2026-06-02 15:50:55,226 [INFO]   Page 11: ingested 100 records (offset 1000–1099)
2026-06-02 15:50:55,238 [INFO]   Page 12: ingested 100 records (offset 1100–1199)
2026-06-02 15:50:55,253 [INFO]   Page 13: ingested 100 records (offset 1200–1299)
2026-06-02 15:50:55,269 [INFO]   Page 14: ingested 100 records (offset 1300–1399)
2026-06-02 15:50:55,275 [INFO]   Page 15: ingested 100 records (offset 1400–1499)
2026-06-02 15:50:55,290 [INFO]   Page 16: ingested 100 records (offset 1500–1599)
2026-06-02 15:50:55,299 [INFO]   Page 17: ingested 100 records (offset 1600–1699)
2026-06-02 15:50:55,305 [INFO]   Page 18: ingested 100 records (offset 1700–1799)
2026-06-02 15:50:55,315 [INFO]   Page 19: ingested 100 records (offset 1800–1899)
2026-06-02 15:50:55,326 [INFO]   Page 20: ingested 100 records (offset 1900–1999)
2026-06-02 15:50:55,354 [INFO]   Page 21: ingested 100 records (offset 2000–2099)
2026-06-02 15:50:55,368 [INFO]   Page 22: ingested 100 records (offset 2100–2199)
2026-06-02 15:50:55,376 [INFO]   Page 23: ingested 100 records (offset 2200–2299)
2026-06-02 15:50:55,388 [INFO]   Page 24: ingested 100 records (offset 2300–2399)
2026-06-02 15:50:55,398 [INFO]   Page 25: ingested 100 records (offset 2400–2499)
2026-06-02 15:50:55,404 [INFO]   Page 26: ingested 100 records (offset 2500–2599)
2026-06-02 15:50:55,411 [INFO]   Page 27: ingested 100 records (offset 2600–2699)
2026-06-02 15:50:55,417 [INFO]   Page 28: ingested 100 records (offset 2700–2799)
2026-06-02 15:50:55,423 [INFO]   Page 29: ingested 100 records (offset 2800–2899)
2026-06-02 15:50:55,430 [INFO]   Page 30: ingested 100 records (offset 2900–2999)
2026-06-02 15:50:55,437 [INFO]   Page 31: ingested 100 records (offset 3000–3099)
2026-06-02 15:50:55,442 [INFO]   Page 32: ingested 100 records (offset 3100–3199)
2026-06-02 15:50:55,458 [INFO]   Ingested 3200 total records from AcquiredCo JSON
2026-06-02 15:50:55,471 [INFO]   Combined HRIS records: 18200
2026-06-02 15:50:55,474 [INFO]     globaltech_hris: 15000 records
2026-06-02 15:50:55,475 [INFO]     acquiredco_hris: 3200 records
2026-06-02 15:50:55,475 [INFO] Ingesting benefits XML: C:\Users\RhodaArthur\Desktop\Projects\data-engineering\sk-01-capstone-project\src\data\raw\benefits_enrollment.xml
2026-06-02 15:50:55,735 [INFO]   Ingested 12000 enrollment records from benefits XML
2026-06-02 15:50:55,738 [INFO]   Unique enrolled employee IDs: 8283
2026-06-02 15:50:55,756 [INFO] Ingesting payroll Excel: C:\Users\RhodaArthur\Desktop\Projects\data-engineering\sk-01-capstone-project\src\data\raw\payroll_data.xlsx
2026-06-02 15:50:59,819 [INFO]   Ingested 19000 records from payroll Excel
2026-06-02 15:50:59,821 [INFO]   Unique company origins: {'GlobalTech': 13328, 'AcquiredCo': 5672}
2026-06-02 15:50:59,821 [INFO]   Benefits enrollment records: 12000
2026-06-02 15:50:59,821 [INFO]   Payroll records: 19000
2026-06-02 15:50:59,821 [INFO] STEP 1 complete.
2026-06-02 15:50:59,822 [INFO] STEP 2: Cleaning & Standardization
2026-06-02 15:51:19,568 [INFO] ============================================================
2026-06-02 15:51:19,569 [INFO] Multi-source HR Data Integration PIPELINE
2026-06-02 15:51:19,569 [INFO] Run started: 2026-06-02T15:51:19.568899
2026-06-02 15:51:19,569 [INFO] ============================================================
2026-06-02 15:51:19,569 [INFO] ============================================================
2026-06-02 15:51:19,569 [INFO] STEP 1: Data Ingestion
2026-06-02 15:51:19,570 [INFO] Ingesting GlobalTech HRIS CSV: C:\Users\RhodaArthur\Desktop\Projects\data-engineering\sk-01-capstone-project\src\data\raw\globaltech_hris.csv
2026-06-02 15:51:19,674 [INFO]   Ingested 15000 records from GlobalTech HRIS CSV
2026-06-02 15:51:19,677 [INFO] Ingesting AcquiredCo JSON: C:\Users\RhodaArthur\Desktop\Projects\data-engineering\sk-01-capstone-project\src\data\raw\acquiredco_api.json
2026-06-02 15:51:19,704 [INFO]   Total records in file: 3200
2026-06-02 15:51:19,707 [INFO]   Page 1: ingested 100 records (offset 0–99)
2026-06-02 15:51:19,710 [INFO]   Page 2: ingested 100 records (offset 100–199)
2026-06-02 15:51:19,714 [INFO]   Page 3: ingested 100 records (offset 200–299)
2026-06-02 15:51:19,717 [INFO]   Page 4: ingested 100 records (offset 300–399)
2026-06-02 15:51:19,720 [INFO]   Page 5: ingested 100 records (offset 400–499)
2026-06-02 15:51:19,723 [INFO]   Page 6: ingested 100 records (offset 500–599)
2026-06-02 15:51:19,726 [INFO]   Page 7: ingested 100 records (offset 600–699)
2026-06-02 15:51:19,730 [INFO]   Page 8: ingested 100 records (offset 700–799)
2026-06-02 15:51:19,733 [INFO]   Page 9: ingested 100 records (offset 800–899)
2026-06-02 15:51:19,736 [INFO]   Page 10: ingested 100 records (offset 900–999)
2026-06-02 15:51:19,738 [INFO]   Page 11: ingested 100 records (offset 1000–1099)
2026-06-02 15:51:19,741 [INFO]   Page 12: ingested 100 records (offset 1100–1199)
2026-06-02 15:51:19,744 [INFO]   Page 13: ingested 100 records (offset 1200–1299)
2026-06-02 15:51:19,748 [INFO]   Page 14: ingested 100 records (offset 1300–1399)
2026-06-02 15:51:19,751 [INFO]   Page 15: ingested 100 records (offset 1400–1499)
2026-06-02 15:51:19,754 [INFO]   Page 16: ingested 100 records (offset 1500–1599)
2026-06-02 15:51:19,757 [INFO]   Page 17: ingested 100 records (offset 1600–1699)
2026-06-02 15:51:19,760 [INFO]   Page 18: ingested 100 records (offset 1700–1799)
2026-06-02 15:51:19,763 [INFO]   Page 19: ingested 100 records (offset 1800–1899)
2026-06-02 15:51:19,766 [INFO]   Page 20: ingested 100 records (offset 1900–1999)
2026-06-02 15:51:19,769 [INFO]   Page 21: ingested 100 records (offset 2000–2099)
2026-06-02 15:51:19,772 [INFO]   Page 22: ingested 100 records (offset 2100–2199)
2026-06-02 15:51:19,775 [INFO]   Page 23: ingested 100 records (offset 2200–2299)
2026-06-02 15:51:19,777 [INFO]   Page 24: ingested 100 records (offset 2300–2399)
2026-06-02 15:51:19,781 [INFO]   Page 25: ingested 100 records (offset 2400–2499)
2026-06-02 15:51:19,784 [INFO]   Page 26: ingested 100 records (offset 2500–2599)
2026-06-02 15:51:19,787 [INFO]   Page 27: ingested 100 records (offset 2600–2699)
2026-06-02 15:51:19,790 [INFO]   Page 28: ingested 100 records (offset 2700–2799)
2026-06-02 15:51:19,792 [INFO]   Page 29: ingested 100 records (offset 2800–2899)
2026-06-02 15:51:19,795 [INFO]   Page 30: ingested 100 records (offset 2900–2999)
2026-06-02 15:51:19,798 [INFO]   Page 31: ingested 100 records (offset 3000–3099)
2026-06-02 15:51:19,802 [INFO]   Page 32: ingested 100 records (offset 3100–3199)
2026-06-02 15:51:19,816 [INFO]   Ingested 3200 total records from AcquiredCo JSON
2026-06-02 15:51:19,831 [INFO]   Combined HRIS records: 18200
2026-06-02 15:51:19,836 [INFO]     globaltech_hris: 15000 records
2026-06-02 15:51:19,837 [INFO]     acquiredco_hris: 3200 records
2026-06-02 15:51:19,837 [INFO] Ingesting benefits XML: C:\Users\RhodaArthur\Desktop\Projects\data-engineering\sk-01-capstone-project\src\data\raw\benefits_enrollment.xml
2026-06-02 15:51:20,059 [INFO]   Ingested 12000 enrollment records from benefits XML
2026-06-02 15:51:20,061 [INFO]   Unique enrolled employee IDs: 8283
2026-06-02 15:51:20,075 [INFO] Ingesting payroll Excel: C:\Users\RhodaArthur\Desktop\Projects\data-engineering\sk-01-capstone-project\src\data\raw\payroll_data.xlsx
2026-06-02 15:51:24,007 [INFO]   Ingested 19000 records from payroll Excel
2026-06-02 15:51:24,009 [INFO]   Unique company origins: {'GlobalTech': 13328, 'AcquiredCo': 5672}
2026-06-02 15:51:24,009 [INFO]   Benefits enrollment records: 12000
2026-06-02 15:51:24,009 [INFO]   Payroll records: 19000
2026-06-02 15:51:24,010 [INFO] STEP 1 complete.
2026-06-02 15:51:24,011 [INFO] STEP 2: Cleaning & Standardization
2026-06-02 15:51:36,260 [INFO] ============================================================
2026-06-02 15:51:36,260 [INFO] Multi-source HR Data Integration PIPELINE
2026-06-02 15:51:36,260 [INFO] Run started: 2026-06-02T15:51:36.260439
2026-06-02 15:51:36,261 [INFO] ============================================================
2026-06-02 15:51:36,261 [INFO] ============================================================
2026-06-02 15:51:36,261 [INFO] STEP 1: Data Ingestion
2026-06-02 15:51:36,261 [INFO] Ingesting GlobalTech HRIS CSV: C:\Users\RhodaArthur\Desktop\Projects\data-engineering\sk-01-capstone-project\src\data\raw\globaltech_hris.csv
2026-06-02 15:51:36,330 [INFO]   Ingested 15000 records from GlobalTech HRIS CSV
2026-06-02 15:51:36,334 [INFO] Ingesting AcquiredCo JSON: C:\Users\RhodaArthur\Desktop\Projects\data-engineering\sk-01-capstone-project\src\data\raw\acquiredco_api.json
2026-06-02 15:51:36,367 [INFO]   Total records in file: 3200
2026-06-02 15:51:36,373 [INFO]   Page 1: ingested 100 records (offset 0–99)
2026-06-02 15:51:36,377 [INFO]   Page 2: ingested 100 records (offset 100–199)
2026-06-02 15:51:36,381 [INFO]   Page 3: ingested 100 records (offset 200–299)
2026-06-02 15:51:36,387 [INFO]   Page 4: ingested 100 records (offset 300–399)
2026-06-02 15:51:36,392 [INFO]   Page 5: ingested 100 records (offset 400–499)
2026-06-02 15:51:36,396 [INFO]   Page 6: ingested 100 records (offset 500–599)
2026-06-02 15:51:36,400 [INFO]   Page 7: ingested 100 records (offset 600–699)
2026-06-02 15:51:36,406 [INFO]   Page 8: ingested 100 records (offset 700–799)
2026-06-02 15:51:36,410 [INFO]   Page 9: ingested 100 records (offset 800–899)
2026-06-02 15:51:36,414 [INFO]   Page 10: ingested 100 records (offset 900–999)
2026-06-02 15:51:36,419 [INFO]   Page 11: ingested 100 records (offset 1000–1099)
2026-06-02 15:51:36,424 [INFO]   Page 12: ingested 100 records (offset 1100–1199)
2026-06-02 15:51:36,427 [INFO]   Page 13: ingested 100 records (offset 1200–1299)
2026-06-02 15:51:36,432 [INFO]   Page 14: ingested 100 records (offset 1300–1399)
2026-06-02 15:51:36,437 [INFO]   Page 15: ingested 100 records (offset 1400–1499)
2026-06-02 15:51:36,441 [INFO]   Page 16: ingested 100 records (offset 1500–1599)
2026-06-02 15:51:36,444 [INFO]   Page 17: ingested 100 records (offset 1600–1699)
2026-06-02 15:51:36,448 [INFO]   Page 18: ingested 100 records (offset 1700–1799)
2026-06-02 15:51:36,453 [INFO]   Page 19: ingested 100 records (offset 1800–1899)
2026-06-02 15:51:36,459 [INFO]   Page 20: ingested 100 records (offset 1900–1999)
2026-06-02 15:51:36,463 [INFO]   Page 21: ingested 100 records (offset 2000–2099)
2026-06-02 15:51:36,467 [INFO]   Page 22: ingested 100 records (offset 2100–2199)
2026-06-02 15:51:36,473 [INFO]   Page 23: ingested 100 records (offset 2200–2299)
2026-06-02 15:51:36,477 [INFO]   Page 24: ingested 100 records (offset 2300–2399)
2026-06-02 15:51:36,480 [INFO]   Page 25: ingested 100 records (offset 2400–2499)
2026-06-02 15:51:36,484 [INFO]   Page 26: ingested 100 records (offset 2500–2599)
2026-06-02 15:51:36,489 [INFO]   Page 27: ingested 100 records (offset 2600–2699)
2026-06-02 15:51:36,493 [INFO]   Page 28: ingested 100 records (offset 2700–2799)
2026-06-02 15:51:36,496 [INFO]   Page 29: ingested 100 records (offset 2800–2899)
2026-06-02 15:51:36,500 [INFO]   Page 30: ingested 100 records (offset 2900–2999)
2026-06-02 15:51:36,505 [INFO]   Page 31: ingested 100 records (offset 3000–3099)
2026-06-02 15:51:36,508 [INFO]   Page 32: ingested 100 records (offset 3100–3199)
2026-06-02 15:51:36,524 [INFO]   Ingested 3200 total records from AcquiredCo JSON
2026-06-02 15:51:36,535 [INFO]   Combined HRIS records: 18200
2026-06-02 15:51:36,540 [INFO]     globaltech_hris: 15000 records
2026-06-02 15:51:36,540 [INFO]     acquiredco_hris: 3200 records
2026-06-02 15:51:36,541 [INFO] Ingesting benefits XML: C:\Users\RhodaArthur\Desktop\Projects\data-engineering\sk-01-capstone-project\src\data\raw\benefits_enrollment.xml
2026-06-02 15:51:36,780 [INFO]   Ingested 12000 enrollment records from benefits XML
2026-06-02 15:51:36,782 [INFO]   Unique enrolled employee IDs: 8283
2026-06-02 15:51:36,797 [INFO] Ingesting payroll Excel: C:\Users\RhodaArthur\Desktop\Projects\data-engineering\sk-01-capstone-project\src\data\raw\payroll_data.xlsx
2026-06-02 15:51:41,249 [INFO]   Ingested 19000 records from payroll Excel
2026-06-02 15:51:41,251 [INFO]   Unique company origins: {'GlobalTech': 13328, 'AcquiredCo': 5672}
2026-06-02 15:51:41,251 [INFO]   Benefits enrollment records: 12000
2026-06-02 15:51:41,252 [INFO]   Payroll records: 19000
2026-06-02 15:51:41,252 [INFO] STEP 1 complete.
2026-06-02 15:51:41,253 [INFO] STEP 2: Cleaning & Standardization
2026-06-02 15:52:07,849 [INFO] ============================================================
2026-06-02 15:52:07,849 [INFO] Multi-source HR Data Integration PIPELINE
2026-06-02 15:52:07,849 [INFO] Run started: 2026-06-02T15:52:07.849165
2026-06-02 15:52:07,850 [INFO] ============================================================
2026-06-02 15:52:07,850 [INFO] ============================================================
2026-06-02 15:52:07,850 [INFO] STEP 1: Data Ingestion
2026-06-02 15:52:07,850 [INFO] Ingesting GlobalTech HRIS CSV: C:\Users\RhodaArthur\Desktop\Projects\data-engineering\sk-01-capstone-project\src\data\raw\globaltech_hris.csv
2026-06-02 15:52:07,929 [INFO]   Ingested 15000 records from GlobalTech HRIS CSV
2026-06-02 15:52:07,933 [INFO] Ingesting AcquiredCo JSON: C:\Users\RhodaArthur\Desktop\Projects\data-engineering\sk-01-capstone-project\src\data\raw\acquiredco_api.json
2026-06-02 15:52:07,958 [INFO]   Total records in file: 3200
2026-06-02 15:52:07,963 [INFO]   Page 1: ingested 100 records (offset 0–99)
2026-06-02 15:52:07,968 [INFO]   Page 2: ingested 100 records (offset 100–199)
2026-06-02 15:52:07,971 [INFO]   Page 3: ingested 100 records (offset 200–299)
2026-06-02 15:52:07,974 [INFO]   Page 4: ingested 100 records (offset 300–399)
2026-06-02 15:52:07,978 [INFO]   Page 5: ingested 100 records (offset 400–499)
2026-06-02 15:52:07,982 [INFO]   Page 6: ingested 100 records (offset 500–599)
2026-06-02 15:52:07,985 [INFO]   Page 7: ingested 100 records (offset 600–699)
2026-06-02 15:52:07,988 [INFO]   Page 8: ingested 100 records (offset 700–799)
2026-06-02 15:52:07,991 [INFO]   Page 9: ingested 100 records (offset 800–899)
2026-06-02 15:52:07,994 [INFO]   Page 10: ingested 100 records (offset 900–999)
2026-06-02 15:52:07,998 [INFO]   Page 11: ingested 100 records (offset 1000–1099)
2026-06-02 15:52:08,002 [INFO]   Page 12: ingested 100 records (offset 1100–1199)
2026-06-02 15:52:08,005 [INFO]   Page 13: ingested 100 records (offset 1200–1299)
2026-06-02 15:52:08,008 [INFO]   Page 14: ingested 100 records (offset 1300–1399)
2026-06-02 15:52:08,012 [INFO]   Page 15: ingested 100 records (offset 1400–1499)
2026-06-02 15:52:08,016 [INFO]   Page 16: ingested 100 records (offset 1500–1599)
2026-06-02 15:52:08,020 [INFO]   Page 17: ingested 100 records (offset 1600–1699)
2026-06-02 15:52:08,023 [INFO]   Page 18: ingested 100 records (offset 1700–1799)
2026-06-02 15:52:08,026 [INFO]   Page 19: ingested 100 records (offset 1800–1899)
2026-06-02 15:52:08,029 [INFO]   Page 20: ingested 100 records (offset 1900–1999)
2026-06-02 15:52:08,035 [INFO]   Page 21: ingested 100 records (offset 2000–2099)
2026-06-02 15:52:08,038 [INFO]   Page 22: ingested 100 records (offset 2100–2199)
2026-06-02 15:52:08,044 [INFO]   Page 23: ingested 100 records (offset 2200–2299)
2026-06-02 15:52:08,049 [INFO]   Page 24: ingested 100 records (offset 2300–2399)
2026-06-02 15:52:08,054 [INFO]   Page 25: ingested 100 records (offset 2400–2499)
2026-06-02 15:52:08,060 [INFO]   Page 26: ingested 100 records (offset 2500–2599)
2026-06-02 15:52:08,065 [INFO]   Page 27: ingested 100 records (offset 2600–2699)
2026-06-02 15:52:08,071 [INFO]   Page 28: ingested 100 records (offset 2700–2799)
2026-06-02 15:52:08,076 [INFO]   Page 29: ingested 100 records (offset 2800–2899)
2026-06-02 15:52:08,081 [INFO]   Page 30: ingested 100 records (offset 2900–2999)
2026-06-02 15:52:08,087 [INFO]   Page 31: ingested 100 records (offset 3000–3099)
2026-06-02 15:52:08,092 [INFO]   Page 32: ingested 100 records (offset 3100–3199)
2026-06-02 15:52:08,110 [INFO]   Ingested 3200 total records from AcquiredCo JSON
2026-06-02 15:52:08,124 [INFO]   Combined HRIS records: 18200
2026-06-02 15:52:08,127 [INFO]     globaltech_hris: 15000 records
2026-06-02 15:52:08,127 [INFO]     acquiredco_hris: 3200 records
2026-06-02 15:52:08,128 [INFO] Ingesting benefits XML: C:\Users\RhodaArthur\Desktop\Projects\data-engineering\sk-01-capstone-project\src\data\raw\benefits_enrollment.xml
2026-06-02 15:52:08,353 [INFO]   Ingested 12000 enrollment records from benefits XML
2026-06-02 15:52:08,356 [INFO]   Unique enrolled employee IDs: 8283
2026-06-02 15:52:08,376 [INFO] Ingesting payroll Excel: C:\Users\RhodaArthur\Desktop\Projects\data-engineering\sk-01-capstone-project\src\data\raw\payroll_data.xlsx
2026-06-02 15:52:12,659 [INFO]   Ingested 19000 records from payroll Excel
2026-06-02 15:52:12,663 [INFO]   Unique company origins: {'GlobalTech': 13328, 'AcquiredCo': 5672}
2026-06-02 15:52:12,664 [INFO]   Benefits enrollment records: 12000
2026-06-02 15:52:12,664 [INFO]   Payroll records: 19000
2026-06-02 15:52:12,664 [INFO] STEP 1 complete.
2026-06-02 15:52:12,665 [INFO] STEP 2: Cleaning & Standardization
2026-06-02 15:53:31,224 [INFO] ============================================================
2026-06-02 15:53:31,224 [INFO] Multi-source HR Data Integration PIPELINE
2026-06-02 15:53:31,224 [INFO] Run started: 2026-06-02T15:53:31.224345
2026-06-02 15:53:31,225 [INFO] ============================================================
2026-06-02 15:53:31,225 [INFO] ============================================================
2026-06-02 15:53:31,225 [INFO] STEP 1: Data Ingestion
2026-06-02 15:53:31,225 [INFO] Ingesting GlobalTech HRIS CSV: C:\Users\RhodaArthur\Desktop\Projects\data-engineering\sk-01-capstone-project\src\data\raw\globaltech_hris.csv
2026-06-02 15:53:31,297 [INFO]   Ingested 15000 records from GlobalTech HRIS CSV
2026-06-02 15:53:31,301 [INFO] Ingesting AcquiredCo JSON: C:\Users\RhodaArthur\Desktop\Projects\data-engineering\sk-01-capstone-project\src\data\raw\acquiredco_api.json
2026-06-02 15:53:31,334 [INFO]   Total records in file: 3200
2026-06-02 15:53:31,340 [INFO]   Page 1: ingested 100 records (offset 0–99)
2026-06-02 15:53:31,347 [INFO]   Page 2: ingested 100 records (offset 100–199)
2026-06-02 15:53:31,353 [INFO]   Page 3: ingested 100 records (offset 200–299)
2026-06-02 15:53:31,358 [INFO]   Page 4: ingested 100 records (offset 300–399)
2026-06-02 15:53:31,366 [INFO]   Page 5: ingested 100 records (offset 400–499)
2026-06-02 15:53:31,371 [INFO]   Page 6: ingested 100 records (offset 500–599)
2026-06-02 15:53:31,377 [INFO]   Page 7: ingested 100 records (offset 600–699)
2026-06-02 15:53:31,385 [INFO]   Page 8: ingested 100 records (offset 700–799)
2026-06-02 15:53:31,390 [INFO]   Page 9: ingested 100 records (offset 800–899)
2026-06-02 15:53:31,398 [INFO]   Page 10: ingested 100 records (offset 900–999)
2026-06-02 15:53:31,404 [INFO]   Page 11: ingested 100 records (offset 1000–1099)
2026-06-02 15:53:31,410 [INFO]   Page 12: ingested 100 records (offset 1100–1199)
2026-06-02 15:53:31,417 [INFO]   Page 13: ingested 100 records (offset 1200–1299)
2026-06-02 15:53:31,423 [INFO]   Page 14: ingested 100 records (offset 1300–1399)
2026-06-02 15:53:31,430 [INFO]   Page 15: ingested 100 records (offset 1400–1499)
2026-06-02 15:53:31,435 [INFO]   Page 16: ingested 100 records (offset 1500–1599)
2026-06-02 15:53:31,440 [INFO]   Page 17: ingested 100 records (offset 1600–1699)
2026-06-02 15:53:31,449 [INFO]   Page 18: ingested 100 records (offset 1700–1799)
2026-06-02 15:53:31,454 [INFO]   Page 19: ingested 100 records (offset 1800–1899)
2026-06-02 15:53:31,461 [INFO]   Page 20: ingested 100 records (offset 1900–1999)
2026-06-02 15:53:31,469 [INFO]   Page 21: ingested 100 records (offset 2000–2099)
2026-06-02 15:53:31,474 [INFO]   Page 22: ingested 100 records (offset 2100–2199)
2026-06-02 15:53:31,481 [INFO]   Page 23: ingested 100 records (offset 2200–2299)
2026-06-02 15:53:31,488 [INFO]   Page 24: ingested 100 records (offset 2300–2399)
2026-06-02 15:53:31,493 [INFO]   Page 25: ingested 100 records (offset 2400–2499)
2026-06-02 15:53:31,500 [INFO]   Page 26: ingested 100 records (offset 2500–2599)
2026-06-02 15:53:31,505 [INFO]   Page 27: ingested 100 records (offset 2600–2699)
2026-06-02 15:53:31,511 [INFO]   Page 28: ingested 100 records (offset 2700–2799)
2026-06-02 15:53:31,517 [INFO]   Page 29: ingested 100 records (offset 2800–2899)
2026-06-02 15:53:31,522 [INFO]   Page 30: ingested 100 records (offset 2900–2999)
2026-06-02 15:53:31,525 [INFO]   Page 31: ingested 100 records (offset 3000–3099)
2026-06-02 15:53:31,531 [INFO]   Page 32: ingested 100 records (offset 3100–3199)
2026-06-02 15:53:31,552 [INFO]   Ingested 3200 total records from AcquiredCo JSON
2026-06-02 15:53:31,569 [INFO]   Combined HRIS records: 18200
2026-06-02 15:53:31,574 [INFO]     globaltech_hris: 15000 records
2026-06-02 15:53:31,575 [INFO]     acquiredco_hris: 3200 records
2026-06-02 15:53:31,576 [INFO] Ingesting benefits XML: C:\Users\RhodaArthur\Desktop\Projects\data-engineering\sk-01-capstone-project\src\data\raw\benefits_enrollment.xml
2026-06-02 15:53:31,833 [INFO]   Ingested 12000 enrollment records from benefits XML
2026-06-02 15:53:31,835 [INFO]   Unique enrolled employee IDs: 8283
2026-06-02 15:53:31,851 [INFO] Ingesting payroll Excel: C:\Users\RhodaArthur\Desktop\Projects\data-engineering\sk-01-capstone-project\src\data\raw\payroll_data.xlsx
2026-06-02 15:53:36,759 [INFO]   Ingested 19000 records from payroll Excel
2026-06-02 15:53:36,762 [INFO]   Unique company origins: {'GlobalTech': 13328, 'AcquiredCo': 5672}
2026-06-02 15:53:36,762 [INFO]   Benefits enrollment records: 12000
2026-06-02 15:53:36,763 [INFO]   Payroll records: 19000
2026-06-02 15:53:36,763 [INFO] STEP 1 complete.
2026-06-02 15:53:36,764 [INFO] STEP 2: Cleaning & Standardization
2026-06-02 15:53:37,934 [INFO]       All hire dates within plausible range
2026-06-02 15:53:37,937 [INFO]   All department values match known taxonomy
2026-06-02 15:53:37,937 [INFO] STEP 2 complete. 18200 records cleaned.
2026-06-02 15:53:37,980 [INFO]   salary_usd_annual computed for 19000/19000 payroll records
2026-06-02 15:53:37,990 [INFO] ============================================================
2026-06-02 15:53:37,990 [INFO] PIPELINE COMPLETE
2026-06-02 15:53:37,990 [INFO]   Input records:           18,200
2026-06-02 15:53:37,991 [INFO]   Duration:                6.8s
2026-06-02 15:53:37,991 [INFO] ============================================================
2026-06-02 15:55:41,228 [INFO] ============================================================
2026-06-02 15:55:41,228 [INFO] Multi-source HR Data Integration PIPELINE
2026-06-02 15:55:41,228 [INFO] Run started: 2026-06-02T15:55:41.228089
2026-06-02 15:55:41,229 [INFO] ============================================================
2026-06-02 15:55:41,229 [INFO] ============================================================
2026-06-02 15:55:41,229 [INFO] STEP 1: Data Ingestion
2026-06-02 15:55:41,229 [INFO] Ingesting GlobalTech HRIS CSV: c:\Users\RhodaArthur\Desktop\Projects\data-engineering\sk-01-capstone-project\src\data\raw\globaltech_hris.csv
2026-06-02 15:55:41,332 [INFO]   Ingested 15000 records from GlobalTech HRIS CSV
2026-06-02 15:55:41,339 [INFO] Ingesting AcquiredCo JSON: c:\Users\RhodaArthur\Desktop\Projects\data-engineering\sk-01-capstone-project\src\data\raw\acquiredco_api.json
2026-06-02 15:55:41,381 [INFO]   Total records in file: 3200
2026-06-02 15:55:41,388 [INFO]   Page 1: ingested 100 records (offset 0–99)
2026-06-02 15:55:41,393 [INFO]   Page 2: ingested 100 records (offset 100–199)
2026-06-02 15:55:41,398 [INFO]   Page 3: ingested 100 records (offset 200–299)
2026-06-02 15:55:41,403 [INFO]   Page 4: ingested 100 records (offset 300–399)
2026-06-02 15:55:41,407 [INFO]   Page 5: ingested 100 records (offset 400–499)
2026-06-02 15:55:41,412 [INFO]   Page 6: ingested 100 records (offset 500–599)
2026-06-02 15:55:41,415 [INFO]   Page 7: ingested 100 records (offset 600–699)
2026-06-02 15:55:41,419 [INFO]   Page 8: ingested 100 records (offset 700–799)
2026-06-02 15:55:41,422 [INFO]   Page 9: ingested 100 records (offset 800–899)
2026-06-02 15:55:41,426 [INFO]   Page 10: ingested 100 records (offset 900–999)
2026-06-02 15:55:41,430 [INFO]   Page 11: ingested 100 records (offset 1000–1099)
2026-06-02 15:55:41,433 [INFO]   Page 12: ingested 100 records (offset 1100–1199)
2026-06-02 15:55:41,437 [INFO]   Page 13: ingested 100 records (offset 1200–1299)
2026-06-02 15:55:41,441 [INFO]   Page 14: ingested 100 records (offset 1300–1399)
2026-06-02 15:55:41,445 [INFO]   Page 15: ingested 100 records (offset 1400–1499)
2026-06-02 15:55:41,448 [INFO]   Page 16: ingested 100 records (offset 1500–1599)
2026-06-02 15:55:41,452 [INFO]   Page 17: ingested 100 records (offset 1600–1699)
2026-06-02 15:55:41,456 [INFO]   Page 18: ingested 100 records (offset 1700–1799)
2026-06-02 15:55:41,460 [INFO]   Page 19: ingested 100 records (offset 1800–1899)
2026-06-02 15:55:41,469 [INFO]   Page 20: ingested 100 records (offset 1900–1999)
2026-06-02 15:55:41,473 [INFO]   Page 21: ingested 100 records (offset 2000–2099)
2026-06-02 15:55:41,479 [INFO]   Page 22: ingested 100 records (offset 2100–2199)
2026-06-02 15:55:41,482 [INFO]   Page 23: ingested 100 records (offset 2200–2299)
2026-06-02 15:55:41,487 [INFO]   Page 24: ingested 100 records (offset 2300–2399)
2026-06-02 15:55:41,492 [INFO]   Page 25: ingested 100 records (offset 2400–2499)
2026-06-02 15:55:41,501 [INFO]   Page 26: ingested 100 records (offset 2500–2599)
2026-06-02 15:55:41,508 [INFO]   Page 27: ingested 100 records (offset 2600–2699)
2026-06-02 15:55:41,515 [INFO]   Page 28: ingested 100 records (offset 2700–2799)
2026-06-02 15:55:41,523 [INFO]   Page 29: ingested 100 records (offset 2800–2899)
2026-06-02 15:55:41,529 [INFO]   Page 30: ingested 100 records (offset 2900–2999)
2026-06-02 15:55:41,552 [INFO]   Page 31: ingested 100 records (offset 3000–3099)
2026-06-02 15:55:41,565 [INFO]   Page 32: ingested 100 records (offset 3100–3199)
2026-06-02 15:55:41,590 [INFO]   Ingested 3200 total records from AcquiredCo JSON
2026-06-02 15:55:41,604 [INFO]   Combined HRIS records: 18200
2026-06-02 15:55:41,607 [INFO]     globaltech_hris: 15000 records
2026-06-02 15:55:41,609 [INFO]     acquiredco_hris: 3200 records
2026-06-02 15:55:41,611 [INFO] Ingesting benefits XML: c:\Users\RhodaArthur\Desktop\Projects\data-engineering\sk-01-capstone-project\src\data\raw\benefits_enrollment.xml
2026-06-02 15:55:41,944 [INFO]   Ingested 12000 enrollment records from benefits XML
2026-06-02 15:55:41,948 [INFO]   Unique enrolled employee IDs: 8283
2026-06-02 15:55:41,964 [INFO] Ingesting payroll Excel: c:\Users\RhodaArthur\Desktop\Projects\data-engineering\sk-01-capstone-project\src\data\raw\payroll_data.xlsx
2026-06-02 15:55:46,031 [INFO]   Ingested 19000 records from payroll Excel
2026-06-02 15:55:46,033 [INFO]   Unique company origins: {'GlobalTech': 13328, 'AcquiredCo': 5672}
2026-06-02 15:55:46,034 [INFO]   Benefits enrollment records: 12000
2026-06-02 15:55:46,034 [INFO]   Payroll records: 19000
2026-06-02 15:55:46,034 [INFO] STEP 1 complete.
2026-06-02 15:55:46,035 [INFO] STEP 2: Cleaning & Standardization
2026-06-02 15:55:46,932 [INFO]       All hire dates within plausible range
2026-06-02 15:55:46,937 [INFO]   All department values match known taxonomy
2026-06-02 15:55:46,937 [INFO] STEP 2 complete. 18200 records cleaned.
2026-06-02 15:55:46,984 [INFO]   salary_usd_annual computed for 19000/19000 payroll records
2026-06-02 15:55:46,992 [INFO] ============================================================
2026-06-02 15:55:46,992 [INFO] PIPELINE COMPLETE
2026-06-02 15:55:46,993 [INFO]   Input records:           18,200
2026-06-02 15:55:46,993 [INFO]   Duration:                5.8s
2026-06-02 15:55:46,993 [INFO] ============================================================
2026-06-02 16:16:55,848 [INFO] ============================================================
2026-06-02 16:16:55,848 [INFO] Multi-source HR Data Integration PIPELINE
2026-06-02 16:16:55,848 [INFO] Run started: 2026-06-02T16:16:55.847989
2026-06-02 16:16:55,849 [INFO] ============================================================
2026-06-02 16:16:55,849 [INFO] ============================================================
2026-06-02 16:16:55,849 [INFO] STEP 1: Data Ingestion
2026-06-02 16:16:55,849 [INFO] Ingesting GlobalTech HRIS CSV: C:\Users\RhodaArthur\Desktop\Projects\data-engineering\sk-01-capstone-project\src\data\raw\globaltech_hris.csv
2026-06-02 16:16:56,002 [INFO]   Ingested 15000 records from GlobalTech HRIS CSV
2026-06-02 16:16:56,009 [INFO] Ingesting AcquiredCo JSON: C:\Users\RhodaArthur\Desktop\Projects\data-engineering\sk-01-capstone-project\src\data\raw\acquiredco_api.json
2026-06-02 16:16:56,250 [INFO]   Total records in file: 3200
2026-06-02 16:16:56,255 [INFO]   Page 1: ingested 100 records (offset 0–99)
2026-06-02 16:16:56,260 [INFO]   Page 2: ingested 100 records (offset 100–199)
2026-06-02 16:16:56,267 [INFO]   Page 3: ingested 100 records (offset 200–299)
2026-06-02 16:16:56,271 [INFO]   Page 4: ingested 100 records (offset 300–399)
2026-06-02 16:16:56,275 [INFO]   Page 5: ingested 100 records (offset 400–499)
2026-06-02 16:16:56,278 [INFO]   Page 6: ingested 100 records (offset 500–599)
2026-06-02 16:16:56,285 [INFO]   Page 7: ingested 100 records (offset 600–699)
2026-06-02 16:16:56,289 [INFO]   Page 8: ingested 100 records (offset 700–799)
2026-06-02 16:16:56,292 [INFO]   Page 9: ingested 100 records (offset 800–899)
2026-06-02 16:16:56,296 [INFO]   Page 10: ingested 100 records (offset 900–999)
2026-06-02 16:16:56,303 [INFO]   Page 11: ingested 100 records (offset 1000–1099)
2026-06-02 16:16:56,306 [INFO]   Page 12: ingested 100 records (offset 1100–1199)
2026-06-02 16:16:56,309 [INFO]   Page 13: ingested 100 records (offset 1200–1299)
2026-06-02 16:16:56,314 [INFO]   Page 14: ingested 100 records (offset 1300–1399)
2026-06-02 16:16:56,320 [INFO]   Page 15: ingested 100 records (offset 1400–1499)
2026-06-02 16:16:56,323 [INFO]   Page 16: ingested 100 records (offset 1500–1599)
2026-06-02 16:16:56,326 [INFO]   Page 17: ingested 100 records (offset 1600–1699)
2026-06-02 16:16:56,331 [INFO]   Page 18: ingested 100 records (offset 1700–1799)
2026-06-02 16:16:56,337 [INFO]   Page 19: ingested 100 records (offset 1800–1899)
2026-06-02 16:16:56,340 [INFO]   Page 20: ingested 100 records (offset 1900–1999)
2026-06-02 16:16:56,344 [INFO]   Page 21: ingested 100 records (offset 2000–2099)
2026-06-02 16:16:56,348 [INFO]   Page 22: ingested 100 records (offset 2100–2199)
2026-06-02 16:16:56,352 [INFO]   Page 23: ingested 100 records (offset 2200–2299)
2026-06-02 16:16:56,356 [INFO]   Page 24: ingested 100 records (offset 2300–2399)
2026-06-02 16:16:56,360 [INFO]   Page 25: ingested 100 records (offset 2400–2499)
2026-06-02 16:16:56,363 [INFO]   Page 26: ingested 100 records (offset 2500–2599)
2026-06-02 16:16:56,369 [INFO]   Page 27: ingested 100 records (offset 2600–2699)
2026-06-02 16:16:56,373 [INFO]   Page 28: ingested 100 records (offset 2700–2799)
2026-06-02 16:16:56,376 [INFO]   Page 29: ingested 100 records (offset 2800–2899)
2026-06-02 16:16:56,379 [INFO]   Page 30: ingested 100 records (offset 2900–2999)
2026-06-02 16:16:56,385 [INFO]   Page 31: ingested 100 records (offset 3000–3099)
2026-06-02 16:16:56,389 [INFO]   Page 32: ingested 100 records (offset 3100–3199)
2026-06-02 16:16:56,409 [INFO]   Ingested 3200 total records from AcquiredCo JSON
2026-06-02 16:16:56,421 [INFO]   Combined HRIS records: 18200
2026-06-02 16:16:56,424 [INFO]     globaltech_hris: 15000 records
2026-06-02 16:16:56,425 [INFO]     acquiredco_hris: 3200 records
2026-06-02 16:16:56,425 [INFO] Ingesting benefits XML: C:\Users\RhodaArthur\Desktop\Projects\data-engineering\sk-01-capstone-project\src\data\raw\benefits_enrollment.xml
2026-06-02 16:16:56,742 [INFO]   Ingested 12000 enrollment records from benefits XML
2026-06-02 16:16:56,745 [INFO]   Unique enrolled employee IDs: 8283
2026-06-02 16:16:56,774 [INFO] Ingesting payroll Excel: C:\Users\RhodaArthur\Desktop\Projects\data-engineering\sk-01-capstone-project\src\data\raw\payroll_data.xlsx
2026-06-02 16:17:01,164 [INFO]   Ingested 19000 records from payroll Excel
2026-06-02 16:17:01,167 [INFO]   Unique company origins: {'GlobalTech': 13328, 'AcquiredCo': 5672}
2026-06-02 16:17:01,167 [INFO]   Benefits enrollment records: 12000
2026-06-02 16:17:01,167 [INFO]   Payroll records: 19000
2026-06-02 16:17:01,167 [INFO] STEP 1 complete.
2026-06-02 16:17:01,168 [INFO] STEP 2: Cleaning & Standardization
2026-06-02 16:17:02,096 [INFO]       All hire dates within plausible range
2026-06-02 16:17:02,098 [INFO]   All department values match known taxonomy
2026-06-02 16:17:02,099 [INFO] STEP 2 complete. 18200 records cleaned.
2026-06-02 16:17:02,141 [INFO]   salary_usd_annual computed for 19000/19000 payroll records
2026-06-02 16:17:02,142 [INFO] ============================================================
2026-06-02 16:17:02,142 [INFO] STEP 3: Deduplication
2026-06-02 16:17:02,142 [INFO]   Input: 18,200 HRIS records
2026-06-02 16:17:02,166 [INFO]   Pass 1 (exact ID): removed 199 duplicate employee_id rows
2026-06-02 16:17:30,042 [INFO]   Pass 2 (exact email): merged 8861 cross-system email matches
2026-06-02 16:17:30,110 [INFO]   Pass 3 (fuzzy name+date): comparing 2,474 AC records against 6,666 GT records across 19 name blocks ...
2026-06-02 16:17:38,323 [INFO]   Pass 3 (fuzzy name+date, threshold=88, ±30d): merged 41 matches, 2425 near-misses queued for review
2026-06-02 16:18:03,664 [INFO]   Deduplication complete: 9,099 golden records (9,101 duplicates removed across all passes)
2026-06-02 16:18:04,089 [INFO]   Ghost employees: 8,498 payroll records with no HRIS match (44.7% of payroll)
2026-06-02 16:18:04,116 [INFO]   Review file written:       C:\Users\RhodaArthur\Desktop\Projects\data-engineering\sk-01-capstone-project\output\probable_matches_review.csv
2026-06-02 16:18:04,193 [INFO]   Ghost employees file:      C:\Users\RhodaArthur\Desktop\Projects\data-engineering\sk-01-capstone-project\output\ghost_employees.csv
2026-06-02 16:18:04,193 [INFO] STEP 3 complete.
2026-06-02 16:18:04,196 [INFO] ============================================================
2026-06-02 16:18:04,197 [INFO] PIPELINE COMPLETE
2026-06-02 16:18:04,197 [INFO]   Input records:           18,200
2026-06-02 16:18:04,197 [INFO]   Golden records:          9,099
2026-06-02 16:18:04,197 [INFO]   Review candidates:       2,425
2026-06-02 16:18:04,197 [INFO]   Ghost employees:         8,498
2026-06-02 16:18:04,197 [INFO]   Duration:                68.3s
2026-06-02 16:18:04,198 [INFO] ============================================================
2026-06-02 16:18:07,315 [INFO] ============================================================
2026-06-02 16:18:07,315 [INFO] Multi-source HR Data Integration PIPELINE
2026-06-02 16:18:07,316 [INFO] Run started: 2026-06-02T16:18:07.314947
2026-06-02 16:18:07,316 [INFO] ============================================================
2026-06-02 16:18:07,316 [INFO] ============================================================
2026-06-02 16:18:07,316 [INFO] STEP 1: Data Ingestion
2026-06-02 16:18:07,317 [INFO] Ingesting GlobalTech HRIS CSV: C:\Users\RhodaArthur\Desktop\Projects\data-engineering\sk-01-capstone-project\src\data\raw\globaltech_hris.csv
2026-06-02 16:18:07,402 [INFO]   Ingested 15000 records from GlobalTech HRIS CSV
2026-06-02 16:18:07,407 [INFO] Ingesting AcquiredCo JSON: C:\Users\RhodaArthur\Desktop\Projects\data-engineering\sk-01-capstone-project\src\data\raw\acquiredco_api.json
2026-06-02 16:18:07,441 [INFO]   Total records in file: 3200
2026-06-02 16:18:07,446 [INFO]   Page 1: ingested 100 records (offset 0–99)
2026-06-02 16:18:07,454 [INFO]   Page 2: ingested 100 records (offset 100–199)
2026-06-02 16:18:07,462 [INFO]   Page 3: ingested 100 records (offset 200–299)
2026-06-02 16:18:07,470 [INFO]   Page 4: ingested 100 records (offset 300–399)
2026-06-02 16:18:07,475 [INFO]   Page 5: ingested 100 records (offset 400–499)
2026-06-02 16:18:07,481 [INFO]   Page 6: ingested 100 records (offset 500–599)
2026-06-02 16:18:07,488 [INFO]   Page 7: ingested 100 records (offset 600–699)
2026-06-02 16:18:07,500 [INFO]   Page 8: ingested 100 records (offset 700–799)
2026-06-02 16:18:07,510 [INFO]   Page 9: ingested 100 records (offset 800–899)
2026-06-02 16:18:07,517 [INFO]   Page 10: ingested 100 records (offset 900–999)
2026-06-02 16:18:07,525 [INFO]   Page 11: ingested 100 records (offset 1000–1099)
2026-06-02 16:18:07,531 [INFO]   Page 12: ingested 100 records (offset 1100–1199)
2026-06-02 16:18:07,539 [INFO]   Page 13: ingested 100 records (offset 1200–1299)
2026-06-02 16:18:07,545 [INFO]   Page 14: ingested 100 records (offset 1300–1399)
2026-06-02 16:18:07,552 [INFO]   Page 15: ingested 100 records (offset 1400–1499)
2026-06-02 16:18:07,557 [INFO]   Page 16: ingested 100 records (offset 1500–1599)
2026-06-02 16:18:07,562 [INFO]   Page 17: ingested 100 records (offset 1600–1699)
2026-06-02 16:18:07,566 [INFO]   Page 18: ingested 100 records (offset 1700–1799)
2026-06-02 16:18:07,570 [INFO]   Page 19: ingested 100 records (offset 1800–1899)
2026-06-02 16:18:07,575 [INFO]   Page 20: ingested 100 records (offset 1900–1999)
2026-06-02 16:18:07,579 [INFO]   Page 21: ingested 100 records (offset 2000–2099)
2026-06-02 16:18:07,583 [INFO]   Page 22: ingested 100 records (offset 2100–2199)
2026-06-02 16:18:07,589 [INFO]   Page 23: ingested 100 records (offset 2200–2299)
2026-06-02 16:18:07,592 [INFO]   Page 24: ingested 100 records (offset 2300–2399)
2026-06-02 16:18:07,596 [INFO]   Page 25: ingested 100 records (offset 2400–2499)
2026-06-02 16:18:07,600 [INFO]   Page 26: ingested 100 records (offset 2500–2599)
2026-06-02 16:18:07,605 [INFO]   Page 27: ingested 100 records (offset 2600–2699)
2026-06-02 16:18:07,609 [INFO]   Page 28: ingested 100 records (offset 2700–2799)
2026-06-02 16:18:07,612 [INFO]   Page 29: ingested 100 records (offset 2800–2899)
2026-06-02 16:18:07,616 [INFO]   Page 30: ingested 100 records (offset 2900–2999)
2026-06-02 16:18:07,622 [INFO]   Page 31: ingested 100 records (offset 3000–3099)
2026-06-02 16:18:07,625 [INFO]   Page 32: ingested 100 records (offset 3100–3199)
2026-06-02 16:18:07,641 [INFO]   Ingested 3200 total records from AcquiredCo JSON
2026-06-02 16:18:07,653 [INFO]   Combined HRIS records: 18200
2026-06-02 16:18:07,658 [INFO]     globaltech_hris: 15000 records
2026-06-02 16:18:07,658 [INFO]     acquiredco_hris: 3200 records
2026-06-02 16:18:07,659 [INFO] Ingesting benefits XML: C:\Users\RhodaArthur\Desktop\Projects\data-engineering\sk-01-capstone-project\src\data\raw\benefits_enrollment.xml
2026-06-02 16:18:07,911 [INFO]   Ingested 12000 enrollment records from benefits XML
2026-06-02 16:18:07,913 [INFO]   Unique enrolled employee IDs: 8283
2026-06-02 16:18:07,931 [INFO] Ingesting payroll Excel: C:\Users\RhodaArthur\Desktop\Projects\data-engineering\sk-01-capstone-project\src\data\raw\payroll_data.xlsx
2026-06-02 16:18:14,731 [INFO]   Ingested 19000 records from payroll Excel
2026-06-02 16:18:14,737 [INFO]   Unique company origins: {'GlobalTech': 13328, 'AcquiredCo': 5672}
2026-06-02 16:18:14,737 [INFO]   Benefits enrollment records: 12000
2026-06-02 16:18:14,738 [INFO]   Payroll records: 19000
2026-06-02 16:18:14,742 [INFO] STEP 1 complete.
2026-06-02 16:18:14,745 [INFO] STEP 2: Cleaning & Standardization
2026-06-02 16:18:15,993 [INFO]       All hire dates within plausible range
2026-06-02 16:18:16,018 [INFO]   All department values match known taxonomy
2026-06-02 16:18:16,028 [INFO] STEP 2 complete. 18200 records cleaned.
2026-06-02 16:18:16,104 [INFO]   salary_usd_annual computed for 19000/19000 payroll records
2026-06-02 16:18:16,104 [INFO] ============================================================
2026-06-02 16:18:16,105 [INFO] STEP 3: Deduplication
2026-06-02 16:18:16,105 [INFO]   Input: 18,200 HRIS records
2026-06-02 16:18:16,122 [INFO]   Pass 1 (exact ID): removed 199 duplicate employee_id rows
2026-06-02 16:18:44,235 [INFO]   Pass 2 (exact email): merged 8861 cross-system email matches
2026-06-02 16:18:44,250 [INFO]   Pass 3 (fuzzy name+date): comparing 2,474 AC records against 6,666 GT records across 19 name blocks ...
2026-06-02 16:18:50,903 [INFO]   Pass 3 (fuzzy name+date, threshold=88, ±30d): merged 41 matches, 2425 near-misses queued for review
2026-06-02 16:19:13,624 [INFO]   Deduplication complete: 9,099 golden records (9,101 duplicates removed across all passes)
2026-06-02 16:19:14,089 [INFO]   Ghost employees: 8,498 payroll records with no HRIS match (44.7% of payroll)
2026-06-02 16:19:14,119 [INFO]   Review file written:       C:\Users\RhodaArthur\Desktop\Projects\data-engineering\sk-01-capstone-project\output\probable_matches_review.csv
2026-06-02 16:19:14,197 [INFO]   Ghost employees file:      C:\Users\RhodaArthur\Desktop\Projects\data-engineering\sk-01-capstone-project\output\ghost_employees.csv
2026-06-02 16:19:14,197 [INFO] STEP 3 complete.
2026-06-02 16:19:14,200 [INFO] ============================================================
2026-06-02 16:19:14,200 [INFO] PIPELINE COMPLETE
2026-06-02 16:19:14,201 [INFO]   Input records:           18,200
2026-06-02 16:19:14,201 [INFO]   Golden records:          9,099
2026-06-02 16:19:14,201 [INFO]   Review candidates:       2,425
2026-06-02 16:19:14,202 [INFO]   Ghost employees:         8,498
2026-06-02 16:19:14,202 [INFO]   Duration:                66.9s
2026-06-02 16:19:14,202 [INFO] ============================================================
2026-06-02 16:19:16,145 [INFO] ============================================================
2026-06-02 16:19:16,145 [INFO] Multi-source HR Data Integration PIPELINE
2026-06-02 16:19:16,146 [INFO] Run started: 2026-06-02T16:19:16.145237
2026-06-02 16:19:16,146 [INFO] ============================================================
2026-06-02 16:19:16,146 [INFO] ============================================================
2026-06-02 16:19:16,147 [INFO] STEP 1: Data Ingestion
2026-06-02 16:19:16,147 [INFO] Ingesting GlobalTech HRIS CSV: C:\Users\RhodaArthur\Desktop\Projects\data-engineering\sk-01-capstone-project\src\data\raw\globaltech_hris.csv
2026-06-02 16:19:16,242 [INFO]   Ingested 15000 records from GlobalTech HRIS CSV
2026-06-02 16:19:16,249 [INFO] Ingesting AcquiredCo JSON: C:\Users\RhodaArthur\Desktop\Projects\data-engineering\sk-01-capstone-project\src\data\raw\acquiredco_api.json
2026-06-02 16:19:16,296 [INFO]   Total records in file: 3200
2026-06-02 16:19:16,304 [INFO]   Page 1: ingested 100 records (offset 0–99)
2026-06-02 16:19:16,311 [INFO]   Page 2: ingested 100 records (offset 100–199)
2026-06-02 16:19:16,321 [INFO]   Page 3: ingested 100 records (offset 200–299)
2026-06-02 16:19:16,327 [INFO]   Page 4: ingested 100 records (offset 300–399)
2026-06-02 16:19:16,333 [INFO]   Page 5: ingested 100 records (offset 400–499)
2026-06-02 16:19:16,338 [INFO]   Page 6: ingested 100 records (offset 500–599)
2026-06-02 16:19:16,343 [INFO]   Page 7: ingested 100 records (offset 600–699)
2026-06-02 16:19:16,347 [INFO]   Page 8: ingested 100 records (offset 700–799)
2026-06-02 16:19:16,350 [INFO]   Page 9: ingested 100 records (offset 800–899)
2026-06-02 16:19:16,354 [INFO]   Page 10: ingested 100 records (offset 900–999)
2026-06-02 16:19:16,359 [INFO]   Page 11: ingested 100 records (offset 1000–1099)
2026-06-02 16:19:16,364 [INFO]   Page 12: ingested 100 records (offset 1100–1199)
2026-06-02 16:19:16,369 [INFO]   Page 13: ingested 100 records (offset 1200–1299)
2026-06-02 16:19:16,373 [INFO]   Page 14: ingested 100 records (offset 1300–1399)
2026-06-02 16:19:16,378 [INFO]   Page 15: ingested 100 records (offset 1400–1499)
2026-06-02 16:19:16,382 [INFO]   Page 16: ingested 100 records (offset 1500–1599)
2026-06-02 16:19:16,386 [INFO]   Page 17: ingested 100 records (offset 1600–1699)
2026-06-02 16:19:16,389 [INFO]   Page 18: ingested 100 records (offset 1700–1799)
2026-06-02 16:19:16,393 [INFO]   Page 19: ingested 100 records (offset 1800–1899)
2026-06-02 16:19:16,396 [INFO]   Page 20: ingested 100 records (offset 1900–1999)
2026-06-02 16:19:16,400 [INFO]   Page 21: ingested 100 records (offset 2000–2099)
2026-06-02 16:19:16,404 [INFO]   Page 22: ingested 100 records (offset 2100–2199)
2026-06-02 16:19:16,407 [INFO]   Page 23: ingested 100 records (offset 2200–2299)
2026-06-02 16:19:16,411 [INFO]   Page 24: ingested 100 records (offset 2300–2399)
2026-06-02 16:19:16,414 [INFO]   Page 25: ingested 100 records (offset 2400–2499)
2026-06-02 16:19:16,418 [INFO]   Page 26: ingested 100 records (offset 2500–2599)
2026-06-02 16:19:16,423 [INFO]   Page 27: ingested 100 records (offset 2600–2699)
2026-06-02 16:19:16,427 [INFO]   Page 28: ingested 100 records (offset 2700–2799)
2026-06-02 16:19:16,432 [INFO]   Page 29: ingested 100 records (offset 2800–2899)
2026-06-02 16:19:16,437 [INFO]   Page 30: ingested 100 records (offset 2900–2999)
2026-06-02 16:19:16,443 [INFO]   Page 31: ingested 100 records (offset 3000–3099)
2026-06-02 16:19:16,454 [INFO]   Page 32: ingested 100 records (offset 3100–3199)
2026-06-02 16:19:16,504 [INFO]   Ingested 3200 total records from AcquiredCo JSON
2026-06-02 16:19:16,528 [INFO]   Combined HRIS records: 18200
2026-06-02 16:19:16,535 [INFO]     globaltech_hris: 15000 records
2026-06-02 16:19:16,539 [INFO]     acquiredco_hris: 3200 records
2026-06-02 16:19:16,542 [INFO] Ingesting benefits XML: C:\Users\RhodaArthur\Desktop\Projects\data-engineering\sk-01-capstone-project\src\data\raw\benefits_enrollment.xml
2026-06-02 16:19:16,753 [INFO]   Ingested 12000 enrollment records from benefits XML
2026-06-02 16:19:16,762 [INFO]   Unique enrolled employee IDs: 8283
2026-06-02 16:19:16,789 [INFO] Ingesting payroll Excel: C:\Users\RhodaArthur\Desktop\Projects\data-engineering\sk-01-capstone-project\src\data\raw\payroll_data.xlsx
2026-06-02 16:19:20,796 [INFO]   Ingested 19000 records from payroll Excel
2026-06-02 16:19:20,799 [INFO]   Unique company origins: {'GlobalTech': 13328, 'AcquiredCo': 5672}
2026-06-02 16:19:20,800 [INFO]   Benefits enrollment records: 12000
2026-06-02 16:19:20,800 [INFO]   Payroll records: 19000
2026-06-02 16:19:20,800 [INFO] STEP 1 complete.
2026-06-02 16:19:20,803 [INFO] STEP 2: Cleaning & Standardization
2026-06-02 16:19:21,850 [INFO]       All hire dates within plausible range
2026-06-02 16:19:21,856 [INFO]   All department values match known taxonomy
2026-06-02 16:19:21,858 [INFO] STEP 2 complete. 18200 records cleaned.
2026-06-02 16:19:21,929 [INFO]   salary_usd_annual computed for 19000/19000 payroll records
2026-06-02 16:19:21,930 [INFO] ============================================================
2026-06-02 16:19:21,930 [INFO] STEP 3: Deduplication
2026-06-02 16:19:21,930 [INFO]   Input: 18,200 HRIS records
2026-06-02 16:19:21,957 [INFO]   Pass 1 (exact ID): removed 199 duplicate employee_id rows
2026-06-02 16:19:51,971 [INFO]   Pass 2 (exact email): merged 8861 cross-system email matches
2026-06-02 16:19:51,993 [INFO]   Pass 3 (fuzzy name+date): comparing 2,474 AC records against 6,666 GT records across 19 name blocks ...
2026-06-02 16:20:00,664 [INFO]   Pass 3 (fuzzy name+date, threshold=88, ±30d): merged 41 matches, 2425 near-misses queued for review
2026-06-02 16:20:26,873 [INFO]   Deduplication complete: 9,099 golden records (9,101 duplicates removed across all passes)
2026-06-02 16:20:27,315 [INFO]   Ghost employees: 8,498 payroll records with no HRIS match (44.7% of payroll)
2026-06-02 16:20:27,344 [INFO]   Review file written:       C:\Users\RhodaArthur\Desktop\Projects\data-engineering\sk-01-capstone-project\output\probable_matches_review.csv
2026-06-02 16:20:27,415 [INFO]   Ghost employees file:      C:\Users\RhodaArthur\Desktop\Projects\data-engineering\sk-01-capstone-project\output\ghost_employees.csv
2026-06-02 16:20:27,415 [INFO] STEP 3 complete.
2026-06-02 16:20:27,419 [INFO] ============================================================
2026-06-02 16:20:27,419 [INFO] PIPELINE COMPLETE
2026-06-02 16:20:27,419 [INFO]   Input records:           18,200
2026-06-02 16:20:27,420 [INFO]   Golden records:          9,099
2026-06-02 16:20:27,420 [INFO]   Review candidates:       2,425
2026-06-02 16:20:27,420 [INFO]   Ghost employees:         8,498
2026-06-02 16:20:27,420 [INFO]   Duration:                71.3s
2026-06-02 16:20:27,421 [INFO] ============================================================
2026-06-02 16:20:30,196 [INFO] ============================================================
2026-06-02 16:20:30,196 [INFO] Multi-source HR Data Integration PIPELINE
2026-06-02 16:20:30,197 [INFO] Run started: 2026-06-02T16:20:30.196326
2026-06-02 16:20:30,197 [INFO] ============================================================
2026-06-02 16:20:30,197 [INFO] ============================================================
2026-06-02 16:20:30,197 [INFO] STEP 1: Data Ingestion
2026-06-02 16:20:30,198 [INFO] Ingesting GlobalTech HRIS CSV: C:\Users\RhodaArthur\Desktop\Projects\data-engineering\sk-01-capstone-project\src\data\raw\globaltech_hris.csv
2026-06-02 16:20:30,378 [INFO]   Ingested 15000 records from GlobalTech HRIS CSV
2026-06-02 16:20:30,386 [INFO] Ingesting AcquiredCo JSON: C:\Users\RhodaArthur\Desktop\Projects\data-engineering\sk-01-capstone-project\src\data\raw\acquiredco_api.json
2026-06-02 16:20:30,426 [INFO]   Total records in file: 3200
2026-06-02 16:20:30,432 [INFO]   Page 1: ingested 100 records (offset 0–99)
2026-06-02 16:20:30,437 [INFO]   Page 2: ingested 100 records (offset 100–199)
2026-06-02 16:20:30,443 [INFO]   Page 3: ingested 100 records (offset 200–299)
2026-06-02 16:20:30,448 [INFO]   Page 4: ingested 100 records (offset 300–399)
2026-06-02 16:20:30,453 [INFO]   Page 5: ingested 100 records (offset 400–499)
2026-06-02 16:20:30,459 [INFO]   Page 6: ingested 100 records (offset 500–599)
2026-06-02 16:20:30,467 [INFO]   Page 7: ingested 100 records (offset 600–699)
2026-06-02 16:20:30,474 [INFO]   Page 8: ingested 100 records (offset 700–799)
2026-06-02 16:20:30,481 [INFO]   Page 9: ingested 100 records (offset 800–899)
2026-06-02 16:20:30,490 [INFO]   Page 10: ingested 100 records (offset 900–999)
2026-06-02 16:20:30,498 [INFO]   Page 11: ingested 100 records (offset 1000–1099)
2026-06-02 16:20:30,505 [INFO]   Page 12: ingested 100 records (offset 1100–1199)
2026-06-02 16:20:30,513 [INFO]   Page 13: ingested 100 records (offset 1200–1299)
2026-06-02 16:20:30,519 [INFO]   Page 14: ingested 100 records (offset 1300–1399)
2026-06-02 16:20:30,526 [INFO]   Page 15: ingested 100 records (offset 1400–1499)
2026-06-02 16:20:30,533 [INFO]   Page 16: ingested 100 records (offset 1500–1599)
2026-06-02 16:20:30,540 [INFO]   Page 17: ingested 100 records (offset 1600–1699)
2026-06-02 16:20:30,552 [INFO]   Page 18: ingested 100 records (offset 1700–1799)
2026-06-02 16:20:30,557 [INFO]   Page 19: ingested 100 records (offset 1800–1899)
2026-06-02 16:20:30,565 [INFO]   Page 20: ingested 100 records (offset 1900–1999)
2026-06-02 16:20:30,571 [INFO]   Page 21: ingested 100 records (offset 2000–2099)
2026-06-02 16:20:30,578 [INFO]   Page 22: ingested 100 records (offset 2100–2199)
2026-06-02 16:20:30,586 [INFO]   Page 23: ingested 100 records (offset 2200–2299)
2026-06-02 16:20:30,593 [INFO]   Page 24: ingested 100 records (offset 2300–2399)
2026-06-02 16:20:30,599 [INFO]   Page 25: ingested 100 records (offset 2400–2499)
2026-06-02 16:20:30,606 [INFO]   Page 26: ingested 100 records (offset 2500–2599)
2026-06-02 16:20:30,614 [INFO]   Page 27: ingested 100 records (offset 2600–2699)
2026-06-02 16:20:30,622 [INFO]   Page 28: ingested 100 records (offset 2700–2799)
2026-06-02 16:20:30,628 [INFO]   Page 29: ingested 100 records (offset 2800–2899)
2026-06-02 16:20:30,634 [INFO]   Page 30: ingested 100 records (offset 2900–2999)
2026-06-02 16:20:30,640 [INFO]   Page 31: ingested 100 records (offset 3000–3099)
2026-06-02 16:20:30,648 [INFO]   Page 32: ingested 100 records (offset 3100–3199)
2026-06-02 16:20:30,673 [INFO]   Ingested 3200 total records from AcquiredCo JSON
2026-06-02 16:20:30,690 [INFO]   Combined HRIS records: 18200
2026-06-02 16:20:30,695 [INFO]     globaltech_hris: 15000 records
2026-06-02 16:20:30,696 [INFO]     acquiredco_hris: 3200 records
2026-06-02 16:20:30,696 [INFO] Ingesting benefits XML: C:\Users\RhodaArthur\Desktop\Projects\data-engineering\sk-01-capstone-project\src\data\raw\benefits_enrollment.xml
2026-06-02 16:20:30,970 [INFO]   Ingested 12000 enrollment records from benefits XML
2026-06-02 16:20:30,972 [INFO]   Unique enrolled employee IDs: 8283
2026-06-02 16:20:30,988 [INFO] Ingesting payroll Excel: C:\Users\RhodaArthur\Desktop\Projects\data-engineering\sk-01-capstone-project\src\data\raw\payroll_data.xlsx
2026-06-02 16:20:36,443 [INFO]   Ingested 19000 records from payroll Excel
2026-06-02 16:20:36,447 [INFO]   Unique company origins: {'GlobalTech': 13328, 'AcquiredCo': 5672}
2026-06-02 16:20:36,447 [INFO]   Benefits enrollment records: 12000
2026-06-02 16:20:36,447 [INFO]   Payroll records: 19000
2026-06-02 16:20:36,447 [INFO] STEP 1 complete.
2026-06-02 16:20:36,449 [INFO] STEP 2: Cleaning & Standardization
2026-06-02 16:20:38,257 [INFO]       All hire dates within plausible range
2026-06-02 16:20:38,262 [INFO]   All department values match known taxonomy
2026-06-02 16:20:38,262 [INFO] STEP 2 complete. 18200 records cleaned.
2026-06-02 16:20:38,338 [INFO]   salary_usd_annual computed for 19000/19000 payroll records
2026-06-02 16:20:38,339 [INFO] ============================================================
2026-06-02 16:20:38,339 [INFO] STEP 3: Deduplication
2026-06-02 16:20:38,339 [INFO]   Input: 18,200 HRIS records
2026-06-02 16:20:38,363 [INFO]   Pass 1 (exact ID): removed 199 duplicate employee_id rows
2026-06-02 16:21:02,913 [INFO]   Pass 2 (exact email): merged 8861 cross-system email matches
2026-06-02 16:21:02,928 [INFO]   Pass 3 (fuzzy name+date): comparing 2,474 AC records against 6,666 GT records across 19 name blocks ...
2026-06-02 16:21:09,063 [INFO]   Pass 3 (fuzzy name+date, threshold=88, ±30d): merged 41 matches, 2425 near-misses queued for review
2026-06-02 16:21:30,815 [INFO]   Deduplication complete: 9,099 golden records (9,101 duplicates removed across all passes)
2026-06-02 16:21:31,278 [INFO]   Ghost employees: 8,498 payroll records with no HRIS match (44.7% of payroll)
2026-06-02 16:21:31,318 [INFO]   Review file written:       C:\Users\RhodaArthur\Desktop\Projects\data-engineering\sk-01-capstone-project\output\probable_matches_review.csv
2026-06-02 16:21:31,397 [INFO]   Ghost employees file:      C:\Users\RhodaArthur\Desktop\Projects\data-engineering\sk-01-capstone-project\output\ghost_employees.csv
2026-06-02 16:21:31,397 [INFO] STEP 3 complete.
2026-06-02 16:21:31,399 [INFO] ============================================================
2026-06-02 16:21:31,399 [INFO] PIPELINE COMPLETE
2026-06-02 16:21:31,399 [INFO]   Input records:           18,200
2026-06-02 16:21:31,399 [INFO]   Golden records:          9,099
2026-06-02 16:21:31,400 [INFO]   Review candidates:       2,425
2026-06-02 16:21:31,400 [INFO]   Ghost employees:         8,498
2026-06-02 16:21:31,400 [INFO]   Duration:                61.2s
2026-06-02 16:21:31,400 [INFO] ============================================================
2026-06-03 10:24:16,728 [INFO] ============================================================
2026-06-03 10:24:16,729 [INFO] Multi-source HR Data Integration PIPELINE
2026-06-03 10:24:16,729 [INFO] Run started: 2026-06-03T10:24:16.728789
2026-06-03 10:24:16,729 [INFO] ============================================================
2026-06-03 10:24:16,729 [INFO] ============================================================
2026-06-03 10:24:16,729 [INFO] STEP 1: Data Ingestion
2026-06-03 10:24:16,729 [INFO] Ingesting GlobalTech HRIS CSV: C:\Users\RhodaArthur\Desktop\Projects\data-engineering\sk-01-capstone-project\src\data\raw\globaltech_hris.csv
2026-06-03 10:24:16,836 [INFO]   Ingested 15000 records from GlobalTech HRIS CSV
2026-06-03 10:24:16,845 [INFO] Ingesting AcquiredCo JSON: C:\Users\RhodaArthur\Desktop\Projects\data-engineering\sk-01-capstone-project\src\data\raw\acquiredco_api.json
2026-06-03 10:24:16,887 [INFO]   Total records in file: 3200
2026-06-03 10:24:16,889 [INFO]   Page 1: ingested 100 records (offset 0–99)
2026-06-03 10:24:16,892 [INFO]   Page 2: ingested 100 records (offset 100–199)
2026-06-03 10:24:16,896 [INFO]   Page 3: ingested 100 records (offset 200–299)
2026-06-03 10:24:16,899 [INFO]   Page 4: ingested 100 records (offset 300–399)
2026-06-03 10:24:16,901 [INFO]   Page 5: ingested 100 records (offset 400–499)
2026-06-03 10:24:16,903 [INFO]   Page 6: ingested 100 records (offset 500–599)
2026-06-03 10:24:16,906 [INFO]   Page 7: ingested 100 records (offset 600–699)
2026-06-03 10:24:16,909 [INFO]   Page 8: ingested 100 records (offset 700–799)
2026-06-03 10:24:16,912 [INFO]   Page 9: ingested 100 records (offset 800–899)
2026-06-03 10:24:16,914 [INFO]   Page 10: ingested 100 records (offset 900–999)
2026-06-03 10:24:16,917 [INFO]   Page 11: ingested 100 records (offset 1000–1099)
2026-06-03 10:24:16,919 [INFO]   Page 12: ingested 100 records (offset 1100–1199)
2026-06-03 10:24:16,921 [INFO]   Page 13: ingested 100 records (offset 1200–1299)
2026-06-03 10:24:16,923 [INFO]   Page 14: ingested 100 records (offset 1300–1399)
2026-06-03 10:24:16,928 [INFO]   Page 15: ingested 100 records (offset 1400–1499)
2026-06-03 10:24:16,931 [INFO]   Page 16: ingested 100 records (offset 1500–1599)
2026-06-03 10:24:16,933 [INFO]   Page 17: ingested 100 records (offset 1600–1699)
2026-06-03 10:24:16,935 [INFO]   Page 18: ingested 100 records (offset 1700–1799)
2026-06-03 10:24:16,937 [INFO]   Page 19: ingested 100 records (offset 1800–1899)
2026-06-03 10:24:16,940 [INFO]   Page 20: ingested 100 records (offset 1900–1999)
2026-06-03 10:24:16,943 [INFO]   Page 21: ingested 100 records (offset 2000–2099)
2026-06-03 10:24:16,946 [INFO]   Page 22: ingested 100 records (offset 2100–2199)
2026-06-03 10:24:16,948 [INFO]   Page 23: ingested 100 records (offset 2200–2299)
2026-06-03 10:24:16,951 [INFO]   Page 24: ingested 100 records (offset 2300–2399)
2026-06-03 10:24:16,953 [INFO]   Page 25: ingested 100 records (offset 2400–2499)
2026-06-03 10:24:16,955 [INFO]   Page 26: ingested 100 records (offset 2500–2599)
2026-06-03 10:24:16,959 [INFO]   Page 27: ingested 100 records (offset 2600–2699)
2026-06-03 10:24:16,962 [INFO]   Page 28: ingested 100 records (offset 2700–2799)
2026-06-03 10:24:16,964 [INFO]   Page 29: ingested 100 records (offset 2800–2899)
2026-06-03 10:24:16,967 [INFO]   Page 30: ingested 100 records (offset 2900–2999)
2026-06-03 10:24:16,969 [INFO]   Page 31: ingested 100 records (offset 3000–3099)
2026-06-03 10:24:16,972 [INFO]   Page 32: ingested 100 records (offset 3100–3199)
2026-06-03 10:24:16,988 [INFO]   Ingested 3200 total records from AcquiredCo JSON
2026-06-03 10:24:16,998 [INFO]   Combined HRIS records: 18200
2026-06-03 10:24:17,004 [INFO]     globaltech_hris: 15000 records
2026-06-03 10:24:17,005 [INFO]     acquiredco_hris: 3200 records
2026-06-03 10:24:17,005 [INFO] Ingesting benefits XML: C:\Users\RhodaArthur\Desktop\Projects\data-engineering\sk-01-capstone-project\src\data\raw\benefits_enrollment.xml
2026-06-03 10:24:17,187 [INFO]   Ingested 12000 enrollment records from benefits XML
2026-06-03 10:24:17,189 [INFO]   Unique enrolled employee IDs: 8283
2026-06-03 10:24:17,202 [INFO] Ingesting payroll Excel: C:\Users\RhodaArthur\Desktop\Projects\data-engineering\sk-01-capstone-project\src\data\raw\payroll_data.xlsx
2026-06-03 10:24:20,453 [INFO]   Ingested 19000 records from payroll Excel
2026-06-03 10:24:20,458 [INFO]   Unique company origins: {'GlobalTech': 13328, 'AcquiredCo': 5672}
2026-06-03 10:24:20,458 [INFO]   Benefits enrollment records: 12000
2026-06-03 10:24:20,459 [INFO]   Payroll records: 19000
2026-06-03 10:24:20,459 [INFO] STEP 1 complete.
2026-06-03 10:24:20,459 [INFO] STEP 2: Cleaning & Standardization
2026-06-03 10:24:21,103 [INFO]       All hire dates within plausible range
2026-06-03 10:24:21,110 [INFO]   All department values match known taxonomy
2026-06-03 10:24:21,110 [INFO] STEP 2 complete. 18200 records cleaned.
2026-06-03 10:24:21,162 [INFO]   salary_usd_annual computed for 19000/19000 payroll records
2026-06-03 10:24:21,162 [INFO] ============================================================
2026-06-03 10:24:21,162 [INFO] STEP 3: Deduplication
2026-06-03 10:24:21,162 [INFO]   Input: 18,200 HRIS records
2026-06-03 10:24:21,182 [INFO]   Pass 1 (exact ID): removed 199 duplicate employee_id rows
2026-06-03 10:24:37,804 [INFO]   Pass 2 (exact email): merged 8861 cross-system email matches
2026-06-03 10:24:37,820 [INFO]   Pass 3 (fuzzy name+date): comparing 2,474 AC records against 6,666 GT records across 19 name blocks ...
2026-06-03 10:24:42,765 [INFO]   Pass 3 (fuzzy name+date, threshold=88, ±30d): merged 41 matches, 2425 near-misses queued for review
2026-06-03 10:24:57,776 [INFO]   Deduplication complete: 9,099 golden records (9,101 duplicates removed across all passes)
2026-06-03 10:24:58,185 [INFO]   Ghost employees: 8,498 payroll records with no HRIS match (44.7% of payroll)
2026-06-03 10:24:58,205 [INFO]   Review file written: C:\Users\RhodaArthur\Desktop\Projects\data-engineering\sk-01-capstone-project\output\probable_matches_review.csv
2026-06-03 10:24:58,258 [INFO]   Ghost employees file: C:\Users\RhodaArthur\Desktop\Projects\data-engineering\sk-01-capstone-project\output\ghost_employees.csv
2026-06-03 10:24:58,258 [INFO] STEP 3 complete.
2026-06-03 10:24:58,260 [INFO] ============================================================
2026-06-03 10:24:58,261 [INFO] PIPELINE COMPLETE
2026-06-03 10:24:58,261 [INFO]   Input records:           18,200
2026-06-03 10:24:58,261 [INFO]   Golden records:          9,099
2026-06-03 10:24:58,261 [INFO]   Review candidates:       2,425
2026-06-03 10:24:58,261 [INFO]   Ghost employees:         8,498
2026-06-03 10:24:58,261 [INFO]   Duration:                41.5s
2026-06-03 10:24:58,261 [INFO] ============================================================
2026-06-03 10:25:24,852 [INFO] ============================================================
2026-06-03 10:25:24,853 [INFO] Multi-source HR Data Integration PIPELINE
2026-06-03 10:25:24,853 [INFO] Run started: 2026-06-03T10:25:24.852859
2026-06-03 10:25:24,853 [INFO] ============================================================
2026-06-03 10:25:24,853 [INFO] ============================================================
2026-06-03 10:25:24,853 [INFO] STEP 1: Data Ingestion
2026-06-03 10:25:24,853 [INFO] Ingesting GlobalTech HRIS CSV: C:\Users\RhodaArthur\Desktop\Projects\data-engineering\sk-01-capstone-project\src\data\raw\globaltech_hris.csv
2026-06-03 10:25:24,899 [INFO]   Ingested 15000 records from GlobalTech HRIS CSV
2026-06-03 10:25:24,902 [INFO] Ingesting AcquiredCo JSON: C:\Users\RhodaArthur\Desktop\Projects\data-engineering\sk-01-capstone-project\src\data\raw\acquiredco_api.json
2026-06-03 10:25:24,919 [INFO]   Total records in file: 3200
2026-06-03 10:25:24,922 [INFO]   Page 1: ingested 100 records (offset 0–99)
2026-06-03 10:25:24,925 [INFO]   Page 2: ingested 100 records (offset 100–199)
2026-06-03 10:25:24,928 [INFO]   Page 3: ingested 100 records (offset 200–299)
2026-06-03 10:25:24,930 [INFO]   Page 4: ingested 100 records (offset 300–399)
2026-06-03 10:25:24,932 [INFO]   Page 5: ingested 100 records (offset 400–499)
2026-06-03 10:25:24,934 [INFO]   Page 6: ingested 100 records (offset 500–599)
2026-06-03 10:25:24,936 [INFO]   Page 7: ingested 100 records (offset 600–699)
2026-06-03 10:25:24,938 [INFO]   Page 8: ingested 100 records (offset 700–799)
2026-06-03 10:25:24,940 [INFO]   Page 9: ingested 100 records (offset 800–899)
2026-06-03 10:25:24,942 [INFO]   Page 10: ingested 100 records (offset 900–999)
2026-06-03 10:25:24,944 [INFO]   Page 11: ingested 100 records (offset 1000–1099)
2026-06-03 10:25:24,945 [INFO]   Page 12: ingested 100 records (offset 1100–1199)
2026-06-03 10:25:24,948 [INFO]   Page 13: ingested 100 records (offset 1200–1299)
2026-06-03 10:25:24,950 [INFO]   Page 14: ingested 100 records (offset 1300–1399)
2026-06-03 10:25:24,953 [INFO]   Page 15: ingested 100 records (offset 1400–1499)
2026-06-03 10:25:24,955 [INFO]   Page 16: ingested 100 records (offset 1500–1599)
2026-06-03 10:25:24,957 [INFO]   Page 17: ingested 100 records (offset 1600–1699)
2026-06-03 10:25:24,959 [INFO]   Page 18: ingested 100 records (offset 1700–1799)
2026-06-03 10:25:24,961 [INFO]   Page 19: ingested 100 records (offset 1800–1899)
2026-06-03 10:25:24,964 [INFO]   Page 20: ingested 100 records (offset 1900–1999)
2026-06-03 10:25:24,967 [INFO]   Page 21: ingested 100 records (offset 2000–2099)
2026-06-03 10:25:24,970 [INFO]   Page 22: ingested 100 records (offset 2100–2199)
2026-06-03 10:25:24,972 [INFO]   Page 23: ingested 100 records (offset 2200–2299)
2026-06-03 10:25:24,974 [INFO]   Page 24: ingested 100 records (offset 2300–2399)
2026-06-03 10:25:24,976 [INFO]   Page 25: ingested 100 records (offset 2400–2499)
2026-06-03 10:25:24,978 [INFO]   Page 26: ingested 100 records (offset 2500–2599)
2026-06-03 10:25:24,980 [INFO]   Page 27: ingested 100 records (offset 2600–2699)
2026-06-03 10:25:24,983 [INFO]   Page 28: ingested 100 records (offset 2700–2799)
2026-06-03 10:25:24,986 [INFO]   Page 29: ingested 100 records (offset 2800–2899)
2026-06-03 10:25:24,988 [INFO]   Page 30: ingested 100 records (offset 2900–2999)
2026-06-03 10:25:24,990 [INFO]   Page 31: ingested 100 records (offset 3000–3099)
2026-06-03 10:25:24,992 [INFO]   Page 32: ingested 100 records (offset 3100–3199)
2026-06-03 10:25:25,005 [INFO]   Ingested 3200 total records from AcquiredCo JSON
2026-06-03 10:25:25,012 [INFO]   Combined HRIS records: 18200
2026-06-03 10:25:25,016 [INFO]     globaltech_hris: 15000 records
2026-06-03 10:25:25,017 [INFO]     acquiredco_hris: 3200 records
2026-06-03 10:25:25,017 [INFO] Ingesting benefits XML: C:\Users\RhodaArthur\Desktop\Projects\data-engineering\sk-01-capstone-project\src\data\raw\benefits_enrollment.xml
2026-06-03 10:25:25,164 [INFO]   Ingested 12000 enrollment records from benefits XML
2026-06-03 10:25:25,166 [INFO]   Unique enrolled employee IDs: 8283
2026-06-03 10:25:25,176 [INFO] Ingesting payroll Excel: C:\Users\RhodaArthur\Desktop\Projects\data-engineering\sk-01-capstone-project\src\data\raw\payroll_data.xlsx
2026-06-03 10:25:27,209 [INFO]   Ingested 19000 records from payroll Excel
2026-06-03 10:25:27,210 [INFO]   Unique company origins: {'GlobalTech': 13328, 'AcquiredCo': 5672}
2026-06-03 10:25:27,210 [INFO]   Benefits enrollment records: 12000
2026-06-03 10:25:27,210 [INFO]   Payroll records: 19000
2026-06-03 10:25:27,210 [INFO] STEP 1 complete.
2026-06-03 10:25:27,211 [INFO] STEP 2: Cleaning & Standardization
2026-06-03 10:25:27,631 [INFO]       All hire dates within plausible range
2026-06-03 10:25:27,633 [INFO]   All department values match known taxonomy
2026-06-03 10:25:27,633 [INFO] STEP 2 complete. 18200 records cleaned.
2026-06-03 10:25:27,659 [INFO]   salary_usd_annual computed for 19000/19000 payroll records
2026-06-03 10:25:27,659 [INFO] ============================================================
2026-06-03 10:25:27,659 [INFO] STEP 3: Deduplication
2026-06-03 10:25:27,659 [INFO]   Input: 18,200 HRIS records
2026-06-03 10:25:27,669 [INFO]   Pass 1 (exact ID): removed 199 duplicate employee_id rows
2026-06-03 10:25:44,502 [INFO]   Pass 2 (exact email): merged 8861 cross-system email matches
2026-06-03 10:25:44,512 [INFO]   Pass 3 (fuzzy name+date): comparing 2,474 AC records against 6,666 GT records across 19 name blocks ...
2026-06-03 10:25:48,367 [INFO]   Pass 3 (fuzzy name+date, threshold=88, ±30d): merged 41 matches, 2425 near-misses queued for review
2026-06-03 10:26:02,235 [INFO]   Deduplication complete: 9,099 golden records (9,101 duplicates removed across all passes)
2026-06-03 10:26:02,514 [INFO]   Ghost employees: 8,498 payroll records with no HRIS match (44.7% of payroll)
2026-06-03 10:26:02,532 [INFO]   Review file written: C:\Users\RhodaArthur\Desktop\Projects\data-engineering\sk-01-capstone-project\output\probable_matches_review.csv
2026-06-03 10:26:02,580 [INFO]   Ghost employees file: C:\Users\RhodaArthur\Desktop\Projects\data-engineering\sk-01-capstone-project\output\ghost_employees.csv
2026-06-03 10:26:02,580 [INFO] STEP 3 complete.
2026-06-03 10:26:02,581 [INFO] ============================================================
2026-06-03 10:26:02,582 [INFO] PIPELINE COMPLETE
2026-06-03 10:26:02,582 [INFO]   Input records:           18,200
2026-06-03 10:26:02,582 [INFO]   Golden records:          9,099
2026-06-03 10:26:02,582 [INFO]   Review candidates:       2,425
2026-06-03 10:26:02,582 [INFO]   Ghost employees:         8,498
2026-06-03 10:26:02,582 [INFO]   Duration:                37.7s
2026-06-03 10:26:02,582 [INFO] ============================================================
2026-06-03 10:28:17,494 [INFO] ============================================================
2026-06-03 10:28:17,494 [INFO] Multi-source HR Data Integration PIPELINE
2026-06-03 10:28:17,494 [INFO] Run started: 2026-06-03T10:28:17.494531
2026-06-03 10:28:17,494 [INFO] ============================================================
2026-06-03 10:28:17,495 [INFO] ============================================================
2026-06-03 10:28:17,495 [INFO] STEP 1: Data Ingestion
2026-06-03 10:28:17,495 [INFO] Ingesting GlobalTech HRIS CSV: C:\Users\RhodaArthur\Desktop\Projects\data-engineering\sk-01-capstone-project\src\data\raw\globaltech_hris.csv
2026-06-03 10:28:17,541 [INFO]   Ingested 15000 records from GlobalTech HRIS CSV
2026-06-03 10:28:17,543 [INFO] Ingesting AcquiredCo JSON: C:\Users\RhodaArthur\Desktop\Projects\data-engineering\sk-01-capstone-project\src\data\raw\acquiredco_api.json
2026-06-03 10:28:17,558 [INFO]   Total records in file: 3200
2026-06-03 10:28:17,561 [INFO]   Page 1: ingested 100 records (offset 0–99)
2026-06-03 10:28:17,562 [INFO]   Page 2: ingested 100 records (offset 100–199)
2026-06-03 10:28:17,564 [INFO]   Page 3: ingested 100 records (offset 200–299)
2026-06-03 10:28:17,566 [INFO]   Page 4: ingested 100 records (offset 300–399)
2026-06-03 10:28:17,568 [INFO]   Page 5: ingested 100 records (offset 400–499)
2026-06-03 10:28:17,571 [INFO]   Page 6: ingested 100 records (offset 500–599)
2026-06-03 10:28:17,572 [INFO]   Page 7: ingested 100 records (offset 600–699)
2026-06-03 10:28:17,574 [INFO]   Page 8: ingested 100 records (offset 700–799)
2026-06-03 10:28:17,576 [INFO]   Page 9: ingested 100 records (offset 800–899)
2026-06-03 10:28:17,578 [INFO]   Page 10: ingested 100 records (offset 900–999)
2026-06-03 10:28:17,580 [INFO]   Page 11: ingested 100 records (offset 1000–1099)
2026-06-03 10:28:17,582 [INFO]   Page 12: ingested 100 records (offset 1100–1199)
2026-06-03 10:28:17,583 [INFO]   Page 13: ingested 100 records (offset 1200–1299)
2026-06-03 10:28:17,586 [INFO]   Page 14: ingested 100 records (offset 1300–1399)
2026-06-03 10:28:17,588 [INFO]   Page 15: ingested 100 records (offset 1400–1499)
2026-06-03 10:28:17,590 [INFO]   Page 16: ingested 100 records (offset 1500–1599)
2026-06-03 10:28:17,592 [INFO]   Page 17: ingested 100 records (offset 1600–1699)
2026-06-03 10:28:17,594 [INFO]   Page 18: ingested 100 records (offset 1700–1799)
2026-06-03 10:28:17,596 [INFO]   Page 19: ingested 100 records (offset 1800–1899)
2026-06-03 10:28:17,598 [INFO]   Page 20: ingested 100 records (offset 1900–1999)
2026-06-03 10:28:17,599 [INFO]   Page 21: ingested 100 records (offset 2000–2099)
2026-06-03 10:28:17,602 [INFO]   Page 22: ingested 100 records (offset 2100–2199)
2026-06-03 10:28:17,604 [INFO]   Page 23: ingested 100 records (offset 2200–2299)
2026-06-03 10:28:17,606 [INFO]   Page 24: ingested 100 records (offset 2300–2399)
2026-06-03 10:28:17,608 [INFO]   Page 25: ingested 100 records (offset 2400–2499)
2026-06-03 10:28:17,609 [INFO]   Page 26: ingested 100 records (offset 2500–2599)
2026-06-03 10:28:17,611 [INFO]   Page 27: ingested 100 records (offset 2600–2699)
2026-06-03 10:28:17,613 [INFO]   Page 28: ingested 100 records (offset 2700–2799)
2026-06-03 10:28:17,615 [INFO]   Page 29: ingested 100 records (offset 2800–2899)
2026-06-03 10:28:17,616 [INFO]   Page 30: ingested 100 records (offset 2900–2999)
2026-06-03 10:28:17,618 [INFO]   Page 31: ingested 100 records (offset 3000–3099)
2026-06-03 10:28:17,621 [INFO]   Page 32: ingested 100 records (offset 3100–3199)
2026-06-03 10:28:17,631 [INFO]   Ingested 3200 total records from AcquiredCo JSON
2026-06-03 10:28:17,638 [INFO]   Combined HRIS records: 18200
2026-06-03 10:28:17,640 [INFO]     globaltech_hris: 15000 records
2026-06-03 10:28:17,641 [INFO]     acquiredco_hris: 3200 records
2026-06-03 10:28:17,641 [INFO] Ingesting benefits XML: C:\Users\RhodaArthur\Desktop\Projects\data-engineering\sk-01-capstone-project\src\data\raw\benefits_enrollment.xml
2026-06-03 10:28:17,763 [INFO]   Ingested 12000 enrollment records from benefits XML
2026-06-03 10:28:17,765 [INFO]   Unique enrolled employee IDs: 8283
2026-06-03 10:28:17,775 [INFO] Ingesting payroll Excel: C:\Users\RhodaArthur\Desktop\Projects\data-engineering\sk-01-capstone-project\src\data\raw\payroll_data.xlsx
2026-06-03 10:28:19,624 [INFO]   Ingested 19000 records from payroll Excel
2026-06-03 10:28:19,625 [INFO]   Unique company origins: {'GlobalTech': 13328, 'AcquiredCo': 5672}
2026-06-03 10:28:19,625 [INFO]   Benefits enrollment records: 12000
2026-06-03 10:28:19,625 [INFO]   Payroll records: 19000
2026-06-03 10:28:19,625 [INFO] STEP 1 complete.
2026-06-03 10:28:19,626 [INFO] STEP 2: Cleaning & Standardization
2026-06-03 10:28:20,033 [INFO]       All hire dates within plausible range
2026-06-03 10:28:20,036 [INFO]   All department values match known taxonomy
2026-06-03 10:28:20,036 [INFO] STEP 2 complete. 18200 records cleaned.
2026-06-03 10:28:20,059 [INFO]   salary_usd_annual computed for 19000/19000 payroll records
2026-06-03 10:28:20,059 [INFO] ============================================================
2026-06-03 10:28:20,059 [INFO] STEP 3: Deduplication
2026-06-03 10:28:20,059 [INFO]   Input: 18,200 HRIS records
2026-06-03 10:28:20,070 [INFO]   Pass 1 (exact ID): removed 199 duplicate employee_id rows
2026-06-03 10:28:35,907 [INFO]   Pass 2 (exact email): merged 8861 cross-system email matches
2026-06-03 10:28:35,918 [INFO]   Pass 3 (fuzzy name+date): comparing 2,474 AC records against 6,666 GT records across 19 name blocks ...
2026-06-03 10:28:39,961 [INFO]   Pass 3 (fuzzy name+date, threshold=88, ±30d): merged 41 matches, 2425 near-misses queued for review
2026-06-03 10:28:56,318 [INFO]   Deduplication complete: 9,099 golden records (9,101 duplicates removed across all passes)
2026-06-03 10:28:56,650 [INFO]   Ghost employees: 8,498 payroll records with no HRIS match (44.7% of payroll)
2026-06-03 10:28:56,669 [INFO]   Review file written: C:\Users\RhodaArthur\Desktop\Projects\data-engineering\sk-01-capstone-project\output\probable_matches_review.csv
2026-06-03 10:28:56,723 [INFO]   Ghost employees file: C:\Users\RhodaArthur\Desktop\Projects\data-engineering\sk-01-capstone-project\output\ghost_employees.csv
2026-06-03 10:28:56,723 [INFO] STEP 3 complete.
2026-06-03 10:28:56,725 [INFO] ============================================================
2026-06-03 10:28:56,725 [INFO] PIPELINE COMPLETE
2026-06-03 10:28:56,725 [INFO]   Input records:           18,200
2026-06-03 10:28:56,725 [INFO]   Golden records:          9,099
2026-06-03 10:28:56,725 [INFO]   Review candidates:       2,425
2026-06-03 10:28:56,726 [INFO]   Ghost employees:         8,498
2026-06-03 10:28:56,726 [INFO]   Duration:                39.2s
2026-06-03 10:28:56,726 [INFO] ============================================================
2026-06-03 10:28:58,573 [INFO] ============================================================
2026-06-03 10:28:58,573 [INFO] Multi-source HR Data Integration PIPELINE
2026-06-03 10:28:58,573 [INFO] Run started: 2026-06-03T10:28:58.572964
2026-06-03 10:28:58,573 [INFO] ============================================================
2026-06-03 10:28:58,573 [INFO] ============================================================
2026-06-03 10:28:58,574 [INFO] STEP 1: Data Ingestion
2026-06-03 10:28:58,574 [INFO] Ingesting GlobalTech HRIS CSV: C:\Users\RhodaArthur\Desktop\Projects\data-engineering\sk-01-capstone-project\src\data\raw\globaltech_hris.csv
2026-06-03 10:28:58,658 [INFO]   Ingested 15000 records from GlobalTech HRIS CSV
2026-06-03 10:28:58,662 [INFO] Ingesting AcquiredCo JSON: C:\Users\RhodaArthur\Desktop\Projects\data-engineering\sk-01-capstone-project\src\data\raw\acquiredco_api.json
2026-06-03 10:28:58,688 [INFO]   Total records in file: 3200
2026-06-03 10:28:58,692 [INFO]   Page 1: ingested 100 records (offset 0–99)
2026-06-03 10:28:58,696 [INFO]   Page 2: ingested 100 records (offset 100–199)
2026-06-03 10:28:58,698 [INFO]   Page 3: ingested 100 records (offset 200–299)
2026-06-03 10:28:58,701 [INFO]   Page 4: ingested 100 records (offset 300–399)
2026-06-03 10:28:58,705 [INFO]   Page 5: ingested 100 records (offset 400–499)
2026-06-03 10:28:58,708 [INFO]   Page 6: ingested 100 records (offset 500–599)
2026-06-03 10:28:58,711 [INFO]   Page 7: ingested 100 records (offset 600–699)
2026-06-03 10:28:58,714 [INFO]   Page 8: ingested 100 records (offset 700–799)
2026-06-03 10:28:58,717 [INFO]   Page 9: ingested 100 records (offset 800–899)
2026-06-03 10:28:58,720 [INFO]   Page 10: ingested 100 records (offset 900–999)
2026-06-03 10:28:58,723 [INFO]   Page 11: ingested 100 records (offset 1000–1099)
2026-06-03 10:28:58,727 [INFO]   Page 12: ingested 100 records (offset 1100–1199)
2026-06-03 10:28:58,730 [INFO]   Page 13: ingested 100 records (offset 1200–1299)
2026-06-03 10:28:58,733 [INFO]   Page 14: ingested 100 records (offset 1300–1399)
2026-06-03 10:28:58,736 [INFO]   Page 15: ingested 100 records (offset 1400–1499)
2026-06-03 10:28:58,739 [INFO]   Page 16: ingested 100 records (offset 1500–1599)
2026-06-03 10:28:58,742 [INFO]   Page 17: ingested 100 records (offset 1600–1699)
2026-06-03 10:28:58,745 [INFO]   Page 18: ingested 100 records (offset 1700–1799)
2026-06-03 10:28:58,748 [INFO]   Page 19: ingested 100 records (offset 1800–1899)
2026-06-03 10:28:58,751 [INFO]   Page 20: ingested 100 records (offset 1900–1999)
2026-06-03 10:28:58,754 [INFO]   Page 21: ingested 100 records (offset 2000–2099)
2026-06-03 10:28:58,756 [INFO]   Page 22: ingested 100 records (offset 2100–2199)
2026-06-03 10:28:58,759 [INFO]   Page 23: ingested 100 records (offset 2200–2299)
2026-06-03 10:28:58,764 [INFO]   Page 24: ingested 100 records (offset 2300–2399)
2026-06-03 10:28:58,768 [INFO]   Page 25: ingested 100 records (offset 2400–2499)
2026-06-03 10:28:58,773 [INFO]   Page 26: ingested 100 records (offset 2500–2599)
2026-06-03 10:28:58,777 [INFO]   Page 27: ingested 100 records (offset 2600–2699)
2026-06-03 10:28:58,781 [INFO]   Page 28: ingested 100 records (offset 2700–2799)
2026-06-03 10:28:58,786 [INFO]   Page 29: ingested 100 records (offset 2800–2899)
2026-06-03 10:28:58,792 [INFO]   Page 30: ingested 100 records (offset 2900–2999)
2026-06-03 10:28:58,798 [INFO]   Page 31: ingested 100 records (offset 3000–3099)
2026-06-03 10:28:58,802 [INFO]   Page 32: ingested 100 records (offset 3100–3199)
2026-06-03 10:28:58,824 [INFO]   Ingested 3200 total records from AcquiredCo JSON
2026-06-03 10:28:58,836 [INFO]   Combined HRIS records: 18200
2026-06-03 10:28:58,839 [INFO]     globaltech_hris: 15000 records
2026-06-03 10:28:58,840 [INFO]     acquiredco_hris: 3200 records
2026-06-03 10:28:58,841 [INFO] Ingesting benefits XML: C:\Users\RhodaArthur\Desktop\Projects\data-engineering\sk-01-capstone-project\src\data\raw\benefits_enrollment.xml
2026-06-03 10:28:59,032 [INFO]   Ingested 12000 enrollment records from benefits XML
2026-06-03 10:28:59,034 [INFO]   Unique enrolled employee IDs: 8283
2026-06-03 10:28:59,045 [INFO] Ingesting payroll Excel: C:\Users\RhodaArthur\Desktop\Projects\data-engineering\sk-01-capstone-project\src\data\raw\payroll_data.xlsx
2026-06-03 10:29:01,796 [INFO]   Ingested 19000 records from payroll Excel
2026-06-03 10:29:01,797 [INFO]   Unique company origins: {'GlobalTech': 13328, 'AcquiredCo': 5672}
2026-06-03 10:29:01,798 [INFO]   Benefits enrollment records: 12000
2026-06-03 10:29:01,798 [INFO]   Payroll records: 19000
2026-06-03 10:29:01,798 [INFO] STEP 1 complete.
2026-06-03 10:29:01,799 [INFO] STEP 2: Cleaning & Standardization
2026-06-03 10:29:02,292 [INFO]       All hire dates within plausible range
2026-06-03 10:29:02,295 [INFO]   All department values match known taxonomy
2026-06-03 10:29:02,295 [INFO] STEP 2 complete. 18200 records cleaned.
2026-06-03 10:29:02,324 [INFO]   salary_usd_annual computed for 19000/19000 payroll records
2026-06-03 10:29:02,324 [INFO] ============================================================
2026-06-03 10:29:02,324 [INFO] STEP 3: Deduplication
2026-06-03 10:29:02,324 [INFO]   Input: 18,200 HRIS records
2026-06-03 10:29:02,336 [INFO]   Pass 1 (exact ID): removed 199 duplicate employee_id rows
2026-06-03 10:29:19,289 [INFO]   Pass 2 (exact email): merged 8861 cross-system email matches
2026-06-03 10:29:19,300 [INFO]   Pass 3 (fuzzy name+date): comparing 2,474 AC records against 6,666 GT records across 19 name blocks ...
2026-06-03 10:29:23,603 [INFO]   Pass 3 (fuzzy name+date, threshold=88, ±30d): merged 41 matches, 2425 near-misses queued for review
2026-06-03 10:29:36,345 [INFO]   Deduplication complete: 9,099 golden records (9,101 duplicates removed across all passes)
2026-06-03 10:29:36,624 [INFO]   Ghost employees: 8,498 payroll records with no HRIS match (44.7% of payroll)
2026-06-03 10:29:36,651 [INFO]   Review file written: C:\Users\RhodaArthur\Desktop\Projects\data-engineering\sk-01-capstone-project\output\probable_matches_review.csv
2026-06-03 10:29:36,722 [INFO]   Ghost employees file: C:\Users\RhodaArthur\Desktop\Projects\data-engineering\sk-01-capstone-project\output\ghost_employees.csv
2026-06-03 10:29:36,722 [INFO] STEP 3 complete.
2026-06-03 10:29:36,724 [INFO] ============================================================
2026-06-03 10:29:36,724 [INFO] PIPELINE COMPLETE
2026-06-03 10:29:36,725 [INFO]   Input records:           18,200
2026-06-03 10:29:36,725 [INFO]   Golden records:          9,099
2026-06-03 10:29:36,725 [INFO]   Review candidates:       2,425
2026-06-03 10:29:36,725 [INFO]   Ghost employees:         8,498
2026-06-03 10:29:36,725 [INFO]   Duration:                38.2s
2026-06-03 10:29:36,725 [INFO] ============================================================
2026-06-03 10:52:54,120 [INFO] ============================================================
2026-06-03 10:52:54,120 [INFO] Multi-source HR Data Integration PIPELINE
2026-06-03 10:52:54,120 [INFO] Run started: 2026-06-03T10:52:54.120104
2026-06-03 10:52:54,120 [INFO] ============================================================
2026-06-03 10:52:54,120 [INFO] ============================================================
2026-06-03 10:52:54,120 [INFO] STEP 1: Data Ingestion
2026-06-03 10:52:54,121 [INFO] Ingesting GlobalTech HRIS CSV: C:\Users\RhodaArthur\Desktop\Projects\data-engineering\sk-01-capstone-project\src\data\raw\globaltech_hris.csv
2026-06-03 10:52:54,189 [INFO]   Ingested 15000 records from GlobalTech HRIS CSV
2026-06-03 10:52:54,191 [INFO] Ingesting AcquiredCo JSON: C:\Users\RhodaArthur\Desktop\Projects\data-engineering\sk-01-capstone-project\src\data\raw\acquiredco_api.json
2026-06-03 10:52:54,233 [INFO]   Total records in file: 3200
2026-06-03 10:52:54,235 [INFO]   Page 1: ingested 100 records (offset 0–99)
2026-06-03 10:52:54,238 [INFO]   Page 2: ingested 100 records (offset 100–199)
2026-06-03 10:52:54,241 [INFO]   Page 3: ingested 100 records (offset 200–299)
2026-06-03 10:52:54,245 [INFO]   Page 4: ingested 100 records (offset 300–399)
2026-06-03 10:52:54,247 [INFO]   Page 5: ingested 100 records (offset 400–499)
2026-06-03 10:52:54,250 [INFO]   Page 6: ingested 100 records (offset 500–599)
2026-06-03 10:52:54,252 [INFO]   Page 7: ingested 100 records (offset 600–699)
2026-06-03 10:52:54,254 [INFO]   Page 8: ingested 100 records (offset 700–799)
2026-06-03 10:52:54,257 [INFO]   Page 9: ingested 100 records (offset 800–899)
2026-06-03 10:52:54,259 [INFO]   Page 10: ingested 100 records (offset 900–999)
2026-06-03 10:52:54,262 [INFO]   Page 11: ingested 100 records (offset 1000–1099)
2026-06-03 10:52:54,264 [INFO]   Page 12: ingested 100 records (offset 1100–1199)
2026-06-03 10:52:54,266 [INFO]   Page 13: ingested 100 records (offset 1200–1299)
2026-06-03 10:52:54,268 [INFO]   Page 14: ingested 100 records (offset 1300–1399)
2026-06-03 10:52:54,271 [INFO]   Page 15: ingested 100 records (offset 1400–1499)
2026-06-03 10:52:54,273 [INFO]   Page 16: ingested 100 records (offset 1500–1599)
2026-06-03 10:52:54,276 [INFO]   Page 17: ingested 100 records (offset 1600–1699)
2026-06-03 10:52:54,280 [INFO]   Page 18: ingested 100 records (offset 1700–1799)
2026-06-03 10:52:54,283 [INFO]   Page 19: ingested 100 records (offset 1800–1899)
2026-06-03 10:52:54,286 [INFO]   Page 20: ingested 100 records (offset 1900–1999)
2026-06-03 10:52:54,289 [INFO]   Page 21: ingested 100 records (offset 2000–2099)
2026-06-03 10:52:54,291 [INFO]   Page 22: ingested 100 records (offset 2100–2199)
2026-06-03 10:52:54,294 [INFO]   Page 23: ingested 100 records (offset 2200–2299)
2026-06-03 10:52:54,296 [INFO]   Page 24: ingested 100 records (offset 2300–2399)
2026-06-03 10:52:54,299 [INFO]   Page 25: ingested 100 records (offset 2400–2499)
2026-06-03 10:52:54,302 [INFO]   Page 26: ingested 100 records (offset 2500–2599)
2026-06-03 10:52:54,304 [INFO]   Page 27: ingested 100 records (offset 2600–2699)
2026-06-03 10:52:54,306 [INFO]   Page 28: ingested 100 records (offset 2700–2799)
2026-06-03 10:52:54,308 [INFO]   Page 29: ingested 100 records (offset 2800–2899)
2026-06-03 10:52:54,312 [INFO]   Page 30: ingested 100 records (offset 2900–2999)
2026-06-03 10:52:54,314 [INFO]   Page 31: ingested 100 records (offset 3000–3099)
2026-06-03 10:52:54,317 [INFO]   Page 32: ingested 100 records (offset 3100–3199)
2026-06-03 10:52:54,362 [INFO]   Ingested 3200 total records from AcquiredCo JSON
2026-06-03 10:52:54,374 [INFO]   Combined HRIS records: 18200
2026-06-03 10:52:54,382 [INFO]     globaltech_hris: 15000 records
2026-06-03 10:52:54,383 [INFO]     acquiredco_hris: 3200 records
2026-06-03 10:52:54,383 [INFO] Ingesting benefits XML: C:\Users\RhodaArthur\Desktop\Projects\data-engineering\sk-01-capstone-project\src\data\raw\benefits_enrollment.xml
2026-06-03 10:52:54,558 [INFO]   Ingested 12000 enrollment records from benefits XML
2026-06-03 10:52:54,560 [INFO]   Unique enrolled employee IDs: 8283
2026-06-03 10:52:54,571 [INFO] Ingesting payroll Excel: C:\Users\RhodaArthur\Desktop\Projects\data-engineering\sk-01-capstone-project\src\data\raw\payroll_data.xlsx
2026-06-03 10:52:56,987 [INFO]   Ingested 19000 records from payroll Excel
2026-06-03 10:52:56,988 [INFO]   Unique company origins: {'GlobalTech': 13328, 'AcquiredCo': 5672}
2026-06-03 10:52:56,988 [INFO]   Benefits enrollment records: 12000
2026-06-03 10:52:56,988 [INFO]   Payroll records: 19000
2026-06-03 10:52:56,988 [INFO] STEP 1 complete.
2026-06-03 10:52:56,989 [INFO] STEP 2: Cleaning & Standardization
2026-06-03 10:52:57,520 [INFO]       All hire dates within plausible range
2026-06-03 10:52:57,523 [INFO]   All department values match known taxonomy
2026-06-03 10:52:57,523 [INFO] STEP 2 complete. 18200 records cleaned.
2026-06-03 10:52:57,552 [INFO]   salary_usd_annual computed for 19000/19000 payroll records
2026-06-03 10:52:57,552 [INFO] ============================================================
2026-06-03 10:52:57,552 [INFO] STEP 3: Deduplication
2026-06-03 10:52:57,552 [INFO]   Input: 18,200 HRIS records
2026-06-03 10:52:57,566 [INFO]   Pass 1 (exact ID): removed 199 duplicate employee_id rows
2026-06-03 10:53:16,882 [INFO]   Pass 2 (exact email): merged 8861 cross-system email matches
2026-06-03 10:53:16,893 [INFO]   Pass 3 (fuzzy name+date): comparing 2,474 AC records against 6,666 GT records across 19 name blocks ...
2026-06-03 10:53:22,655 [INFO]   Pass 3 (fuzzy name+date, threshold=88, ±30d): merged 41 matches, 2425 near-misses queued for review
2026-06-03 10:53:47,687 [INFO]   Deduplication complete: 9,099 golden records (9,101 duplicates removed across all passes)
2026-06-03 10:53:48,000 [INFO]   Ghost employees: 8,498 payroll records with no HRIS match (44.7% of payroll)
2026-06-03 10:53:48,019 [INFO]   Review file written: C:\Users\RhodaArthur\Desktop\Projects\data-engineering\sk-01-capstone-project\output\probable_matches_review.csv
2026-06-03 10:53:48,071 [INFO]   Ghost employees file: C:\Users\RhodaArthur\Desktop\Projects\data-engineering\sk-01-capstone-project\output\ghost_employees.csv
2026-06-03 10:53:48,071 [INFO] STEP 3 complete.
2026-06-03 10:53:48,073 [INFO] ============================================================
2026-06-03 10:53:48,073 [INFO] STEP 4: Data Quality Validation
2026-06-03 10:53:48,103 [INFO]   Quality gate: 14/14 checks passed (100.0%)
2026-06-03 10:53:48,106 [INFO]   Report written: C:\Users\RhodaArthur\Desktop\Projects\data-engineering\sk-01-capstone-project\output\quality_report.csv
2026-06-03 10:53:48,111 [INFO]   Report written: C:\Users\RhodaArthur\Desktop\Projects\data-engineering\sk-01-capstone-project\output\quality_report.html
2026-06-03 10:53:48,111 [INFO] STEP 4 complete.
2026-06-03 10:53:48,111 [INFO] ============================================================
2026-06-03 10:53:48,111 [INFO] PIPELINE COMPLETE
2026-06-03 10:53:48,112 [INFO]   Input records:           18,200
2026-06-03 10:53:48,112 [INFO]   Golden records:          9,099
2026-06-03 10:53:48,112 [INFO]   Review candidates:       2,425
2026-06-03 10:53:48,112 [INFO]   Ghost employees:         8,498
2026-06-03 10:53:48,112 [INFO]   Quality checks passed:   14/14
2026-06-03 10:53:48,113 [INFO]   Duration:                54.0s
2026-06-03 10:53:48,113 [INFO] ============================================================
2026-06-03 10:53:50,656 [INFO] ============================================================
2026-06-03 10:53:50,657 [INFO] Multi-source HR Data Integration PIPELINE
2026-06-03 10:53:50,657 [INFO] Run started: 2026-06-03T10:53:50.656622
2026-06-03 10:53:50,657 [INFO] ============================================================
2026-06-03 10:53:50,657 [INFO] ============================================================
2026-06-03 10:53:50,658 [INFO] STEP 1: Data Ingestion
2026-06-03 10:53:50,658 [INFO] Ingesting GlobalTech HRIS CSV: C:\Users\RhodaArthur\Desktop\Projects\data-engineering\sk-01-capstone-project\src\data\raw\globaltech_hris.csv
2026-06-03 10:53:50,764 [INFO]   Ingested 15000 records from GlobalTech HRIS CSV
2026-06-03 10:53:50,768 [INFO] Ingesting AcquiredCo JSON: C:\Users\RhodaArthur\Desktop\Projects\data-engineering\sk-01-capstone-project\src\data\raw\acquiredco_api.json
2026-06-03 10:53:50,802 [INFO]   Total records in file: 3200
2026-06-03 10:53:50,807 [INFO]   Page 1: ingested 100 records (offset 0–99)
2026-06-03 10:53:50,812 [INFO]   Page 2: ingested 100 records (offset 100–199)
2026-06-03 10:53:50,816 [INFO]   Page 3: ingested 100 records (offset 200–299)
2026-06-03 10:53:50,820 [INFO]   Page 4: ingested 100 records (offset 300–399)
2026-06-03 10:53:50,825 [INFO]   Page 5: ingested 100 records (offset 400–499)
2026-06-03 10:53:50,828 [INFO]   Page 6: ingested 100 records (offset 500–599)
2026-06-03 10:53:50,832 [INFO]   Page 7: ingested 100 records (offset 600–699)
2026-06-03 10:53:50,836 [INFO]   Page 8: ingested 100 records (offset 700–799)
2026-06-03 10:53:50,839 [INFO]   Page 9: ingested 100 records (offset 800–899)
2026-06-03 10:53:50,843 [INFO]   Page 10: ingested 100 records (offset 900–999)
2026-06-03 10:53:50,846 [INFO]   Page 11: ingested 100 records (offset 1000–1099)
2026-06-03 10:53:50,850 [INFO]   Page 12: ingested 100 records (offset 1100–1199)
2026-06-03 10:53:50,853 [INFO]   Page 13: ingested 100 records (offset 1200–1299)
2026-06-03 10:53:50,859 [INFO]   Page 14: ingested 100 records (offset 1300–1399)
2026-06-03 10:53:50,863 [INFO]   Page 15: ingested 100 records (offset 1400–1499)
2026-06-03 10:53:50,868 [INFO]   Page 16: ingested 100 records (offset 1500–1599)
2026-06-03 10:53:50,876 [INFO]   Page 17: ingested 100 records (offset 1600–1699)
2026-06-03 10:53:50,882 [INFO]   Page 18: ingested 100 records (offset 1700–1799)
2026-06-03 10:53:50,888 [INFO]   Page 19: ingested 100 records (offset 1800–1899)
2026-06-03 10:53:50,894 [INFO]   Page 20: ingested 100 records (offset 1900–1999)
2026-06-03 10:53:50,900 [INFO]   Page 21: ingested 100 records (offset 2000–2099)
2026-06-03 10:53:50,904 [INFO]   Page 22: ingested 100 records (offset 2100–2199)
2026-06-03 10:53:50,910 [INFO]   Page 23: ingested 100 records (offset 2200–2299)
2026-06-03 10:53:50,920 [INFO]   Page 24: ingested 100 records (offset 2300–2399)
2026-06-03 10:53:50,929 [INFO]   Page 25: ingested 100 records (offset 2400–2499)
2026-06-03 10:53:50,935 [INFO]   Page 26: ingested 100 records (offset 2500–2599)
2026-06-03 10:53:50,942 [INFO]   Page 27: ingested 100 records (offset 2600–2699)
2026-06-03 10:53:50,948 [INFO]   Page 28: ingested 100 records (offset 2700–2799)
2026-06-03 10:53:50,953 [INFO]   Page 29: ingested 100 records (offset 2800–2899)
2026-06-03 10:53:50,959 [INFO]   Page 30: ingested 100 records (offset 2900–2999)
2026-06-03 10:53:50,964 [INFO]   Page 31: ingested 100 records (offset 3000–3099)
2026-06-03 10:53:50,968 [INFO]   Page 32: ingested 100 records (offset 3100–3199)
2026-06-03 10:53:50,985 [INFO]   Ingested 3200 total records from AcquiredCo JSON
2026-06-03 10:53:50,997 [INFO]   Combined HRIS records: 18200
2026-06-03 10:53:51,001 [INFO]     globaltech_hris: 15000 records
2026-06-03 10:53:51,001 [INFO]     acquiredco_hris: 3200 records
2026-06-03 10:53:51,002 [INFO] Ingesting benefits XML: C:\Users\RhodaArthur\Desktop\Projects\data-engineering\sk-01-capstone-project\src\data\raw\benefits_enrollment.xml
2026-06-03 10:53:51,209 [INFO]   Ingested 12000 enrollment records from benefits XML
2026-06-03 10:53:51,211 [INFO]   Unique enrolled employee IDs: 8283
2026-06-03 10:53:51,225 [INFO] Ingesting payroll Excel: C:\Users\RhodaArthur\Desktop\Projects\data-engineering\sk-01-capstone-project\src\data\raw\payroll_data.xlsx
2026-06-03 10:53:53,835 [INFO]   Ingested 19000 records from payroll Excel
2026-06-03 10:53:53,838 [INFO]   Unique company origins: {'GlobalTech': 13328, 'AcquiredCo': 5672}
2026-06-03 10:53:53,838 [INFO]   Benefits enrollment records: 12000
2026-06-03 10:53:53,838 [INFO]   Payroll records: 19000
2026-06-03 10:53:53,838 [INFO] STEP 1 complete.
2026-06-03 10:53:53,840 [INFO] STEP 2: Cleaning & Standardization
2026-06-03 10:53:54,692 [INFO]       All hire dates within plausible range
2026-06-03 10:53:54,695 [INFO]   All department values match known taxonomy
2026-06-03 10:53:54,695 [INFO] STEP 2 complete. 18200 records cleaned.
2026-06-03 10:53:54,750 [INFO]   salary_usd_annual computed for 19000/19000 payroll records
2026-06-03 10:53:54,750 [INFO] ============================================================
2026-06-03 10:53:54,751 [INFO] STEP 3: Deduplication
2026-06-03 10:53:54,751 [INFO]   Input: 18,200 HRIS records
2026-06-03 10:53:54,778 [INFO]   Pass 1 (exact ID): removed 199 duplicate employee_id rows
2026-06-03 10:54:17,295 [INFO]   Pass 2 (exact email): merged 8861 cross-system email matches
2026-06-03 10:54:17,307 [INFO]   Pass 3 (fuzzy name+date): comparing 2,474 AC records against 6,666 GT records across 19 name blocks ...
2026-06-03 10:54:21,474 [INFO]   Pass 3 (fuzzy name+date, threshold=88, ±30d): merged 41 matches, 2425 near-misses queued for review
2026-06-03 10:54:37,742 [INFO]   Deduplication complete: 9,099 golden records (9,101 duplicates removed across all passes)
2026-06-03 10:54:38,004 [INFO]   Ghost employees: 8,498 payroll records with no HRIS match (44.7% of payroll)
2026-06-03 10:54:38,020 [INFO]   Review file written: C:\Users\RhodaArthur\Desktop\Projects\data-engineering\sk-01-capstone-project\output\probable_matches_review.csv
2026-06-03 10:54:38,071 [INFO]   Ghost employees file: C:\Users\RhodaArthur\Desktop\Projects\data-engineering\sk-01-capstone-project\output\ghost_employees.csv
2026-06-03 10:54:38,071 [INFO] STEP 3 complete.
2026-06-03 10:54:38,073 [INFO] ============================================================
2026-06-03 10:54:38,073 [INFO] STEP 4: Data Quality Validation
2026-06-03 10:54:38,103 [INFO]   Quality gate: 14/14 checks passed (100.0%)
2026-06-03 10:54:38,106 [INFO]   Report written: C:\Users\RhodaArthur\Desktop\Projects\data-engineering\sk-01-capstone-project\output\quality_report.csv
2026-06-03 10:54:38,110 [INFO]   Report written: C:\Users\RhodaArthur\Desktop\Projects\data-engineering\sk-01-capstone-project\output\quality_report.html
2026-06-03 10:54:38,110 [INFO] STEP 4 complete.
2026-06-03 10:54:38,110 [INFO] ============================================================
2026-06-03 10:54:38,110 [INFO] PIPELINE COMPLETE
2026-06-03 10:54:38,111 [INFO]   Input records:           18,200
2026-06-03 10:54:38,111 [INFO]   Golden records:          9,099
2026-06-03 10:54:38,111 [INFO]   Review candidates:       2,425
2026-06-03 10:54:38,111 [INFO]   Ghost employees:         8,498
2026-06-03 10:54:38,111 [INFO]   Quality checks passed:   14/14
2026-06-03 10:54:38,111 [INFO]   Duration:                47.5s
2026-06-03 10:54:38,112 [INFO] ============================================================
2026-06-03 12:01:04,501 [INFO] ============================================================
2026-06-03 12:01:04,501 [INFO] Multi-source HR Data Integration PIPELINE
2026-06-03 12:01:04,502 [INFO] Run started: 2026-06-03T12:01:04.501386
2026-06-03 12:01:04,502 [INFO] ============================================================
2026-06-03 12:01:04,502 [INFO] ============================================================
2026-06-03 12:01:04,502 [INFO] STEP 1: Data Ingestion
2026-06-03 12:01:04,503 [INFO] Ingesting GlobalTech HRIS CSV: c:\Users\RhodaArthur\Desktop\Projects\data-engineering\sk-01-capstone-project\src\data\raw\globaltech_hris.csv
2026-06-03 12:01:04,601 [INFO]   Ingested 15000 records from GlobalTech HRIS CSV
2026-06-03 12:01:04,604 [INFO] Ingesting AcquiredCo JSON: c:\Users\RhodaArthur\Desktop\Projects\data-engineering\sk-01-capstone-project\src\data\raw\acquiredco_api.json
2026-06-03 12:01:04,661 [INFO]   Total records in file: 3200
2026-06-03 12:01:04,664 [INFO]   Page 1: ingested 100 records (offset 0–99)
2026-06-03 12:01:04,667 [INFO]   Page 2: ingested 100 records (offset 100–199)
2026-06-03 12:01:04,672 [INFO]   Page 3: ingested 100 records (offset 200–299)
2026-06-03 12:01:04,676 [INFO]   Page 4: ingested 100 records (offset 300–399)
2026-06-03 12:01:04,680 [INFO]   Page 5: ingested 100 records (offset 400–499)
2026-06-03 12:01:04,685 [INFO]   Page 6: ingested 100 records (offset 500–599)
2026-06-03 12:01:04,688 [INFO]   Page 7: ingested 100 records (offset 600–699)
2026-06-03 12:01:04,691 [INFO]   Page 8: ingested 100 records (offset 700–799)
2026-06-03 12:01:04,694 [INFO]   Page 9: ingested 100 records (offset 800–899)
2026-06-03 12:01:04,699 [INFO]   Page 10: ingested 100 records (offset 900–999)
2026-06-03 12:01:04,703 [INFO]   Page 11: ingested 100 records (offset 1000–1099)
2026-06-03 12:01:04,706 [INFO]   Page 12: ingested 100 records (offset 1100–1199)
2026-06-03 12:01:04,710 [INFO]   Page 13: ingested 100 records (offset 1200–1299)
2026-06-03 12:01:04,715 [INFO]   Page 14: ingested 100 records (offset 1300–1399)
2026-06-03 12:01:04,719 [INFO]   Page 15: ingested 100 records (offset 1400–1499)
2026-06-03 12:01:04,723 [INFO]   Page 16: ingested 100 records (offset 1500–1599)
2026-06-03 12:01:04,727 [INFO]   Page 17: ingested 100 records (offset 1600–1699)
2026-06-03 12:01:04,732 [INFO]   Page 18: ingested 100 records (offset 1700–1799)
2026-06-03 12:01:04,737 [INFO]   Page 19: ingested 100 records (offset 1800–1899)
2026-06-03 12:01:04,742 [INFO]   Page 20: ingested 100 records (offset 1900–1999)
2026-06-03 12:01:04,748 [INFO]   Page 21: ingested 100 records (offset 2000–2099)
2026-06-03 12:01:04,752 [INFO]   Page 22: ingested 100 records (offset 2100–2199)
2026-06-03 12:01:04,757 [INFO]   Page 23: ingested 100 records (offset 2200–2299)
2026-06-03 12:01:04,762 [INFO]   Page 24: ingested 100 records (offset 2300–2399)
2026-06-03 12:01:04,766 [INFO]   Page 25: ingested 100 records (offset 2400–2499)
2026-06-03 12:01:04,770 [INFO]   Page 26: ingested 100 records (offset 2500–2599)
2026-06-03 12:01:04,775 [INFO]   Page 27: ingested 100 records (offset 2600–2699)
2026-06-03 12:01:04,780 [INFO]   Page 28: ingested 100 records (offset 2700–2799)
2026-06-03 12:01:04,784 [INFO]   Page 29: ingested 100 records (offset 2800–2899)
2026-06-03 12:01:04,788 [INFO]   Page 30: ingested 100 records (offset 2900–2999)
2026-06-03 12:01:04,794 [INFO]   Page 31: ingested 100 records (offset 3000–3099)
2026-06-03 12:01:04,800 [INFO]   Page 32: ingested 100 records (offset 3100–3199)
2026-06-03 12:01:04,817 [INFO]   Ingested 3200 total records from AcquiredCo JSON
2026-06-03 12:01:04,833 [INFO]   Combined HRIS records: 18200
2026-06-03 12:01:04,839 [INFO]     globaltech_hris: 15000 records
2026-06-03 12:01:04,840 [INFO]     acquiredco_hris: 3200 records
2026-06-03 12:01:04,841 [INFO] Ingesting benefits XML: c:\Users\RhodaArthur\Desktop\Projects\data-engineering\sk-01-capstone-project\src\data\raw\benefits_enrollment.xml
2026-06-03 12:01:05,060 [INFO]   Ingested 12000 enrollment records from benefits XML
2026-06-03 12:01:05,064 [INFO]   Unique enrolled employee IDs: 8283
2026-06-03 12:01:05,077 [INFO] Ingesting payroll Excel: c:\Users\RhodaArthur\Desktop\Projects\data-engineering\sk-01-capstone-project\src\data\raw\payroll_data.xlsx
2026-06-03 12:01:08,122 [INFO]   Ingested 19000 records from payroll Excel
2026-06-03 12:01:08,124 [INFO]   Unique company origins: {'GlobalTech': 13328, 'AcquiredCo': 5672}
2026-06-03 12:01:08,124 [INFO]   Benefits enrollment records: 12000
2026-06-03 12:01:08,124 [INFO]   Payroll records: 19000
2026-06-03 12:01:08,125 [INFO] STEP 1 complete.
2026-06-03 12:01:08,125 [INFO] STEP 2: Cleaning & Standardization
2026-06-03 12:01:08,660 [INFO]       All hire dates within plausible range
2026-06-03 12:01:08,663 [INFO]   All department values match known taxonomy
2026-06-03 12:01:08,663 [INFO] STEP 2 complete. 18200 records cleaned.
2026-06-03 12:01:08,696 [INFO]   salary_usd_annual computed for 19000/19000 payroll records
2026-06-03 12:01:08,697 [INFO] ============================================================
2026-06-03 12:01:08,697 [INFO] STEP 3: Deduplication
2026-06-03 12:01:08,697 [INFO]   Input: 18,200 HRIS records
2026-06-03 12:01:08,712 [INFO]   Pass 1 (exact ID): removed 199 duplicate employee_id rows
2026-06-03 12:01:25,963 [INFO]   Pass 2 (exact email): merged 8861 cross-system email matches
2026-06-03 12:01:25,975 [INFO]   Pass 3 (fuzzy name+date): comparing 2,474 AC records against 6,666 GT records across 19 name blocks ...
2026-06-03 12:01:30,785 [INFO]   Pass 3 (fuzzy name+date, threshold=88, ±30d): merged 41 matches, 2425 near-misses queued for review
2026-06-03 12:01:44,866 [INFO]   Deduplication complete: 9,099 golden records (9,101 duplicates removed across all passes)
2026-06-03 12:01:45,165 [INFO]   Ghost employees: 8,498 payroll records with no HRIS match (44.7% of payroll)
2026-06-03 12:01:45,186 [INFO]   Review file written: c:\Users\RhodaArthur\Desktop\Projects\data-engineering\sk-01-capstone-project\data\output\probable_matches_review.csv
2026-06-03 12:01:45,245 [INFO]   Ghost employees file: c:\Users\RhodaArthur\Desktop\Projects\data-engineering\sk-01-capstone-project\data\output\ghost_employees.csv
2026-06-03 12:01:45,245 [INFO] STEP 3 complete.
2026-06-03 12:01:45,247 [INFO] ============================================================
2026-06-03 12:01:45,248 [INFO] PIPELINE COMPLETE
2026-06-03 12:01:45,248 [INFO]   Input records:           18,200
2026-06-03 12:01:45,248 [INFO]   Golden records:          9,099
2026-06-03 12:01:45,249 [INFO]   Review candidates:       2,425
2026-06-03 12:01:45,249 [INFO]   Ghost employees:         8,498
2026-06-03 12:01:45,249 [INFO]   Duration:                40.7s
2026-06-03 12:01:45,249 [INFO] ============================================================
2026-06-03 12:13:03,886 [INFO] ============================================================
2026-06-03 12:13:03,886 [INFO] Multi-source HR Data Integration PIPELINE
2026-06-03 12:13:03,887 [INFO] Run started: 2026-06-03T12:13:03.886399
2026-06-03 12:13:03,887 [INFO] ============================================================
2026-06-03 12:13:03,887 [INFO] ============================================================
2026-06-03 12:13:03,887 [INFO] STEP 1: Data Ingestion
2026-06-03 12:13:03,888 [INFO] Ingesting GlobalTech HRIS CSV: c:\Users\RhodaArthur\Desktop\Projects\data-engineering\sk-01-capstone-project\src\data\raw\globaltech_hris.csv
2026-06-03 12:13:03,959 [INFO]   Ingested 15000 records from GlobalTech HRIS CSV
2026-06-03 12:13:03,962 [INFO] Ingesting AcquiredCo JSON: c:\Users\RhodaArthur\Desktop\Projects\data-engineering\sk-01-capstone-project\src\data\raw\acquiredco_api.json
2026-06-03 12:13:04,005 [INFO]   Total records in file: 3200
2026-06-03 12:13:04,008 [INFO]   Page 1: ingested 100 records (offset 0–99)
2026-06-03 12:13:04,011 [INFO]   Page 2: ingested 100 records (offset 100–199)
2026-06-03 12:13:04,014 [INFO]   Page 3: ingested 100 records (offset 200–299)
2026-06-03 12:13:04,017 [INFO]   Page 4: ingested 100 records (offset 300–399)
2026-06-03 12:13:04,021 [INFO]   Page 5: ingested 100 records (offset 400–499)
2026-06-03 12:13:04,026 [INFO]   Page 6: ingested 100 records (offset 500–599)
2026-06-03 12:13:04,029 [INFO]   Page 7: ingested 100 records (offset 600–699)
2026-06-03 12:13:04,032 [INFO]   Page 8: ingested 100 records (offset 700–799)
2026-06-03 12:13:04,035 [INFO]   Page 9: ingested 100 records (offset 800–899)
2026-06-03 12:13:04,039 [INFO]   Page 10: ingested 100 records (offset 900–999)
2026-06-03 12:13:04,044 [INFO]   Page 11: ingested 100 records (offset 1000–1099)
2026-06-03 12:13:04,047 [INFO]   Page 12: ingested 100 records (offset 1100–1199)
2026-06-03 12:13:04,051 [INFO]   Page 13: ingested 100 records (offset 1200–1299)
2026-06-03 12:13:04,055 [INFO]   Page 14: ingested 100 records (offset 1300–1399)
2026-06-03 12:13:04,059 [INFO]   Page 15: ingested 100 records (offset 1400–1499)
2026-06-03 12:13:04,063 [INFO]   Page 16: ingested 100 records (offset 1500–1599)
2026-06-03 12:13:04,066 [INFO]   Page 17: ingested 100 records (offset 1600–1699)
2026-06-03 12:13:04,068 [INFO]   Page 18: ingested 100 records (offset 1700–1799)
2026-06-03 12:13:04,072 [INFO]   Page 19: ingested 100 records (offset 1800–1899)
2026-06-03 12:13:04,075 [INFO]   Page 20: ingested 100 records (offset 1900–1999)
2026-06-03 12:13:04,078 [INFO]   Page 21: ingested 100 records (offset 2000–2099)
2026-06-03 12:13:04,082 [INFO]   Page 22: ingested 100 records (offset 2100–2199)
2026-06-03 12:13:04,085 [INFO]   Page 23: ingested 100 records (offset 2200–2299)
2026-06-03 12:13:04,088 [INFO]   Page 24: ingested 100 records (offset 2300–2399)
2026-06-03 12:13:04,091 [INFO]   Page 25: ingested 100 records (offset 2400–2499)
2026-06-03 12:13:04,094 [INFO]   Page 26: ingested 100 records (offset 2500–2599)
2026-06-03 12:13:04,097 [INFO]   Page 27: ingested 100 records (offset 2600–2699)
2026-06-03 12:13:04,100 [INFO]   Page 28: ingested 100 records (offset 2700–2799)
2026-06-03 12:13:04,105 [INFO]   Page 29: ingested 100 records (offset 2800–2899)
2026-06-03 12:13:04,109 [INFO]   Page 30: ingested 100 records (offset 2900–2999)
2026-06-03 12:13:04,112 [INFO]   Page 31: ingested 100 records (offset 3000–3099)
2026-06-03 12:13:04,115 [INFO]   Page 32: ingested 100 records (offset 3100–3199)
2026-06-03 12:13:04,127 [INFO]   Ingested 3200 total records from AcquiredCo JSON
2026-06-03 12:13:04,136 [INFO]   Combined HRIS records: 18200
2026-06-03 12:13:04,140 [INFO]     globaltech_hris: 15000 records
2026-06-03 12:13:04,140 [INFO]     acquiredco_hris: 3200 records
2026-06-03 12:13:04,141 [INFO] Ingesting benefits XML: c:\Users\RhodaArthur\Desktop\Projects\data-engineering\sk-01-capstone-project\src\data\raw\benefits_enrollment.xml
2026-06-03 12:13:04,328 [INFO]   Ingested 12000 enrollment records from benefits XML
2026-06-03 12:13:04,330 [INFO]   Unique enrolled employee IDs: 8283
2026-06-03 12:13:04,343 [INFO] Ingesting payroll Excel: c:\Users\RhodaArthur\Desktop\Projects\data-engineering\sk-01-capstone-project\src\data\raw\payroll_data.xlsx
2026-06-03 12:13:07,072 [INFO]   Ingested 19000 records from payroll Excel
2026-06-03 12:13:07,074 [INFO]   Unique company origins: {'GlobalTech': 13328, 'AcquiredCo': 5672}
2026-06-03 12:13:07,074 [INFO]   Benefits enrollment records: 12000
2026-06-03 12:13:07,074 [INFO]   Payroll records: 19000
2026-06-03 12:13:07,074 [INFO] STEP 1 complete.
2026-06-03 12:13:07,075 [INFO] STEP 2: Cleaning & Standardization
2026-06-03 12:13:07,596 [INFO]       All hire dates within plausible range
2026-06-03 12:13:07,599 [INFO]   All department values match known taxonomy
2026-06-03 12:13:07,599 [INFO] STEP 2 complete. 18200 records cleaned.
2026-06-03 12:13:07,631 [INFO]   salary_usd_annual computed for 19000/19000 payroll records
2026-06-03 12:13:07,631 [INFO] ============================================================
2026-06-03 12:13:07,632 [INFO] STEP 3: Deduplication
2026-06-03 12:13:07,632 [INFO]   Input: 18,200 HRIS records
2026-06-03 12:13:07,650 [INFO]   Pass 1 (exact ID): removed 199 duplicate employee_id rows
2026-06-03 12:13:25,534 [INFO]   Pass 2 (exact email): merged 8861 cross-system email matches
2026-06-03 12:13:25,547 [INFO]   Pass 3 (fuzzy name+date): comparing 2,474 AC records against 6,666 GT records across 19 name blocks ...
2026-06-03 12:13:30,015 [INFO]   Pass 3 (fuzzy name+date, threshold=88, ±30d): merged 41 matches, 2425 near-misses queued for review
2026-06-03 12:13:45,813 [INFO]   Deduplication complete: 9,099 golden records (9,101 duplicates removed across all passes)
2026-06-03 12:13:46,143 [INFO]   Ghost employees: 8,498 payroll records with no HRIS match (44.7% of payroll)
2026-06-03 12:13:46,162 [INFO]   Review file written: c:\Users\RhodaArthur\Desktop\Projects\data-engineering\sk-01-capstone-project\src\data\output\probable_matches_review.csv
2026-06-03 12:13:46,221 [INFO]   Ghost employees file: c:\Users\RhodaArthur\Desktop\Projects\data-engineering\sk-01-capstone-project\src\data\output\ghost_employees.csv
2026-06-03 12:13:46,221 [INFO] STEP 3 complete.
2026-06-03 12:13:46,224 [INFO] ============================================================
2026-06-03 12:13:46,224 [INFO] PIPELINE COMPLETE
2026-06-03 12:13:46,224 [INFO]   Input records:           18,200
2026-06-03 12:13:46,224 [INFO]   Golden records:          9,099
2026-06-03 12:13:46,225 [INFO]   Review candidates:       2,425
2026-06-03 12:13:46,225 [INFO]   Ghost employees:         8,498
2026-06-03 12:13:46,225 [INFO]   Duration:                42.3s
2026-06-03 12:13:46,226 [INFO] ============================================================
2026-06-03 12:24:38,672 [INFO] ============================================================
2026-06-03 12:24:38,673 [INFO] Multi-source HR Data Integration PIPELINE
2026-06-03 12:24:38,674 [INFO] Run started: 2026-06-03T12:24:38.671959
2026-06-03 12:24:38,675 [INFO] ============================================================
2026-06-03 12:24:38,676 [INFO] ============================================================
2026-06-03 12:24:38,677 [INFO] STEP 1: Data Ingestion
2026-06-03 12:24:38,678 [INFO] Ingesting GlobalTech HRIS CSV: C:\Users\RhodaArthur\Desktop\Projects\data-engineering\sk-01-capstone-project\src\data\raw\globaltech_hris.csv
2026-06-03 12:24:38,785 [INFO]   Ingested 15000 records from GlobalTech HRIS CSV
2026-06-03 12:24:38,795 [INFO] Ingesting AcquiredCo JSON: C:\Users\RhodaArthur\Desktop\Projects\data-engineering\sk-01-capstone-project\src\data\raw\acquiredco_api.json
2026-06-03 12:24:38,820 [INFO]   Total records in file: 3200
2026-06-03 12:24:38,823 [INFO]   Page 1: ingested 100 records (offset 0–99)
2026-06-03 12:24:38,826 [INFO]   Page 2: ingested 100 records (offset 100–199)
2026-06-03 12:24:38,829 [INFO]   Page 3: ingested 100 records (offset 200–299)
2026-06-03 12:24:38,832 [INFO]   Page 4: ingested 100 records (offset 300–399)
2026-06-03 12:24:38,836 [INFO]   Page 5: ingested 100 records (offset 400–499)
2026-06-03 12:24:38,839 [INFO]   Page 6: ingested 100 records (offset 500–599)
2026-06-03 12:24:38,841 [INFO]   Page 7: ingested 100 records (offset 600–699)
2026-06-03 12:24:38,844 [INFO]   Page 8: ingested 100 records (offset 700–799)
2026-06-03 12:24:38,847 [INFO]   Page 9: ingested 100 records (offset 800–899)
2026-06-03 12:24:38,850 [INFO]   Page 10: ingested 100 records (offset 900–999)
2026-06-03 12:24:38,852 [INFO]   Page 11: ingested 100 records (offset 1000–1099)
2026-06-03 12:24:38,855 [INFO]   Page 12: ingested 100 records (offset 1100–1199)
2026-06-03 12:24:38,858 [INFO]   Page 13: ingested 100 records (offset 1200–1299)
2026-06-03 12:24:38,861 [INFO]   Page 14: ingested 100 records (offset 1300–1399)
2026-06-03 12:24:38,864 [INFO]   Page 15: ingested 100 records (offset 1400–1499)
2026-06-03 12:24:38,867 [INFO]   Page 16: ingested 100 records (offset 1500–1599)
2026-06-03 12:24:38,870 [INFO]   Page 17: ingested 100 records (offset 1600–1699)
2026-06-03 12:24:38,873 [INFO]   Page 18: ingested 100 records (offset 1700–1799)
2026-06-03 12:24:38,876 [INFO]   Page 19: ingested 100 records (offset 1800–1899)
2026-06-03 12:24:38,879 [INFO]   Page 20: ingested 100 records (offset 1900–1999)
2026-06-03 12:24:38,882 [INFO]   Page 21: ingested 100 records (offset 2000–2099)
2026-06-03 12:24:38,885 [INFO]   Page 22: ingested 100 records (offset 2100–2199)
2026-06-03 12:24:38,888 [INFO]   Page 23: ingested 100 records (offset 2200–2299)
2026-06-03 12:24:38,891 [INFO]   Page 24: ingested 100 records (offset 2300–2399)
2026-06-03 12:24:38,894 [INFO]   Page 25: ingested 100 records (offset 2400–2499)
2026-06-03 12:24:38,897 [INFO]   Page 26: ingested 100 records (offset 2500–2599)
2026-06-03 12:24:38,900 [INFO]   Page 27: ingested 100 records (offset 2600–2699)
2026-06-03 12:24:38,903 [INFO]   Page 28: ingested 100 records (offset 2700–2799)
2026-06-03 12:24:38,906 [INFO]   Page 29: ingested 100 records (offset 2800–2899)
2026-06-03 12:24:38,909 [INFO]   Page 30: ingested 100 records (offset 2900–2999)
2026-06-03 12:24:38,912 [INFO]   Page 31: ingested 100 records (offset 3000–3099)
2026-06-03 12:24:38,915 [INFO]   Page 32: ingested 100 records (offset 3100–3199)
2026-06-03 12:24:38,933 [INFO]   Ingested 3200 total records from AcquiredCo JSON
2026-06-03 12:24:38,943 [INFO]   Combined HRIS records: 18200
2026-06-03 12:24:38,951 [INFO]     globaltech_hris: 15000 records
2026-06-03 12:24:38,952 [INFO]     acquiredco_hris: 3200 records
2026-06-03 12:24:38,953 [INFO] Ingesting benefits XML: C:\Users\RhodaArthur\Desktop\Projects\data-engineering\sk-01-capstone-project\src\data\raw\benefits_enrollment.xml
2026-06-03 12:24:39,106 [INFO]   Ingested 12000 enrollment records from benefits XML
2026-06-03 12:24:39,108 [INFO]   Unique enrolled employee IDs: 8283
2026-06-03 12:24:39,121 [INFO] Ingesting payroll Excel: C:\Users\RhodaArthur\Desktop\Projects\data-engineering\sk-01-capstone-project\src\data\raw\payroll_data.xlsx
2026-06-03 12:24:41,547 [INFO]   Ingested 19000 records from payroll Excel
2026-06-03 12:24:41,553 [INFO]   Unique company origins: {'GlobalTech': 13328, 'AcquiredCo': 5672}
2026-06-03 12:24:41,554 [INFO]   Benefits enrollment records: 12000
2026-06-03 12:24:41,554 [INFO]   Payroll records: 19000
2026-06-03 12:24:41,555 [INFO] STEP 1 complete.
2026-06-03 12:24:41,556 [INFO] STEP 2: Cleaning & Standardization
2026-06-03 12:24:42,094 [INFO]       All hire dates within plausible range
2026-06-03 12:24:42,101 [INFO]   All department values match known taxonomy
2026-06-03 12:24:42,101 [INFO] STEP 2 complete. 18200 records cleaned.
2026-06-03 12:24:42,131 [INFO]   salary_usd_annual computed for 19000/19000 payroll records
2026-06-03 12:24:42,131 [INFO] ============================================================
2026-06-03 12:24:42,132 [INFO] STEP 3: Deduplication
2026-06-03 12:24:42,132 [INFO]   Input: 18,200 HRIS records
2026-06-03 12:24:42,148 [INFO]   Pass 1 (exact ID): removed 199 duplicate employee_id rows
2026-06-03 12:24:59,076 [INFO]   Pass 2 (exact email): merged 8861 cross-system email matches
2026-06-03 12:24:59,092 [INFO]   Pass 3 (fuzzy name+date): comparing 2,474 AC records against 6,666 GT records across 19 name blocks ...
2026-06-03 12:25:03,284 [INFO]   Pass 3 (fuzzy name+date, threshold=88, ±30d): merged 41 matches, 2425 near-misses queued for review
2026-06-03 12:25:18,598 [INFO]   Deduplication complete: 9,099 golden records (9,101 duplicates removed across all passes)
2026-06-03 12:25:18,877 [INFO]   Ghost employees: 8,498 payroll records with no HRIS match (44.7% of payroll)
2026-06-03 12:25:18,895 [INFO]   Review file written: C:\Users\RhodaArthur\Desktop\Projects\data-engineering\sk-01-capstone-project\src\data\output\probable_matches_review.csv
2026-06-03 12:25:18,938 [INFO]   Ghost employees file: C:\Users\RhodaArthur\Desktop\Projects\data-engineering\sk-01-capstone-project\src\data\output\ghost_employees.csv
2026-06-03 12:25:18,939 [INFO] STEP 3 complete.
2026-06-03 12:25:18,941 [INFO] ============================================================
2026-06-03 12:25:18,942 [INFO] STEP 4: Data Quality Validation
2026-06-03 12:25:18,959 [INFO] ============================================================
2026-06-03 12:25:18,960 [INFO] DATA QUALITY REPORT
2026-06-03 12:25:18,960 [INFO] ============================================================
2026-06-03 12:25:18,961 [INFO]   [PASS] NOT NULL: employee_id: 100.0% (0 failed of 9099)
2026-06-03 12:25:18,961 [INFO]   [PASS] UNIQUE: employee_id: 100.0% (0 failed of 9099)
2026-06-03 12:25:18,962 [INFO]   [PASS] REGEX: employee_id: 100.0% (0 failed of 9099)
2026-06-03 12:25:18,962 [INFO]   [PASS] NOT NULL: first_name: 100.0% (0 failed of 9099)
2026-06-03 12:25:18,963 [INFO]   [PASS] NOT NULL: last_name: 100.0% (0 failed of 9099)
2026-06-03 12:25:18,963 [INFO]   [PASS] NOT NULL: email: 100.0% (0 failed of 9099)
2026-06-03 12:25:18,963 [INFO]   [PASS] REGEX: email: 100.0% (0 failed of 9099)
2026-06-03 12:25:18,964 [INFO]   [PASS] UNIQUE: email: 100.0% (0 failed of 9099)
2026-06-03 12:25:18,964 [INFO]   [PASS] NOT NULL: hire_date: 100.0% (0 failed of 9099)
2026-06-03 12:25:18,964 [INFO]   [PASS] DATE RANGE: hire_date: 100.0% (0 failed of 9099)
2026-06-03 12:25:18,965 [INFO]   [PASS] NOT NULL: department: 99.6% (34 failed of 9099)
2026-06-03 12:25:18,965 [INFO]   [PASS] VALUES IN SET: department: 100.0% (0 failed of 9065)
2026-06-03 12:25:18,965 [INFO]   [PASS] COLUMN PRESENT: source_systems: 100.0% (0 failed of 1)
2026-06-03 12:25:18,966 [INFO]   [PASS] MIN ROW COUNT: 100.0% (0 failed of 9099)
2026-06-03 12:25:18,966 [INFO]   [PASS] GHOST RATE: payroll vs HRIS: 51.7% (0 failed of 17597)
2026-06-03 12:25:18,967 [INFO] ============================================================
2026-06-03 12:25:18,968 [INFO]   OVERALL: ALL CHECKS PASSED
2026-06-03 12:25:18,969 [INFO] ============================================================
2026-06-03 12:25:18,971 [INFO]   Report written: C:\Users\RhodaArthur\Desktop\Projects\data-engineering\sk-01-capstone-project\src\data\output\quality_report.csv
2026-06-03 12:25:18,975 [INFO]   Report written: C:\Users\RhodaArthur\Desktop\Projects\data-engineering\sk-01-capstone-project\src\data\output\quality_report.html
2026-06-03 12:25:18,978 [INFO] STEP 4 complete.
2026-06-03 12:25:18,978 [INFO] ============================================================
2026-06-03 12:25:18,979 [INFO] PIPELINE COMPLETE
2026-06-03 12:25:18,979 [INFO]   Input records:           18,200
2026-06-03 12:25:18,980 [INFO]   Golden records:          9,099
2026-06-03 12:25:18,981 [INFO]   Review candidates:       2,425
2026-06-03 12:25:18,981 [INFO]   Ghost employees:         8,498
2026-06-03 12:25:18,982 [INFO]   Quality checks passed:   15/15
2026-06-03 12:25:18,982 [INFO]   Duration:                40.3s
2026-06-03 12:25:18,983 [INFO] ============================================================
2026-06-03 14:13:35,567 [INFO] ============================================================
2026-06-03 14:13:35,568 [INFO] Multi-source HR Data Integration PIPELINE
2026-06-03 14:13:35,568 [INFO] Run started: 2026-06-03T14:13:35.567609
2026-06-03 14:13:35,568 [INFO] ============================================================
2026-06-03 14:13:35,569 [INFO] ============================================================
2026-06-03 14:13:35,569 [INFO] STEP 1: Data Ingestion
2026-06-03 14:13:35,569 [INFO] Ingesting GlobalTech HRIS CSV: c:\Users\RhodaArthur\Desktop\Projects\data-engineering\sk-01-capstone-project\src\data\raw\globaltech_hris.csv
2026-06-03 14:13:35,670 [INFO]   Ingested 15000 records from GlobalTech HRIS CSV
2026-06-03 14:13:35,677 [INFO] Ingesting AcquiredCo JSON: c:\Users\RhodaArthur\Desktop\Projects\data-engineering\sk-01-capstone-project\src\data\raw\acquiredco_api.json
2026-06-03 14:13:35,716 [INFO]   Total records in file: 3200
2026-06-03 14:13:35,719 [INFO]   Page 1: ingested 100 records (offset 0–99)
2026-06-03 14:13:35,722 [INFO]   Page 2: ingested 100 records (offset 100–199)
2026-06-03 14:13:35,725 [INFO]   Page 3: ingested 100 records (offset 200–299)
2026-06-03 14:13:35,729 [INFO]   Page 4: ingested 100 records (offset 300–399)
2026-06-03 14:13:35,732 [INFO]   Page 5: ingested 100 records (offset 400–499)
2026-06-03 14:13:35,735 [INFO]   Page 6: ingested 100 records (offset 500–599)
2026-06-03 14:13:35,737 [INFO]   Page 7: ingested 100 records (offset 600–699)
2026-06-03 14:13:35,740 [INFO]   Page 8: ingested 100 records (offset 700–799)
2026-06-03 14:13:35,742 [INFO]   Page 9: ingested 100 records (offset 800–899)
2026-06-03 14:13:35,744 [INFO]   Page 10: ingested 100 records (offset 900–999)
2026-06-03 14:13:35,746 [INFO]   Page 11: ingested 100 records (offset 1000–1099)
2026-06-03 14:13:35,749 [INFO]   Page 12: ingested 100 records (offset 1100–1199)
2026-06-03 14:13:35,751 [INFO]   Page 13: ingested 100 records (offset 1200–1299)
2026-06-03 14:13:35,752 [INFO]   Page 14: ingested 100 records (offset 1300–1399)
2026-06-03 14:13:35,755 [INFO]   Page 15: ingested 100 records (offset 1400–1499)
2026-06-03 14:13:35,757 [INFO]   Page 16: ingested 100 records (offset 1500–1599)
2026-06-03 14:13:35,759 [INFO]   Page 17: ingested 100 records (offset 1600–1699)
2026-06-03 14:13:35,762 [INFO]   Page 18: ingested 100 records (offset 1700–1799)
2026-06-03 14:13:35,764 [INFO]   Page 19: ingested 100 records (offset 1800–1899)
2026-06-03 14:13:35,766 [INFO]   Page 20: ingested 100 records (offset 1900–1999)
2026-06-03 14:13:35,768 [INFO]   Page 21: ingested 100 records (offset 2000–2099)
2026-06-03 14:13:35,770 [INFO]   Page 22: ingested 100 records (offset 2100–2199)
2026-06-03 14:13:35,772 [INFO]   Page 23: ingested 100 records (offset 2200–2299)
2026-06-03 14:13:35,774 [INFO]   Page 24: ingested 100 records (offset 2300–2399)
2026-06-03 14:13:35,776 [INFO]   Page 25: ingested 100 records (offset 2400–2499)
2026-06-03 14:13:35,780 [INFO]   Page 26: ingested 100 records (offset 2500–2599)
2026-06-03 14:13:35,782 [INFO]   Page 27: ingested 100 records (offset 2600–2699)
2026-06-03 14:13:35,783 [INFO]   Page 28: ingested 100 records (offset 2700–2799)
2026-06-03 14:13:35,785 [INFO]   Page 29: ingested 100 records (offset 2800–2899)
2026-06-03 14:13:35,787 [INFO]   Page 30: ingested 100 records (offset 2900–2999)
2026-06-03 14:13:35,789 [INFO]   Page 31: ingested 100 records (offset 3000–3099)
2026-06-03 14:13:35,791 [INFO]   Page 32: ingested 100 records (offset 3100–3199)
2026-06-03 14:13:35,806 [INFO]   Ingested 3200 total records from AcquiredCo JSON
2026-06-03 14:13:35,815 [INFO]   Combined HRIS records: 18200
2026-06-03 14:13:35,823 [INFO]     globaltech_hris: 15000 records
2026-06-03 14:13:35,824 [INFO]     acquiredco_hris: 3200 records
2026-06-03 14:13:35,824 [INFO] Ingesting benefits XML: c:\Users\RhodaArthur\Desktop\Projects\data-engineering\sk-01-capstone-project\src\data\raw\benefits_enrollment.xml
2026-06-03 14:13:35,969 [INFO]   Ingested 12000 enrollment records from benefits XML
2026-06-03 14:13:35,971 [INFO]   Unique enrolled employee IDs: 8283
2026-06-03 14:13:35,981 [INFO] Ingesting payroll Excel: c:\Users\RhodaArthur\Desktop\Projects\data-engineering\sk-01-capstone-project\src\data\raw\payroll_data.xlsx
2026-06-03 14:13:37,995 [INFO]   Ingested 19000 records from payroll Excel
2026-06-03 14:13:38,000 [INFO]   Unique company origins: {'GlobalTech': 13328, 'AcquiredCo': 5672}
2026-06-03 14:13:38,000 [INFO]   Benefits enrollment records: 12000
2026-06-03 14:13:38,001 [INFO]   Payroll records: 19000
2026-06-03 14:13:38,001 [INFO] STEP 1 complete.
2026-06-03 14:13:38,002 [INFO] STEP 2: Cleaning & Standardization
2026-06-03 14:13:38,418 [INFO]       All hire dates within plausible range
2026-06-03 14:13:38,426 [INFO]   All department values match known taxonomy
2026-06-03 14:13:38,427 [INFO] STEP 2 complete. 18200 records cleaned.
2026-06-03 14:13:38,452 [INFO]   salary_usd_annual computed for 19000/19000 payroll records
2026-06-03 14:13:38,453 [INFO] ============================================================
2026-06-03 14:13:38,453 [INFO] STEP 3: Deduplication
2026-06-03 14:13:38,453 [INFO]   Input: 18,200 HRIS records
2026-06-03 14:13:38,466 [INFO]   Pass 1 (exact ID): removed 199 duplicate employee_id rows
2026-06-03 14:13:49,641 [INFO]   Pass 2 (exact email): merged 8861 cross-system email matches
2026-06-03 14:13:49,655 [INFO]   Pass 3 (fuzzy name+date): comparing 2,474 AC records against 6,666 GT records across 19 name blocks ...
2026-06-03 14:13:52,659 [INFO]   Pass 3 (fuzzy name+date, threshold=88, ±30d): merged 41 matches, 2425 near-misses queued for review
2026-06-03 14:14:02,520 [INFO]   Deduplication complete: 9,099 golden records (9,101 duplicates removed across all passes)
2026-06-03 14:14:02,764 [INFO]   Ghost employees: 8,498 payroll records with no HRIS match (44.7% of payroll)
2026-06-03 14:14:02,781 [INFO]   Review file written: c:\Users\RhodaArthur\Desktop\Projects\data-engineering\sk-01-capstone-project\src\data\output\probable_matches_review.csv
2026-06-03 14:14:02,826 [INFO]   Ghost employees file: c:\Users\RhodaArthur\Desktop\Projects\data-engineering\sk-01-capstone-project\src\data\output\ghost_employees.csv
2026-06-03 14:14:02,826 [INFO] STEP 3 complete.
2026-06-03 14:14:02,828 [INFO] ============================================================
2026-06-03 14:14:02,829 [INFO] STEP 4: Data Quality Validation
2026-06-03 14:14:02,846 [INFO] ============================================================
2026-06-03 14:14:02,846 [INFO] DATA QUALITY REPORT
2026-06-03 14:14:02,846 [INFO] ============================================================
2026-06-03 14:14:02,847 [INFO]   [PASS] NOT NULL: employee_id: 100.0% (0 failed of 9099)
2026-06-03 14:14:02,847 [INFO]   [PASS] UNIQUE: employee_id: 100.0% (0 failed of 9099)
2026-06-03 14:14:02,847 [INFO]   [PASS] REGEX: employee_id: 100.0% (0 failed of 9099)
2026-06-03 14:14:02,847 [INFO]   [PASS] NOT NULL: first_name: 100.0% (0 failed of 9099)
2026-06-03 14:14:02,847 [INFO]   [PASS] NOT NULL: last_name: 100.0% (0 failed of 9099)
2026-06-03 14:14:02,848 [INFO]   [PASS] NOT NULL: email: 100.0% (0 failed of 9099)
2026-06-03 14:14:02,848 [INFO]   [PASS] REGEX: email: 100.0% (0 failed of 9099)
2026-06-03 14:14:02,848 [INFO]   [PASS] UNIQUE: email: 100.0% (0 failed of 9099)
2026-06-03 14:14:02,848 [INFO]   [PASS] NOT NULL: hire_date: 100.0% (0 failed of 9099)
2026-06-03 14:14:02,848 [INFO]   [PASS] DATE RANGE: hire_date: 100.0% (0 failed of 9099)
2026-06-03 14:14:02,849 [INFO]   [PASS] NOT NULL: department: 99.6% (34 failed of 9099)
2026-06-03 14:14:02,849 [INFO]   [PASS] VALUES IN SET: department: 100.0% (0 failed of 9065)
2026-06-03 14:14:02,849 [INFO]   [PASS] COLUMN PRESENT: source_systems: 100.0% (0 failed of 1)
2026-06-03 14:14:02,849 [INFO]   [PASS] MIN ROW COUNT: 100.0% (0 failed of 9099)
2026-06-03 14:14:02,850 [INFO]   [PASS] GHOST RATE: payroll vs HRIS: 51.7% (0 failed of 17597)
2026-06-03 14:14:02,850 [INFO] ============================================================
2026-06-03 14:14:02,851 [INFO]   OVERALL: ALL CHECKS PASSED
2026-06-03 14:14:02,851 [INFO] ============================================================
2026-06-03 14:14:02,853 [INFO]   Report written: c:\Users\RhodaArthur\Desktop\Projects\data-engineering\sk-01-capstone-project\src\data\output\quality_report.csv
2026-06-03 14:14:02,856 [INFO]   Report written: c:\Users\RhodaArthur\Desktop\Projects\data-engineering\sk-01-capstone-project\src\data\output\quality_report.html
2026-06-03 14:14:02,859 [INFO] STEP 4 complete.
2026-06-03 14:14:02,859 [INFO] ============================================================
2026-06-03 14:14:02,859 [INFO] PIPELINE COMPLETE
2026-06-03 14:14:02,860 [INFO]   Input records:           18,200
2026-06-03 14:14:02,860 [INFO]   Golden records:          9,099
2026-06-03 14:14:02,861 [INFO]   Review candidates:       2,425
2026-06-03 14:14:02,861 [INFO]   Ghost employees:         8,498
2026-06-03 14:14:02,862 [INFO]   Quality checks passed:   15/15
2026-06-03 14:14:02,862 [INFO]   Duration:                27.3s
2026-06-03 14:14:02,862 [INFO] ============================================================
2026-06-03 14:36:33,945 [INFO] ============================================================
2026-06-03 14:36:33,948 [INFO] Multi-source HR Data Integration PIPELINE
2026-06-03 14:36:33,949 [INFO] Run started: 2026-06-03T14:36:33.945955
2026-06-03 14:36:33,950 [INFO] ============================================================
2026-06-03 14:36:33,951 [INFO] ============================================================
2026-06-03 14:36:33,953 [INFO] STEP 1: Data Ingestion
2026-06-03 14:36:33,953 [INFO] Ingesting GlobalTech HRIS CSV: C:\Users\RhodaArthur\Desktop\Projects\data-engineering\sk-01-capstone-project\src\data\raw\globaltech_hris.csv
2026-06-03 14:36:34,020 [INFO]   Ingested 15000 records from GlobalTech HRIS CSV
2026-06-03 14:36:34,023 [INFO] Ingesting AcquiredCo JSON: C:\Users\RhodaArthur\Desktop\Projects\data-engineering\sk-01-capstone-project\src\data\raw\acquiredco_api.json
2026-06-03 14:36:34,060 [INFO]   Total records in file: 3200
2026-06-03 14:36:34,064 [INFO]   Page 1: ingested 100 records (offset 0–99)
2026-06-03 14:36:34,067 [INFO]   Page 2: ingested 100 records (offset 100–199)
2026-06-03 14:36:34,070 [INFO]   Page 3: ingested 100 records (offset 200–299)
2026-06-03 14:36:34,073 [INFO]   Page 4: ingested 100 records (offset 300–399)
2026-06-03 14:36:34,076 [INFO]   Page 5: ingested 100 records (offset 400–499)
2026-06-03 14:36:34,079 [INFO]   Page 6: ingested 100 records (offset 500–599)
2026-06-03 14:36:34,082 [INFO]   Page 7: ingested 100 records (offset 600–699)
2026-06-03 14:36:34,085 [INFO]   Page 8: ingested 100 records (offset 700–799)
2026-06-03 14:36:34,089 [INFO]   Page 9: ingested 100 records (offset 800–899)
2026-06-03 14:36:34,092 [INFO]   Page 10: ingested 100 records (offset 900–999)
2026-06-03 14:36:34,094 [INFO]   Page 11: ingested 100 records (offset 1000–1099)
2026-06-03 14:36:34,098 [INFO]   Page 12: ingested 100 records (offset 1100–1199)
2026-06-03 14:36:34,102 [INFO]   Page 13: ingested 100 records (offset 1200–1299)
2026-06-03 14:36:34,105 [INFO]   Page 14: ingested 100 records (offset 1300–1399)
2026-06-03 14:36:34,107 [INFO]   Page 15: ingested 100 records (offset 1400–1499)
2026-06-03 14:36:34,110 [INFO]   Page 16: ingested 100 records (offset 1500–1599)
2026-06-03 14:36:34,112 [INFO]   Page 17: ingested 100 records (offset 1600–1699)
2026-06-03 14:36:34,117 [INFO]   Page 18: ingested 100 records (offset 1700–1799)
2026-06-03 14:36:34,120 [INFO]   Page 19: ingested 100 records (offset 1800–1899)
2026-06-03 14:36:34,122 [INFO]   Page 20: ingested 100 records (offset 1900–1999)
2026-06-03 14:36:34,125 [INFO]   Page 21: ingested 100 records (offset 2000–2099)
2026-06-03 14:36:34,127 [INFO]   Page 22: ingested 100 records (offset 2100–2199)
2026-06-03 14:36:34,130 [INFO]   Page 23: ingested 100 records (offset 2200–2299)
2026-06-03 14:36:34,134 [INFO]   Page 24: ingested 100 records (offset 2300–2399)
2026-06-03 14:36:34,137 [INFO]   Page 25: ingested 100 records (offset 2400–2499)
2026-06-03 14:36:34,139 [INFO]   Page 26: ingested 100 records (offset 2500–2599)
2026-06-03 14:36:34,142 [INFO]   Page 27: ingested 100 records (offset 2600–2699)
2026-06-03 14:36:34,145 [INFO]   Page 28: ingested 100 records (offset 2700–2799)
2026-06-03 14:36:34,149 [INFO]   Page 29: ingested 100 records (offset 2800–2899)
2026-06-03 14:36:34,152 [INFO]   Page 30: ingested 100 records (offset 2900–2999)
2026-06-03 14:36:34,154 [INFO]   Page 31: ingested 100 records (offset 3000–3099)
2026-06-03 14:36:34,157 [INFO]   Page 32: ingested 100 records (offset 3100–3199)
2026-06-03 14:36:34,167 [INFO]   Ingested 3200 total records from AcquiredCo JSON
2026-06-03 14:36:34,175 [INFO]   Combined HRIS records: 18200
2026-06-03 14:36:34,178 [INFO]     globaltech_hris: 15000 records
2026-06-03 14:36:34,179 [INFO]     acquiredco_hris: 3200 records
2026-06-03 14:36:34,180 [INFO] Ingesting benefits XML: C:\Users\RhodaArthur\Desktop\Projects\data-engineering\sk-01-capstone-project\src\data\raw\benefits_enrollment.xml
2026-06-03 14:36:34,344 [INFO]   Ingested 12000 enrollment records from benefits XML
2026-06-03 14:36:34,346 [INFO]   Unique enrolled employee IDs: 8283
2026-06-03 14:36:34,359 [INFO] Ingesting payroll Excel: C:\Users\RhodaArthur\Desktop\Projects\data-engineering\sk-01-capstone-project\src\data\raw\payroll_data.xlsx
2026-06-03 14:36:36,377 [INFO]   Ingested 19000 records from payroll Excel
2026-06-03 14:36:36,380 [INFO]   Unique company origins: {'GlobalTech': 13328, 'AcquiredCo': 5672}
2026-06-03 14:36:36,381 [INFO]   Benefits enrollment records: 12000
2026-06-03 14:36:36,381 [INFO]   Payroll records: 19000
2026-06-03 14:36:36,382 [INFO] STEP 1 complete.
2026-06-03 14:36:36,383 [INFO] STEP 2: Cleaning & Standardization
2026-06-03 14:36:36,810 [INFO]       All hire dates within plausible range
2026-06-03 14:36:36,813 [INFO]   All department values match known taxonomy
2026-06-03 14:36:36,814 [INFO] STEP 2 complete. 18200 records cleaned.
2026-06-03 14:36:36,839 [INFO]   salary_usd_annual computed for 19000/19000 payroll records
2026-06-03 14:36:36,840 [INFO] ============================================================
2026-06-03 14:36:36,840 [INFO] STEP 3: Deduplication
2026-06-03 14:36:36,841 [INFO]   Input: 18,200 HRIS records
2026-06-03 14:36:36,852 [INFO]   Pass 1 (exact ID): removed 199 duplicate employee_id rows
2026-06-03 14:36:52,237 [INFO]   Pass 2 (exact email): merged 8861 cross-system email matches
2026-06-03 14:36:52,247 [INFO]   Pass 3 (fuzzy name+date): comparing 2,474 AC records against 6,666 GT records across 19 name blocks ...
2026-06-03 14:36:55,706 [INFO]   Pass 3 (fuzzy name+date, threshold=88, ±30d): merged 41 matches, 2425 near-misses queued for review
2026-06-03 14:37:06,995 [INFO]   Deduplication complete: 9,099 golden records (9,101 duplicates removed across all passes)
2026-06-03 14:37:07,318 [INFO]   Ghost employees: 8,498 payroll records with no HRIS match (44.7% of payroll)
2026-06-03 14:37:07,337 [INFO]   Review file written: C:\Users\RhodaArthur\Desktop\Projects\data-engineering\sk-01-capstone-project\src\data\output\probable_matches_review.csv
2026-06-03 14:37:07,387 [INFO]   Ghost employees file: C:\Users\RhodaArthur\Desktop\Projects\data-engineering\sk-01-capstone-project\src\data\output\ghost_employees.csv
2026-06-03 14:37:07,387 [INFO] STEP 3 complete.
2026-06-03 14:37:07,389 [INFO] ============================================================
2026-06-03 14:37:07,390 [INFO] STEP 4: Data Quality Validation
2026-06-03 14:37:07,401 [INFO] ============================================================
2026-06-03 14:37:07,402 [INFO] DATA QUALITY REPORT
2026-06-03 14:37:07,402 [INFO] ============================================================
2026-06-03 14:37:07,403 [INFO]   [PASS] NOT NULL: employee_id: 100.0% (0 failed of 9099)
2026-06-03 14:37:07,403 [INFO]   [PASS] UNIQUE: employee_id: 100.0% (0 failed of 9099)
2026-06-03 14:37:07,403 [INFO]   [PASS] REGEX: employee_id: 100.0% (0 failed of 9099)
2026-06-03 14:37:07,404 [INFO]   [PASS] NOT NULL: first_name: 100.0% (0 failed of 9099)
2026-06-03 14:37:07,404 [INFO]   [PASS] NOT NULL: last_name: 100.0% (0 failed of 9099)
2026-06-03 14:37:07,404 [INFO]   [PASS] NOT NULL: email: 100.0% (0 failed of 9099)
2026-06-03 14:37:07,405 [INFO]   [PASS] REGEX: email: 100.0% (0 failed of 9099)
2026-06-03 14:37:07,405 [INFO]   [PASS] UNIQUE: email: 100.0% (0 failed of 9099)
2026-06-03 14:37:07,406 [INFO]   [PASS] NOT NULL: hire_date: 100.0% (0 failed of 9099)
2026-06-03 14:37:07,406 [INFO]   [PASS] DATE RANGE: hire_date: 100.0% (0 failed of 9099)
2026-06-03 14:37:07,407 [INFO]   [PASS] NOT NULL: department: 99.6% (34 failed of 9099)
2026-06-03 14:37:07,407 [INFO]   [PASS] VALUES IN SET: department: 100.0% (0 failed of 9065)
2026-06-03 14:37:07,408 [INFO]   [PASS] COLUMN PRESENT: source_systems: 100.0% (0 failed of 1)
2026-06-03 14:37:07,408 [INFO]   [PASS] MIN ROW COUNT: 100.0% (0 failed of 9099)
2026-06-03 14:37:07,409 [INFO]   [PASS] GHOST RATE: payroll vs HRIS: 51.7% (0 failed of 17597)
2026-06-03 14:37:07,410 [INFO] ============================================================
2026-06-03 14:37:07,411 [INFO]   OVERALL: ALL CHECKS PASSED
2026-06-03 14:37:07,411 [INFO] ============================================================
2026-06-03 14:37:07,413 [INFO]   Report written: C:\Users\RhodaArthur\Desktop\Projects\data-engineering\sk-01-capstone-project\src\data\output\quality_report.csv
2026-06-03 14:37:07,416 [INFO]   Report written: C:\Users\RhodaArthur\Desktop\Projects\data-engineering\sk-01-capstone-project\src\data\output\quality_report.html
2026-06-03 14:37:07,418 [INFO] STEP 4 complete.
2026-06-03 14:37:07,418 [INFO] ============================================================
2026-06-03 14:37:07,419 [INFO] STEP 5: EDA & Visualization Report
2026-06-03 14:46:59,368 [INFO] ============================================================
2026-06-03 14:46:59,370 [INFO] Multi-source HR Data Integration PIPELINE
2026-06-03 14:46:59,370 [INFO] Run started: 2026-06-03T14:46:59.368644
2026-06-03 14:46:59,371 [INFO] ============================================================
2026-06-03 14:46:59,371 [INFO] ============================================================
2026-06-03 14:46:59,372 [INFO] STEP 1: Data Ingestion
2026-06-03 14:46:59,372 [INFO] Ingesting GlobalTech HRIS CSV: C:\Users\RhodaArthur\Desktop\Projects\data-engineering\sk-01-capstone-project\src\data\raw\globaltech_hris.csv
2026-06-03 14:46:59,420 [INFO]   Ingested 15000 records from GlobalTech HRIS CSV
2026-06-03 14:46:59,423 [INFO] Ingesting AcquiredCo JSON: C:\Users\RhodaArthur\Desktop\Projects\data-engineering\sk-01-capstone-project\src\data\raw\acquiredco_api.json
2026-06-03 14:46:59,446 [INFO]   Total records in file: 3200
2026-06-03 14:46:59,449 [INFO]   Page 1: ingested 100 records (offset 0–99)
2026-06-03 14:46:59,451 [INFO]   Page 2: ingested 100 records (offset 100–199)
2026-06-03 14:46:59,454 [INFO]   Page 3: ingested 100 records (offset 200–299)
2026-06-03 14:46:59,456 [INFO]   Page 4: ingested 100 records (offset 300–399)
2026-06-03 14:46:59,460 [INFO]   Page 5: ingested 100 records (offset 400–499)
2026-06-03 14:46:59,463 [INFO]   Page 6: ingested 100 records (offset 500–599)
2026-06-03 14:46:59,466 [INFO]   Page 7: ingested 100 records (offset 600–699)
2026-06-03 14:46:59,468 [INFO]   Page 8: ingested 100 records (offset 700–799)
2026-06-03 14:46:59,471 [INFO]   Page 9: ingested 100 records (offset 800–899)
2026-06-03 14:46:59,473 [INFO]   Page 10: ingested 100 records (offset 900–999)
2026-06-03 14:46:59,476 [INFO]   Page 11: ingested 100 records (offset 1000–1099)
2026-06-03 14:46:59,478 [INFO]   Page 12: ingested 100 records (offset 1100–1199)
2026-06-03 14:46:59,481 [INFO]   Page 13: ingested 100 records (offset 1200–1299)
2026-06-03 14:46:59,483 [INFO]   Page 14: ingested 100 records (offset 1300–1399)
2026-06-03 14:46:59,486 [INFO]   Page 15: ingested 100 records (offset 1400–1499)
2026-06-03 14:46:59,488 [INFO]   Page 16: ingested 100 records (offset 1500–1599)
2026-06-03 14:46:59,490 [INFO]   Page 17: ingested 100 records (offset 1600–1699)
2026-06-03 14:46:59,493 [INFO]   Page 18: ingested 100 records (offset 1700–1799)
2026-06-03 14:46:59,496 [INFO]   Page 19: ingested 100 records (offset 1800–1899)
2026-06-03 14:46:59,498 [INFO]   Page 20: ingested 100 records (offset 1900–1999)
2026-06-03 14:46:59,500 [INFO]   Page 21: ingested 100 records (offset 2000–2099)
2026-06-03 14:46:59,503 [INFO]   Page 22: ingested 100 records (offset 2100–2199)
2026-06-03 14:46:59,505 [INFO]   Page 23: ingested 100 records (offset 2200–2299)
2026-06-03 14:46:59,508 [INFO]   Page 24: ingested 100 records (offset 2300–2399)
2026-06-03 14:46:59,511 [INFO]   Page 25: ingested 100 records (offset 2400–2499)
2026-06-03 14:46:59,514 [INFO]   Page 26: ingested 100 records (offset 2500–2599)
2026-06-03 14:46:59,517 [INFO]   Page 27: ingested 100 records (offset 2600–2699)
2026-06-03 14:46:59,519 [INFO]   Page 28: ingested 100 records (offset 2700–2799)
2026-06-03 14:46:59,522 [INFO]   Page 29: ingested 100 records (offset 2800–2899)
2026-06-03 14:46:59,525 [INFO]   Page 30: ingested 100 records (offset 2900–2999)
2026-06-03 14:46:59,528 [INFO]   Page 31: ingested 100 records (offset 3000–3099)
2026-06-03 14:46:59,531 [INFO]   Page 32: ingested 100 records (offset 3100–3199)
2026-06-03 14:46:59,541 [INFO]   Ingested 3200 total records from AcquiredCo JSON
2026-06-03 14:46:59,549 [INFO]   Combined HRIS records: 18200
2026-06-03 14:46:59,552 [INFO]     globaltech_hris: 15000 records
2026-06-03 14:46:59,552 [INFO]     acquiredco_hris: 3200 records
2026-06-03 14:46:59,553 [INFO] Ingesting benefits XML: C:\Users\RhodaArthur\Desktop\Projects\data-engineering\sk-01-capstone-project\src\data\raw\benefits_enrollment.xml
2026-06-03 14:46:59,702 [INFO]   Ingested 12000 enrollment records from benefits XML
2026-06-03 14:46:59,705 [INFO]   Unique enrolled employee IDs: 8283
2026-06-03 14:46:59,718 [INFO] Ingesting payroll Excel: C:\Users\RhodaArthur\Desktop\Projects\data-engineering\sk-01-capstone-project\src\data\raw\payroll_data.xlsx
2026-06-03 14:47:01,582 [INFO]   Ingested 19000 records from payroll Excel
2026-06-03 14:47:01,584 [INFO]   Unique company origins: {'GlobalTech': 13328, 'AcquiredCo': 5672}
2026-06-03 14:47:01,585 [INFO]   Benefits enrollment records: 12000
2026-06-03 14:47:01,585 [INFO]   Payroll records: 19000
2026-06-03 14:47:01,586 [INFO] STEP 1 complete.
2026-06-03 14:47:01,586 [INFO] STEP 2: Cleaning & Standardization
2026-06-03 14:47:02,004 [INFO]       All hire dates within plausible range
2026-06-03 14:47:02,007 [INFO]   All department values match known taxonomy
2026-06-03 14:47:02,007 [INFO] STEP 2 complete. 18200 records cleaned.
2026-06-03 14:47:02,035 [INFO]   salary_usd_annual computed for 19000/19000 payroll records
2026-06-03 14:47:02,036 [INFO] ============================================================
2026-06-03 14:47:02,036 [INFO] STEP 3: Deduplication
2026-06-03 14:47:02,037 [INFO]   Input: 18,200 HRIS records
2026-06-03 14:47:02,053 [INFO]   Pass 1 (exact ID): removed 199 duplicate employee_id rows
2026-06-03 14:47:16,609 [INFO]   Pass 2 (exact email): merged 8861 cross-system email matches
2026-06-03 14:47:16,620 [INFO]   Pass 3 (fuzzy name+date): comparing 2,474 AC records against 6,666 GT records across 19 name blocks ...
2026-06-03 14:47:19,838 [INFO]   Pass 3 (fuzzy name+date, threshold=88, ±30d): merged 41 matches, 2425 near-misses queued for review
2026-06-03 14:47:31,481 [INFO]   Deduplication complete: 9,099 golden records (9,101 duplicates removed across all passes)
2026-06-03 14:47:31,728 [INFO]   Ghost employees: 8,498 payroll records with no HRIS match (44.7% of payroll)
2026-06-03 14:47:31,744 [INFO]   Review file written: C:\Users\RhodaArthur\Desktop\Projects\data-engineering\sk-01-capstone-project\src\data\output\probable_matches_review.csv
2026-06-03 14:47:31,788 [INFO]   Ghost employees file: C:\Users\RhodaArthur\Desktop\Projects\data-engineering\sk-01-capstone-project\src\data\output\ghost_employees.csv
2026-06-03 14:47:31,789 [INFO] STEP 3 complete.
2026-06-03 14:47:31,791 [INFO] ============================================================
2026-06-03 14:47:31,791 [INFO] STEP 4: Data Quality Validation
2026-06-03 14:47:31,801 [INFO] ============================================================
2026-06-03 14:47:31,802 [INFO] DATA QUALITY REPORT
2026-06-03 14:47:31,802 [INFO] ============================================================
2026-06-03 14:47:31,803 [INFO]   [PASS] NOT NULL: employee_id: 100.0% (0 failed of 9099)
2026-06-03 14:47:31,803 [INFO]   [PASS] UNIQUE: employee_id: 100.0% (0 failed of 9099)
2026-06-03 14:47:31,804 [INFO]   [PASS] REGEX: employee_id: 100.0% (0 failed of 9099)
2026-06-03 14:47:31,804 [INFO]   [PASS] NOT NULL: first_name: 100.0% (0 failed of 9099)
2026-06-03 14:47:31,805 [INFO]   [PASS] NOT NULL: last_name: 100.0% (0 failed of 9099)
2026-06-03 14:47:31,805 [INFO]   [PASS] NOT NULL: email: 100.0% (0 failed of 9099)
2026-06-03 14:47:31,806 [INFO]   [PASS] REGEX: email: 100.0% (0 failed of 9099)
2026-06-03 14:47:31,806 [INFO]   [PASS] UNIQUE: email: 100.0% (0 failed of 9099)
2026-06-03 14:47:31,806 [INFO]   [PASS] NOT NULL: hire_date: 100.0% (0 failed of 9099)
2026-06-03 14:47:31,807 [INFO]   [PASS] DATE RANGE: hire_date: 100.0% (0 failed of 9099)
2026-06-03 14:47:31,807 [INFO]   [PASS] NOT NULL: department: 99.6% (34 failed of 9099)
2026-06-03 14:47:31,807 [INFO]   [PASS] VALUES IN SET: department: 100.0% (0 failed of 9065)
2026-06-03 14:47:31,808 [INFO]   [PASS] COLUMN PRESENT: source_systems: 100.0% (0 failed of 1)
2026-06-03 14:47:31,808 [INFO]   [PASS] MIN ROW COUNT: 100.0% (0 failed of 9099)
2026-06-03 14:47:31,808 [INFO]   [PASS] GHOST RATE: payroll vs HRIS: 51.7% (0 failed of 17597)
2026-06-03 14:47:31,809 [INFO] ============================================================
2026-06-03 14:47:31,810 [INFO]   OVERALL: ALL CHECKS PASSED
2026-06-03 14:47:31,810 [INFO] ============================================================
2026-06-03 14:47:31,812 [INFO]   Report written: C:\Users\RhodaArthur\Desktop\Projects\data-engineering\sk-01-capstone-project\src\data\output\quality_report.csv
2026-06-03 14:47:31,815 [INFO]   Report written: C:\Users\RhodaArthur\Desktop\Projects\data-engineering\sk-01-capstone-project\src\data\output\quality_report.html
2026-06-03 14:47:31,816 [INFO] STEP 4 complete.
2026-06-03 14:47:31,816 [INFO] ============================================================
2026-06-03 14:47:31,817 [INFO] STEP 5: EDA & Visualization Report
2026-06-03 14:47:34,650 [INFO]   EDA report saved: C:\Users\RhodaArthur\Desktop\Projects\data-engineering\sk-01-capstone-project\src\data\output\eda_report.png
2026-06-03 14:47:34,651 [INFO] STEP 5 complete.
2026-06-03 14:47:34,651 [INFO] ============================================================
2026-06-03 14:47:34,652 [INFO] PIPELINE COMPLETE
2026-06-03 14:47:34,652 [INFO]   Input records:           18,200
2026-06-03 14:47:34,653 [INFO]   Golden records:          9,099
2026-06-03 14:47:34,653 [INFO]   Review candidates:       2,425
2026-06-03 14:47:34,654 [INFO]   Ghost employees:         8,498
2026-06-03 14:47:34,655 [INFO]   Quality checks passed:   15/15
2026-06-03 14:47:34,655 [INFO]   Duration:                35.3s
2026-06-03 14:47:34,656 [INFO] ============================================================
2026-06-03 14:48:57,853 [INFO] ============================================================
2026-06-03 14:48:57,853 [INFO] Multi-source HR Data Integration PIPELINE
2026-06-03 14:48:57,854 [INFO] Run started: 2026-06-03T14:48:57.853215
2026-06-03 14:48:57,854 [INFO] ============================================================
2026-06-03 14:48:57,854 [INFO] ============================================================
2026-06-03 14:48:57,855 [INFO] STEP 1: Data Ingestion
2026-06-03 14:48:57,855 [INFO] Ingesting GlobalTech HRIS CSV: C:\Users\RhodaArthur\Desktop\Projects\data-engineering\sk-01-capstone-project\src\data\raw\globaltech_hris.csv
2026-06-03 14:48:57,908 [INFO]   Ingested 15000 records from GlobalTech HRIS CSV
2026-06-03 14:48:57,911 [INFO] Ingesting AcquiredCo JSON: C:\Users\RhodaArthur\Desktop\Projects\data-engineering\sk-01-capstone-project\src\data\raw\acquiredco_api.json
2026-06-03 14:48:57,930 [INFO]   Total records in file: 3200
2026-06-03 14:48:57,935 [INFO]   Page 1: ingested 100 records (offset 0–99)
2026-06-03 14:48:57,938 [INFO]   Page 2: ingested 100 records (offset 100–199)
2026-06-03 14:48:57,942 [INFO]   Page 3: ingested 100 records (offset 200–299)
2026-06-03 14:48:57,946 [INFO]   Page 4: ingested 100 records (offset 300–399)
2026-06-03 14:48:57,949 [INFO]   Page 5: ingested 100 records (offset 400–499)
2026-06-03 14:48:57,953 [INFO]   Page 6: ingested 100 records (offset 500–599)
2026-06-03 14:48:57,957 [INFO]   Page 7: ingested 100 records (offset 600–699)
2026-06-03 14:48:57,959 [INFO]   Page 8: ingested 100 records (offset 700–799)
2026-06-03 14:48:57,962 [INFO]   Page 9: ingested 100 records (offset 800–899)
2026-06-03 14:48:57,964 [INFO]   Page 10: ingested 100 records (offset 900–999)
2026-06-03 14:48:57,967 [INFO]   Page 11: ingested 100 records (offset 1000–1099)
2026-06-03 14:48:57,970 [INFO]   Page 12: ingested 100 records (offset 1100–1199)
2026-06-03 14:48:57,973 [INFO]   Page 13: ingested 100 records (offset 1200–1299)
2026-06-03 14:48:57,976 [INFO]   Page 14: ingested 100 records (offset 1300–1399)
2026-06-03 14:48:57,979 [INFO]   Page 15: ingested 100 records (offset 1400–1499)
2026-06-03 14:48:57,982 [INFO]   Page 16: ingested 100 records (offset 1500–1599)
2026-06-03 14:48:57,985 [INFO]   Page 17: ingested 100 records (offset 1600–1699)
2026-06-03 14:48:57,987 [INFO]   Page 18: ingested 100 records (offset 1700–1799)
2026-06-03 14:48:57,989 [INFO]   Page 19: ingested 100 records (offset 1800–1899)
2026-06-03 14:48:57,991 [INFO]   Page 20: ingested 100 records (offset 1900–1999)
2026-06-03 14:48:57,994 [INFO]   Page 21: ingested 100 records (offset 2000–2099)
2026-06-03 14:48:57,996 [INFO]   Page 22: ingested 100 records (offset 2100–2199)
2026-06-03 14:48:57,999 [INFO]   Page 23: ingested 100 records (offset 2200–2299)
2026-06-03 14:48:58,001 [INFO]   Page 24: ingested 100 records (offset 2300–2399)
2026-06-03 14:48:58,004 [INFO]   Page 25: ingested 100 records (offset 2400–2499)
2026-06-03 14:48:58,006 [INFO]   Page 26: ingested 100 records (offset 2500–2599)
2026-06-03 14:48:58,008 [INFO]   Page 27: ingested 100 records (offset 2600–2699)
2026-06-03 14:48:58,011 [INFO]   Page 28: ingested 100 records (offset 2700–2799)
2026-06-03 14:48:58,013 [INFO]   Page 29: ingested 100 records (offset 2800–2899)
2026-06-03 14:48:58,016 [INFO]   Page 30: ingested 100 records (offset 2900–2999)
2026-06-03 14:48:58,018 [INFO]   Page 31: ingested 100 records (offset 3000–3099)
2026-06-03 14:48:58,020 [INFO]   Page 32: ingested 100 records (offset 3100–3199)
2026-06-03 14:48:58,029 [INFO]   Ingested 3200 total records from AcquiredCo JSON
2026-06-03 14:48:58,037 [INFO]   Combined HRIS records: 18200
2026-06-03 14:48:58,040 [INFO]     globaltech_hris: 15000 records
2026-06-03 14:48:58,040 [INFO]     acquiredco_hris: 3200 records
2026-06-03 14:48:58,041 [INFO] Ingesting benefits XML: C:\Users\RhodaArthur\Desktop\Projects\data-engineering\sk-01-capstone-project\src\data\raw\benefits_enrollment.xml
2026-06-03 14:48:58,163 [INFO]   Ingested 12000 enrollment records from benefits XML
2026-06-03 14:48:58,165 [INFO]   Unique enrolled employee IDs: 8283
2026-06-03 14:48:58,178 [INFO] Ingesting payroll Excel: C:\Users\RhodaArthur\Desktop\Projects\data-engineering\sk-01-capstone-project\src\data\raw\payroll_data.xlsx
2026-06-03 14:49:00,133 [INFO]   Ingested 19000 records from payroll Excel
2026-06-03 14:49:00,134 [INFO]   Unique company origins: {'GlobalTech': 13328, 'AcquiredCo': 5672}
2026-06-03 14:49:00,135 [INFO]   Benefits enrollment records: 12000
2026-06-03 14:49:00,135 [INFO]   Payroll records: 19000
2026-06-03 14:49:00,136 [INFO] STEP 1 complete.
2026-06-03 14:49:00,137 [INFO] STEP 2: Cleaning & Standardization
2026-06-03 14:49:00,537 [INFO]       All hire dates within plausible range
2026-06-03 14:49:00,539 [INFO]   All department values match known taxonomy
2026-06-03 14:49:00,540 [INFO] STEP 2 complete. 18200 records cleaned.
2026-06-03 14:49:00,563 [INFO]   salary_usd_annual computed for 19000/19000 payroll records
2026-06-03 14:49:00,564 [INFO] ============================================================
2026-06-03 14:49:00,564 [INFO] STEP 3: Deduplication
2026-06-03 14:49:00,565 [INFO]   Input: 18,200 HRIS records
2026-06-03 14:49:00,575 [INFO]   Pass 1 (exact ID): removed 199 duplicate employee_id rows
2026-06-03 14:49:13,005 [INFO]   Pass 2 (exact email): merged 8861 cross-system email matches
2026-06-03 14:49:13,015 [INFO]   Pass 3 (fuzzy name+date): comparing 2,474 AC records against 6,666 GT records across 19 name blocks ...
2026-06-03 14:49:16,762 [INFO]   Pass 3 (fuzzy name+date, threshold=88, ±30d): merged 41 matches, 2425 near-misses queued for review
2026-06-03 14:49:29,120 [INFO]   Deduplication complete: 9,099 golden records (9,101 duplicates removed across all passes)
2026-06-03 14:49:29,387 [INFO]   Ghost employees: 8,498 payroll records with no HRIS match (44.7% of payroll)
2026-06-03 14:49:29,404 [INFO]   Review file written: C:\Users\RhodaArthur\Desktop\Projects\data-engineering\sk-01-capstone-project\src\data\output\probable_matches_review.csv
2026-06-03 14:49:29,449 [INFO]   Ghost employees file: C:\Users\RhodaArthur\Desktop\Projects\data-engineering\sk-01-capstone-project\src\data\output\ghost_employees.csv
2026-06-03 14:49:29,450 [INFO] STEP 3 complete.
2026-06-03 14:49:29,452 [INFO] ============================================================
2026-06-03 14:49:29,452 [INFO] STEP 4: Data Quality Validation
2026-06-03 14:49:29,466 [INFO] ============================================================
2026-06-03 14:49:29,466 [INFO] DATA QUALITY REPORT
2026-06-03 14:49:29,467 [INFO] ============================================================
2026-06-03 14:49:29,467 [INFO]   [PASS] NOT NULL: employee_id: 100.0% (0 failed of 9099)
2026-06-03 14:49:29,468 [INFO]   [PASS] UNIQUE: employee_id: 100.0% (0 failed of 9099)
2026-06-03 14:49:29,468 [INFO]   [PASS] REGEX: employee_id: 100.0% (0 failed of 9099)
2026-06-03 14:49:29,469 [INFO]   [PASS] NOT NULL: first_name: 100.0% (0 failed of 9099)
2026-06-03 14:49:29,469 [INFO]   [PASS] NOT NULL: last_name: 100.0% (0 failed of 9099)
2026-06-03 14:49:29,470 [INFO]   [PASS] NOT NULL: email: 100.0% (0 failed of 9099)
2026-06-03 14:49:29,470 [INFO]   [PASS] REGEX: email: 100.0% (0 failed of 9099)
2026-06-03 14:49:29,470 [INFO]   [PASS] UNIQUE: email: 100.0% (0 failed of 9099)
2026-06-03 14:49:29,471 [INFO]   [PASS] NOT NULL: hire_date: 100.0% (0 failed of 9099)
2026-06-03 14:49:29,471 [INFO]   [PASS] DATE RANGE: hire_date: 100.0% (0 failed of 9099)
2026-06-03 14:49:29,472 [INFO]   [PASS] NOT NULL: department: 99.6% (34 failed of 9099)
2026-06-03 14:49:29,472 [INFO]   [PASS] VALUES IN SET: department: 100.0% (0 failed of 9065)
2026-06-03 14:49:29,473 [INFO]   [PASS] COLUMN PRESENT: source_systems: 100.0% (0 failed of 1)
2026-06-03 14:49:29,473 [INFO]   [PASS] MIN ROW COUNT: 100.0% (0 failed of 9099)
2026-06-03 14:49:29,473 [INFO]   [PASS] GHOST RATE: payroll vs HRIS: 51.7% (0 failed of 17597)
2026-06-03 14:49:29,474 [INFO] ============================================================
2026-06-03 14:49:29,475 [INFO]   OVERALL: ALL CHECKS PASSED
2026-06-03 14:49:29,475 [INFO] ============================================================
2026-06-03 14:49:29,478 [INFO]   Report written: C:\Users\RhodaArthur\Desktop\Projects\data-engineering\sk-01-capstone-project\src\data\output\quality_report.csv
2026-06-03 14:49:29,482 [INFO]   Report written: C:\Users\RhodaArthur\Desktop\Projects\data-engineering\sk-01-capstone-project\src\data\output\quality_report.html
2026-06-03 14:49:29,483 [INFO] STEP 4 complete.
2026-06-03 14:49:29,484 [INFO] ============================================================
2026-06-03 14:49:29,484 [INFO] STEP 5: EDA & Visualization Report
2026-06-03 14:49:32,466 [INFO]   EDA report saved: C:\Users\RhodaArthur\Desktop\Projects\data-engineering\sk-01-capstone-project\src\data\output\eda_report.png
2026-06-03 14:49:32,467 [INFO] STEP 5 complete.
2026-06-03 14:49:32,467 [INFO] ============================================================
2026-06-03 14:49:32,468 [INFO] PIPELINE COMPLETE
2026-06-03 14:49:32,468 [INFO]   Input records:           18,200
2026-06-03 14:49:32,468 [INFO]   Golden records:          9,099
2026-06-03 14:49:32,469 [INFO]   Review candidates:       2,425
2026-06-03 14:49:32,469 [INFO]   Ghost employees:         8,498
2026-06-03 14:49:32,470 [INFO]   Quality checks passed:   15/15
2026-06-03 14:49:32,471 [INFO]   Duration:                34.6s
2026-06-03 14:49:32,471 [INFO] ============================================================
2026-06-03 15:13:39,188 [INFO] ============================================================
2026-06-03 15:13:39,191 [INFO] Multi-source HR Data Integration PIPELINE
2026-06-03 15:13:39,191 [INFO] Run started: 2026-06-03T15:13:39.188728
2026-06-03 15:13:39,192 [INFO] ============================================================
2026-06-03 15:13:39,192 [INFO] ============================================================
2026-06-03 15:13:39,192 [INFO] STEP 1: Data Ingestion
2026-06-03 15:13:39,193 [INFO] Ingesting GlobalTech HRIS CSV: C:\Users\RhodaArthur\Desktop\Projects\data-engineering\sk-01-capstone-project\src\data\raw\globaltech_hris.csv
2026-06-03 15:13:39,241 [INFO]   Ingested 15000 records from GlobalTech HRIS CSV
2026-06-03 15:13:39,244 [INFO] Ingesting AcquiredCo JSON: C:\Users\RhodaArthur\Desktop\Projects\data-engineering\sk-01-capstone-project\src\data\raw\acquiredco_api.json
2026-06-03 15:13:39,263 [INFO]   Total records in file: 3200
2026-06-03 15:13:39,266 [INFO]   Page 1: ingested 100 records (offset 0–99)
2026-06-03 15:13:39,269 [INFO]   Page 2: ingested 100 records (offset 100–199)
2026-06-03 15:13:39,272 [INFO]   Page 3: ingested 100 records (offset 200–299)
2026-06-03 15:13:39,274 [INFO]   Page 4: ingested 100 records (offset 300–399)
2026-06-03 15:13:39,277 [INFO]   Page 5: ingested 100 records (offset 400–499)
2026-06-03 15:13:39,279 [INFO]   Page 6: ingested 100 records (offset 500–599)
2026-06-03 15:13:39,282 [INFO]   Page 7: ingested 100 records (offset 600–699)
2026-06-03 15:13:39,284 [INFO]   Page 8: ingested 100 records (offset 700–799)
2026-06-03 15:13:39,288 [INFO]   Page 9: ingested 100 records (offset 800–899)
2026-06-03 15:13:39,290 [INFO]   Page 10: ingested 100 records (offset 900–999)
2026-06-03 15:13:39,293 [INFO]   Page 11: ingested 100 records (offset 1000–1099)
2026-06-03 15:13:39,296 [INFO]   Page 12: ingested 100 records (offset 1100–1199)
2026-06-03 15:13:39,298 [INFO]   Page 13: ingested 100 records (offset 1200–1299)
2026-06-03 15:13:39,300 [INFO]   Page 14: ingested 100 records (offset 1300–1399)
2026-06-03 15:13:39,304 [INFO]   Page 15: ingested 100 records (offset 1400–1499)
2026-06-03 15:13:39,307 [INFO]   Page 16: ingested 100 records (offset 1500–1599)
2026-06-03 15:13:39,309 [INFO]   Page 17: ingested 100 records (offset 1600–1699)
2026-06-03 15:13:39,312 [INFO]   Page 18: ingested 100 records (offset 1700–1799)
2026-06-03 15:13:39,314 [INFO]   Page 19: ingested 100 records (offset 1800–1899)
2026-06-03 15:13:39,317 [INFO]   Page 20: ingested 100 records (offset 1900–1999)
2026-06-03 15:13:39,320 [INFO]   Page 21: ingested 100 records (offset 2000–2099)
2026-06-03 15:13:39,323 [INFO]   Page 22: ingested 100 records (offset 2100–2199)
2026-06-03 15:13:39,326 [INFO]   Page 23: ingested 100 records (offset 2200–2299)
2026-06-03 15:13:39,329 [INFO]   Page 24: ingested 100 records (offset 2300–2399)
2026-06-03 15:13:39,331 [INFO]   Page 25: ingested 100 records (offset 2400–2499)
2026-06-03 15:13:39,333 [INFO]   Page 26: ingested 100 records (offset 2500–2599)
2026-06-03 15:13:39,337 [INFO]   Page 27: ingested 100 records (offset 2600–2699)
2026-06-03 15:13:39,340 [INFO]   Page 28: ingested 100 records (offset 2700–2799)
2026-06-03 15:13:39,343 [INFO]   Page 29: ingested 100 records (offset 2800–2899)
2026-06-03 15:13:39,345 [INFO]   Page 30: ingested 100 records (offset 2900–2999)
2026-06-03 15:13:39,347 [INFO]   Page 31: ingested 100 records (offset 3000–3099)
2026-06-03 15:13:39,350 [INFO]   Page 32: ingested 100 records (offset 3100–3199)
2026-06-03 15:13:39,360 [INFO]   Ingested 3200 total records from AcquiredCo JSON
2026-06-03 15:13:39,367 [INFO]   Combined HRIS records: 18200
2026-06-03 15:13:39,371 [INFO]     globaltech_hris: 15000 records
2026-06-03 15:13:39,372 [INFO]     acquiredco_hris: 3200 records
2026-06-03 15:13:39,373 [INFO] Ingesting benefits XML: C:\Users\RhodaArthur\Desktop\Projects\data-engineering\sk-01-capstone-project\src\data\raw\benefits_enrollment.xml
2026-06-03 15:13:39,518 [INFO]   Ingested 12000 enrollment records from benefits XML
2026-06-03 15:13:39,522 [INFO]   Unique enrolled employee IDs: 8283
2026-06-03 15:13:39,533 [INFO] Ingesting payroll Excel: C:\Users\RhodaArthur\Desktop\Projects\data-engineering\sk-01-capstone-project\src\data\raw\payroll_data.xlsx
2026-06-03 15:13:41,614 [INFO]   Ingested 19000 records from payroll Excel
2026-06-03 15:13:41,617 [INFO]   Unique company origins: {'GlobalTech': 13328, 'AcquiredCo': 5672}
2026-06-03 15:13:41,617 [INFO]   Benefits enrollment records: 12000
2026-06-03 15:13:41,618 [INFO]   Payroll records: 19000
2026-06-03 15:13:41,619 [INFO] STEP 1 complete.
2026-06-03 15:13:41,620 [INFO] STEP 2: Cleaning & Standardization
2026-06-03 15:13:42,056 [INFO]       All hire dates within plausible range
2026-06-03 15:13:42,058 [INFO]   All department values match known taxonomy
2026-06-03 15:13:42,059 [INFO] STEP 2 complete. 18200 records cleaned.
2026-06-03 15:13:42,085 [INFO]   salary_usd_annual computed for 19000/19000 payroll records
2026-06-03 15:13:42,237 [INFO]   Payroll employee IDs namespaced to HRIS format
2026-06-03 15:13:42,253 [INFO]   Benefits employee IDs namespaced to HRIS format
2026-06-03 15:13:42,253 [INFO] ============================================================
2026-06-03 15:13:42,254 [INFO] STEP 3: Deduplication
2026-06-03 15:13:42,255 [INFO]   Input: 18,200 HRIS records
2026-06-03 15:13:42,265 [INFO]   Pass 1 (exact ID): removed 199 duplicate employee_id rows
2026-06-03 15:13:59,697 [INFO]   Pass 2 (exact email): merged 8861 cross-system email matches
2026-06-03 15:13:59,706 [INFO]   Pass 3 (fuzzy name+date): comparing 2,474 AC records against 6,666 GT records across 19 name blocks ...
2026-06-03 15:14:03,200 [INFO]   Pass 3 (fuzzy name+date, threshold=88, ±30d): merged 41 matches, 2425 near-misses queued for review
2026-06-03 15:14:14,494 [INFO]   Deduplication complete: 9,099 golden records (9,101 duplicates removed across all passes)
2026-06-03 15:14:14,799 [INFO]   Ghost employees: 8,498 payroll records with no HRIS match (44.7% of payroll)
2026-06-03 15:14:14,815 [INFO]   Review file written: C:\Users\RhodaArthur\Desktop\Projects\data-engineering\sk-01-capstone-project\src\data\output\probable_matches_review.csv
2026-06-03 15:14:14,860 [INFO]   Ghost employees file: C:\Users\RhodaArthur\Desktop\Projects\data-engineering\sk-01-capstone-project\src\data\output\ghost_employees.csv
2026-06-03 15:14:14,861 [INFO] STEP 3 complete.
2026-06-03 15:14:14,863 [INFO] ============================================================
2026-06-03 15:14:14,863 [INFO] STEP 4: Data Quality Validation
2026-06-03 15:14:14,874 [INFO] ============================================================
2026-06-03 15:14:14,874 [INFO] DATA QUALITY REPORT
2026-06-03 15:14:14,875 [INFO] ============================================================
2026-06-03 15:14:14,876 [INFO]   [PASS] NOT NULL: employee_id: 100.0% (0 failed of 9099)
2026-06-03 15:14:14,876 [INFO]   [PASS] UNIQUE: employee_id: 100.0% (0 failed of 9099)
2026-06-03 15:14:14,877 [INFO]   [PASS] REGEX: employee_id: 100.0% (0 failed of 9099)
2026-06-03 15:14:14,877 [INFO]   [PASS] NOT NULL: first_name: 100.0% (0 failed of 9099)
2026-06-03 15:14:14,878 [INFO]   [PASS] NOT NULL: last_name: 100.0% (0 failed of 9099)
2026-06-03 15:14:14,878 [INFO]   [PASS] NOT NULL: email: 100.0% (0 failed of 9099)
2026-06-03 15:14:14,878 [INFO]   [PASS] REGEX: email: 100.0% (0 failed of 9099)
2026-06-03 15:14:14,879 [INFO]   [PASS] UNIQUE: email: 100.0% (0 failed of 9099)
2026-06-03 15:14:14,879 [INFO]   [PASS] NOT NULL: hire_date: 100.0% (0 failed of 9099)
2026-06-03 15:14:14,880 [INFO]   [PASS] DATE RANGE: hire_date: 100.0% (0 failed of 9099)
2026-06-03 15:14:14,882 [INFO]   [PASS] NOT NULL: department: 99.6% (34 failed of 9099)
2026-06-03 15:14:14,882 [INFO]   [PASS] VALUES IN SET: department: 100.0% (0 failed of 9065)
2026-06-03 15:14:14,882 [INFO]   [PASS] COLUMN PRESENT: source_systems: 100.0% (0 failed of 1)
2026-06-03 15:14:14,883 [INFO]   [PASS] MIN ROW COUNT: 100.0% (0 failed of 9099)
2026-06-03 15:14:14,883 [INFO]   [PASS] GHOST RATE: payroll vs HRIS: 51.7% (0 failed of 17597)
2026-06-03 15:14:14,884 [INFO] ============================================================
2026-06-03 15:14:14,884 [INFO]   OVERALL: ALL CHECKS PASSED
2026-06-03 15:14:14,885 [INFO] ============================================================
2026-06-03 15:14:14,887 [INFO]   Report written: C:\Users\RhodaArthur\Desktop\Projects\data-engineering\sk-01-capstone-project\src\data\output\quality_report.csv
2026-06-03 15:14:14,890 [INFO]   Report written: C:\Users\RhodaArthur\Desktop\Projects\data-engineering\sk-01-capstone-project\src\data\output\quality_report.html
2026-06-03 15:14:14,892 [INFO] STEP 4 complete.
2026-06-03 15:14:14,892 [INFO] ============================================================
2026-06-03 15:14:14,892 [INFO] STEP 5: EDA & Visualization Report
2026-06-03 15:14:17,474 [INFO]   EDA report saved: C:\Users\RhodaArthur\Desktop\Projects\data-engineering\sk-01-capstone-project\src\data\output\eda_report.png
2026-06-03 15:14:17,475 [INFO] STEP 5 complete.
2026-06-03 15:14:17,475 [INFO] ============================================================
2026-06-03 15:14:17,476 [INFO] PIPELINE COMPLETE
2026-06-03 15:14:17,476 [INFO]   Input records:           18,200
2026-06-03 15:14:17,476 [INFO]   Golden records:          9,099
2026-06-03 15:14:17,477 [INFO]   Review candidates:       2,425
2026-06-03 15:14:17,477 [INFO]   Ghost employees:         8,498
2026-06-03 15:14:17,478 [INFO]   Quality checks passed:   15/15
2026-06-03 15:14:17,478 [INFO]   Duration:                38.3s
2026-06-03 15:14:17,479 [INFO] ============================================================
2026-06-03 15:25:46,120 [INFO] ============================================================
2026-06-03 15:25:46,122 [INFO] Multi-source HR Data Integration PIPELINE
2026-06-03 15:25:46,124 [INFO] Run started: 2026-06-03T15:25:46.120921
2026-06-03 15:25:46,125 [INFO] ============================================================
2026-06-03 15:25:46,126 [INFO] ============================================================
2026-06-03 15:25:46,126 [INFO] STEP 1: Data Ingestion
2026-06-03 15:25:46,134 [INFO] Ingesting GlobalTech HRIS CSV: c:\Users\RhodaArthur\Desktop\Projects\data-engineering\sk-01-capstone-project\src\data\raw\globaltech_hris.csv
2026-06-03 15:25:46,333 [INFO]   Ingested 15000 records from GlobalTech HRIS CSV
2026-06-03 15:25:46,338 [INFO] Ingesting AcquiredCo JSON: c:\Users\RhodaArthur\Desktop\Projects\data-engineering\sk-01-capstone-project\src\data\raw\acquiredco_api.json
2026-06-03 15:25:46,392 [INFO]   Total records in file: 3200
2026-06-03 15:25:46,398 [INFO]   Page 1: ingested 100 records (offset 0–99)
2026-06-03 15:25:46,404 [INFO]   Page 2: ingested 100 records (offset 100–199)
2026-06-03 15:25:46,411 [INFO]   Page 3: ingested 100 records (offset 200–299)
2026-06-03 15:25:46,419 [INFO]   Page 4: ingested 100 records (offset 300–399)
2026-06-03 15:25:46,425 [INFO]   Page 5: ingested 100 records (offset 400–499)
2026-06-03 15:25:46,431 [INFO]   Page 6: ingested 100 records (offset 500–599)
2026-06-03 15:25:46,438 [INFO]   Page 7: ingested 100 records (offset 600–699)
2026-06-03 15:25:46,444 [INFO]   Page 8: ingested 100 records (offset 700–799)
2026-06-03 15:25:46,456 [INFO]   Page 9: ingested 100 records (offset 800–899)
2026-06-03 15:25:46,462 [INFO]   Page 10: ingested 100 records (offset 900–999)
2026-06-03 15:25:46,472 [INFO]   Page 11: ingested 100 records (offset 1000–1099)
2026-06-03 15:25:46,478 [INFO]   Page 12: ingested 100 records (offset 1100–1199)
2026-06-03 15:25:46,485 [INFO]   Page 13: ingested 100 records (offset 1200–1299)
2026-06-03 15:25:46,492 [INFO]   Page 14: ingested 100 records (offset 1300–1399)
2026-06-03 15:25:46,502 [INFO]   Page 15: ingested 100 records (offset 1400–1499)
2026-06-03 15:25:46,507 [INFO]   Page 16: ingested 100 records (offset 1500–1599)
2026-06-03 15:25:46,515 [INFO]   Page 17: ingested 100 records (offset 1600–1699)
2026-06-03 15:25:46,522 [INFO]   Page 18: ingested 100 records (offset 1700–1799)
2026-06-03 15:25:46,542 [INFO]   Page 19: ingested 100 records (offset 1800–1899)
2026-06-03 15:25:46,556 [INFO]   Page 20: ingested 100 records (offset 1900–1999)
2026-06-03 15:25:46,564 [INFO]   Page 21: ingested 100 records (offset 2000–2099)
2026-06-03 15:25:46,574 [INFO]   Page 22: ingested 100 records (offset 2100–2199)
2026-06-03 15:25:46,585 [INFO]   Page 23: ingested 100 records (offset 2200–2299)
2026-06-03 15:25:46,593 [INFO]   Page 24: ingested 100 records (offset 2300–2399)
2026-06-03 15:25:46,634 [INFO]   Page 25: ingested 100 records (offset 2400–2499)
2026-06-03 15:25:46,641 [INFO]   Page 26: ingested 100 records (offset 2500–2599)
2026-06-03 15:25:46,655 [INFO]   Page 27: ingested 100 records (offset 2600–2699)
2026-06-03 15:25:46,663 [INFO]   Page 28: ingested 100 records (offset 2700–2799)
2026-06-03 15:25:46,673 [INFO]   Page 29: ingested 100 records (offset 2800–2899)
2026-06-03 15:25:46,694 [INFO]   Page 30: ingested 100 records (offset 2900–2999)
2026-06-03 15:25:46,708 [INFO]   Page 31: ingested 100 records (offset 3000–3099)
2026-06-03 15:25:46,721 [INFO]   Page 32: ingested 100 records (offset 3100–3199)
2026-06-03 15:25:46,755 [INFO]   Ingested 3200 total records from AcquiredCo JSON
2026-06-03 15:25:46,776 [INFO]   Combined HRIS records: 18200
2026-06-03 15:25:46,787 [INFO]     globaltech_hris: 15000 records
2026-06-03 15:25:46,790 [INFO]     acquiredco_hris: 3200 records
2026-06-03 15:25:46,791 [INFO] Ingesting benefits XML: c:\Users\RhodaArthur\Desktop\Projects\data-engineering\sk-01-capstone-project\src\data\raw\benefits_enrollment.xml
2026-06-03 15:25:47,191 [INFO]   Ingested 12000 enrollment records from benefits XML
2026-06-03 15:25:47,195 [INFO]   Unique enrolled employee IDs: 8283
2026-06-03 15:25:47,215 [INFO] Ingesting payroll Excel: c:\Users\RhodaArthur\Desktop\Projects\data-engineering\sk-01-capstone-project\src\data\raw\payroll_data.xlsx
2026-06-03 15:25:52,929 [INFO]   Ingested 19000 records from payroll Excel
2026-06-03 15:25:52,938 [INFO]   Unique company origins: {'GlobalTech': 13328, 'AcquiredCo': 5672}
2026-06-03 15:25:52,947 [INFO]   Benefits enrollment records: 12000
2026-06-03 15:25:52,953 [INFO]   Payroll records: 19000
2026-06-03 15:25:52,957 [INFO] STEP 1 complete.
2026-06-03 15:25:52,970 [INFO] STEP 2: Cleaning & Standardization
2026-06-03 15:25:54,340 [INFO]       All hire dates within plausible range
2026-06-03 15:25:54,346 [INFO]   All department values match known taxonomy
2026-06-03 15:25:54,348 [INFO] STEP 2 complete. 18200 records cleaned.
2026-06-03 15:25:54,434 [INFO]   salary_usd_annual computed for 19000/19000 payroll records
2026-06-03 15:25:55,000 [INFO]   Benefits employee IDs namespaced to HRIS format
2026-06-03 15:25:55,002 [INFO] ============================================================
2026-06-03 15:25:55,004 [INFO] STEP 3: Deduplication
2026-06-03 15:25:55,006 [INFO]   Input: 18,200 HRIS records
2026-06-03 15:25:55,041 [INFO]   Pass 1 (exact ID): removed 199 duplicate employee_id rows
2026-06-03 15:26:32,064 [INFO]   Pass 2 (exact email): merged 8861 cross-system email matches
2026-06-03 15:26:32,094 [INFO]   Pass 3 (fuzzy name+date): comparing 2,474 AC records against 6,666 GT records across 19 name blocks ...
2026-06-03 15:26:43,079 [INFO]   Pass 3 (fuzzy name+date, threshold=88, ±30d): merged 41 matches, 2425 near-misses queued for review
2026-06-03 15:27:13,562 [INFO]   Deduplication complete: 9,099 golden records (9,101 duplicates removed across all passes)
2026-06-03 15:27:14,055 [INFO]   Ghost employees: 8,498 payroll records with no HRIS match (44.7% of payroll)
2026-06-03 15:27:14,084 [INFO]   Review file written: c:\Users\RhodaArthur\Desktop\Projects\data-engineering\sk-01-capstone-project\src\data\output\probable_matches_review.csv
2026-06-03 15:27:14,147 [INFO]   Ghost employees file: c:\Users\RhodaArthur\Desktop\Projects\data-engineering\sk-01-capstone-project\src\data\output\ghost_employees.csv
2026-06-03 15:27:14,147 [INFO] STEP 3 complete.
2026-06-03 15:27:14,149 [INFO] ============================================================
2026-06-03 15:27:14,149 [INFO] STEP 4: Data Quality Validation
2026-06-03 15:27:14,166 [INFO] ============================================================
2026-06-03 15:27:14,166 [INFO] DATA QUALITY REPORT
2026-06-03 15:27:14,167 [INFO] ============================================================
2026-06-03 15:27:14,167 [INFO]   [PASS] NOT NULL: employee_id: 100.0% (0 failed of 9099)
2026-06-03 15:27:14,167 [INFO]   [PASS] UNIQUE: employee_id: 100.0% (0 failed of 9099)
2026-06-03 15:27:14,167 [INFO]   [PASS] REGEX: employee_id: 100.0% (0 failed of 9099)
2026-06-03 15:27:14,167 [INFO]   [PASS] NOT NULL: first_name: 100.0% (0 failed of 9099)
2026-06-03 15:27:14,168 [INFO]   [PASS] NOT NULL: last_name: 100.0% (0 failed of 9099)
2026-06-03 15:27:14,168 [INFO]   [PASS] NOT NULL: email: 100.0% (0 failed of 9099)
2026-06-03 15:27:14,168 [INFO]   [PASS] REGEX: email: 100.0% (0 failed of 9099)
2026-06-03 15:27:14,168 [INFO]   [PASS] UNIQUE: email: 100.0% (0 failed of 9099)
2026-06-03 15:27:14,169 [INFO]   [PASS] NOT NULL: hire_date: 100.0% (0 failed of 9099)
2026-06-03 15:27:14,169 [INFO]   [PASS] DATE RANGE: hire_date: 100.0% (0 failed of 9099)
2026-06-03 15:27:14,169 [INFO]   [PASS] NOT NULL: department: 99.6% (34 failed of 9099)
2026-06-03 15:27:14,170 [INFO]   [PASS] VALUES IN SET: department: 100.0% (0 failed of 9065)
2026-06-03 15:27:14,170 [INFO]   [PASS] COLUMN PRESENT: source_systems: 100.0% (0 failed of 1)
2026-06-03 15:27:14,170 [INFO]   [PASS] MIN ROW COUNT: 100.0% (0 failed of 9099)
2026-06-03 15:27:14,171 [INFO]   [PASS] GHOST RATE: payroll vs HRIS: 51.7% (0 failed of 17597)
2026-06-03 15:27:14,174 [INFO] ============================================================
2026-06-03 15:27:14,176 [INFO]   OVERALL: ALL CHECKS PASSED
2026-06-03 15:27:14,176 [INFO] ============================================================
2026-06-03 15:27:14,180 [INFO]   Report written: c:\Users\RhodaArthur\Desktop\Projects\data-engineering\sk-01-capstone-project\src\data\output\quality_report.csv
2026-06-03 15:27:14,185 [INFO]   Report written: c:\Users\RhodaArthur\Desktop\Projects\data-engineering\sk-01-capstone-project\src\data\output\quality_report.html
2026-06-03 15:27:14,187 [INFO] STEP 4 complete.
2026-06-03 15:27:14,187 [INFO] ============================================================
2026-06-03 15:27:14,187 [INFO] STEP 5: EDA & Visualization Report
2026-06-03 15:27:21,270 [INFO]   EDA report saved: c:\Users\RhodaArthur\Desktop\Projects\data-engineering\sk-01-capstone-project\src\data\output\eda_report.png
2026-06-03 15:27:21,271 [INFO] STEP 5 complete.
2026-06-03 15:27:21,271 [INFO] ============================================================
2026-06-03 15:27:21,271 [INFO] PIPELINE COMPLETE
2026-06-03 15:27:21,271 [INFO]   Input records:           18,200
2026-06-03 15:27:21,272 [INFO]   Golden records:          9,099
2026-06-03 15:27:21,272 [INFO]   Review candidates:       2,425
2026-06-03 15:27:21,272 [INFO]   Ghost employees:         8,498
2026-06-03 15:27:21,273 [INFO]   Quality checks passed:   15/15
2026-06-03 15:27:21,273 [INFO]   Duration:                95.2s
2026-06-03 15:27:21,274 [INFO] ============================================================
2026-06-03 15:38:03,117 [INFO] ============================================================
2026-06-03 15:38:03,119 [INFO] Multi-source HR Data Integration PIPELINE
2026-06-03 15:38:03,120 [INFO] Run started: 2026-06-03T15:38:03.117075
2026-06-03 15:38:03,120 [INFO] ============================================================
2026-06-03 15:38:03,121 [INFO] ============================================================
2026-06-03 15:38:03,121 [INFO] STEP 1: Data Ingestion
2026-06-03 15:38:03,122 [INFO] Ingesting GlobalTech HRIS CSV: C:\Users\RhodaArthur\Desktop\Projects\data-engineering\sk-01-capstone-project\src\data\raw\globaltech_hris.csv
2026-06-03 15:38:03,226 [INFO]   Ingested 15000 records from GlobalTech HRIS CSV
2026-06-03 15:38:03,230 [INFO] Ingesting AcquiredCo JSON: C:\Users\RhodaArthur\Desktop\Projects\data-engineering\sk-01-capstone-project\src\data\raw\acquiredco_api.json
2026-06-03 15:38:03,304 [INFO]   Total records in file: 3200
2026-06-03 15:38:03,310 [INFO]   Page 1: ingested 100 records (offset 0–99)
2026-06-03 15:38:03,314 [INFO]   Page 2: ingested 100 records (offset 100–199)
2026-06-03 15:38:03,319 [INFO]   Page 3: ingested 100 records (offset 200–299)
2026-06-03 15:38:03,324 [INFO]   Page 4: ingested 100 records (offset 300–399)
2026-06-03 15:38:03,328 [INFO]   Page 5: ingested 100 records (offset 400–499)
2026-06-03 15:38:03,331 [INFO]   Page 6: ingested 100 records (offset 500–599)
2026-06-03 15:38:03,338 [INFO]   Page 7: ingested 100 records (offset 600–699)
2026-06-03 15:38:03,342 [INFO]   Page 8: ingested 100 records (offset 700–799)
2026-06-03 15:38:03,345 [INFO]   Page 9: ingested 100 records (offset 800–899)
2026-06-03 15:38:03,349 [INFO]   Page 10: ingested 100 records (offset 900–999)
2026-06-03 15:38:03,354 [INFO]   Page 11: ingested 100 records (offset 1000–1099)
2026-06-03 15:38:03,358 [INFO]   Page 12: ingested 100 records (offset 1100–1199)
2026-06-03 15:38:03,361 [INFO]   Page 13: ingested 100 records (offset 1200–1299)
2026-06-03 15:38:03,365 [INFO]   Page 14: ingested 100 records (offset 1300–1399)
2026-06-03 15:38:03,370 [INFO]   Page 15: ingested 100 records (offset 1400–1499)
2026-06-03 15:38:03,374 [INFO]   Page 16: ingested 100 records (offset 1500–1599)
2026-06-03 15:38:03,378 [INFO]   Page 17: ingested 100 records (offset 1600–1699)
2026-06-03 15:38:03,381 [INFO]   Page 18: ingested 100 records (offset 1700–1799)
2026-06-03 15:38:03,386 [INFO]   Page 19: ingested 100 records (offset 1800–1899)
2026-06-03 15:38:03,390 [INFO]   Page 20: ingested 100 records (offset 1900–1999)
2026-06-03 15:38:03,396 [INFO]   Page 21: ingested 100 records (offset 2000–2099)
2026-06-03 15:38:03,405 [INFO]   Page 22: ingested 100 records (offset 2100–2199)
2026-06-03 15:38:03,410 [INFO]   Page 23: ingested 100 records (offset 2200–2299)
2026-06-03 15:38:03,414 [INFO]   Page 24: ingested 100 records (offset 2300–2399)
2026-06-03 15:38:03,418 [INFO]   Page 25: ingested 100 records (offset 2400–2499)
2026-06-03 15:38:03,422 [INFO]   Page 26: ingested 100 records (offset 2500–2599)
2026-06-03 15:38:03,426 [INFO]   Page 27: ingested 100 records (offset 2600–2699)
2026-06-03 15:38:03,429 [INFO]   Page 28: ingested 100 records (offset 2700–2799)
2026-06-03 15:38:03,433 [INFO]   Page 29: ingested 100 records (offset 2800–2899)
2026-06-03 15:38:03,438 [INFO]   Page 30: ingested 100 records (offset 2900–2999)
2026-06-03 15:38:03,441 [INFO]   Page 31: ingested 100 records (offset 3000–3099)
2026-06-03 15:38:03,445 [INFO]   Page 32: ingested 100 records (offset 3100–3199)
2026-06-03 15:38:03,460 [INFO]   Ingested 3200 total records from AcquiredCo JSON
2026-06-03 15:38:03,474 [INFO]   Combined HRIS records: 18200
2026-06-03 15:38:03,478 [INFO]     globaltech_hris: 15000 records
2026-06-03 15:38:03,479 [INFO]     acquiredco_hris: 3200 records
2026-06-03 15:38:03,479 [INFO] Ingesting benefits XML: C:\Users\RhodaArthur\Desktop\Projects\data-engineering\sk-01-capstone-project\src\data\raw\benefits_enrollment.xml
2026-06-03 15:38:03,753 [INFO]   Ingested 12000 enrollment records from benefits XML
2026-06-03 15:38:03,758 [INFO]   Unique enrolled employee IDs: 8283
2026-06-03 15:38:03,776 [INFO] Ingesting payroll Excel: C:\Users\RhodaArthur\Desktop\Projects\data-engineering\sk-01-capstone-project\src\data\raw\payroll_data.xlsx
2026-06-03 15:38:08,302 [INFO]   Ingested 19000 records from payroll Excel
2026-06-03 15:38:08,305 [INFO]   Unique company origins: {'GlobalTech': 13328, 'AcquiredCo': 5672}
2026-06-03 15:38:08,306 [INFO]   Benefits enrollment records: 12000
2026-06-03 15:38:08,306 [INFO]   Payroll records: 19000
2026-06-03 15:38:08,307 [INFO] STEP 1 complete.
2026-06-03 15:38:08,307 [INFO] STEP 2: Cleaning & Standardization
2026-06-03 15:38:09,123 [INFO]       All hire dates within plausible range
2026-06-03 15:38:09,127 [INFO]   All department values match known taxonomy
2026-06-03 15:38:09,127 [INFO] STEP 2 complete. 18200 records cleaned.
2026-06-03 15:38:09,184 [INFO]   salary_usd_annual computed for 19000/19000 payroll records
2026-06-03 15:38:09,602 [INFO]   Benefits employee IDs namespaced to HRIS format
2026-06-03 15:38:09,602 [INFO] ============================================================
2026-06-03 15:38:09,603 [INFO] STEP 3: Deduplication
2026-06-03 15:38:09,603 [INFO]   Input: 18,200 HRIS records
2026-06-03 15:38:09,621 [INFO]   Pass 1 (exact ID): removed 199 duplicate employee_id rows
2026-06-03 15:38:35,519 [INFO]   Pass 2 (exact email): merged 8861 cross-system email matches
2026-06-03 15:38:35,536 [INFO]   Pass 3 (fuzzy name+date): comparing 2,474 AC records against 6,666 GT records across 19 name blocks ...
2026-06-03 15:38:42,881 [INFO]   Pass 3 (fuzzy name+date, threshold=88, ±30d): merged 41 matches, 2425 near-misses queued for review
2026-06-03 15:39:06,926 [INFO]   Deduplication complete: 9,099 golden records (9,101 duplicates removed across all passes)
2026-06-03 15:39:07,430 [INFO]   Ghost employees: 8,498 payroll records with no HRIS match (44.7% of payroll)
2026-06-03 15:39:07,431 [INFO] STEP 3 complete.
2026-06-03 15:39:07,433 [INFO] ============================================================
2026-06-03 15:39:07,434 [INFO] STEP 4: Data Quality Validation
2026-06-03 15:39:07,451 [INFO] ============================================================
2026-06-03 15:39:07,452 [INFO] DATA QUALITY REPORT
2026-06-03 15:39:07,452 [INFO] ============================================================
2026-06-03 15:39:07,453 [INFO]   [PASS] NOT NULL: employee_id: 100.0% (0 failed of 9099)
2026-06-03 15:39:07,453 [INFO]   [PASS] UNIQUE: employee_id: 100.0% (0 failed of 9099)
2026-06-03 15:39:07,454 [INFO]   [PASS] REGEX: employee_id: 100.0% (0 failed of 9099)
2026-06-03 15:39:07,454 [INFO]   [PASS] NOT NULL: first_name: 100.0% (0 failed of 9099)
2026-06-03 15:39:07,455 [INFO]   [PASS] NOT NULL: last_name: 100.0% (0 failed of 9099)
2026-06-03 15:39:07,456 [INFO]   [PASS] NOT NULL: email: 100.0% (0 failed of 9099)
2026-06-03 15:39:07,456 [INFO]   [PASS] REGEX: email: 100.0% (0 failed of 9099)
2026-06-03 15:39:07,456 [INFO]   [PASS] UNIQUE: email: 100.0% (0 failed of 9099)
2026-06-03 15:39:07,457 [INFO]   [PASS] NOT NULL: hire_date: 100.0% (0 failed of 9099)
2026-06-03 15:39:07,463 [INFO]   [PASS] DATE RANGE: hire_date: 100.0% (0 failed of 9099)
2026-06-03 15:39:07,464 [INFO]   [PASS] NOT NULL: department: 99.6% (34 failed of 9099)
2026-06-03 15:39:07,465 [INFO]   [PASS] VALUES IN SET: department: 100.0% (0 failed of 9065)
2026-06-03 15:39:07,466 [INFO]   [PASS] COLUMN PRESENT: source_systems: 100.0% (0 failed of 1)
2026-06-03 15:39:07,466 [INFO]   [PASS] MIN ROW COUNT: 100.0% (0 failed of 9099)
2026-06-03 15:39:07,467 [INFO]   [PASS] GHOST RATE: payroll vs HRIS: 51.7% (0 failed of 17597)
2026-06-03 15:39:07,468 [INFO] ============================================================
2026-06-03 15:39:07,469 [INFO]   OVERALL: ALL CHECKS PASSED
2026-06-03 15:39:07,469 [INFO] ============================================================
2026-06-03 15:39:07,474 [INFO]   Report written: C:\Users\RhodaArthur\Desktop\Projects\data-engineering\sk-01-capstone-project\src\data\output\quality_report.csv
2026-06-03 15:39:07,480 [INFO]   Report written: C:\Users\RhodaArthur\Desktop\Projects\data-engineering\sk-01-capstone-project\src\data\output\quality_report.html
2026-06-03 15:39:07,483 [INFO] STEP 4 complete.
2026-06-03 15:39:07,484 [INFO] ============================================================
2026-06-03 15:39:07,484 [INFO] STEP 5: EDA & Visualization Report
2026-06-03 15:39:14,891 [INFO]   EDA report saved: C:\Users\RhodaArthur\Desktop\Projects\data-engineering\sk-01-capstone-project\src\data\output\eda_report.png
2026-06-03 15:39:14,892 [INFO] STEP 5 complete.
2026-06-03 15:39:14,893 [INFO] ============================================================
2026-06-03 15:39:14,894 [INFO] STEP 6: Golden Dataset & Output Files
2026-06-03 15:39:16,827 [INFO]   Golden dataset written: C:\Users\RhodaArthur\Desktop\Projects\data-engineering\sk-01-capstone-project\src\data\output\golden_employees.parquet
2026-06-03 15:39:16,828 [INFO]     company_origin=GlobalTech: 6,666 records
2026-06-03 15:39:16,828 [INFO]     company_origin=AcquiredCo: 2,433 records
2026-06-03 15:39:16,920 [INFO]   Ghost report written: C:\Users\RhodaArthur\Desktop\Projects\data-engineering\sk-01-capstone-project\src\data\output\ghost_employees.csv (8,498 records)
2026-06-03 15:39:17,016 [INFO]   Review file written: C:\Users\RhodaArthur\Desktop\Projects\data-engineering\sk-01-capstone-project\src\data\output\probable_matches_review.csv (2,425 pairs)
2026-06-03 15:39:17,021 [INFO]     VERIFY_HIRE_DATE: 2,124
2026-06-03 15:39:17,022 [INFO]     MANUAL_REVIEW: 301
2026-06-03 15:39:17,022 [INFO] STEP 6 complete.
2026-06-03 15:39:17,023 [INFO] ============================================================
2026-06-03 15:39:17,024 [INFO] PIPELINE COMPLETE
2026-06-03 15:39:17,024 [INFO]   Input records:           18,200
2026-06-03 15:39:17,025 [INFO]   Golden records:          9,099
2026-06-03 15:39:17,026 [INFO]   Review candidates:       2,425
2026-06-03 15:39:17,027 [INFO]   Ghost employees:         8,498
2026-06-03 15:39:17,028 [INFO]   Quality checks passed:   15/15
2026-06-03 15:39:17,030 [INFO]   Output dir:              C:\Users\RhodaArthur\Desktop\Projects\data-engineering\sk-01-capstone-project\src\data\output
2026-06-03 15:39:17,033 [INFO]   Duration:                73.9s
2026-06-03 15:39:17,034 [INFO] ============================================================
2026-06-03 15:44:32,599 [INFO] ============================================================
2026-06-03 15:44:32,600 [INFO] Multi-source HR Data Integration PIPELINE
2026-06-03 15:44:32,600 [INFO] Run started: 2026-06-03T15:44:32.599397
2026-06-03 15:44:32,601 [INFO] ============================================================
2026-06-03 15:44:32,601 [INFO] ============================================================
2026-06-03 15:44:32,601 [INFO] STEP 1: Data Ingestion
2026-06-03 15:44:32,601 [INFO] Ingesting GlobalTech HRIS CSV: c:\Users\RhodaArthur\Desktop\Projects\data-engineering\sk-01-capstone-project\src\data\raw\globaltech_hris.csv
2026-06-03 15:44:32,693 [INFO]   Ingested 15000 records from GlobalTech HRIS CSV
2026-06-03 15:44:32,703 [INFO] Ingesting AcquiredCo JSON: c:\Users\RhodaArthur\Desktop\Projects\data-engineering\sk-01-capstone-project\src\data\raw\acquiredco_api.json
2026-06-03 15:44:32,747 [INFO]   Total records in file: 3200
2026-06-03 15:44:32,753 [INFO]   Page 1: ingested 100 records (offset 0–99)
2026-06-03 15:44:32,758 [INFO]   Page 2: ingested 100 records (offset 100–199)
2026-06-03 15:44:32,762 [INFO]   Page 3: ingested 100 records (offset 200–299)
2026-06-03 15:44:32,767 [INFO]   Page 4: ingested 100 records (offset 300–399)
2026-06-03 15:44:32,773 [INFO]   Page 5: ingested 100 records (offset 400–499)
2026-06-03 15:44:32,778 [INFO]   Page 6: ingested 100 records (offset 500–599)
2026-06-03 15:44:32,782 [INFO]   Page 7: ingested 100 records (offset 600–699)
2026-06-03 15:44:32,788 [INFO]   Page 8: ingested 100 records (offset 700–799)
2026-06-03 15:44:32,793 [INFO]   Page 9: ingested 100 records (offset 800–899)
2026-06-03 15:44:32,798 [INFO]   Page 10: ingested 100 records (offset 900–999)
2026-06-03 15:44:32,804 [INFO]   Page 11: ingested 100 records (offset 1000–1099)
2026-06-03 15:44:32,808 [INFO]   Page 12: ingested 100 records (offset 1100–1199)
2026-06-03 15:44:32,812 [INFO]   Page 13: ingested 100 records (offset 1200–1299)
2026-06-03 15:44:32,817 [INFO]   Page 14: ingested 100 records (offset 1300–1399)
2026-06-03 15:44:32,822 [INFO]   Page 15: ingested 100 records (offset 1400–1499)
2026-06-03 15:44:32,826 [INFO]   Page 16: ingested 100 records (offset 1500–1599)
2026-06-03 15:44:32,830 [INFO]   Page 17: ingested 100 records (offset 1600–1699)
2026-06-03 15:44:32,837 [INFO]   Page 18: ingested 100 records (offset 1700–1799)
2026-06-03 15:44:32,842 [INFO]   Page 19: ingested 100 records (offset 1800–1899)
2026-06-03 15:44:32,848 [INFO]   Page 20: ingested 100 records (offset 1900–1999)
2026-06-03 15:44:32,853 [INFO]   Page 21: ingested 100 records (offset 2000–2099)
2026-06-03 15:44:32,858 [INFO]   Page 22: ingested 100 records (offset 2100–2199)
2026-06-03 15:44:32,861 [INFO]   Page 23: ingested 100 records (offset 2200–2299)
2026-06-03 15:44:32,886 [INFO]   Page 24: ingested 100 records (offset 2300–2399)
2026-06-03 15:44:32,892 [INFO]   Page 25: ingested 100 records (offset 2400–2499)
2026-06-03 15:44:32,899 [INFO]   Page 26: ingested 100 records (offset 2500–2599)
2026-06-03 15:44:32,904 [INFO]   Page 27: ingested 100 records (offset 2600–2699)
2026-06-03 15:44:32,909 [INFO]   Page 28: ingested 100 records (offset 2700–2799)
2026-06-03 15:44:32,914 [INFO]   Page 29: ingested 100 records (offset 2800–2899)
2026-06-03 15:44:32,919 [INFO]   Page 30: ingested 100 records (offset 2900–2999)
2026-06-03 15:44:32,924 [INFO]   Page 31: ingested 100 records (offset 3000–3099)
2026-06-03 15:44:32,929 [INFO]   Page 32: ingested 100 records (offset 3100–3199)
2026-06-03 15:44:32,949 [INFO]   Ingested 3200 total records from AcquiredCo JSON
2026-06-03 15:44:32,969 [INFO]   Combined HRIS records: 18200
2026-06-03 15:44:32,975 [INFO]     globaltech_hris: 15000 records
2026-06-03 15:44:32,977 [INFO]     acquiredco_hris: 3200 records
2026-06-03 15:44:32,977 [INFO] Ingesting benefits XML: c:\Users\RhodaArthur\Desktop\Projects\data-engineering\sk-01-capstone-project\src\data\raw\benefits_enrollment.xml
2026-06-03 15:44:33,268 [INFO]   Ingested 12000 enrollment records from benefits XML
2026-06-03 15:44:33,272 [INFO]   Unique enrolled employee IDs: 8283
2026-06-03 15:44:33,289 [INFO] Ingesting payroll Excel: c:\Users\RhodaArthur\Desktop\Projects\data-engineering\sk-01-capstone-project\src\data\raw\payroll_data.xlsx
2026-06-03 15:44:38,872 [INFO]   Ingested 19000 records from payroll Excel
2026-06-03 15:44:38,876 [INFO]   Unique company origins: {'GlobalTech': 13328, 'AcquiredCo': 5672}
2026-06-03 15:44:38,876 [INFO]   Benefits enrollment records: 12000
2026-06-03 15:44:38,876 [INFO]   Payroll records: 19000
2026-06-03 15:44:38,878 [INFO] STEP 1 complete.
2026-06-03 15:44:38,879 [INFO] STEP 2: Cleaning & Standardization
2026-06-03 15:44:39,768 [INFO]       All hire dates within plausible range
2026-06-03 15:44:39,772 [INFO]   All department values match known taxonomy
2026-06-03 15:44:39,772 [INFO] STEP 2 complete. 18200 records cleaned.
2026-06-03 15:44:39,821 [INFO]   salary_usd_annual computed for 19000/19000 payroll records
2026-06-03 15:44:40,153 [INFO]   Benefits employee IDs namespaced to HRIS format
2026-06-03 15:44:40,153 [INFO] ============================================================
2026-06-03 15:44:40,153 [INFO] STEP 3: Deduplication
2026-06-03 15:44:40,153 [INFO]   Input: 18,200 HRIS records
2026-06-03 15:44:40,194 [INFO]   Pass 1 (exact ID): removed 199 duplicate employee_id rows
2026-06-03 15:45:08,662 [INFO]   Pass 2 (exact email): merged 8861 cross-system email matches
2026-06-03 15:45:08,686 [INFO]   Pass 3 (fuzzy name+date): comparing 2,474 AC records against 6,666 GT records across 19 name blocks ...
2026-06-03 15:45:17,039 [INFO]   Pass 3 (fuzzy name+date, threshold=88, ±30d): merged 41 matches, 2425 near-misses queued for review
2026-06-03 15:45:43,968 [INFO]   Deduplication complete: 9,099 golden records (9,101 duplicates removed across all passes)
2026-06-03 15:45:44,637 [INFO]   Ghost employees: 8,498 payroll records with no HRIS match (44.7% of payroll)
2026-06-03 15:45:44,641 [INFO] STEP 3 complete.
2026-06-03 15:45:44,644 [INFO] ============================================================
2026-06-03 15:45:44,645 [INFO] STEP 4: Data Quality Validation
2026-06-03 15:45:44,676 [INFO] ============================================================
2026-06-03 15:45:44,678 [INFO] DATA QUALITY REPORT
2026-06-03 15:45:44,678 [INFO] ============================================================
2026-06-03 15:45:44,687 [INFO]   [PASS] NOT NULL: employee_id: 100.0% (0 failed of 9099)
2026-06-03 15:45:44,690 [INFO]   [PASS] UNIQUE: employee_id: 100.0% (0 failed of 9099)
2026-06-03 15:45:44,691 [INFO]   [PASS] REGEX: employee_id: 100.0% (0 failed of 9099)
2026-06-03 15:45:44,691 [INFO]   [PASS] NOT NULL: first_name: 100.0% (0 failed of 9099)
2026-06-03 15:45:44,692 [INFO]   [PASS] NOT NULL: last_name: 100.0% (0 failed of 9099)
2026-06-03 15:45:44,692 [INFO]   [PASS] NOT NULL: email: 100.0% (0 failed of 9099)
2026-06-03 15:45:44,692 [INFO]   [PASS] REGEX: email: 100.0% (0 failed of 9099)
2026-06-03 15:45:44,693 [INFO]   [PASS] UNIQUE: email: 100.0% (0 failed of 9099)
2026-06-03 15:45:44,694 [INFO]   [PASS] NOT NULL: hire_date: 100.0% (0 failed of 9099)
2026-06-03 15:45:44,694 [INFO]   [PASS] DATE RANGE: hire_date: 100.0% (0 failed of 9099)
2026-06-03 15:45:44,695 [INFO]   [PASS] NOT NULL: department: 99.6% (34 failed of 9099)
2026-06-03 15:45:44,695 [INFO]   [PASS] VALUES IN SET: department: 100.0% (0 failed of 9065)
2026-06-03 15:45:44,696 [INFO]   [PASS] COLUMN PRESENT: source_systems: 100.0% (0 failed of 1)
2026-06-03 15:45:44,696 [INFO]   [PASS] MIN ROW COUNT: 100.0% (0 failed of 9099)
2026-06-03 15:45:44,696 [INFO]   [PASS] GHOST RATE: payroll vs HRIS: 51.7% (0 failed of 17597)
2026-06-03 15:45:44,698 [INFO] ============================================================
2026-06-03 15:45:44,698 [INFO]   OVERALL: ALL CHECKS PASSED
2026-06-03 15:45:44,698 [INFO] ============================================================
2026-06-03 15:45:44,705 [INFO]   Report written: c:\Users\RhodaArthur\Desktop\Projects\data-engineering\sk-01-capstone-project\src\data\output\quality_report.csv
2026-06-03 15:45:44,720 [INFO]   Report written: c:\Users\RhodaArthur\Desktop\Projects\data-engineering\sk-01-capstone-project\src\data\output\quality_report.html
2026-06-03 15:45:44,723 [INFO] STEP 4 complete.
2026-06-03 15:45:44,724 [INFO] ============================================================
2026-06-03 15:45:44,725 [INFO] STEP 5: EDA & Visualization Report
2026-06-03 15:45:50,747 [INFO]   EDA report saved: c:\Users\RhodaArthur\Desktop\Projects\data-engineering\sk-01-capstone-project\src\data\output\eda_report.png
2026-06-03 15:45:50,747 [INFO] STEP 5 complete.
2026-06-03 15:45:50,748 [INFO] ============================================================
2026-06-03 15:45:50,748 [INFO] STEP 6: Golden Dataset & Output Files
2026-06-03 15:45:52,056 [INFO]   Golden dataset written: c:\Users\RhodaArthur\Desktop\Projects\data-engineering\sk-01-capstone-project\src\data\output\golden_employees.parquet
2026-06-03 15:45:52,057 [INFO]     company_origin=GlobalTech: 6,666 records
2026-06-03 15:45:52,058 [INFO]     company_origin=AcquiredCo: 2,433 records
2026-06-03 15:45:52,170 [INFO]   Ghost report written: c:\Users\RhodaArthur\Desktop\Projects\data-engineering\sk-01-capstone-project\src\data\output\ghost_employees.csv (8,498 records)
2026-06-03 15:45:52,288 [INFO]   Review file written: c:\Users\RhodaArthur\Desktop\Projects\data-engineering\sk-01-capstone-project\src\data\output\probable_matches_review.csv (2,425 pairs)
2026-06-03 15:45:52,290 [INFO]     VERIFY_HIRE_DATE: 2,124
2026-06-03 15:45:52,290 [INFO]     MANUAL_REVIEW: 301
2026-06-03 15:45:52,291 [INFO] STEP 6 complete.
2026-06-03 15:45:52,292 [INFO] ============================================================
2026-06-03 15:45:52,292 [INFO] PIPELINE COMPLETE
2026-06-03 15:45:52,292 [INFO]   Input records:           18,200
2026-06-03 15:45:52,293 [INFO]   Golden records:          9,099
2026-06-03 15:45:52,293 [INFO]   Review candidates:       2,425
2026-06-03 15:45:52,293 [INFO]   Ghost employees:         8,498
2026-06-03 15:45:52,295 [INFO]   Quality checks passed:   15/15
2026-06-03 15:45:52,295 [INFO]   Output dir:              c:\Users\RhodaArthur\Desktop\Projects\data-engineering\sk-01-capstone-project\src\data\output
2026-06-03 15:45:52,297 [INFO]   Duration:                79.7s
2026-06-03 15:45:52,297 [INFO] ============================================================
