employee_id,company_origin,base_salary,currency,pay_frequency,bonus_target_pct,effective_date,source,salary_usd_annual
14571,GlobalTech,77935,EUR,Monthly,24.5,2023-05-12,payroll,1010037.6000000001
12628,GlobalTech,119344,EUR,Bi-Weekly,2.8,2024-08-02,payroll,3351179.52
12173,GlobalTech,67963,GBP,Annual,5.9,2023-10-12,payroll,86313.01
10713,GlobalTech,183156,GBP,Bi-Weekly,23.1,2023-10-01,payroll,6047811.12
1575,GlobalTech,56061,USD,Annual,0.7,2023-03-30,payroll,56061.0
14994,GlobalTech,127207,USD,Annual,25.8,2023-12-06,payroll,127207.0
3826,GlobalTech,128108,EUR,Annual,29.2,2024-12-03,payroll,138356.64
13371,GlobalTech,126963,EUR,Annual,27.6,2023-03-01,payroll,137120.04
12136,GlobalTech,70316,GBP,Annual,18.7,2023-08-11,payroll,89301.32
13274,GlobalTech,57373,USD,Annual,14.4,2023-12-28,payroll,57373.0
12173,GlobalTech,73427,EUR,Bi-Weekly,3.1,2023-06-04,payroll,2061830.1600000001
11795,GlobalTech,72167,EUR,Monthly,6.9,2024-08-06,payroll,935284.3200000001
13332,GlobalTech,141355,USD,Monthly,21.5,2023-10-20,payroll,1696260.0
8311,GlobalTech,76759,GBP,Monthly,24.6,2024-11-08,payroll,1169807.16
11256,GlobalTech,71314,USD,Bi-Weekly,18.1,2023-05-14,payroll,1854164.0
4541,GlobalTech,128696,USD,Annual,12.8,2024-06-23,payroll,128696.0
10878,GlobalTech,83210,EUR,Annual,12.0,2023-12-23,payroll,89866.8
8865,GlobalTech,149920,USD,Monthly,15.5,2024-02-06,payroll,1799040.0
1496,GlobalTech,99694,USD,Annual,23.4,2023-03-22,payroll,99694.0
7305,GlobalTech,92069,EUR,Bi-Weekly,10.9,2023-03-08,payroll,2585297.52
13544,GlobalTech,63190,EUR,Monthly,17.7,2024-06-17,payroll,818942.4
790,GlobalTech,115292,USD,Annual,29.6,2023-09-16,payroll,115292.0
4526,GlobalTech,119118,USD,Monthly,24.0,2023-05-11,payroll,1429416.0
4343,GlobalTech,87284,GBP,Annual,24.6,2023-03-22,payroll,110850.68000000001
6892,GlobalTech,136286,EUR,Monthly,16.5,2023-03-15,payroll,1766266.56
14575,GlobalTech,"$70,315",USD,Monthly,8.3,2024-09-06,payroll,843780.0
10229,GlobalTech,101310,USD,Bi-Weekly,3.0,2024-12-29,payroll,2634060.0
14970,GlobalTech,67239,GBP,Bi-Weekly,15.6,2024-12-01,payroll,2220231.7800000003
13738,GlobalTech,41442,GBP,Monthly,6.8,2024-06-23,payroll,631576.08
11202,GlobalTech,140455,GBP,Monthly,14.2,2023-04-12,payroll,2140534.2
11039,GlobalTech,113770,USD,Monthly,7.5,2024-06-11,payroll,1365240.0
12152,GlobalTech,109668,GBP,Monthly,2.8,2024-06-30,payroll,1671340.32
12148,GlobalTech,109402,USD,Annual,26.3,2023-08-15,payroll,109402.0
14208,GlobalTech,69148,EUR,Bi-Weekly,17.2,2024-07-26,payroll,1941675.84
7481,GlobalTech,108278,GBP,Bi-Weekly,2.7,2023-05-06,payroll,3575339.56
1907,GlobalTech,72781,EUR,Bi-Weekly,26.2,2023-10-09,payroll,2043690.4800000002
11673,GlobalTech,147516,USD,Bi-Weekly,8.3,2023-12-01,payroll,3835416.0
14154,GlobalTech,84373,USD,Monthly,19.5,2024-12-30,payroll,1012476.0
5148,GlobalTech,46272,GBP,Bi-Weekly,0.9,2023-08-23,payroll,1527901.44
12602,GlobalTech,99169,USD,Bi-Weekly,26.1,2023-05-13,payroll,2578394.0
11811,GlobalTech,102097,GBP,Bi-Weekly,17.4,2024-06-21,payroll,3371242.94
3410,GlobalTech,113306,GBP,Monthly,9.0,2024-10-13,payroll,1726783.44
528,GlobalTech,110528,EUR,Bi-Weekly,25.8,2023-11-23,payroll,3103626.24
2116,GlobalTech,90111,GBP,Annual,24.0,2024-04-01,payroll,114440.97
13932,GlobalTech,120828,GBP,Monthly,27.7,2023-07-19,payroll,1841418.72
12634,GlobalTech,78876,GBP,Annual,27.4,2024-05-26,payroll,100172.52
10578,GlobalTech,89055,GBP,Monthly,9.1,2024-12-04,payroll,1357198.2
11821,GlobalTech,148676,USD,Bi-Weekly,23.2,2024-01-21,payroll,3865576.0
11175,GlobalTech,77831,EUR,Bi-Weekly,13.9,2024-02-24,payroll,2185494.48
7776,GlobalTech,72289,GBP,Annual,11.2,2024-09-29,payroll,91807.03
13266,GlobalTech,110204,USD,Bi-Weekly,21.6,2023-07-04,payroll,2865304.0
10680,GlobalTech,50420,USD,Bi-Weekly,13.1,2023-08-08,payroll,1310920.0
8221,GlobalTech,134439,USD,Monthly,1.4,2023-12-27,payroll,1613268.0
8431,GlobalTech,"$148,832",USD,Bi-Weekly,28.5,2023-05-27,payroll,3869632.0
12492,GlobalTech,114308,USD,Monthly,12.9,2023-08-30,payroll,1371696.0
12473,GlobalTech,66049,GBP,Bi-Weekly,12.2,2024-06-10,payroll,2180937.98
3707,GlobalTech,146263,EUR,Bi-Weekly,1.7,2024-08-03,payroll,4107065.0400000005
3015,GlobalTech,54116,GBP,Annual,9.6,2024-11-24,payroll,68727.32
7238,GlobalTech,71861,USD,Bi-Weekly,15.7,2024-06-10,payroll,1868386.0
14908,GlobalTech,129044,EUR,Bi-Weekly,20.2,2024-03-27,payroll,3623555.52
11001,GlobalTech,136623,EUR,Monthly,11.1,2024-08-02,payroll,1770634.08
5347,GlobalTech,117208,GBP,Annual,17.1,2023-03-21,payroll,148854.16
6172,GlobalTech,129755,USD,Annual,22.2,2023-05-24,payroll,129755.0
6155,GlobalTech,85453,USD,Annual,18.7,2024-07-23,payroll,85453.0
10113,GlobalTech,71554,EUR,Annual,9.0,2023-09-29,payroll,77278.32
6834,GlobalTech,125691,USD,Annual,0.7,2024-07-31,payroll,125691.0
13324,GlobalTech,114362,GBP,Annual,2.9,2023-04-09,payroll,145239.74
4442,GlobalTech,65269,EUR,Monthly,16.5,2023-05-02,payroll,845886.2400000001
5013,GlobalTech,115473,EUR,Bi-Weekly,17.7,2024-12-16,payroll,3242481.8400000003
11885,GlobalTech,93065,USD,Bi-Weekly,9.3,2024-03-01,payroll,2419690.0
4840,GlobalTech,94084,USD,Monthly,20.4,2024-11-21,payroll,1129008.0
406,GlobalTech,96088,GBP,Annual,2.2,2023-01-23,payroll,122031.76
6686,GlobalTech,106199,EUR,Monthly,21.4,2024-12-07,payroll,1376339.04
5826,GlobalTech,92823,EUR,Bi-Weekly,7.6,2023-01-18,payroll,2606469.8400000003
10359,GlobalTech,83788,EUR,Annual,11.2,2023-03-05,payroll,90491.04000000001
5738,GlobalTech,87476,EUR,Bi-Weekly,27.5,2023-12-22,payroll,2456326.08
14294,GlobalTech,99543,USD,Bi-Weekly,17.8,2024-11-15,payroll,2588118.0
13633,GlobalTech,116923,USD,Monthly,10.9,2023-12-07,payroll,1403076.0
9548,GlobalTech,100540,GBP,Bi-Weekly,6.5,2023-02-08,payroll,3319830.8
5325,GlobalTech,100833,USD,Annual,7.1,2024-03-30,payroll,100833.0
4223,GlobalTech,54804,USD,Bi-Weekly,2.4,2023-05-19,payroll,1424904.0
10280,GlobalTech,96059,USD,Annual,15.6,2024-08-15,payroll,96059.0
3008,GlobalTech,94704,GBP,Bi-Weekly,14.6,2023-12-28,payroll,3127126.08
11755,GlobalTech,93139,USD,Annual,16.8,2023-08-19,payroll,93139.0
14171,GlobalTech,132624,GBP,Annual,20.1,2024-12-08,payroll,168432.48
9406,GlobalTech,106477,EUR,Monthly,4.4,2023-09-27,payroll,1379941.9200000002
12300,GlobalTech,112033,GBP,Monthly,20.7,2024-07-02,payroll,1707382.92
12064,GlobalTech,84376,GBP,Annual,25.0,2024-04-21,payroll,107157.52
13414,GlobalTech,"£140,888",GBP,Annual,3.9,2024-12-24,payroll,178927.76
6023,GlobalTech,65333,EUR,Bi-Weekly,8.9,2024-09-17,payroll,1834550.6400000001
3768,GlobalTech,115433,USD,Annual,15.1,2024-05-02,payroll,115433.0
14799,GlobalTech,88209,USD,Bi-Weekly,10.7,2024-06-02,payroll,2293434.0
6045,GlobalTech,104394,USD,Annual,9.9,2023-11-30,payroll,104394.0
12847,GlobalTech,148969,USD,Monthly,7.0,2023-08-12,payroll,1787628.0
14419,GlobalTech,133442,EUR,Monthly,8.7,2023-04-17,payroll,1729408.32
14974,GlobalTech,146070,USD,Bi-Weekly,4.6,2024-02-27,payroll,3797820.0
14026,GlobalTech,47011,EUR,Annual,8.0,2024-03-02,payroll,50771.880000000005
11586,GlobalTech,84656,GBP,Annual,9.5,2024-10-02,payroll,107513.12
6477,GlobalTech,136345,USD,Annual,25.9,2023-03-03,payroll,136345.0
9570,GlobalTech,116654,EUR,Bi-Weekly,8.0,2023-02-26,payroll,3275644.3200000003
13426,GlobalTech,87874,GBP,Annual,22.1,2023-06-10,payroll,111599.98
11953,GlobalTech,78370,USD,Annual,24.0,2023-04-07,payroll,78370.0
7471,GlobalTech,124999,EUR,Bi-Weekly,8.9,2024-11-15,payroll,3509971.9200000004
12764,GlobalTech,"£96,012",GBP,Monthly,11.7,2024-09-23,payroll,1463222.8800000001
14489,GlobalTech,126443,USD,Bi-Weekly,14.0,2024-07-14,payroll,3287518.0
5738,GlobalTech,125430,USD,Bi-Weekly,0.3,2023-09-16,payroll,3261180.0
12537,GlobalTech,61463,EUR,Monthly,19.0,2023-04-17,payroll,796560.4800000001
7931,GlobalTech,52487,GBP,Annual,14.2,2024-12-13,payroll,66658.49
8527,GlobalTech,75610,USD,Bi-Weekly,15.9,2024-06-16,payroll,1965860.0
4892,GlobalTech,101808,USD,Monthly,17.1,2024-10-28,payroll,1221696.0
8268,GlobalTech,105542,EUR,Bi-Weekly,10.4,2023-07-15,payroll,2963619.3600000003
12366,GlobalTech,73930,EUR,Monthly,9.7,2024-11-12,payroll,958132.8
8867,GlobalTech,110333,USD,Monthly,22.0,2023-03-09,payroll,1323996.0
14661,GlobalTech,102393,USD,Monthly,18.9,2024-09-06,payroll,1228716.0
8896,GlobalTech,70417,USD,Monthly,3.9,2023-12-01,payroll,845004.0
9671,GlobalTech,91932,USD,Annual,12.2,2024-10-07,payroll,91932.0
6476,GlobalTech,52995,GBP,Monthly,11.1,2024-03-29,payroll,807643.8
14944,GlobalTech,65680,GBP,Bi-Weekly,21.9,2023-05-26,payroll,2168753.6
8570,GlobalTech,83195,GBP,Bi-Weekly,25.8,2024-03-27,payroll,2747098.9
13308,GlobalTech,82316,GBP,Bi-Weekly,9.4,2024-06-13,payroll,2718074.32
10045,GlobalTech,65777,GBP,Bi-Weekly,10.4,2023-09-30,payroll,2171956.54
8343,GlobalTech,45776,GBP,Bi-Weekly,24.5,2024-10-11,payroll,1511523.52
13874,GlobalTech,85240,EUR,Bi-Weekly,6.6,2023-06-24,payroll,2393539.2
11027,GlobalTech,77600,GBP,Bi-Weekly,24.9,2023-08-14,payroll,2562352.0
10312,GlobalTech,100463,EUR,Annual,22.7,2024-02-10,payroll,108500.04000000001
11976,GlobalTech,73192,EUR,Monthly,17.9,2024-05-04,payroll,948568.3200000001
8008,GlobalTech,99105,EUR,Bi-Weekly,1.0,2024-05-22,payroll,2782868.4000000004
9260,GlobalTech,109329,GBP,Monthly,0.8,2023-05-25,payroll,1666173.96
6475,GlobalTech,137976,USD,Monthly,15.2,2024-06-08,payroll,1655712.0
13174,GlobalTech,78456,EUR,Annual,19.0,2023-09-02,payroll,84732.48000000001
10045,GlobalTech,90845,GBP,Bi-Weekly,13.1,2024-01-14,payroll,2999701.9
2080,GlobalTech,70692,GBP,Monthly,20.4,2024-12-06,payroll,1077346.08
8192,GlobalTech,71043,GBP,Annual,13.3,2023-03-10,payroll,90224.61
8761,GlobalTech,97660,GBP,Bi-Weekly,4.9,2023-10-19,payroll,3224733.2
8022,GlobalTech,51624,GBP,Bi-Weekly,12.0,2024-11-01,payroll,1704624.48
13253,GlobalTech,93871,GBP,Bi-Weekly,7.5,2024-02-05,payroll,3099620.42
11805,GlobalTech,97470,EUR,Monthly,3.0,2024-05-13,payroll,1263211.2000000002
7117,GlobalTech,116564,GBP,Annual,17.4,2024-02-03,payroll,148036.28
13239,GlobalTech,76867,GBP,Monthly,0.3,2024-08-20,payroll,1171453.08
7525,GlobalTech,41601,GBP,Bi-Weekly,10.5,2024-01-03,payroll,1373665.02
1533,GlobalTech,"£140,418",GBP,Annual,28.7,2024-07-11,payroll,178330.86000000002
2321,GlobalTech,110264,GBP,Monthly,0.1,2023-12-23,payroll,1680423.36
14832,GlobalTech,102538,GBP,Bi-Weekly,1.6,2024-08-28,payroll,3385804.7600000002
14969,GlobalTech,87176,GBP,Bi-Weekly,27.4,2023-01-24,payroll,2878551.52
11097,GlobalTech,167666,USD,Annual,0.8,2024-06-24,payroll,167666.0
8152,GlobalTech,101601,GBP,Annual,13.1,2024-12-29,payroll,129033.27
13248,GlobalTech,123861,EUR,Monthly,25.2,2023-07-29,payroll,1605238.56
10301,GlobalTech,49839,EUR,Bi-Weekly,16.2,2023-12-29,payroll,1399479.12
10854,GlobalTech,50852,GBP,Annual,19.8,2024-10-19,payroll,64582.04
11486,GlobalTech,123765,USD,Annual,5.5,2024-03-14,payroll,123765.0
14572,GlobalTech,121813,EUR,Monthly,20.2,2024-03-14,payroll,1578696.4800000002
12767,GlobalTech,108571,USD,Annual,18.6,2023-11-10,payroll,108571.0
12647,GlobalTech,100050,GBP,Monthly,3.5,2023-10-09,payroll,1524762.0
5783,GlobalTech,137695,GBP,Bi-Weekly,28.8,2024-12-12,payroll,4546688.9
11415,GlobalTech,128829,EUR,Monthly,21.2,2024-12-06,payroll,1669623.84
14600,GlobalTech,156358,EUR,Monthly,18.9,2024-10-08,payroll,2026399.6800000002
10246,GlobalTech,111035,GBP,Bi-Weekly,5.9,2023-02-03,payroll,3666375.7
7109,GlobalTech,92161,GBP,Annual,19.5,2023-06-19,payroll,117044.47
6054,GlobalTech,159871,USD,Bi-Weekly,14.5,2023-07-02,payroll,4156646.0
1606,GlobalTech,149880,USD,Bi-Weekly,1.8,2023-02-23,payroll,3896880.0
11557,GlobalTech,97298,EUR,Bi-Weekly,29.5,2024-04-15,payroll,2732127.8400000003
5487,GlobalTech,78137,USD,Bi-Weekly,1.4,2023-06-25,payroll,2031562.0
11979,GlobalTech,118675,USD,Bi-Weekly,2.7,2024-12-06,payroll,3085550.0
11466,GlobalTech,135013,GBP,Annual,18.1,2023-06-18,payroll,171466.51
7958,GlobalTech,64913,EUR,Monthly,5.9,2023-04-17,payroll,841272.4800000001
7516,GlobalTech,118626,EUR,Monthly,19.6,2024-07-17,payroll,1537392.9600000002
8898,GlobalTech,124187,EUR,Monthly,3.6,2023-06-18,payroll,1609463.52
5098,GlobalTech,97590,GBP,Bi-Weekly,13.5,2024-12-08,payroll,3222421.8
14972,GlobalTech,63672,EUR,Bi-Weekly,25.2,2024-02-07,payroll,1787909.76
7679,GlobalTech,115367,USD,Annual,0.8,2024-05-22,payroll,115367.0
2636,GlobalTech,46249,GBP,Annual,6.1,2023-01-31,payroll,58736.23
5473,GlobalTech,94889,USD,Annual,23.4,2024-02-28,payroll,94889.0
12238,GlobalTech,86855,EUR,Annual,21.8,2023-03-30,payroll,93803.40000000001
13437,GlobalTech,54655,USD,Annual,23.4,2024-10-26,payroll,54655.0
12086,GlobalTech,108830,EUR,Annual,1.4,2023-02-23,payroll,117536.40000000001
9354,GlobalTech,46932,GBP,Monthly,2.2,2024-10-07,payroll,715243.68
11570,GlobalTech,56217,EUR,Annual,10.5,2023-09-22,payroll,60714.36
5081,GlobalTech,108735,EUR,Annual,8.5,2024-06-12,payroll,117433.8
11565,GlobalTech,84153,GBP,Bi-Weekly,20.4,2024-05-14,payroll,2778732.06
8766,GlobalTech,110845,EUR,Monthly,13.9,2023-12-16,payroll,1436551.2000000002
10382,GlobalTech,111041,USD,Bi-Weekly,8.1,2024-01-31,payroll,2887066.0
14975,GlobalTech,167931,USD,Annual,13.8,2024-12-22,payroll,167931.0
3768,GlobalTech,"£100,018",GBP,Bi-Weekly,25.7,2024-01-18,payroll,3302594.36
12196,GlobalTech,117442,USD,Monthly,26.3,2023-09-29,payroll,1409304.0
9805,GlobalTech,49273,GBP,Annual,18.6,2023-08-29,payroll,62576.71
11181,GlobalTech,151753,USD,Bi-Weekly,20.0,2024-10-21,payroll,3945578.0
12406,GlobalTech,96335,USD,Bi-Weekly,9.2,2024-02-29,payroll,2504710.0
4559,GlobalTech,126831,EUR,Bi-Weekly,17.6,2024-11-26,payroll,3561414.4800000004
9147,GlobalTech,90702,USD,Bi-Weekly,24.8,2024-05-26,payroll,2358252.0
10502,GlobalTech,83344,GBP,Bi-Weekly,27.7,2024-01-01,payroll,2752018.88
4506,GlobalTech,91967,USD,Annual,25.4,2024-09-17,payroll,91967.0
7277,GlobalTech,62636,GBP,Monthly,25.7,2023-12-01,payroll,954572.64
6638,GlobalTech,69151,USD,Annual,25.3,2023-06-10,payroll,69151.0
13916,GlobalTech,"€118,496",EUR,Annual,25.2,2023-07-14,payroll,127975.68000000001
3241,GlobalTech,99851,USD,Annual,16.7,2023-12-19,payroll,99851.0
9190,GlobalTech,99260,EUR,Annual,9.7,2024-04-13,payroll,107200.8
467,GlobalTech,58424,EUR,Monthly,10.5,2024-05-06,payroll,757175.04
4337,GlobalTech,106430,USD,Bi-Weekly,14.2,2023-05-05,payroll,2767180.0
13217,GlobalTech,113605,GBP,Bi-Weekly,10.6,2024-06-27,payroll,3751237.1
5131,GlobalTech,115003,USD,Annual,15.7,2024-06-27,payroll,115003.0
11746,GlobalTech,132618,EUR,Annual,22.9,2024-06-28,payroll,143227.44
6635,GlobalTech,102772,GBP,Bi-Weekly,22.4,2024-11-19,payroll,3393531.44
12140,GlobalTech,96164,GBP,Annual,27.5,2023-01-31,payroll,122128.28
3704,GlobalTech,58946,USD,Bi-Weekly,5.3,2024-07-01,payroll,1532596.0
10035,GlobalTech,139302,USD,Bi-Weekly,17.8,2024-04-26,payroll,3621852.0
9576,GlobalTech,93816,EUR,Monthly,8.8,2023-02-28,payroll,1215855.36
3399,GlobalTech,79685,USD,Monthly,15.8,2023-04-30,payroll,956220.0
7395,GlobalTech,160673,USD,Bi-Weekly,13.5,2023-05-12,payroll,4177498.0
14271,GlobalTech,80705,EUR,Annual,23.4,2024-05-22,payroll,87161.40000000001
13052,GlobalTech,119127,EUR,Monthly,26.1,2023-10-29,payroll,1543885.9200000002
11421,GlobalTech,103164,GBP,Bi-Weekly,4.4,2023-06-24,payroll,3406475.2800000003
4891,GlobalTech,155466,EUR,Bi-Weekly,29.3,2024-12-11,payroll,4365485.28
12651,GlobalTech,236222,USD,Bi-Weekly,1.1,2023-08-30,payroll,6141772.0
12895,GlobalTech,140582,GBP,Monthly,23.3,2023-07-13,payroll,2142469.68
7050,GlobalTech,102777,USD,Bi-Weekly,26.2,2024-12-15,payroll,2672202.0
14196,GlobalTech,49791,GBP,Annual,26.6,2023-12-28,payroll,63234.57
4762,GlobalTech,106508,EUR,Annual,4.7,2023-07-10,payroll,115028.64000000001
10683,GlobalTech,61741,GBP,Annual,20.1,2023-09-14,payroll,78411.07
14033,GlobalTech,43004,GBP,Monthly,27.8,2024-05-11,payroll,655380.96
14218,GlobalTech,49156,GBP,Monthly,13.1,2024-12-26,payroll,749137.4400000001
12046,GlobalTech,102010,EUR,Monthly,3.5,2024-01-01,payroll,1322049.6
14007,GlobalTech,114754,USD,Annual,2.3,2024-07-21,payroll,114754.0
13446,GlobalTech,43380,GBP,Monthly,9.1,2023-07-28,payroll,661111.2
7972,GlobalTech,92859,EUR,Bi-Weekly,28.6,2024-03-13,payroll,2607480.72
13132,GlobalTech,122092,USD,Annual,13.6,2023-03-24,payroll,122092.0
9524,GlobalTech,82143,EUR,Annual,9.9,2023-04-04,payroll,88714.44
8283,GlobalTech,111292,GBP,Bi-Weekly,1.0,2023-01-06,payroll,3674861.84
1013,GlobalTech,77426,EUR,Bi-Weekly,3.2,2024-06-23,payroll,2174122.08
6644,GlobalTech,106384,GBP,Bi-Weekly,13.9,2023-04-14,payroll,3512799.68
10596,GlobalTech,45788,GBP,Annual,9.6,2023-02-13,payroll,58150.76
12156,GlobalTech,126201,EUR,Bi-Weekly,19.0,2024-07-29,payroll,3543724.08
14642,GlobalTech,86848,EUR,Annual,24.7,2023-09-26,payroll,93795.84000000001
7533,GlobalTech,65530,EUR,Monthly,20.0,2024-11-01,payroll,849268.8
10400,GlobalTech,80685,GBP,Bi-Weekly,2.4,2024-12-15,payroll,2664218.7
12106,GlobalTech,86722,EUR,Monthly,26.4,2024-02-08,payroll,1123917.12
13626,GlobalTech,170891,USD,Bi-Weekly,7.3,2023-08-21,payroll,4443166.0
10913,GlobalTech,127141,EUR,Annual,7.1,2024-08-15,payroll,137312.28
7846,GlobalTech,63098,GBP,Monthly,9.6,2023-10-05,payroll,961613.52
5771,GlobalTech,90645,EUR,Annual,28.6,2023-09-06,payroll,97896.6
3336,GlobalTech,134697,EUR,Monthly,24.3,2024-11-17,payroll,1745673.12
14199,GlobalTech,138545,USD,Bi-Weekly,15.1,2023-04-04,payroll,3602170.0
12661,GlobalTech,140931,USD,Monthly,2.8,2023-10-19,payroll,1691172.0
11323,GlobalTech,51604,GBP,Monthly,12.4,2023-12-13,payroll,786444.96
7889,GlobalTech,70172,GBP,Annual,21.3,2024-06-07,payroll,89118.44
11644,GlobalTech,151302,USD,Bi-Weekly,14.8,2023-09-23,payroll,3933852.0
12483,GlobalTech,89202,GBP,Monthly,21.1,2023-10-10,payroll,1359438.48
10763,GlobalTech,61638,EUR,Bi-Weekly,9.3,2024-09-26,payroll,1730795.04
11833,GlobalTech,113161,EUR,Bi-Weekly,12.4,2024-10-07,payroll,3177560.8800000004
14336,GlobalTech,153397,EUR,Bi-Weekly,0.9,2023-11-05,payroll,4307387.760000001
2683,GlobalTech,52309,GBP,Annual,28.1,2023-11-27,payroll,66432.43000000001
6111,GlobalTech,123963,EUR,Annual,12.4,2024-06-11,payroll,133880.04
6072,GlobalTech,78122,GBP,Annual,13.2,2023-01-30,payroll,99214.94
7666,GlobalTech,113616,USD,Bi-Weekly,15.8,2023-08-15,payroll,2954016.0
14956,GlobalTech,100631,GBP,Monthly,19.2,2023-04-02,payroll,1533616.44
406,GlobalTech,78333,USD,Monthly,16.6,2023-08-13,payroll,939996.0
9832,GlobalTech,42026,GBP,Monthly,22.4,2024-06-25,payroll,640476.24
14227,GlobalTech,78495,USD,Bi-Weekly,26.6,2024-06-16,payroll,2040870.0
13673,GlobalTech,99870,USD,Bi-Weekly,5.5,2023-08-18,payroll,2596620.0
13395,GlobalTech,108186,USD,Annual,6.4,2023-06-05,payroll,108186.0
14484,GlobalTech,77394,GBP,Bi-Weekly,11.7,2024-03-30,payroll,2555549.88
7616,GlobalTech,86512,EUR,Bi-Weekly,18.1,2023-12-18,payroll,2429256.96
14606,GlobalTech,87868,GBP,Bi-Weekly,21.2,2023-03-20,payroll,2901401.36
4454,GlobalTech,79503,GBP,Bi-Weekly,4.2,2024-02-17,payroll,2625189.06
14381,GlobalTech,94371,USD,Monthly,9.4,2023-06-04,payroll,1132452.0
3410,GlobalTech,106879,EUR,Annual,19.9,2024-07-19,payroll,115429.32
10890,GlobalTech,91749,USD,Monthly,23.8,2024-10-20,payroll,1100988.0
12329,GlobalTech,51285,GBP,Bi-Weekly,10.8,2023-08-21,payroll,1693430.7
5582,GlobalTech,106683,EUR,Bi-Weekly,10.8,2023-06-21,payroll,2995658.64
11981,GlobalTech,87537,GBP,Annual,17.7,2024-06-21,payroll,111171.99
11093,GlobalTech,140855,EUR,Monthly,3.1,2023-08-06,payroll,1825480.8
9686,GlobalTech,134827,EUR,Annual,17.2,2023-04-28,payroll,145613.16
3643,GlobalTech,105685,EUR,Monthly,2.9,2024-04-22,payroll,1369677.6
9472,GlobalTech,55090,USD,Bi-Weekly,21.8,2023-12-12,payroll,1432340.0
12423,GlobalTech,54371,EUR,Monthly,10.0,2024-07-04,payroll,704648.16
2595,GlobalTech,83226,USD,Bi-Weekly,27.9,2024-07-23,payroll,2163876.0
3066,GlobalTech,126144,EUR,Bi-Weekly,24.8,2024-01-19,payroll,3542123.52
1621,GlobalTech,51109,EUR,Annual,0.7,2024-10-01,payroll,55197.72
13592,GlobalTech,88183,GBP,Monthly,23.4,2023-11-25,payroll,1343908.92
6400,GlobalTech,46856,EUR,Monthly,29.2,2023-10-29,payroll,607253.76
4018,GlobalTech,103978,USD,Monthly,16.8,2024-12-26,payroll,1247736.0
7499,GlobalTech,119082,EUR,Annual,3.3,2024-03-10,payroll,128608.56000000001
14913,GlobalTech,79543,EUR,Monthly,28.3,2024-05-30,payroll,1030877.28
10505,GlobalTech,119256,GBP,Bi-Weekly,2.3,2024-05-23,payroll,3937833.12
7709,GlobalTech,71858,EUR,Annual,17.3,2024-09-30,payroll,77606.64
7320,GlobalTech,93164,EUR,Bi-Weekly,2.6,2024-06-19,payroll,2616045.12
8870,GlobalTech,108084,GBP,Bi-Weekly,1.4,2023-12-30,payroll,3568933.68
14722,GlobalTech,"€112,850",EUR,Bi-Weekly,3.0,2024-06-11,payroll,3168828.0
4861,GlobalTech,169496,GBP,Annual,17.0,2023-02-10,payroll,215259.92
12880,GlobalTech,49684,GBP,Monthly,6.0,2024-05-18,payroll,757184.16
11306,GlobalTech,202164,USD,Annual,11.8,2023-12-23,payroll,202164.0
14976,GlobalTech,118546,USD,Bi-Weekly,6.7,2024-05-01,payroll,3082196.0
13264,GlobalTech,103691,EUR,Bi-Weekly,1.7,2024-09-22,payroll,2911643.2800000003
2980,GlobalTech,180130,USD,Monthly,1.0,2024-06-19,payroll,2161560.0
11606,GlobalTech,80685,USD,Annual,22.6,2023-10-02,payroll,80685.0
14954,GlobalTech,55000,GBP,Bi-Weekly,22.8,2023-11-06,payroll,1816100.0
10175,GlobalTech,126478,GBP,Bi-Weekly,20.0,2023-12-12,payroll,4176303.56
11866,GlobalTech,95015,GBP,Bi-Weekly,21.0,2023-11-05,payroll,3137395.3
12651,GlobalTech,69802,EUR,Monthly,4.8,2024-02-28,payroll,904633.92
6548,GlobalTech,91395,GBP,Bi-Weekly,19.7,2024-03-29,payroll,3017862.9
11230,GlobalTech,108001,USD,Monthly,27.8,2024-03-16,payroll,1296012.0
13053,GlobalTech,101441,GBP,Monthly,26.3,2023-03-24,payroll,1545960.84
6210,GlobalTech,73055,GBP,Bi-Weekly,25.2,2024-12-22,payroll,2412276.1
11945,GlobalTech,"£55,402",GBP,Monthly,3.5,2023-02-18,payroll,844326.48
14596,GlobalTech,84245,USD,Annual,26.2,2024-10-08,payroll,84245.0
7203,GlobalTech,217727,EUR,Monthly,10.2,2024-02-11,payroll,2821741.9200000004
11436,GlobalTech,118036,USD,Annual,27.3,2024-05-04,payroll,118036.0
11325,GlobalTech,80961,EUR,Annual,11.1,2024-02-11,payroll,87437.88
10280,GlobalTech,64890,EUR,Monthly,25.7,2024-09-08,payroll,840974.4
8184,GlobalTech,93278,EUR,Annual,3.5,2024-07-08,payroll,100740.24
5715,GlobalTech,68261,EUR,Bi-Weekly,13.0,2024-08-10,payroll,1916768.8800000001
8452,GlobalTech,59279,USD,Monthly,24.9,2023-01-22,payroll,711348.0
4508,GlobalTech,54020,USD,Bi-Weekly,23.3,2023-04-20,payroll,1404520.0
10825,GlobalTech,59770,GBP,Monthly,3.1,2023-03-17,payroll,910894.8
12813,GlobalTech,95235,USD,Bi-Weekly,0.1,2023-04-07,payroll,2476110.0
2381,GlobalTech,123646,EUR,Monthly,29.8,2023-06-22,payroll,1602452.1600000001
14073,GlobalTech,94666,EUR,Annual,21.3,2023-04-24,payroll,102239.28000000001
6129,GlobalTech,87362,USD,Monthly,0.6,2023-08-02,payroll,1048344.0
8881,GlobalTech,130503,EUR,Monthly,28.2,2024-04-06,payroll,1691318.8800000001
6695,GlobalTech,106143,EUR,Monthly,26.7,2023-01-03,payroll,1375613.28
4552,GlobalTech,"$123,038",USD,Monthly,20.7,2023-03-26,payroll,1476456.0
6338,GlobalTech,116981,USD,Annual,13.7,2024-10-02,payroll,116981.0
6166,GlobalTech,42824,GBP,Monthly,20.6,2024-06-22,payroll,652637.76
13770,GlobalTech,118677,USD,Monthly,11.0,2023-09-10,payroll,1424124.0
7551,GlobalTech,106515,GBP,Monthly,5.6,2024-08-13,payroll,1623288.6
6869,GlobalTech,131676,EUR,Bi-Weekly,16.3,2023-03-30,payroll,3697462.08
14374,GlobalTech,110674,EUR,Annual,6.4,2023-11-27,payroll,119527.92000000001
11610,GlobalTech,199227,USD,Bi-Weekly,18.1,2023-03-04,payroll,5179902.0
10702,GlobalTech,133431,USD,Bi-Weekly,3.8,2023-08-09,payroll,3469206.0
10045,GlobalTech,89932,EUR,Annual,25.8,2023-07-09,payroll,97126.56000000001
3825,GlobalTech,58954,EUR,Bi-Weekly,16.0,2023-01-27,payroll,1655428.32
13598,GlobalTech,70808,USD,Monthly,25.1,2023-06-15,payroll,849696.0
4857,GlobalTech,113910,USD,Monthly,0.5,2023-07-29,payroll,1366920.0
4112,GlobalTech,102235,EUR,Monthly,13.8,2024-10-04,payroll,1324965.6
2819,GlobalTech,113619,EUR,Bi-Weekly,8.4,2024-09-12,payroll,3190421.52
3343,GlobalTech,126254,GBP,Annual,24.8,2023-07-25,payroll,160342.58000000002
13236,GlobalTech,83942,USD,Annual,8.3,2023-01-30,payroll,83942.0
14446,GlobalTech,121634,EUR,Annual,2.3,2023-02-18,payroll,131364.72
6710,GlobalTech,112069,USD,Bi-Weekly,0.5,2023-11-27,payroll,2913794.0
5325,GlobalTech,58694,GBP,Bi-Weekly,5.6,2024-06-26,payroll,1938075.8800000001
14320,GlobalTech,125177,EUR,Bi-Weekly,19.3,2023-02-21,payroll,3514970.16
2574,GlobalTech,107080,USD,Monthly,12.0,2023-03-31,payroll,1284960.0
6551,GlobalTech,103773,EUR,Annual,24.3,2024-05-11,payroll,112074.84000000001
1003,GlobalTech,163125,USD,Bi-Weekly,4.3,2023-02-24,payroll,4241250.0
12104,GlobalTech,"£97,707",GBP,Monthly,27.0,2023-10-01,payroll,1489054.68
9121,GlobalTech,108658,GBP,Bi-Weekly,9.4,2023-10-31,payroll,3587887.16
7102,GlobalTech,56106,EUR,Monthly,28.5,2024-03-07,payroll,727133.76
12344,GlobalTech,45783,GBP,Annual,18.0,2023-12-23,payroll,58144.41
13256,GlobalTech,46176,GBP,Bi-Weekly,20.4,2023-04-05,payroll,1524731.52
10100,GlobalTech,64809,EUR,Annual,16.8,2023-06-05,payroll,69993.72
6307,GlobalTech,205573,EUR,Monthly,21.3,2023-05-25,payroll,2664226.08
13172,GlobalTech,74495,EUR,Annual,11.6,2023-12-28,payroll,80454.6
11274,GlobalTech,119539,GBP,Monthly,10.6,2024-02-26,payroll,1821774.36
7463,GlobalTech,93851,EUR,Bi-Weekly,23.4,2024-11-19,payroll,2635336.08
8500,GlobalTech,51526,USD,Annual,3.9,2024-05-14,payroll,51526.0
2633,GlobalTech,115605,EUR,Annual,14.4,2023-07-09,payroll,124853.40000000001
9088,GlobalTech,89493,EUR,Annual,15.7,2023-12-06,payroll,96652.44
14328,GlobalTech,48610,EUR,Monthly,4.7,2023-05-08,payroll,629985.6000000001
13031,GlobalTech,60513,GBP,Bi-Weekly,0.3,2023-03-04,payroll,1998139.26
7105,GlobalTech,146188,USD,Monthly,11.8,2024-11-05,payroll,1754256.0
9046,GlobalTech,248000,USD,Bi-Weekly,18.4,2024-04-09,payroll,6448000.0
9442,GlobalTech,106629,GBP,Bi-Weekly,25.9,2024-07-06,payroll,3520889.58
4531,GlobalTech,54926,EUR,Annual,10.0,2024-07-16,payroll,59320.08
9908,GlobalTech,55308,EUR,Bi-Weekly,14.1,2023-07-08,payroll,1553048.6400000001
12778,GlobalTech,67708,USD,Bi-Weekly,0.6,2023-12-05,payroll,1760408.0
14364,GlobalTech,62824,USD,Bi-Weekly,26.6,2023-10-13,payroll,1633424.0
14322,GlobalTech,114058,GBP,Annual,5.0,2024-10-19,payroll,144853.66
12458,GlobalTech,87663,USD,Monthly,2.3,2023-08-16,payroll,1051956.0
5191,GlobalTech,114649,GBP,Annual,17.9,2023-01-27,payroll,145604.23
7464,GlobalTech,93343,EUR,Bi-Weekly,5.2,2023-01-16,payroll,2621071.44
4464,GlobalTech,130108,GBP,Annual,2.3,2024-09-26,payroll,165237.16
13123,GlobalTech,45528,GBP,Bi-Weekly,5.7,2024-07-13,payroll,1503334.56
5821,GlobalTech,179500,GBP,Bi-Weekly,25.9,2023-08-21,payroll,5927090.0
5460,GlobalTech,97834,EUR,Annual,15.8,2024-09-07,payroll,105660.72
10937,GlobalTech,76084,GBP,Annual,13.0,2023-06-21,payroll,96626.68000000001
9946,GlobalTech,198888,GBP,Annual,26.4,2023-02-15,payroll,252587.76
7107,GlobalTech,"$98,134",USD,Monthly,5.5,2024-12-07,payroll,1177608.0
1814,GlobalTech,128531,USD,Annual,15.3,2024-11-22,payroll,128531.0
7131,GlobalTech,67079,USD,Annual,25.4,2023-12-13,payroll,67079.0
14989,GlobalTech,213029,USD,Annual,22.4,2023-05-03,payroll,213029.0
6842,GlobalTech,62558,EUR,Monthly,2.8,2024-07-28,payroll,810751.68
9631,GlobalTech,59576,EUR,Annual,24.1,2023-03-04,payroll,64342.08
4073,GlobalTech,100435,EUR,Annual,27.6,2023-05-29,payroll,108469.8
8862,GlobalTech,125949,EUR,Monthly,27.1,2023-05-29,payroll,1632299.04
13268,GlobalTech,98819,GBP,Annual,12.7,2023-08-01,payroll,125500.13
4198,GlobalTech,75950,USD,Monthly,15.8,2023-07-26,payroll,911400.0
13308,GlobalTech,"£57,129",GBP,Annual,13.2,2024-01-21,payroll,72553.83
14876,GlobalTech,104310,GBP,Monthly,12.0,2023-10-20,payroll,1589684.4
9765,GlobalTech,77057,EUR,Monthly,8.2,2024-02-13,payroll,998658.7200000001
12439,GlobalTech,59116,GBP,Annual,9.1,2023-08-05,payroll,75077.32
12128,GlobalTech,65946,GBP,Monthly,17.9,2023-11-07,payroll,1005017.04
10535,GlobalTech,102957,GBP,Annual,15.8,2024-02-18,payroll,130755.39
13075,GlobalTech,63999,GBP,Bi-Weekly,5.7,2024-04-10,payroll,2113246.98
7408,GlobalTech,74577,GBP,Monthly,12.4,2024-05-04,payroll,1136553.48
9715,GlobalTech,123795,EUR,Monthly,6.5,2024-03-31,payroll,1604383.2000000002
3599,GlobalTech,117425,GBP,Annual,18.5,2023-12-06,payroll,149129.75
4023,GlobalTech,122853,USD,Bi-Weekly,10.2,2024-09-11,payroll,3194178.0
6104,GlobalTech,135125,EUR,Bi-Weekly,5.4,2024-04-12,payroll,3794310.0000000005
14584,GlobalTech,76422,EUR,Monthly,28.6,2024-12-10,payroll,990429.1200000001
9060,GlobalTech,56865,EUR,Bi-Weekly,17.8,2024-02-19,payroll,1596769.2000000002
11495,GlobalTech,70331,GBP,Annual,8.1,2024-07-01,payroll,89320.37
6362,GlobalTech,132025,USD,Monthly,1.0,2023-01-08,payroll,1584300.0
9296,GlobalTech,100114,USD,Monthly,28.9,2023-10-29,payroll,1201368.0
13107,GlobalTech,111392,GBP,Monthly,24.5,2023-03-26,payroll,1697614.08
4404,GlobalTech,102076,GBP,Annual,27.4,2023-10-27,payroll,129636.52
1431,GlobalTech,87241,EUR,Monthly,8.9,2024-02-06,payroll,1130643.36
3497,GlobalTech,111773,USD,Annual,4.1,2023-10-10,payroll,111773.0
1046,GlobalTech,102728,EUR,Bi-Weekly,13.8,2023-06-05,payroll,2884602.24
8774,GlobalTech,104033,GBP,Annual,29.2,2023-06-12,payroll,132121.91
6548,GlobalTech,119374,GBP,Annual,11.3,2024-01-17,payroll,151604.98
7251,GlobalTech,146956,GBP,Annual,25.6,2023-08-25,payroll,186634.12
9070,GlobalTech,52302,USD,Annual,13.8,2024-07-09,payroll,52302.0
10944,GlobalTech,59835,GBP,Bi-Weekly,13.5,2023-10-02,payroll,1975751.7
3361,GlobalTech,141281,EUR,Bi-Weekly,12.0,2023-01-16,payroll,3967170.4800000004
11695,GlobalTech,88306,EUR,Annual,0.8,2023-01-01,payroll,95370.48000000001
11272,GlobalTech,75477,EUR,Annual,3.9,2024-03-28,payroll,81515.16
11889,GlobalTech,79791,USD,Bi-Weekly,14.8,2023-06-18,payroll,2074566.0
1509,GlobalTech,53454,GBP,Annual,19.9,2023-11-07,payroll,67886.58
10591,GlobalTech,111748,EUR,Bi-Weekly,25.5,2023-10-16,payroll,3137883.8400000003
8841,GlobalTech,64942,GBP,Monthly,15.6,2023-07-17,payroll,989716.08
6118,GlobalTech,112973,USD,Monthly,22.4,2023-09-27,payroll,1355676.0
9815,GlobalTech,119132,USD,Monthly,1.0,2024-07-25,payroll,1429584.0
10314,GlobalTech,109090,EUR,Monthly,12.2,2023-01-10,payroll,1413806.4000000001
2080,GlobalTech,"£104,016",GBP,Annual,10.1,2024-08-26,payroll,132100.32
11345,GlobalTech,125404,USD,Bi-Weekly,22.0,2023-04-20,payroll,3260504.0
11805,GlobalTech,103792,GBP,Monthly,17.1,2024-03-11,payroll,1581790.08
438,GlobalTech,57322,USD,Bi-Weekly,11.3,2024-05-24,payroll,1490372.0
12700,GlobalTech,125209,USD,Annual,17.0,2024-03-05,payroll,125209.0
10024,GlobalTech,87406,EUR,Monthly,24.2,2023-10-26,payroll,1132781.76
10321,GlobalTech,109935,USD,Bi-Weekly,17.5,2024-01-17,payroll,2858310.0
9987,GlobalTech,86490,USD,Bi-Weekly,26.0,2024-01-19,payroll,2248740.0
4017,GlobalTech,99087,GBP,Annual,18.1,2024-10-20,payroll,125840.49
7794,GlobalTech,141533,USD,Monthly,15.6,2024-09-30,payroll,1698396.0
11068,GlobalTech,98592,USD,Annual,29.7,2024-05-14,payroll,98592.0
11156,GlobalTech,99319,GBP,Bi-Weekly,24.6,2024-01-08,payroll,3279513.38
11143,GlobalTech,49731,EUR,Annual,22.4,2024-04-14,payroll,53709.48
2871,GlobalTech,59380,USD,Monthly,4.2,2023-09-20,payroll,712560.0
7905,GlobalTech,86798,GBP,Bi-Weekly,7.2,2023-09-18,payroll,2866069.96
6038,GlobalTech,144068,USD,Bi-Weekly,14.6,2023-04-25,payroll,3745768.0
11964,GlobalTech,"€90,599",EUR,Annual,13.7,2023-03-31,payroll,97846.92000000001
8703,GlobalTech,86017,USD,Annual,18.7,2024-05-26,payroll,86017.0
6644,GlobalTech,171415,USD,Monthly,28.2,2023-11-22,payroll,2056980.0
9987,GlobalTech,57193,GBP,Bi-Weekly,25.1,2024-10-24,payroll,1888512.86
9398,GlobalTech,86944,USD,Annual,13.9,2023-08-29,payroll,86944.0
12131,GlobalTech,108084,EUR,Bi-Weekly,16.5,2023-05-05,payroll,3034998.72
10859,GlobalTech,126815,USD,Annual,14.6,2024-02-12,payroll,126815.0
9535,GlobalTech,60624,USD,Bi-Weekly,28.8,2023-04-05,payroll,1576224.0
463,GlobalTech,145556,EUR,Monthly,24.1,2024-08-01,payroll,1886405.76
6908,GlobalTech,55664,USD,Annual,11.1,2023-12-01,payroll,55664.0
14034,GlobalTech,91159,GBP,Bi-Weekly,17.4,2024-10-12,payroll,3010070.18
13085,GlobalTech,115112,EUR,Monthly,3.0,2023-07-27,payroll,1491851.52
5221,GlobalTech,138440,USD,Bi-Weekly,11.4,2024-09-09,payroll,3599440.0
10087,GlobalTech,120236,EUR,Bi-Weekly,10.4,2024-01-19,payroll,3376226.8800000004
13141,GlobalTech,126978,EUR,Bi-Weekly,8.2,2023-05-25,payroll,3565542.24
6445,GlobalTech,104052,EUR,Annual,13.2,2023-05-20,payroll,112376.16
7445,GlobalTech,86138,USD,Annual,25.0,2024-03-14,payroll,86138.0
6596,GlobalTech,107542,EUR,Monthly,8.4,2023-04-20,payroll,1393744.32
10515,GlobalTech,70357,EUR,Annual,7.8,2023-02-27,payroll,75985.56000000001
5183,GlobalTech,149235,USD,Bi-Weekly,9.4,2023-11-03,payroll,3880110.0
13512,GlobalTech,"€90,667",EUR,Annual,6.9,2023-05-13,payroll,97920.36
11730,GlobalTech,86588,GBP,Monthly,23.1,2023-06-05,payroll,1319601.12
10207,GlobalTech,105581,EUR,Bi-Weekly,28.8,2023-10-28,payroll,2964714.48
13197,GlobalTech,133906,GBP,Annual,9.1,2024-11-05,payroll,170060.62
7601,GlobalTech,103758,GBP,Bi-Weekly,23.6,2024-09-25,payroll,3426089.16
5994,GlobalTech,99502,EUR,Monthly,23.2,2024-02-05,payroll,1289545.9200000002
6114,GlobalTech,120111,GBP,Annual,18.0,2024-11-03,payroll,152540.97
6592,GlobalTech,100234,GBP,Monthly,21.1,2024-04-11,payroll,1527566.16
13706,GlobalTech,124016,GBP,Monthly,5.2,2024-01-30,payroll,1890003.84
2686,GlobalTech,136611,USD,Bi-Weekly,3.6,2024-02-25,payroll,3551886.0
2242,GlobalTech,109775,USD,Monthly,10.7,2024-05-28,payroll,1317300.0
6905,GlobalTech,189325,EUR,Monthly,12.0,2023-02-26,payroll,2453652.0
11245,GlobalTech,167536,USD,Monthly,12.7,2024-11-28,payroll,2010432.0
8385,GlobalTech,"£45,648",GBP,Monthly,9.7,2024-10-05,payroll,695675.52
10135,GlobalTech,104988,EUR,Bi-Weekly,9.7,2023-05-16,payroll,2948063.04
3622,GlobalTech,56372,GBP,Annual,22.0,2024-05-19,payroll,71592.44
9146,GlobalTech,143689,USD,Annual,18.2,2023-07-21,payroll,143689.0
11878,GlobalTech,86066,EUR,Annual,13.2,2024-04-04,payroll,92951.28000000001
11869,GlobalTech,124593,USD,Monthly,17.9,2024-07-05,payroll,1495116.0
10829,GlobalTech,113559,USD,Monthly,5.1,2024-02-05,payroll,1362708.0
1973,GlobalTech,48315,GBP,Annual,27.2,2024-02-10,payroll,61360.05
12156,GlobalTech,80416,GBP,Monthly,22.3,2024-12-05,payroll,1225539.84
13208,GlobalTech,88136,GBP,Annual,21.3,2024-02-20,payroll,111932.72
13286,GlobalTech,"€106,635",EUR,Bi-Weekly,21.7,2023-08-17,payroll,2994310.8000000003
14315,GlobalTech,45573,GBP,Monthly,18.3,2023-10-07,payroll,694532.52
4766,GlobalTech,106304,EUR,Monthly,10.6,2024-09-20,payroll,1377699.84
7604,GlobalTech,"£92,596",GBP,Annual,15.8,2023-11-13,payroll,117596.92
9758,GlobalTech,50616,GBP,Monthly,14.7,2023-08-08,payroll,771387.84
9221,GlobalTech,42884,GBP,Annual,3.1,2024-10-01,payroll,54462.68
12333,GlobalTech,95484,USD,Monthly,10.5,2023-05-05,payroll,1145808.0
2924,GlobalTech,72617,USD,Bi-Weekly,6.9,2023-04-11,payroll,1888042.0
11154,GlobalTech,117553,EUR,Monthly,2.1,2024-01-03,payroll,1523486.8800000001
2126,GlobalTech,65425,GBP,Monthly,16.2,2024-11-06,payroll,997077.0
6880,GlobalTech,107988,GBP,Bi-Weekly,23.6,2024-11-16,payroll,3565763.7600000002
13532,GlobalTech,87572,GBP,Annual,2.0,2023-10-23,payroll,111216.44
8827,GlobalTech,168324,EUR,Annual,23.9,2024-02-16,payroll,181789.92
14547,GlobalTech,74501,EUR,Annual,5.3,2024-01-15,payroll,80461.08
3013,GlobalTech,89930,EUR,Bi-Weekly,12.8,2024-05-05,payroll,2525234.4000000004
13742,GlobalTech,96786,EUR,Annual,11.2,2023-05-22,payroll,104528.88
5892,GlobalTech,81359,EUR,Monthly,22.0,2023-12-24,payroll,1054412.6400000001
12961,GlobalTech,92602,USD,Annual,22.1,2024-11-04,payroll,92602.0
14516,GlobalTech,"€72,998",EUR,Bi-Weekly,12.2,2024-09-04,payroll,2049783.84
6307,GlobalTech,105530,EUR,Monthly,20.8,2024-05-22,payroll,1367668.8
10616,GlobalTech,101532,GBP,Annual,25.8,2023-07-05,payroll,128945.64
10883,GlobalTech,117920,EUR,Annual,19.5,2023-07-02,payroll,127353.6
8057,GlobalTech,53638,GBP,Monthly,29.8,2023-07-03,payroll,817443.12
10015,GlobalTech,62488,GBP,Bi-Weekly,9.6,2024-06-04,payroll,2063353.76
7885,GlobalTech,78318,USD,Annual,11.7,2023-09-18,payroll,78318.0
10139,GlobalTech,72143,EUR,Annual,26.2,2023-02-10,payroll,77914.44
13251,GlobalTech,63447,EUR,Bi-Weekly,15.6,2024-08-03,payroll,1781591.76
13266,GlobalTech,95745,GBP,Annual,21.9,2023-05-08,payroll,121596.15000000001
10972,GlobalTech,123560,GBP,Monthly,5.9,2023-05-09,payroll,1883054.4000000001
9200,GlobalTech,81768,USD,Bi-Weekly,28.2,2023-11-02,payroll,2125968.0
11381,GlobalTech,135174,USD,Monthly,12.7,2024-08-14,payroll,1622088.0
12714,GlobalTech,115761,USD,Monthly,20.8,2024-08-18,payroll,1389132.0
11324,GlobalTech,72808,EUR,Annual,14.2,2023-11-21,payroll,78632.64
7850,GlobalTech,105836,USD,Annual,21.6,2024-05-24,payroll,105836.0
14176,GlobalTech,118486,EUR,Annual,11.1,2024-02-13,payroll,127964.88
11720,GlobalTech,42621,GBP,Bi-Weekly,5.6,2024-10-14,payroll,1407345.42
6215,GlobalTech,69695,USD,Monthly,24.4,2024-10-06,payroll,836340.0
9333,GlobalTech,82363,EUR,Bi-Weekly,14.7,2024-01-24,payroll,2312753.04
14365,GlobalTech,80303,EUR,Monthly,19.3,2024-11-23,payroll,1040726.8800000001
10905,GlobalTech,91763,GBP,Monthly,20.6,2023-05-26,payroll,1398468.12
6376,GlobalTech,"£60,464",GBP,Bi-Weekly,8.9,2024-04-15,payroll,1996521.28
14907,GlobalTech,78755,GBP,Annual,26.7,2023-08-18,payroll,100018.85
7721,GlobalTech,"$57,378",USD,Annual,16.5,2023-11-08,payroll,57378.0
3033,GlobalTech,107719,EUR,Annual,19.3,2023-02-01,payroll,116336.52
5295,GlobalTech,126972,USD,Bi-Weekly,11.8,2024-07-28,payroll,3301272.0
9671,GlobalTech,125001,USD,Bi-Weekly,29.7,2024-05-03,payroll,3250026.0
5716,GlobalTech,103434,EUR,Monthly,11.1,2023-11-22,payroll,1340504.6400000001
7647,GlobalTech,86122,USD,Bi-Weekly,25.2,2023-06-08,payroll,2239172.0
8832,GlobalTech,99643,USD,Annual,7.8,2024-02-27,payroll,99643.0
6065,GlobalTech,93670,GBP,Bi-Weekly,24.3,2023-02-01,payroll,3092983.4
8487,GlobalTech,99791,USD,Monthly,15.3,2023-07-08,payroll,1197492.0
9337,GlobalTech,123958,EUR,Bi-Weekly,9.2,2023-07-27,payroll,3480740.64
12550,GlobalTech,88780,EUR,Bi-Weekly,11.4,2023-06-12,payroll,2492942.4000000004
13063,GlobalTech,140959,USD,Monthly,5.9,2023-05-23,payroll,1691508.0
14544,GlobalTech,83960,EUR,Annual,20.7,2023-02-16,payroll,90676.8
14818,GlobalTech,99317,EUR,Monthly,5.5,2024-08-19,payroll,1287148.32
5092,GlobalTech,146119,USD,Annual,15.2,2024-07-01,payroll,146119.0
11834,GlobalTech,103317,EUR,Monthly,1.0,2023-01-23,payroll,1338988.32
14464,GlobalTech,120665,EUR,Monthly,24.4,2024-10-26,payroll,1563818.4000000001
9108,GlobalTech,53786,EUR,Bi-Weekly,13.9,2024-12-11,payroll,1510310.8800000001
8939,GlobalTech,40308,GBP,Annual,28.2,2024-01-05,payroll,51191.16
8646,GlobalTech,114906,GBP,Annual,15.6,2023-11-17,payroll,145930.62
4467,GlobalTech,136652,USD,Annual,14.2,2024-10-12,payroll,136652.0
9412,GlobalTech,"€101,550",EUR,Annual,0.2,2023-12-30,payroll,109674.0
5657,GlobalTech,55461,EUR,Annual,24.7,2024-03-01,payroll,59897.880000000005
9792,GlobalTech,119420,EUR,Bi-Weekly,21.0,2023-07-29,payroll,3353313.6
5465,GlobalTech,59756,GBP,Monthly,6.3,2024-04-28,payroll,910681.4400000001
5245,GlobalTech,144954,USD,Bi-Weekly,25.1,2024-03-13,payroll,3768804.0
10671,GlobalTech,210245,EUR,Bi-Weekly,14.1,2023-03-04,payroll,5903679.600000001
4938,GlobalTech,72142,EUR,Bi-Weekly,22.9,2023-09-30,payroll,2025747.36
10805,GlobalTech,100908,EUR,Annual,1.6,2023-04-17,payroll,108980.64000000001
11972,GlobalTech,71713,GBP,Bi-Weekly,2.7,2024-06-08,payroll,2367963.2600000002
12557,GlobalTech,43910,GBP,Bi-Weekly,18.7,2023-12-24,payroll,1449908.2
11026,GlobalTech,69441,EUR,Monthly,4.6,2024-11-12,payroll,899955.3600000001
13783,GlobalTech,134719,USD,Annual,0.5,2023-11-20,payroll,134719.0
13252,GlobalTech,102888,GBP,Bi-Weekly,15.4,2023-09-16,payroll,3397361.7600000002
11550,GlobalTech,125963,USD,Bi-Weekly,25.7,2023-08-31,payroll,3275038.0
6347,GlobalTech,98324,GBP,Bi-Weekly,11.0,2023-05-21,payroll,3246658.48
7304,GlobalTech,76856,EUR,Monthly,27.1,2023-04-16,payroll,996053.76
9605,GlobalTech,120518,USD,Annual,20.8,2023-12-08,payroll,120518.0
13632,GlobalTech,72816,GBP,Monthly,3.0,2023-10-07,payroll,1109715.84
10674,GlobalTech,61805,USD,Monthly,16.0,2024-10-02,payroll,741660.0
14049,GlobalTech,104950,USD,Annual,7.9,2023-02-04,payroll,104950.0
9623,GlobalTech,174483,USD,Annual,15.0,2024-08-03,payroll,174483.0
3174,GlobalTech,92899,GBP,Annual,6.4,2023-03-13,payroll,117981.73
1311,GlobalTech,66239,USD,Bi-Weekly,8.4,2023-11-07,payroll,1722214.0
3514,GlobalTech,95293,USD,Bi-Weekly,8.8,2024-11-25,payroll,2477618.0
10650,GlobalTech,99094,USD,Annual,25.7,2024-11-18,payroll,99094.0
6335,GlobalTech,"€99,096",EUR,Monthly,16.9,2024-07-11,payroll,1284284.1600000001
11119,GlobalTech,109223,GBP,Annual,13.6,2023-12-30,payroll,138713.21
5891,GlobalTech,101926,GBP,Monthly,5.3,2023-02-15,payroll,1553352.24
12361,GlobalTech,54463,GBP,Bi-Weekly,12.7,2023-07-16,payroll,1798368.26
8604,GlobalTech,121887,EUR,Bi-Weekly,10.5,2024-11-09,payroll,3422586.9600000004
7557,GlobalTech,130021,EUR,Bi-Weekly,18.7,2023-03-08,payroll,3650989.68
14943,GlobalTech,108201,EUR,Annual,5.4,2024-06-22,payroll,116857.08
8594,GlobalTech,61444,USD,Bi-Weekly,17.0,2024-08-19,payroll,1597544.0
13532,GlobalTech,136109,EUR,Annual,25.9,2023-02-15,payroll,146997.72
11293,GlobalTech,115742,USD,Bi-Weekly,11.4,2023-02-12,payroll,3009292.0
14252,GlobalTech,144521,EUR,Bi-Weekly,12.3,2023-01-05,payroll,4058149.68
10767,GlobalTech,84628,GBP,Annual,22.9,2023-02-15,payroll,107477.56
11187,GlobalTech,114740,EUR,Bi-Weekly,5.5,2024-02-09,payroll,3221899.2
7072,GlobalTech,101078,EUR,Bi-Weekly,27.3,2024-08-19,payroll,2838270.24
10067,GlobalTech,136748,EUR,Bi-Weekly,19.5,2024-12-18,payroll,3839883.8400000003
9990,GlobalTech,139449,USD,Monthly,6.4,2023-05-31,payroll,1673388.0
11301,GlobalTech,113984,GBP,Bi-Weekly,9.6,2024-02-03,payroll,3763751.68
7846,GlobalTech,107581,GBP,Monthly,22.7,2023-07-08,payroll,1639534.44
13851,GlobalTech,46360,GBP,Annual,12.3,2024-12-31,payroll,58877.200000000004
9722,GlobalTech,137558,EUR,Monthly,9.0,2024-07-20,payroll,1782751.6800000002
4273,GlobalTech,84230,GBP,Bi-Weekly,23.9,2023-05-09,payroll,2781274.6
7429,GlobalTech,121359,EUR,Annual,20.6,2024-04-01,payroll,131067.72000000002
8938,GlobalTech,103286,GBP,Bi-Weekly,3.5,2023-09-10,payroll,3410503.72
8524,GlobalTech,72039,GBP,Bi-Weekly,12.5,2024-06-28,payroll,2378727.7800000003
12741,GlobalTech,"€154,256",EUR,Annual,0.9,2023-01-27,payroll,166596.48
11846,GlobalTech,153065,EUR,Bi-Weekly,12.9,2024-02-10,payroll,4298065.2
10846,GlobalTech,75236,EUR,Annual,6.7,2024-07-19,payroll,81254.88
10302,GlobalTech,121492,USD,Monthly,4.3,2024-01-02,payroll,1457904.0
12177,GlobalTech,94498,GBP,Bi-Weekly,26.9,2023-04-12,payroll,3120323.96
13715,GlobalTech,70879,USD,Bi-Weekly,6.6,2023-06-10,payroll,1842854.0
6085,GlobalTech,49572,GBP,Monthly,24.8,2023-04-27,payroll,755477.28
3758,GlobalTech,41795,GBP,Bi-Weekly,4.2,2023-01-10,payroll,1380070.9
5937,GlobalTech,64441,GBP,Monthly,7.7,2023-08-10,payroll,982080.84
7055,GlobalTech,132106,EUR,Monthly,0.2,2023-05-25,payroll,1712093.76
1837,GlobalTech,62047,GBP,Monthly,17.3,2024-10-28,payroll,945596.28
11975,GlobalTech,149639,USD,Bi-Weekly,24.8,2023-05-14,payroll,3890614.0
11035,GlobalTech,77804,GBP,Bi-Weekly,13.5,2024-12-30,payroll,2569088.08
14429,GlobalTech,120482,EUR,Annual,16.2,2024-11-20,payroll,130120.56000000001
4198,GlobalTech,125891,USD,Annual,19.6,2023-10-20,payroll,125891.0
5890,GlobalTech,96588,GBP,Bi-Weekly,20.7,2023-03-27,payroll,3189335.7600000002
13257,GlobalTech,89795,EUR,Monthly,11.2,2024-09-05,payroll,1163743.2000000002
7489,GlobalTech,80838,GBP,Bi-Weekly,1.1,2023-10-14,payroll,2669270.7600000002
13769,GlobalTech,120074,USD,Bi-Weekly,16.1,2024-09-23,payroll,3121924.0
11451,GlobalTech,99056,EUR,Annual,7.9,2023-01-16,payroll,106980.48000000001
5477,GlobalTech,74667,USD,Bi-Weekly,12.1,2023-01-30,payroll,1941342.0
5498,GlobalTech,90840,GBP,Annual,15.3,2024-01-19,payroll,115366.8
12393,GlobalTech,54463,USD,Bi-Weekly,22.9,2023-09-25,payroll,1416038.0
6051,GlobalTech,113515,USD,Bi-Weekly,22.3,2024-09-16,payroll,2951390.0
10110,GlobalTech,"£111,896",GBP,Bi-Weekly,0.3,2024-06-02,payroll,3694805.92
14516,GlobalTech,65917,USD,Bi-Weekly,6.0,2024-08-01,payroll,1713842.0
14790,GlobalTech,133656,EUR,Annual,14.0,2024-08-11,payroll,144348.48
13272,GlobalTech,87478,USD,Bi-Weekly,29.7,2024-06-11,payroll,2274428.0
14454,GlobalTech,62760,GBP,Monthly,1.2,2023-12-13,payroll,956462.4
3037,GlobalTech,91570,EUR,Monthly,3.3,2023-03-28,payroll,1186747.2000000002
7328,GlobalTech,148143,USD,Bi-Weekly,0.8,2024-12-15,payroll,3851718.0
8955,GlobalTech,57124,GBP,Monthly,22.0,2023-07-16,payroll,870569.76
3285,GlobalTech,125201,EUR,Annual,21.2,2024-12-05,payroll,135217.08000000002
14557,GlobalTech,113021,EUR,Bi-Weekly,2.6,2024-02-12,payroll,3173629.68
13806,GlobalTech,125269,USD,Monthly,21.7,2024-12-06,payroll,1503228.0
9921,GlobalTech,126465,EUR,Bi-Weekly,4.9,2024-04-01,payroll,3551137.2
10562,GlobalTech,99691,EUR,Annual,9.9,2023-04-26,payroll,107666.28000000001
12265,GlobalTech,77962,GBP,Bi-Weekly,9.2,2024-12-16,payroll,2574305.24
9150,GlobalTech,119677,USD,Monthly,29.9,2024-03-20,payroll,1436124.0
8740,GlobalTech,140669,GBP,Bi-Weekly,6.8,2023-03-03,payroll,4644890.38
6659,GlobalTech,61118,USD,Monthly,10.3,2024-12-01,payroll,733416.0
13016,GlobalTech,53064,GBP,Annual,0.4,2023-10-05,payroll,67391.28
6137,GlobalTech,122869,EUR,Annual,16.1,2024-05-23,payroll,132698.52000000002
10079,GlobalTech,122907,USD,Bi-Weekly,1.4,2024-01-11,payroll,3195582.0
13217,GlobalTech,102944,GBP,Annual,3.3,2023-05-03,payroll,130738.88
14861,GlobalTech,145248,USD,Monthly,11.4,2024-06-01,payroll,1742976.0
4695,GlobalTech,176664,EUR,Monthly,22.8,2024-02-16,payroll,2289565.44
9916,GlobalTech,136601,USD,Annual,18.4,2023-08-18,payroll,136601.0
14554,GlobalTech,122302,EUR,Bi-Weekly,15.0,2024-08-22,payroll,3434240.16
14339,GlobalTech,142882,USD,Annual,29.7,2024-02-09,payroll,142882.0
12974,GlobalTech,66413,USD,Bi-Weekly,29.4,2024-10-23,payroll,1726738.0
13369,GlobalTech,88883,GBP,Bi-Weekly,15.9,2023-12-06,payroll,2934916.66
12646,GlobalTech,124285,EUR,Annual,22.5,2023-05-30,payroll,134227.80000000002
5414,GlobalTech,64858,EUR,Monthly,0.4,2024-12-04,payroll,840559.68
14982,GlobalTech,149010,USD,Bi-Weekly,26.9,2024-07-31,payroll,3874260.0
4505,GlobalTech,183290,EUR,Bi-Weekly,7.2,2024-01-31,payroll,5146783.2
9937,GlobalTech,95734,EUR,Annual,16.4,2024-05-22,payroll,103392.72
7287,GlobalTech,61295,EUR,Annual,26.7,2024-04-18,payroll,66198.6
11544,GlobalTech,93005,GBP,Annual,20.4,2023-02-04,payroll,118116.35
12034,GlobalTech,77155,GBP,Monthly,29.1,2024-11-17,payroll,1175842.2
8316,GlobalTech,100028,GBP,Annual,20.5,2024-10-07,payroll,127035.56
11550,GlobalTech,77564,USD,Bi-Weekly,28.1,2023-01-27,payroll,2016664.0
12498,GlobalTech,62385,USD,Annual,4.2,2024-12-14,payroll,62385.0
10712,GlobalTech,111253,EUR,Bi-Weekly,7.9,2023-06-28,payroll,3123984.24
11374,GlobalTech,113405,USD,Monthly,4.3,2024-08-01,payroll,1360860.0
11532,GlobalTech,92870,USD,Monthly,24.8,2023-01-30,payroll,1114440.0
12234,GlobalTech,147488,USD,Monthly,10.6,2023-12-25,payroll,1769856.0
11803,GlobalTech,41952,GBP,Monthly,17.2,2024-04-16,payroll,639348.48
11306,GlobalTech,119210,EUR,Monthly,22.3,2023-05-26,payroll,1544961.6
667,GlobalTech,110740,USD,Bi-Weekly,28.8,2024-01-21,payroll,2879240.0
6979,GlobalTech,85460,GBP,Monthly,10.0,2024-03-19,payroll,1302410.4
1130,GlobalTech,105871,USD,Bi-Weekly,10.3,2024-04-07,payroll,2752646.0
11127,GlobalTech,114491,GBP,Annual,8.1,2023-03-27,payroll,145403.57
6379,GlobalTech,80732,USD,Bi-Weekly,23.2,2023-10-31,payroll,2099032.0
4326,GlobalTech,106912,GBP,Bi-Weekly,0.0,2024-09-15,payroll,3530234.24
14296,GlobalTech,"€109,390",EUR,Bi-Weekly,18.0,2024-06-06,payroll,3071671.2
8708,GlobalTech,86327,EUR,Bi-Weekly,6.0,2024-11-26,payroll,2424062.16
1938,GlobalTech,154560,EUR,Annual,20.2,2024-07-08,payroll,166924.80000000002
14980,GlobalTech,130025,USD,Annual,10.8,2023-06-22,payroll,130025.0
13380,GlobalTech,81324,EUR,Monthly,1.3,2024-02-03,payroll,1053959.04
4843,GlobalTech,120172,GBP,Bi-Weekly,0.2,2023-10-18,payroll,3968079.44
9710,GlobalTech,52404,GBP,Bi-Weekly,18.9,2024-12-09,payroll,1730380.08
2632,GlobalTech,50152,GBP,Bi-Weekly,25.6,2023-07-24,payroll,1656019.04
12235,GlobalTech,97156,EUR,Monthly,19.0,2024-04-04,payroll,1259141.76
5778,GlobalTech,69448,USD,Bi-Weekly,1.4,2024-08-01,payroll,1805648.0
11233,GlobalTech,130525,EUR,Monthly,19.4,2024-11-26,payroll,1691604.0
14163,GlobalTech,50550,EUR,Bi-Weekly,21.6,2023-05-12,payroll,1419444.0
14913,GlobalTech,69691,EUR,Annual,16.7,2023-10-11,payroll,75266.28
5399,GlobalTech,113430,GBP,Annual,3.5,2023-03-16,payroll,144056.1
13355,GlobalTech,77863,USD,Annual,17.6,2024-03-14,payroll,77863.0
6495,GlobalTech,76743,GBP,Monthly,3.0,2024-01-16,payroll,1169563.32
14268,GlobalTech,102595,EUR,Annual,3.6,2024-05-29,payroll,110802.6
14902,GlobalTech,114572,EUR,Annual,21.5,2024-10-22,payroll,123737.76000000001
5854,GlobalTech,114348,EUR,Annual,7.4,2024-08-27,payroll,123495.84000000001
6897,GlobalTech,56794,EUR,Annual,23.6,2024-04-16,payroll,61337.520000000004
8555,GlobalTech,52472,GBP,Bi-Weekly,14.4,2023-07-17,payroll,1732625.44
14813,GlobalTech,82776,GBP,Monthly,1.1,2024-05-10,payroll,1261506.24
7902,GlobalTech,122421,USD,Bi-Weekly,16.7,2023-04-23,payroll,3182946.0
9412,GlobalTech,53635,USD,Annual,2.2,2023-12-01,payroll,53635.0
12758,GlobalTech,107142,USD,Bi-Weekly,13.4,2024-11-20,payroll,2785692.0
5195,GlobalTech,132166,EUR,Annual,14.4,2024-09-21,payroll,142739.28
12033,GlobalTech,128110,USD,Annual,22.0,2023-03-10,payroll,128110.0
8146,GlobalTech,105646,EUR,Bi-Weekly,11.4,2023-06-11,payroll,2966539.68
7463,GlobalTech,124554,EUR,Annual,8.8,2024-06-18,payroll,134518.32
9838,GlobalTech,94760,GBP,Annual,4.3,2024-08-21,payroll,120345.2
11166,GlobalTech,126307,EUR,Bi-Weekly,13.5,2023-12-23,payroll,3546700.56
1238,GlobalTech,103464,USD,Annual,7.5,2024-01-22,payroll,103464.0
3011,GlobalTech,103412,GBP,Annual,12.4,2023-06-15,payroll,131333.24
13578,GlobalTech,104974,GBP,Monthly,26.3,2024-09-27,payroll,1599803.76
13697,GlobalTech,60516,EUR,Bi-Weekly,6.5,2023-03-17,payroll,1699289.28
8886,GlobalTech,193328,EUR,Monthly,25.2,2024-10-02,payroll,2505530.8800000004
13642,GlobalTech,"£52,005",GBP,Annual,21.3,2024-11-15,payroll,66046.35
1569,GlobalTech,98680,USD,Monthly,28.6,2024-05-08,payroll,1184160.0
11448,GlobalTech,63501,GBP,Monthly,9.4,2024-07-18,payroll,967755.24
13721,GlobalTech,115252,EUR,Annual,11.1,2023-07-15,payroll,124472.16
10191,GlobalTech,68067,EUR,Monthly,2.1,2023-04-29,payroll,882148.3200000001
8599,GlobalTech,109635,EUR,Bi-Weekly,28.8,2023-02-20,payroll,3078550.8000000003
5792,GlobalTech,51546,EUR,Annual,24.3,2024-08-22,payroll,55669.68
2971,GlobalTech,110718,USD,Monthly,8.9,2024-11-07,payroll,1328616.0
14353,GlobalTech,126875,EUR,Bi-Weekly,25.3,2023-09-18,payroll,3562650.0000000005
2774,GlobalTech,69226,EUR,Annual,8.7,2024-04-10,payroll,74764.08
10666,GlobalTech,54330,EUR,Annual,18.3,2023-09-10,payroll,58676.4
12764,GlobalTech,130479,EUR,Bi-Weekly,16.3,2023-10-29,payroll,3663850.3200000003
9866,GlobalTech,115504,EUR,Annual,11.9,2023-02-28,payroll,124744.32
12932,GlobalTech,57333,EUR,Bi-Weekly,4.1,2024-05-19,payroll,1609910.6400000001
6129,GlobalTech,"€79,303",EUR,Monthly,2.1,2024-12-27,payroll,1027766.8800000001
8776,GlobalTech,171836,GBP,Bi-Weekly,23.0,2024-01-07,payroll,5674024.72
3810,GlobalTech,168329,USD,Annual,19.2,2024-12-07,payroll,168329.0
10940,GlobalTech,131530,EUR,Bi-Weekly,23.9,2023-11-13,payroll,3693362.4000000004
10101,GlobalTech,82134,USD,Annual,5.1,2024-05-24,payroll,82134.0
2928,GlobalTech,93804,GBP,Monthly,28.0,2024-11-02,payroll,1429572.96
6400,GlobalTech,73393,GBP,Annual,27.5,2024-09-11,payroll,93209.11
7141,GlobalTech,"€67,982",EUR,Bi-Weekly,0.1,2023-03-19,payroll,1908934.56
3081,GlobalTech,88266,USD,Monthly,22.3,2023-12-15,payroll,1059192.0
13550,GlobalTech,67229,USD,Bi-Weekly,16.1,2024-04-30,payroll,1747954.0
9278,GlobalTech,74933,USD,Annual,24.9,2024-02-23,payroll,74933.0
11509,GlobalTech,61228,GBP,Annual,9.6,2023-02-21,payroll,77759.56
3826,GlobalTech,111756,EUR,Monthly,9.2,2023-08-01,payroll,1448357.76
9798,GlobalTech,43864,GBP,Annual,26.1,2023-08-10,payroll,55707.28
12026,GlobalTech,131049,USD,Bi-Weekly,29.1,2023-01-17,payroll,3407274.0
8640,GlobalTech,106152,USD,Bi-Weekly,11.6,2023-05-04,payroll,2759952.0
4720,GlobalTech,104789,USD,Annual,17.7,2023-04-14,payroll,104789.0
11336,GlobalTech,66262,GBP,Bi-Weekly,3.0,2024-08-24,payroll,2187971.24
4779,GlobalTech,73180,GBP,Annual,13.0,2023-07-11,payroll,92938.6
7821,GlobalTech,183202,EUR,Monthly,29.3,2024-12-22,payroll,2374297.92
7792,GlobalTech,42677,GBP,Annual,15.1,2023-05-13,payroll,54199.79
14254,GlobalTech,128489,EUR,Annual,24.6,2023-04-22,payroll,138768.12
10352,GlobalTech,223304,EUR,Annual,15.3,2024-09-23,payroll,241168.32
2865,GlobalTech,107610,EUR,Annual,6.8,2024-04-20,payroll,116218.8
12100,GlobalTech,117155,GBP,Monthly,18.3,2024-02-08,payroll,1785442.2
6766,GlobalTech,120641,EUR,Monthly,7.6,2023-03-24,payroll,1563507.36
5057,GlobalTech,148664,GBP,Monthly,0.8,2024-04-10,payroll,2265639.36
12028,GlobalTech,124489,USD,Annual,9.3,2024-03-20,payroll,124489.0
10806,GlobalTech,114820,GBP,Monthly,10.9,2024-01-02,payroll,1749856.8
12932,GlobalTech,118759,GBP,Annual,10.3,2024-10-13,payroll,150823.93
11114,GlobalTech,107365,EUR,Bi-Weekly,17.2,2024-07-07,payroll,3014809.2
11016,GlobalTech,145159,USD,Monthly,4.4,2023-01-14,payroll,1741908.0
9821,GlobalTech,99516,EUR,Annual,12.0,2023-10-19,payroll,107477.28000000001
8268,GlobalTech,147554,USD,Monthly,22.8,2023-12-01,payroll,1770648.0
13162,GlobalTech,"€131,077",EUR,Monthly,24.6,2023-12-22,payroll,1698757.9200000002
10861,GlobalTech,103460,GBP,Annual,4.6,2024-10-08,payroll,131394.2
6840,GlobalTech,77431,EUR,Annual,15.8,2023-10-08,payroll,83625.48000000001
14248,GlobalTech,112684,GBP,Monthly,17.0,2024-09-29,payroll,1717304.16
4267,GlobalTech,57144,GBP,Annual,3.5,2023-04-25,payroll,72572.88
10799,GlobalTech,109144,GBP,Monthly,3.7,2024-12-05,payroll,1663354.56
5104,GlobalTech,81331,GBP,Monthly,11.0,2024-07-30,payroll,1239484.44
12272,GlobalTech,169793,GBP,Bi-Weekly,17.4,2023-08-05,payroll,5606564.86
7839,GlobalTech,130255,EUR,Bi-Weekly,14.9,2024-11-14,payroll,3657560.4000000004
14252,GlobalTech,118653,USD,Bi-Weekly,7.3,2023-09-06,payroll,3084978.0
1061,GlobalTech,62648,USD,Annual,25.1,2023-04-12,payroll,62648.0
8098,GlobalTech,"$86,626",USD,Annual,3.2,2023-08-18,payroll,86626.0
14004,GlobalTech,113484,GBP,Bi-Weekly,7.0,2023-07-07,payroll,3747241.68
8594,GlobalTech,84328,GBP,Bi-Weekly,8.0,2024-01-27,payroll,2784510.56
7779,GlobalTech,233690,USD,Bi-Weekly,6.9,2023-04-22,payroll,6075940.0
5021,GlobalTech,85857,GBP,Annual,27.6,2024-02-01,payroll,109038.39
3323,GlobalTech,108872,USD,Bi-Weekly,29.9,2024-10-27,payroll,2830672.0
11712,GlobalTech,163485,EUR,Annual,8.3,2024-01-27,payroll,176563.80000000002
9348,GlobalTech,110877,GBP,Bi-Weekly,21.7,2023-10-22,payroll,3661158.54
9291,GlobalTech,64273,EUR,Monthly,10.1,2023-12-19,payroll,832978.0800000001
9893,GlobalTech,116036,GBP,Bi-Weekly,29.2,2023-07-29,payroll,3831508.72
9264,GlobalTech,138029,GBP,Monthly,29.9,2023-02-03,payroll,2103561.96
10089,GlobalTech,54229,GBP,Bi-Weekly,4.0,2024-09-14,payroll,1790641.58
14531,GlobalTech,85635,USD,Annual,14.2,2023-12-02,payroll,85635.0
11742,GlobalTech,84548,EUR,Monthly,15.7,2024-03-20,payroll,1095742.08
2849,GlobalTech,53525,GBP,Annual,4.4,2023-09-29,payroll,67976.75
7755,GlobalTech,81422,GBP,Annual,14.6,2024-11-01,payroll,103405.94
5966,GlobalTech,98604,GBP,Bi-Weekly,9.8,2024-05-17,payroll,3255904.08
4779,GlobalTech,102494,GBP,Bi-Weekly,29.9,2023-12-18,payroll,3384351.88
4744,GlobalTech,81514,GBP,Annual,9.5,2023-11-07,payroll,103522.78
1631,GlobalTech,131140,EUR,Bi-Weekly,21.1,2024-04-17,payroll,3682411.2
11694,GlobalTech,140985,USD,Bi-Weekly,25.0,2023-03-07,payroll,3665610.0
10095,GlobalTech,100054,GBP,Monthly,15.3,2024-09-24,payroll,1524822.96
7334,GlobalTech,119852,GBP,Monthly,28.5,2023-10-25,payroll,1826544.48
8589,GlobalTech,128867,EUR,Monthly,8.8,2024-03-16,payroll,1670116.32
8525,GlobalTech,58359,GBP,Annual,0.9,2024-01-14,payroll,74115.93000000001
7899,GlobalTech,"$61,319",USD,Annual,27.4,2024-02-09,payroll,61319.0
10212,GlobalTech,42490,GBP,Annual,19.4,2023-05-25,payroll,53962.3
4548,GlobalTech,146748,GBP,Bi-Weekly,3.8,2023-06-27,payroll,4845618.96
2758,GlobalTech,93682,GBP,Annual,14.5,2023-04-26,payroll,118976.14
13617,GlobalTech,"£117,308",GBP,Monthly,3.7,2023-08-30,payroll,1787773.92
14809,GlobalTech,103224,GBP,Bi-Weekly,9.7,2024-03-15,payroll,3408456.48
9839,GlobalTech,50901,GBP,Bi-Weekly,2.3,2024-04-26,payroll,1680751.02
6074,GlobalTech,96532,USD,Annual,28.7,2024-02-24,payroll,96532.0
9633,GlobalTech,98896,GBP,Monthly,14.3,2024-09-28,payroll,1507175.04
14296,GlobalTech,95522,GBP,Bi-Weekly,6.1,2024-02-16,payroll,3154136.44
2588,GlobalTech,107336,GBP,Annual,23.9,2023-12-23,payroll,136316.72
9592,GlobalTech,107230,EUR,Bi-Weekly,9.2,2023-11-02,payroll,3011018.4000000004
14641,GlobalTech,78414,GBP,Annual,15.3,2023-05-05,payroll,99585.78
12272,GlobalTech,61006,EUR,Bi-Weekly,0.0,2023-12-26,payroll,1713048.4800000002
14725,GlobalTech,133260,USD,Monthly,14.9,2023-06-18,payroll,1599120.0
9912,GlobalTech,110659,USD,Monthly,0.3,2024-08-26,payroll,1327908.0
10249,GlobalTech,147847,USD,Monthly,22.9,2023-07-14,payroll,1774164.0
10555,GlobalTech,96551,USD,Monthly,0.1,2024-11-12,payroll,1158612.0
12763,GlobalTech,91639,USD,Bi-Weekly,19.5,2023-04-18,payroll,2382614.0
13334,GlobalTech,95729,USD,Bi-Weekly,0.8,2024-03-04,payroll,2488954.0
14238,GlobalTech,144704,USD,Bi-Weekly,0.7,2023-07-19,payroll,3762304.0
13119,GlobalTech,131052,EUR,Annual,22.1,2023-09-20,payroll,141536.16
4657,GlobalTech,"€64,586",EUR,Annual,25.0,2024-01-09,payroll,69752.88
9066,GlobalTech,115407,USD,Annual,15.4,2024-09-15,payroll,115407.0
8175,GlobalTech,104558,EUR,Bi-Weekly,2.9,2024-10-19,payroll,2935988.64
12476,GlobalTech,118481,USD,Monthly,21.5,2024-01-02,payroll,1421772.0
6649,GlobalTech,46931,EUR,Monthly,29.2,2024-10-19,payroll,608225.76
13028,GlobalTech,131643,USD,Annual,22.2,2024-02-27,payroll,131643.0
6966,GlobalTech,97538,EUR,Annual,7.6,2023-08-27,payroll,105341.04000000001
2290,GlobalTech,141560,USD,Bi-Weekly,1.1,2023-01-25,payroll,3680560.0
10161,GlobalTech,56756,EUR,Bi-Weekly,16.1,2024-10-02,payroll,1593708.4800000002
5783,GlobalTech,115143,GBP,Monthly,25.9,2023-06-23,payroll,1754779.32
8876,GlobalTech,92911,USD,Monthly,10.5,2024-08-17,payroll,1114932.0
11022,GlobalTech,71363,GBP,Annual,16.7,2023-08-18,payroll,90631.01
9633,GlobalTech,56170,EUR,Bi-Weekly,17.6,2024-09-13,payroll,1577253.6
13722,GlobalTech,45984,GBP,Bi-Weekly,2.2,2024-01-18,payroll,1518391.68
9353,GlobalTech,120787,USD,Bi-Weekly,2.4,2024-11-11,payroll,3140462.0
8535,GlobalTech,113208,GBP,Monthly,23.3,2024-01-12,payroll,1725289.92
9923,GlobalTech,49749,GBP,Annual,0.8,2024-06-10,payroll,63181.23
13184,GlobalTech,71255,USD,Bi-Weekly,26.5,2023-05-24,payroll,1852630.0
12956,GlobalTech,"£57,193",GBP,Bi-Weekly,23.6,2023-04-12,payroll,1888512.86
7440,GlobalTech,223869,USD,Bi-Weekly,24.6,2023-09-03,payroll,5820594.0
6856,GlobalTech,72715,EUR,Bi-Weekly,18.4,2024-06-04,payroll,2041837.2000000002
7636,GlobalTech,129848,EUR,Annual,23.7,2024-10-18,payroll,140235.84
8537,GlobalTech,142283,USD,Annual,0.4,2023-01-19,payroll,142283.0
14917,GlobalTech,64878,EUR,Bi-Weekly,12.1,2023-06-27,payroll,1821774.2400000002
13339,GlobalTech,48747,EUR,Annual,4.8,2023-08-18,payroll,52646.76
7183,GlobalTech,81128,GBP,Monthly,7.3,2023-05-28,payroll,1236390.72
7349,GlobalTech,139027,EUR,Monthly,6.8,2023-11-19,payroll,1801789.9200000002
12095,GlobalTech,82099,EUR,Annual,16.4,2023-10-16,payroll,88666.92000000001
14922,GlobalTech,115651,USD,Bi-Weekly,1.5,2024-03-05,payroll,3006926.0
6225,GlobalTech,148314,USD,Monthly,24.1,2024-09-11,payroll,1779768.0
2610,GlobalTech,64456,GBP,Monthly,26.6,2024-08-03,payroll,982309.4400000001
3243,GlobalTech,90077,GBP,Monthly,4.9,2024-02-05,payroll,1372773.48
2257,GlobalTech,77317,EUR,Annual,11.5,2023-10-16,payroll,83502.36
14760,GlobalTech,45311,GBP,Annual,24.5,2023-05-07,payroll,57544.97
5870,GlobalTech,51766,EUR,Monthly,11.5,2023-05-29,payroll,670887.36
1416,GlobalTech,151198,EUR,Annual,28.5,2023-10-31,payroll,163293.84
5860,GlobalTech,61125,GBP,Bi-Weekly,26.6,2023-03-11,payroll,2018347.5
11339,GlobalTech,81301,GBP,Bi-Weekly,15.9,2024-09-20,payroll,2684559.02
12851,GlobalTech,46346,GBP,Bi-Weekly,25.0,2023-08-01,payroll,1530344.92
6839,GlobalTech,95572,GBP,Annual,23.4,2024-05-30,payroll,121376.44
9239,GlobalTech,219052,EUR,Bi-Weekly,4.4,2023-10-07,payroll,6150980.16
3776,GlobalTech,53617,USD,Monthly,18.1,2024-01-27,payroll,643404.0
10774,GlobalTech,127928,USD,Bi-Weekly,14.0,2024-11-26,payroll,3326128.0
14025,GlobalTech,118946,USD,Annual,13.8,2024-09-07,payroll,118946.0
803,GlobalTech,110341,EUR,Bi-Weekly,24.1,2023-04-27,payroll,3098375.2800000003
11591,GlobalTech,72414,USD,Bi-Weekly,16.2,2023-02-25,payroll,1882764.0
11413,GlobalTech,120829,USD,Monthly,24.3,2023-08-22,payroll,1449948.0
5958,GlobalTech,42508,GBP,Annual,27.4,2024-09-24,payroll,53985.16
7086,GlobalTech,85095,EUR,Monthly,10.8,2023-11-07,payroll,1102831.2000000002
14321,GlobalTech,51138,USD,Annual,20.1,2024-10-26,payroll,51138.0
13162,GlobalTech,119755,EUR,Monthly,2.0,2023-06-21,payroll,1552024.8
12704,GlobalTech,123084,USD,Annual,10.5,2023-05-15,payroll,123084.0
10404,GlobalTech,80928,GBP,Monthly,15.0,2023-08-10,payroll,1233342.72
5361,GlobalTech,68087,EUR,Monthly,14.1,2024-05-31,payroll,882407.52
11392,GlobalTech,133106,USD,Annual,14.8,2024-10-22,payroll,133106.0
12289,GlobalTech,91676,GBP,Annual,25.4,2023-07-26,payroll,116428.52
9978,GlobalTech,144638,USD,Bi-Weekly,29.6,2023-09-03,payroll,3760588.0
1981,GlobalTech,51089,EUR,Monthly,9.4,2023-05-08,payroll,662113.4400000001
3678,GlobalTech,57312,GBP,Bi-Weekly,26.4,2024-11-01,payroll,1892442.24
5718,GlobalTech,60516,GBP,Monthly,1.0,2024-06-27,payroll,922263.84
12500,GlobalTech,119072,USD,Annual,8.9,2024-04-07,payroll,119072.0
10288,GlobalTech,115365,USD,Bi-Weekly,23.4,2023-07-15,payroll,2999490.0
6137,GlobalTech,146266,EUR,Monthly,19.0,2024-07-11,payroll,1895607.36
9915,GlobalTech,113669,GBP,Monthly,11.7,2023-09-26,payroll,1732315.56
10911,GlobalTech,170772,USD,Bi-Weekly,1.4,2023-01-11,payroll,4440072.0
13491,GlobalTech,47411,GBP,Monthly,20.6,2023-03-17,payroll,722543.64
9530,GlobalTech,97613,EUR,Bi-Weekly,4.7,2023-12-23,payroll,2740973.04
12800,GlobalTech,"$114,829",USD,Bi-Weekly,3.3,2023-12-11,payroll,2985554.0
406,GlobalTech,"£57,100",GBP,Monthly,23.5,2023-06-28,payroll,870204.0
7180,GlobalTech,104492,USD,Bi-Weekly,24.1,2023-12-14,payroll,2716792.0
7873,GlobalTech,81244,GBP,Bi-Weekly,3.8,2024-05-10,payroll,2682676.88
1597,GlobalTech,102407,USD,Bi-Weekly,21.7,2023-12-12,payroll,2662582.0
6592,GlobalTech,64341,USD,Monthly,18.8,2023-11-22,payroll,772092.0
4096,GlobalTech,128112,GBP,Annual,25.9,2024-06-27,payroll,162702.24
4892,GlobalTech,45032,GBP,Monthly,23.4,2024-03-11,payroll,686287.68
7405,GlobalTech,130620,EUR,Annual,26.3,2023-12-24,payroll,141069.6
9065,GlobalTech,58384,USD,Monthly,28.6,2024-03-09,payroll,700608.0
9777,GlobalTech,100153,USD,Annual,0.0,2024-08-22,payroll,100153.0
12735,GlobalTech,114678,EUR,Annual,17.3,2024-01-14,payroll,123852.24
13063,GlobalTech,113066,EUR,Bi-Weekly,29.1,2024-10-06,payroll,3174893.2800000003
4708,GlobalTech,50534,GBP,Annual,8.1,2024-05-11,payroll,64178.18
14449,GlobalTech,41731,GBP,Annual,22.5,2024-10-02,payroll,52998.37
2409,GlobalTech,72622,EUR,Monthly,15.8,2024-01-26,payroll,941181.1200000001
12942,GlobalTech,"£89,776",GBP,Annual,26.0,2023-07-23,payroll,114015.52
5858,GlobalTech,102521,USD,Monthly,16.0,2024-07-20,payroll,1230252.0
13795,GlobalTech,67376,USD,Annual,2.4,2023-04-26,payroll,67376.0
9953,GlobalTech,105224,GBP,Bi-Weekly,3.2,2023-04-12,payroll,3474496.48
9639,GlobalTech,149510,USD,Annual,6.1,2023-12-26,payroll,149510.0
11932,GlobalTech,89203,EUR,Annual,12.5,2024-10-02,payroll,96339.24
9617,GlobalTech,80740,USD,Annual,26.3,2023-03-16,payroll,80740.0
12084,GlobalTech,75113,USD,Bi-Weekly,17.2,2024-12-26,payroll,1952938.0
4082,GlobalTech,40247,GBP,Bi-Weekly,29.3,2023-05-31,payroll,1328955.94
13816,GlobalTech,56105,GBP,Annual,5.1,2024-01-16,payroll,71253.35
4581,GlobalTech,84075,USD,Annual,14.2,2024-12-07,payroll,84075.0
9063,GlobalTech,"£165,530",GBP,Annual,11.9,2024-04-27,payroll,210223.1
7821,GlobalTech,170998,EUR,Annual,3.9,2023-01-14,payroll,184677.84000000003
1714,GlobalTech,67668,EUR,Bi-Weekly,15.8,2024-03-30,payroll,1900117.4400000002
10789,GlobalTech,98845,USD,Annual,15.4,2024-12-15,payroll,98845.0
11586,GlobalTech,123676,USD,Monthly,7.2,2023-05-21,payroll,1484112.0
12983,GlobalTech,105200,GBP,Monthly,21.2,2023-04-14,payroll,1603248.0
8338,GlobalTech,92327,EUR,Monthly,10.9,2023-05-09,payroll,1196557.9200000002
14715,GlobalTech,93607,USD,Annual,7.7,2023-09-11,payroll,93607.0
7803,GlobalTech,88610,GBP,Monthly,16.1,2024-05-06,payroll,1350416.4
13859,GlobalTech,104852,GBP,Bi-Weekly,0.4,2023-10-01,payroll,3462213.04
9665,GlobalTech,106309,USD,Monthly,23.4,2023-04-28,payroll,1275708.0
12990,GlobalTech,110985,GBP,Bi-Weekly,23.5,2023-02-25,payroll,3664724.7
10704,GlobalTech,49643,EUR,Bi-Weekly,14.2,2023-12-01,payroll,1393975.4400000002
3627,GlobalTech,53045,USD,Bi-Weekly,0.1,2023-06-15,payroll,1379170.0
14417,GlobalTech,211358,USD,Bi-Weekly,8.9,2024-05-06,payroll,5495308.0
5079,GlobalTech,114105,EUR,Bi-Weekly,22.9,2024-04-08,payroll,3204068.4000000004
4449,GlobalTech,60352,EUR,Bi-Weekly,26.6,2024-12-01,payroll,1694684.1600000001
4423,GlobalTech,82228,USD,Monthly,15.6,2023-02-18,payroll,986736.0
8425,GlobalTech,120538,EUR,Monthly,8.9,2024-08-15,payroll,1562172.4800000002
12430,GlobalTech,146006,USD,Bi-Weekly,4.2,2024-10-31,payroll,3796156.0
14130,GlobalTech,91111,GBP,Annual,11.1,2023-08-28,payroll,115710.97
8001,GlobalTech,130538,USD,Monthly,24.2,2023-09-09,payroll,1566456.0
658,GlobalTech,176434,GBP,Annual,4.1,2023-02-23,payroll,224071.18
10066,GlobalTech,142057,GBP,Annual,5.1,2023-08-01,payroll,180412.39
14733,GlobalTech,85700,GBP,Bi-Weekly,23.1,2023-02-24,payroll,2829814.0
13875,GlobalTech,61584,GBP,Annual,28.2,2023-12-16,payroll,78211.68000000001
13645,GlobalTech,132616,EUR,Annual,23.9,2023-01-30,payroll,143225.28
4163,GlobalTech,136636,USD,Annual,26.9,2023-12-29,payroll,136636.0
10095,GlobalTech,105730,GBP,Monthly,23.4,2024-11-29,payroll,1611325.2
8092,GlobalTech,126470,USD,Annual,6.1,2023-07-04,payroll,126470.0
13380,GlobalTech,79699,GBP,Monthly,21.1,2024-03-08,payroll,1214612.76
10671,GlobalTech,148189,USD,Monthly,25.1,2023-10-16,payroll,1778268.0
9553,GlobalTech,97681,USD,Monthly,21.5,2023-05-28,payroll,1172172.0
7657,GlobalTech,64141,GBP,Bi-Weekly,19.6,2024-05-23,payroll,2117935.82
11337,GlobalTech,51032,EUR,Bi-Weekly,18.3,2024-08-07,payroll,1432978.56
13368,GlobalTech,"€125,643",EUR,Bi-Weekly,29.8,2023-10-22,payroll,3528055.4400000004
14712,GlobalTech,121154,EUR,Bi-Weekly,20.1,2024-10-29,payroll,3402004.3200000003
7704,GlobalTech,58785,GBP,Annual,26.0,2024-03-29,payroll,74656.95
12426,GlobalTech,116265,GBP,Bi-Weekly,20.5,2024-07-23,payroll,3839070.3000000003
11600,GlobalTech,57041,USD,Monthly,13.1,2024-03-10,payroll,684492.0
8069,GlobalTech,100377,USD,Annual,10.4,2023-02-04,payroll,100377.0
8989,GlobalTech,107158,EUR,Annual,2.6,2024-06-13,payroll,115730.64000000001
11825,GlobalTech,105297,GBP,Annual,13.3,2023-06-26,payroll,133727.19
10512,GlobalTech,76864,USD,Monthly,14.5,2023-08-29,payroll,922368.0
6461,GlobalTech,82039,EUR,Annual,24.8,2024-11-10,payroll,88602.12000000001
3251,GlobalTech,60604,GBP,Bi-Weekly,16.7,2024-09-29,payroll,2001144.08
6870,GlobalTech,62836,GBP,Monthly,18.6,2023-02-18,payroll,957620.64
11479,GlobalTech,93915,EUR,Monthly,17.6,2023-08-15,payroll,1217138.4000000001
8590,GlobalTech,70436,GBP,Annual,24.2,2024-03-04,payroll,89453.72
8068,GlobalTech,54777,USD,Annual,24.4,2023-08-16,payroll,54777.0
4750,GlobalTech,80523,USD,Bi-Weekly,14.8,2023-03-16,payroll,2093598.0
8739,GlobalTech,"€65,446",EUR,Monthly,5.4,2024-08-02,payroll,848180.16
9631,GlobalTech,97654,GBP,Monthly,11.9,2023-03-20,payroll,1488246.96
9031,GlobalTech,139544,USD,Annual,12.1,2023-09-20,payroll,139544.0
11320,GlobalTech,94425,GBP,Bi-Weekly,5.0,2024-07-20,payroll,3117913.5
10199,GlobalTech,58784,GBP,Monthly,6.2,2023-01-25,payroll,895868.16
8333,GlobalTech,95751,USD,Annual,1.2,2023-01-29,payroll,95751.0
6473,GlobalTech,90252,EUR,Bi-Weekly,19.5,2024-07-31,payroll,2534276.16
12290,GlobalTech,81060,USD,Annual,4.6,2023-08-12,payroll,81060.0
12886,GlobalTech,89974,USD,Annual,29.2,2023-05-03,payroll,89974.0
13598,GlobalTech,123524,EUR,Bi-Weekly,6.0,2024-09-18,payroll,3468553.9200000004
12668,GlobalTech,149987,USD,Bi-Weekly,22.4,2024-12-05,payroll,3899662.0
14546,GlobalTech,101240,USD,Monthly,21.8,2024-04-28,payroll,1214880.0
14865,GlobalTech,114438,GBP,Monthly,20.1,2023-12-12,payroll,1744035.12
11861,GlobalTech,111849,EUR,Bi-Weekly,2.7,2024-01-24,payroll,3140719.9200000004
3678,GlobalTech,53920,GBP,Bi-Weekly,17.2,2024-08-29,payroll,1780438.4000000001
13164,GlobalTech,96264,USD,Bi-Weekly,15.5,2024-02-09,payroll,2502864.0
13061,GlobalTech,111480,GBP,Monthly,14.6,2023-07-19,payroll,1698955.2
12740,GlobalTech,120714,USD,Annual,5.3,2024-06-29,payroll,120714.0
11745,GlobalTech,58868,EUR,Annual,20.5,2024-03-10,payroll,63577.44
2453,GlobalTech,52933,GBP,Bi-Weekly,19.9,2023-04-02,payroll,1747847.66
8382,GlobalTech,132568,USD,Monthly,1.6,2024-10-06,payroll,1590816.0
13186,GlobalTech,199514,USD,Annual,7.7,2023-01-31,payroll,199514.0
13828,GlobalTech,143374,USD,Annual,9.1,2023-05-06,payroll,143374.0
13526,GlobalTech,114641,USD,Annual,2.4,2024-07-14,payroll,114641.0
14304,GlobalTech,149559,USD,Annual,21.3,2023-03-23,payroll,149559.0
10044,GlobalTech,136120,GBP,Bi-Weekly,8.5,2023-01-07,payroll,4494682.4
9939,GlobalTech,"£79,283",GBP,Monthly,14.9,2023-08-07,payroll,1208272.92
4249,GlobalTech,121291,USD,Monthly,23.6,2024-03-09,payroll,1455492.0
6336,GlobalTech,115810,GBP,Annual,22.0,2023-10-24,payroll,147078.7
7243,GlobalTech,108780,EUR,Annual,4.9,2024-10-14,payroll,117482.40000000001
8210,GlobalTech,121626,EUR,Annual,25.9,2023-07-01,payroll,131356.08000000002
5267,GlobalTech,109592,USD,Annual,29.6,2023-08-07,payroll,109592.0
12431,GlobalTech,136622,EUR,Bi-Weekly,4.8,2023-09-20,payroll,3836345.7600000002
13040,GlobalTech,51766,USD,Annual,5.8,2024-02-20,payroll,51766.0
1649,GlobalTech,"€129,546",EUR,Annual,18.9,2024-04-30,payroll,139909.68000000002
9699,GlobalTech,145197,USD,Annual,27.5,2024-02-06,payroll,145197.0
7270,GlobalTech,97343,USD,Annual,11.9,2024-02-20,payroll,97343.0
13933,GlobalTech,123642,GBP,Annual,23.0,2024-08-11,payroll,157025.34
14665,GlobalTech,151478,EUR,Monthly,23.6,2023-09-08,payroll,1963154.8800000001
14326,GlobalTech,59397,USD,Bi-Weekly,28.8,2024-05-17,payroll,1544322.0
11352,GlobalTech,"£140,308",GBP,Annual,14.7,2023-02-22,payroll,178191.16
4011,GlobalTech,131359,USD,Annual,8.5,2023-08-02,payroll,131359.0
14995,GlobalTech,89105,GBP,Monthly,2.2,2023-03-16,payroll,1357960.2
4175,GlobalTech,49934,GBP,Annual,2.7,2023-04-14,payroll,63416.18
13492,GlobalTech,69393,GBP,Bi-Weekly,27.0,2024-02-28,payroll,2291356.86
8425,GlobalTech,76129,EUR,Monthly,24.2,2023-07-23,payroll,986631.8400000001
11627,GlobalTech,92691,USD,Monthly,9.4,2024-12-31,payroll,1112292.0
8658,GlobalTech,123714,EUR,Monthly,28.7,2023-08-08,payroll,1603333.4400000002
8621,GlobalTech,172024,USD,Monthly,25.7,2024-04-13,payroll,2064288.0
9610,GlobalTech,128976,GBP,Bi-Weekly,28.7,2024-06-05,payroll,4258787.5200000005
12592,GlobalTech,163906,EUR,Annual,16.4,2024-07-19,payroll,177018.48
4698,GlobalTech,64889,EUR,Bi-Weekly,12.7,2024-11-28,payroll,1822083.12
6805,GlobalTech,78562,EUR,Bi-Weekly,2.6,2024-02-02,payroll,2206020.96
9684,GlobalTech,166153,USD,Monthly,2.5,2023-03-28,payroll,1993836.0
4700,GlobalTech,66133,EUR,Bi-Weekly,17.5,2024-08-08,payroll,1857014.6400000001
3395,GlobalTech,70522,USD,Monthly,14.6,2024-01-02,payroll,846264.0
8958,GlobalTech,95919,GBP,Annual,4.1,2023-03-10,payroll,121817.13
12042,GlobalTech,78171,GBP,Bi-Weekly,22.5,2024-08-12,payroll,2581206.42
13117,GlobalTech,106914,USD,Annual,19.2,2023-05-09,payroll,106914.0
10219,GlobalTech,134654,USD,Bi-Weekly,2.8,2024-02-23,payroll,3501004.0
3152,GlobalTech,120260,USD,Annual,19.1,2023-07-25,payroll,120260.0
14733,GlobalTech,96518,EUR,Annual,11.8,2024-10-25,payroll,104239.44
3039,GlobalTech,116148,GBP,Bi-Weekly,16.9,2024-05-01,payroll,3835206.96
1158,GlobalTech,49494,GBP,Monthly,21.8,2023-07-11,payroll,754288.56
14683,GlobalTech,87502,GBP,Bi-Weekly,25.4,2024-09-22,payroll,2889316.04
10687,GlobalTech,83042,GBP,Bi-Weekly,23.3,2023-06-17,payroll,2742046.84
1376,GlobalTech,73084,EUR,Monthly,5.8,2024-08-03,payroll,947168.64
10942,GlobalTech,55042,GBP,Annual,17.8,2023-09-03,payroll,69903.34
7323,GlobalTech,79969,GBP,Bi-Weekly,17.9,2024-06-21,payroll,2640576.38
6999,GlobalTech,61707,GBP,Annual,29.0,2024-01-10,payroll,78367.89
9359,GlobalTech,146727,USD,Monthly,2.0,2024-01-28,payroll,1760724.0
3844,GlobalTech,51866,USD,Monthly,10.1,2024-07-03,payroll,622392.0
10757,GlobalTech,46278,GBP,Annual,1.3,2024-06-07,payroll,58773.06
4823,GlobalTech,85384,USD,Bi-Weekly,22.4,2024-11-12,payroll,2219984.0
2202,GlobalTech,77062,USD,Monthly,17.3,2023-11-07,payroll,924744.0
2927,GlobalTech,118384,USD,Annual,12.2,2023-06-10,payroll,118384.0
8438,GlobalTech,65694,EUR,Annual,1.2,2024-04-11,payroll,70949.52
7341,GlobalTech,115430,EUR,Bi-Weekly,26.9,2024-04-28,payroll,3241274.4000000004
11962,GlobalTech,111430,EUR,Monthly,22.2,2023-12-23,payroll,1444132.8
6493,GlobalTech,123175,USD,Annual,1.3,2024-02-02,payroll,123175.0
11532,GlobalTech,130846,USD,Bi-Weekly,4.5,2023-05-05,payroll,3401996.0
14914,GlobalTech,117590,GBP,Annual,19.9,2023-03-24,payroll,149339.3
13955,GlobalTech,73892,GBP,Annual,28.8,2023-02-16,payroll,93842.84
12593,GlobalTech,122134,EUR,Bi-Weekly,7.4,2024-12-03,payroll,3429522.72
9464,GlobalTech,75542,USD,Bi-Weekly,6.8,2023-12-14,payroll,1964092.0
13114,GlobalTech,93403,USD,Bi-Weekly,8.5,2023-11-28,payroll,2428478.0
11710,GlobalTech,115851,EUR,Bi-Weekly,15.1,2023-12-11,payroll,3253096.08
6551,GlobalTech,76992,GBP,Bi-Weekly,24.3,2023-12-26,payroll,2542275.84
6750,GlobalTech,52297,GBP,Monthly,6.9,2023-02-11,payroll,797006.28
14270,GlobalTech,139676,USD,Bi-Weekly,8.1,2024-11-03,payroll,3631576.0
6816,GlobalTech,47796,GBP,Annual,8.8,2023-05-28,payroll,60700.92
7607,GlobalTech,67293,USD,Annual,25.2,2024-12-31,payroll,67293.0
9535,GlobalTech,65755,EUR,Bi-Weekly,9.4,2023-07-14,payroll,1846400.4000000001
13224,GlobalTech,86469,USD,Bi-Weekly,19.1,2023-06-14,payroll,2248194.0
5175,GlobalTech,102955,GBP,Monthly,13.9,2023-10-13,payroll,1569034.2
9945,GlobalTech,147906,USD,Monthly,15.1,2023-07-13,payroll,1774872.0
13752,GlobalTech,71071,GBP,Bi-Weekly,25.4,2023-06-14,payroll,2346764.42
13859,GlobalTech,84185,USD,Bi-Weekly,8.0,2023-05-28,payroll,2188810.0
5757,GlobalTech,120888,EUR,Monthly,22.2,2024-02-10,payroll,1566708.4800000002
14921,GlobalTech,104049,GBP,Bi-Weekly,18.0,2023-07-17,payroll,3435697.98
5602,GlobalTech,187667,GBP,Monthly,23.8,2023-12-07,payroll,2860045.08
13849,GlobalTech,138645,USD,Bi-Weekly,28.4,2024-02-26,payroll,3604770.0
9516,GlobalTech,88968,GBP,Bi-Weekly,13.8,2024-03-27,payroll,2937723.36
9799,GlobalTech,43298,GBP,Annual,29.4,2024-02-13,payroll,54988.46
7315,GlobalTech,45880,GBP,Bi-Weekly,13.1,2024-03-13,payroll,1514957.6
11635,GlobalTech,112476,GBP,Bi-Weekly,15.3,2024-12-27,payroll,3713957.52
6506,GlobalTech,93218,USD,Monthly,15.5,2024-12-09,payroll,1118616.0
12697,GlobalTech,46876,GBP,Bi-Weekly,5.8,2023-01-24,payroll,1547845.52
12235,GlobalTech,81169,EUR,Annual,13.5,2023-04-16,payroll,87662.52
10026,GlobalTech,116800,USD,Annual,9.6,2023-11-19,payroll,116800.0
13321,GlobalTech,83552,GBP,Annual,22.8,2024-06-22,payroll,106111.04000000001
9826,GlobalTech,77318,GBP,Bi-Weekly,3.5,2023-08-04,payroll,2553040.36
12334,GlobalTech,88758,GBP,Annual,23.8,2023-03-01,payroll,112722.66
14680,GlobalTech,93805,EUR,Annual,15.0,2024-08-20,payroll,101309.40000000001
14655,GlobalTech,105853,GBP,Monthly,2.2,2023-04-17,payroll,1613199.72
13571,GlobalTech,128510,EUR,Annual,8.8,2023-09-13,payroll,138790.80000000002
12662,GlobalTech,72224,GBP,Annual,16.7,2024-02-03,payroll,91724.48
12586,GlobalTech,60695,USD,Annual,9.2,2023-10-28,payroll,60695.0
8938,GlobalTech,115627,USD,Annual,1.0,2023-03-20,payroll,115627.0
3200,GlobalTech,52106,GBP,Bi-Weekly,22.4,2023-07-31,payroll,1720540.12
9227,GlobalTech,191869,USD,Bi-Weekly,15.1,2023-02-03,payroll,4988594.0
4453,GlobalTech,148287,USD,Monthly,8.7,2023-12-21,payroll,1779444.0
4732,GlobalTech,103446,GBP,Monthly,11.8,2024-11-23,payroll,1576517.04
12549,GlobalTech,104651,GBP,Annual,7.6,2024-03-07,payroll,132906.77
14103,GlobalTech,89708,EUR,Monthly,8.4,2023-04-29,payroll,1162615.6800000002
7937,GlobalTech,75264,GBP,Bi-Weekly,16.3,2023-08-03,payroll,2485217.2800000003
3834,GlobalTech,50074,EUR,Annual,21.5,2023-04-18,payroll,54079.920000000006
2342,GlobalTech,55715,EUR,Bi-Weekly,25.4,2024-04-12,payroll,1564477.2000000002
8322,GlobalTech,78374,EUR,Bi-Weekly,5.1,2024-08-24,payroll,2200741.92
5324,GlobalTech,45863,GBP,Monthly,27.9,2024-06-06,payroll,698952.12
8992,GlobalTech,"£124,288",GBP,Bi-Weekly,18.4,2023-06-25,payroll,4103989.7600000002
1870,GlobalTech,104491,USD,Annual,16.2,2023-10-04,payroll,104491.0
6001,GlobalTech,144627,USD,Monthly,28.7,2023-11-15,payroll,1735524.0
8048,GlobalTech,"£55,084",GBP,Bi-Weekly,3.8,2024-11-12,payroll,1818873.68
13506,GlobalTech,139859,EUR,Bi-Weekly,26.0,2024-09-01,payroll,3927240.72
4128,GlobalTech,93332,GBP,Monthly,11.2,2023-02-21,payroll,1422379.68
14228,GlobalTech,110159,GBP,Annual,13.0,2024-12-15,payroll,139901.93
7627,GlobalTech,46980,GBP,Monthly,6.5,2024-10-01,payroll,715975.2
6237,GlobalTech,133955,USD,Monthly,14.6,2023-10-29,payroll,1607460.0
12021,GlobalTech,142825,EUR,Monthly,1.9,2024-09-12,payroll,1851012.0000000002
4553,GlobalTech,"£97,894",GBP,Bi-Weekly,2.2,2023-01-19,payroll,3232459.88
6841,GlobalTech,94420,USD,Annual,15.1,2023-06-07,payroll,94420.0
3946,GlobalTech,48395,GBP,Annual,0.8,2024-04-09,payroll,61461.65
11013,GlobalTech,80631,EUR,Monthly,0.4,2024-03-30,payroll,1044977.7600000001
5827,GlobalTech,118178,GBP,Annual,17.9,2024-05-17,payroll,150086.06
13826,GlobalTech,125128,GBP,Bi-Weekly,19.1,2023-08-19,payroll,4131726.56
2362,GlobalTech,119071,GBP,Annual,5.1,2024-05-13,payroll,151220.17
13343,GlobalTech,116839,GBP,Annual,6.7,2023-03-22,payroll,148385.53
5740,GlobalTech,57525,USD,Monthly,18.1,2024-05-27,payroll,690300.0
7082,GlobalTech,90223,USD,Bi-Weekly,21.1,2024-12-03,payroll,2345798.0
14811,GlobalTech,127328,EUR,Bi-Weekly,7.6,2024-09-29,payroll,3575370.24
10669,GlobalTech,115417,GBP,Monthly,3.2,2024-04-21,payroll,1758955.08
13153,GlobalTech,85092,GBP,Monthly,6.0,2023-07-18,payroll,1296802.08
9759,GlobalTech,84673,USD,Annual,8.1,2024-02-25,payroll,84673.0
12361,GlobalTech,93516,USD,Bi-Weekly,27.5,2024-07-31,payroll,2431416.0
7751,GlobalTech,69866,USD,Bi-Weekly,11.0,2023-04-09,payroll,1816516.0
10036,GlobalTech,111807,GBP,Monthly,15.1,2023-04-30,payroll,1703938.68
13997,GlobalTech,122900,EUR,Monthly,29.9,2024-07-13,payroll,1592784.0
1569,GlobalTech,68237,GBP,Annual,18.0,2023-02-14,payroll,86660.99
12065,GlobalTech,101784,USD,Bi-Weekly,24.9,2024-08-08,payroll,2646384.0
14685,GlobalTech,114084,GBP,Monthly,17.8,2024-02-25,payroll,1738640.16
5347,GlobalTech,115448,GBP,Bi-Weekly,24.8,2023-03-17,payroll,3812092.96
13319,GlobalTech,130902,USD,Monthly,22.0,2024-07-05,payroll,1570824.0
5943,GlobalTech,44447,GBP,Monthly,0.9,2023-02-06,payroll,677372.28
12396,GlobalTech,106667,EUR,Bi-Weekly,23.4,2024-06-19,payroll,2995209.3600000003
10707,GlobalTech,156337,GBP,Monthly,14.6,2023-10-22,payroll,2382575.88
9081,GlobalTech,115983,EUR,Bi-Weekly,24.5,2024-09-23,payroll,3256802.64
2231,GlobalTech,86347,USD,Annual,17.8,2024-11-06,payroll,86347.0
11691,GlobalTech,86038,GBP,Bi-Weekly,23.4,2023-03-17,payroll,2840974.7600000002
1964,GlobalTech,154411,USD,Annual,4.6,2023-05-25,payroll,154411.0
12236,GlobalTech,74317,USD,Annual,24.8,2023-06-30,payroll,74317.0
3288,GlobalTech,147820,GBP,Monthly,17.5,2024-11-30,payroll,2252776.8
13671,GlobalTech,50872,EUR,Monthly,24.7,2024-10-28,payroll,659301.12
1356,GlobalTech,52581,EUR,Annual,22.4,2023-03-16,payroll,56787.48
12828,GlobalTech,"€119,401",EUR,Annual,8.8,2024-06-10,payroll,128953.08
3451,GlobalTech,89246,GBP,Bi-Weekly,24.7,2024-01-24,payroll,2946902.92
10017,GlobalTech,96665,GBP,Monthly,7.3,2024-07-02,payroll,1473174.6
13327,GlobalTech,103209,USD,Annual,16.0,2023-04-09,payroll,103209.0
12684,GlobalTech,81989,GBP,Bi-Weekly,27.6,2023-03-07,payroll,2707276.7800000003
3548,GlobalTech,120652,USD,Bi-Weekly,24.4,2023-07-21,payroll,3136952.0
12942,GlobalTech,113965,GBP,Annual,8.8,2023-01-24,payroll,144735.55
9617,GlobalTech,119548,EUR,Annual,5.3,2023-11-27,payroll,129111.84000000001
7852,GlobalTech,100772,EUR,Bi-Weekly,23.3,2024-07-07,payroll,2829677.7600000002
13225,GlobalTech,52827,EUR,Monthly,17.8,2023-02-01,payroll,684637.92
13705,GlobalTech,77097,USD,Annual,28.3,2023-01-14,payroll,77097.0
11006,GlobalTech,78076,USD,Monthly,16.1,2024-10-09,payroll,936912.0
1737,GlobalTech,181132,GBP,Bi-Weekly,13.1,2024-06-03,payroll,5980978.64
8590,GlobalTech,115184,EUR,Bi-Weekly,22.5,2023-12-15,payroll,3234366.72
3980,GlobalTech,46208,GBP,Bi-Weekly,7.4,2023-09-20,payroll,1525788.16
4082,GlobalTech,113135,EUR,Monthly,0.7,2023-10-23,payroll,1466229.6
3456,GlobalTech,103748,USD,Annual,14.9,2023-05-26,payroll,103748.0
11201,GlobalTech,61583,USD,Annual,25.0,2023-01-27,payroll,61583.0
14765,GlobalTech,46688,GBP,Annual,18.7,2023-01-10,payroll,59293.76
7270,GlobalTech,88686,GBP,Bi-Weekly,18.7,2023-03-05,payroll,2928411.72
2709,GlobalTech,102599,EUR,Monthly,10.1,2024-12-10,payroll,1329683.04
9645,GlobalTech,69445,EUR,Annual,26.2,2023-10-29,payroll,75000.6
4966,GlobalTech,69204,USD,Monthly,2.9,2023-04-23,payroll,830448.0
14111,GlobalTech,155135,EUR,Annual,19.8,2023-12-17,payroll,167545.80000000002
7301,GlobalTech,61681,GBP,Annual,27.3,2023-12-06,payroll,78334.87
11254,GlobalTech,74044,USD,Monthly,16.9,2024-12-29,payroll,888528.0
10101,GlobalTech,88574,EUR,Monthly,9.4,2024-12-19,payroll,1147919.04
8281,GlobalTech,145725,USD,Monthly,14.6,2023-07-25,payroll,1748700.0
12548,GlobalTech,59216,EUR,Annual,14.0,2024-09-11,payroll,63953.280000000006
14773,GlobalTech,99436,USD,Annual,28.6,2023-12-31,payroll,99436.0
14324,GlobalTech,101895,EUR,Monthly,4.8,2024-05-22,payroll,1320559.2000000002
12057,GlobalTech,43581,GBP,Annual,19.7,2024-06-01,payroll,55347.87
8152,GlobalTech,64748,GBP,Monthly,4.6,2024-04-01,payroll,986759.52
9682,GlobalTech,47046,GBP,Bi-Weekly,6.8,2024-04-28,payroll,1553458.92
9687,GlobalTech,124775,USD,Monthly,18.7,2024-04-14,payroll,1497300.0
10988,GlobalTech,139449,USD,Bi-Weekly,14.8,2024-10-16,payroll,3625674.0
11591,GlobalTech,186149,USD,Annual,6.9,2023-05-06,payroll,186149.0
12727,GlobalTech,59245,EUR,Annual,12.8,2023-10-06,payroll,63984.600000000006
12528,GlobalTech,143256,EUR,Annual,8.5,2024-12-08,payroll,154716.48
14370,GlobalTech,83298,EUR,Bi-Weekly,18.4,2023-06-29,payroll,2339007.8400000003
11058,GlobalTech,57254,EUR,Bi-Weekly,28.0,2024-10-02,payroll,1607692.32
1559,GlobalTech,103891,EUR,Annual,16.6,2023-07-14,payroll,112202.28000000001
14769,GlobalTech,"£41,483",GBP,Annual,20.1,2023-12-11,payroll,52683.41
7111,GlobalTech,66864,GBP,Monthly,24.3,2023-09-26,payroll,1019007.36
9121,GlobalTech,135693,USD,Monthly,22.9,2023-12-14,payroll,1628316.0
4199,GlobalTech,96444,USD,Bi-Weekly,4.5,2024-01-05,payroll,2507544.0
14144,GlobalTech,121642,USD,Bi-Weekly,10.7,2024-01-07,payroll,3162692.0
5699,GlobalTech,90227,USD,Annual,15.5,2024-11-07,payroll,90227.0
3574,GlobalTech,186309,GBP,Annual,27.1,2023-04-20,payroll,236612.43
14374,GlobalTech,134653,EUR,Monthly,2.0,2023-01-06,payroll,1745102.8800000001
14339,GlobalTech,85989,EUR,Bi-Weekly,7.8,2023-05-27,payroll,2414571.12
12374,GlobalTech,165835,EUR,Monthly,3.6,2024-01-31,payroll,2149221.6
11506,GlobalTech,117290,GBP,Annual,0.9,2024-02-19,payroll,148958.3
7050,GlobalTech,132846,USD,Annual,28.0,2024-12-19,payroll,132846.0
12137,GlobalTech,85534,USD,Monthly,18.7,2024-04-01,payroll,1026408.0
4982,GlobalTech,61263,EUR,Bi-Weekly,5.1,2024-03-03,payroll,1720265.04
6830,GlobalTech,175088,EUR,Bi-Weekly,5.8,2023-01-10,payroll,4916471.04
11648,GlobalTech,103635,USD,Bi-Weekly,11.5,2023-07-06,payroll,2694510.0
9579,GlobalTech,76546,GBP,Bi-Weekly,20.5,2024-03-05,payroll,2527548.92
14345,GlobalTech,111121,EUR,Monthly,9.9,2023-07-05,payroll,1440128.1600000001
4700,GlobalTech,104034,EUR,Bi-Weekly,16.9,2023-07-19,payroll,2921274.72
5852,GlobalTech,89451,EUR,Annual,6.9,2023-12-20,payroll,96607.08
7759,GlobalTech,"€83,202",EUR,Annual,19.1,2024-06-24,payroll,89858.16
9570,GlobalTech,93217,EUR,Annual,8.5,2023-02-02,payroll,100674.36
12122,GlobalTech,53586,GBP,Annual,19.4,2023-05-26,payroll,68054.22
6844,GlobalTech,"€85,594",EUR,Annual,25.3,2024-02-05,payroll,92441.52
7562,GlobalTech,"$127,410",USD,Monthly,2.0,2024-01-06,payroll,1528920.0
4925,GlobalTech,130528,EUR,Bi-Weekly,10.6,2024-01-18,payroll,3665226.24
13603,GlobalTech,53536,USD,Monthly,8.7,2024-07-15,payroll,642432.0
12430,GlobalTech,70555,USD,Annual,1.1,2023-09-11,payroll,70555.0
12029,GlobalTech,106372,GBP,Monthly,6.1,2023-07-28,payroll,1621109.28
14881,GlobalTech,153512,USD,Monthly,7.3,2024-10-29,payroll,1842144.0
14649,GlobalTech,54307,EUR,Monthly,25.8,2023-09-27,payroll,703818.7200000001
4387,GlobalTech,51827,GBP,Bi-Weekly,29.5,2023-04-25,payroll,1711327.54
4392,GlobalTech,80327,EUR,Bi-Weekly,18.2,2023-12-10,payroll,2255582.16
10091,GlobalTech,102418,USD,Bi-Weekly,7.2,2023-02-01,payroll,2662868.0
9440,GlobalTech,84629,EUR,Monthly,4.5,2024-07-24,payroll,1096791.84
9877,GlobalTech,"$243,146",USD,Annual,6.5,2023-08-09,payroll,243146.0
6723,GlobalTech,80810,EUR,Annual,14.7,2023-07-22,payroll,87274.8
11570,GlobalTech,"$68,990",USD,Annual,8.6,2023-07-14,payroll,68990.0
5954,GlobalTech,227911,EUR,Monthly,11.6,2024-07-12,payroll,2953726.56
12462,GlobalTech,100549,EUR,Monthly,10.3,2023-07-24,payroll,1303115.04
10051,GlobalTech,97108,USD,Annual,27.2,2024-11-12,payroll,97108.0
14385,GlobalTech,76584,USD,Annual,7.2,2024-08-13,payroll,76584.0
12090,GlobalTech,131019,EUR,Bi-Weekly,25.7,2023-08-14,payroll,3679013.52
10907,GlobalTech,115517,USD,Annual,8.3,2024-02-17,payroll,115517.0
7450,GlobalTech,133434,EUR,Annual,8.4,2024-04-19,payroll,144108.72
10012,GlobalTech,125963,USD,Annual,15.5,2024-07-02,payroll,125963.0
4950,GlobalTech,107776,USD,Annual,16.0,2023-08-07,payroll,107776.0
13665,GlobalTech,49598,EUR,Monthly,2.8,2024-01-16,payroll,642790.0800000001
11709,GlobalTech,79256,USD,Annual,26.6,2024-05-19,payroll,79256.0
1973,GlobalTech,81785,GBP,Bi-Weekly,7.1,2024-07-29,payroll,2700540.7
12215,GlobalTech,106702,EUR,Annual,16.4,2024-07-05,payroll,115238.16
10210,GlobalTech,87116,EUR,Bi-Weekly,27.5,2023-03-30,payroll,2446217.2800000003
3834,GlobalTech,117551,EUR,Annual,8.6,2024-04-07,payroll,126955.08
12212,GlobalTech,115465,GBP,Monthly,12.2,2024-09-29,payroll,1759686.6
5493,GlobalTech,49553,GBP,Bi-Weekly,1.6,2024-04-20,payroll,1636240.06
14775,GlobalTech,110607,EUR,Monthly,23.9,2024-12-30,payroll,1433466.7200000002
1456,GlobalTech,57245,GBP,Bi-Weekly,7.3,2024-12-25,payroll,1890229.9000000001
10859,GlobalTech,62487,GBP,Bi-Weekly,21.7,2023-01-15,payroll,2063320.74
7801,GlobalTech,82888,EUR,Annual,24.8,2024-02-18,payroll,89519.04000000001
13539,GlobalTech,100309,GBP,Bi-Weekly,20.1,2024-01-30,payroll,3312203.18
14954,GlobalTech,71666,GBP,Bi-Weekly,26.7,2024-05-16,payroll,2366411.32
8740,GlobalTech,"£132,587",GBP,Annual,22.9,2023-09-13,payroll,168385.49
13040,GlobalTech,43710,GBP,Monthly,21.4,2023-11-02,payroll,666140.4
1046,GlobalTech,41472,GBP,Annual,2.9,2024-09-22,payroll,52669.44
13642,GlobalTech,92500,USD,Bi-Weekly,27.9,2024-10-18,payroll,2405000.0
8422,GlobalTech,68928,USD,Monthly,28.9,2024-08-16,payroll,827136.0
9887,GlobalTech,44550,GBP,Monthly,5.1,2023-12-06,payroll,678942.0
4215,GlobalTech,130443,USD,Annual,3.1,2023-09-11,payroll,130443.0
7952,GlobalTech,61639,GBP,Annual,11.7,2024-01-06,payroll,78281.53
6475,GlobalTech,108758,USD,Annual,27.1,2024-03-28,payroll,108758.0
6758,GlobalTech,112464,GBP,Bi-Weekly,10.0,2024-08-30,payroll,3713561.2800000003
11341,GlobalTech,96859,GBP,Bi-Weekly,14.6,2023-11-14,payroll,3198284.18
11045,GlobalTech,65103,EUR,Annual,7.1,2023-01-17,payroll,70311.24
5752,GlobalTech,73504,EUR,Bi-Weekly,15.5,2024-08-30,payroll,2063992.32
10075,GlobalTech,189899,EUR,Monthly,24.3,2024-11-12,payroll,2461091.04
455,GlobalTech,162184,EUR,Annual,10.1,2023-03-22,payroll,175158.72
8013,GlobalTech,100276,USD,Annual,3.2,2023-10-17,payroll,100276.0
4637,GlobalTech,64502,EUR,Bi-Weekly,25.4,2024-11-02,payroll,1811216.1600000001
1882,GlobalTech,149605,USD,Annual,2.0,2023-03-08,payroll,149605.0
7753,GlobalTech,145894,USD,Monthly,13.6,2024-08-24,payroll,1750728.0
3710,GlobalTech,127413,USD,Monthly,27.4,2024-06-24,payroll,1528956.0
14251,GlobalTech,187697,USD,Monthly,10.9,2023-10-22,payroll,2252364.0
6913,GlobalTech,128867,USD,Bi-Weekly,19.0,2023-02-22,payroll,3350542.0
5734,GlobalTech,151256,GBP,Annual,1.2,2023-08-11,payroll,192095.12
9349,GlobalTech,42611,GBP,Monthly,17.4,2023-08-08,payroll,649391.64
12590,GlobalTech,115399,EUR,Monthly,25.8,2023-02-06,payroll,1495571.04
9120,GlobalTech,96448,USD,Annual,9.7,2023-02-03,payroll,96448.0
7206,GlobalTech,92602,USD,Monthly,23.1,2024-02-22,payroll,1111224.0
13151,GlobalTech,224579,EUR,Annual,5.7,2024-01-06,payroll,242545.32
13753,GlobalTech,101831,USD,Bi-Weekly,14.3,2023-03-28,payroll,2647606.0
9885,GlobalTech,129308,USD,Monthly,13.6,2023-01-22,payroll,1551696.0
12557,GlobalTech,74245,GBP,Annual,19.7,2023-06-05,payroll,94291.15
10136,GlobalTech,81556,EUR,Annual,1.5,2024-05-21,payroll,88080.48000000001
13815,GlobalTech,47369,GBP,Bi-Weekly,3.7,2023-06-10,payroll,1564124.3800000001
12054,GlobalTech,73728,USD,Annual,22.8,2023-06-28,payroll,73728.0
4510,GlobalTech,108515,GBP,Annual,14.5,2024-07-29,payroll,137814.05
13187,GlobalTech,59016,EUR,Annual,4.8,2024-07-16,payroll,63737.280000000006
10466,GlobalTech,95580,GBP,Monthly,8.8,2024-06-17,payroll,1456639.2
6886,GlobalTech,75149,EUR,Monthly,2.7,2023-02-23,payroll,973931.04
6297,GlobalTech,62183,EUR,Monthly,23.5,2023-02-28,payroll,805891.68
9297,GlobalTech,55467,EUR,Annual,12.4,2023-12-29,payroll,59904.36
14690,GlobalTech,69951,USD,Bi-Weekly,29.3,2024-12-21,payroll,1818726.0
7109,GlobalTech,61934,GBP,Annual,28.1,2023-04-15,payroll,78656.18000000001
10848,GlobalTech,68976,GBP,Annual,25.2,2023-03-24,payroll,87599.52
9154,GlobalTech,102993,EUR,Annual,28.1,2024-01-22,payroll,111232.44
3773,GlobalTech,121290,USD,Monthly,27.4,2023-03-29,payroll,1455480.0
6469,GlobalTech,87289,EUR,Annual,4.1,2023-06-29,payroll,94272.12000000001
10552,GlobalTech,51745,EUR,Bi-Weekly,7.1,2024-12-30,payroll,1452999.6
3069,GlobalTech,105207,USD,Monthly,23.6,2024-01-17,payroll,1262484.0
6850,GlobalTech,175824,USD,Bi-Weekly,0.2,2023-06-19,payroll,4571424.0
8131,GlobalTech,115162,GBP,Monthly,29.4,2024-06-14,payroll,1755068.8800000001
7584,GlobalTech,41136,GBP,Monthly,26.7,2023-01-09,payroll,626912.64
5911,GlobalTech,77794,EUR,Monthly,7.0,2024-03-01,payroll,1008210.2400000001
6803,GlobalTech,107949,GBP,Monthly,8.0,2023-06-27,payroll,1645142.76
10361,GlobalTech,81968,USD,Monthly,23.4,2024-02-12,payroll,983616.0
13125,GlobalTech,42874,GBP,Annual,12.6,2024-06-30,payroll,54449.98
14228,GlobalTech,129315,USD,Bi-Weekly,2.9,2023-01-03,payroll,3362190.0
9865,GlobalTech,89734,EUR,Bi-Weekly,18.5,2023-08-08,payroll,2519730.72
11884,GlobalTech,123271,USD,Annual,14.4,2023-03-07,payroll,123271.0
11519,GlobalTech,131108,EUR,Annual,6.0,2023-12-23,payroll,141596.64
13296,GlobalTech,122460,USD,Monthly,28.8,2024-01-16,payroll,1469520.0
9011,GlobalTech,"£60,516",GBP,Annual,22.6,2024-10-20,payroll,76855.32
11036,GlobalTech,162690,EUR,Bi-Weekly,11.6,2024-07-22,payroll,4568335.2
8385,GlobalTech,89727,EUR,Monthly,24.4,2024-03-20,payroll,1162861.9200000002
4653,GlobalTech,117237,USD,Annual,20.8,2023-12-14,payroll,117237.0
3449,GlobalTech,76330,EUR,Bi-Weekly,13.0,2023-09-24,payroll,2143346.4000000004
14024,GlobalTech,85233,USD,Bi-Weekly,12.2,2024-12-04,payroll,2216058.0
11084,GlobalTech,57636,EUR,Annual,15.7,2024-05-05,payroll,62246.880000000005
12439,GlobalTech,76339,EUR,Annual,14.3,2023-08-22,payroll,82446.12000000001
11939,GlobalTech,"€145,509",EUR,Monthly,13.2,2024-07-05,payroll,1885796.6400000001
7287,GlobalTech,139009,USD,Bi-Weekly,24.6,2024-07-12,payroll,3614234.0
9485,GlobalTech,207084,EUR,Bi-Weekly,21.3,2023-06-14,payroll,5814918.720000001
10294,GlobalTech,113699,EUR,Monthly,27.8,2024-01-10,payroll,1473539.04
10489,GlobalTech,63963,GBP,Annual,18.7,2023-02-19,payroll,81233.01
2879,GlobalTech,99536,GBP,Bi-Weekly,20.1,2024-04-08,payroll,3286678.72
5173,GlobalTech,77452,GBP,Bi-Weekly,24.4,2024-09-05,payroll,2557465.04
4909,GlobalTech,"$55,715",USD,Bi-Weekly,12.2,2024-07-10,payroll,1448590.0
6157,GlobalTech,121112,USD,Bi-Weekly,10.3,2023-01-17,payroll,3148912.0
5346,GlobalTech,89248,GBP,Monthly,20.8,2024-08-03,payroll,1360139.52
8654,GlobalTech,111186,USD,Monthly,0.5,2024-05-09,payroll,1334232.0
14547,GlobalTech,88118,USD,Annual,15.7,2024-05-01,payroll,88118.0
12641,GlobalTech,50616,USD,Monthly,27.3,2024-03-11,payroll,607392.0
7065,GlobalTech,113318,EUR,Bi-Weekly,13.5,2023-11-08,payroll,3181969.4400000004
12748,GlobalTech,77468,GBP,Annual,26.9,2023-12-24,payroll,98384.36
14716,GlobalTech,42880,GBP,Bi-Weekly,16.2,2024-12-29,payroll,1415897.6
12210,GlobalTech,97561,USD,Monthly,16.1,2024-10-07,payroll,1170732.0
5088,GlobalTech,"$64,167",USD,Monthly,29.8,2024-07-24,payroll,770004.0
11387,GlobalTech,106076,EUR,Annual,6.4,2023-01-03,payroll,114562.08
11063,GlobalTech,147799,EUR,Monthly,0.6,2024-12-06,payroll,1915475.04
10592,GlobalTech,123292,USD,Monthly,29.0,2024-05-18,payroll,1479504.0
13343,GlobalTech,143538,USD,Bi-Weekly,18.6,2024-04-28,payroll,3731988.0
10617,GlobalTech,142567,USD,Bi-Weekly,11.7,2024-03-02,payroll,3706742.0
6933,GlobalTech,58785,EUR,Annual,5.3,2024-11-21,payroll,63487.8
12642,GlobalTech,"€115,603",EUR,Monthly,4.7,2023-05-08,payroll,1498214.8800000001
8103,GlobalTech,133342,EUR,Monthly,24.4,2023-02-09,payroll,1728112.32
13365,GlobalTech,83977,GBP,Monthly,1.2,2024-01-09,payroll,1279809.48
7756,GlobalTech,86649,USD,Monthly,28.6,2023-01-30,payroll,1039788.0
6885,GlobalTech,118852,EUR,Monthly,9.2,2023-11-02,payroll,1540321.9200000002
7235,GlobalTech,58970,USD,Annual,11.6,2024-06-08,payroll,58970.0
7992,GlobalTech,92061,GBP,Annual,3.1,2023-01-23,payroll,116917.47
13175,GlobalTech,54052,GBP,Annual,23.7,2024-02-22,payroll,68646.04000000001
5019,GlobalTech,102216,GBP,Annual,19.4,2023-11-17,payroll,129814.32
13536,GlobalTech,106802,USD,Bi-Weekly,9.9,2024-08-14,payroll,2776852.0
2516,GlobalTech,130637,EUR,Bi-Weekly,14.1,2023-10-04,payroll,3668286.9600000004
2875,GlobalTech,77004,EUR,Annual,14.2,2023-06-14,payroll,83164.32
10940,GlobalTech,"€57,940",EUR,Annual,2.7,2024-08-17,payroll,62575.200000000004
7891,GlobalTech,"€55,908",EUR,Bi-Weekly,27.2,2024-08-21,payroll,1569896.6400000001
9388,GlobalTech,"£111,748",GBP,Annual,13.9,2024-11-06,payroll,141919.96
6086,GlobalTech,94614,GBP,Monthly,12.7,2023-07-24,payroll,1441917.36
5841,GlobalTech,183709,GBP,Annual,22.9,2024-11-22,payroll,233310.43
4589,GlobalTech,86203,USD,Monthly,28.3,2023-05-07,payroll,1034436.0
10125,GlobalTech,96874,GBP,Monthly,0.8,2024-10-29,payroll,1476359.76
4923,GlobalTech,96966,EUR,Bi-Weekly,20.2,2023-09-23,payroll,2722805.2800000003
9941,GlobalTech,55856,EUR,Monthly,25.5,2024-09-01,payroll,723893.76
5109,GlobalTech,140748,GBP,Bi-Weekly,22.1,2023-10-10,payroll,4647498.96
10823,GlobalTech,65559,EUR,Bi-Weekly,5.6,2024-10-17,payroll,1840896.7200000002
12254,GlobalTech,74049,USD,Monthly,28.3,2024-09-18,payroll,888588.0
5852,GlobalTech,87508,GBP,Bi-Weekly,23.8,2024-10-01,payroll,2889514.16
9422,GlobalTech,148743,USD,Annual,19.0,2023-11-12,payroll,148743.0
14203,GlobalTech,73247,USD,Annual,5.9,2023-08-19,payroll,73247.0
11707,GlobalTech,95981,GBP,Bi-Weekly,17.6,2023-12-04,payroll,3169292.62
4812,GlobalTech,40374,GBP,Bi-Weekly,18.2,2024-10-05,payroll,1333149.48
4193,GlobalTech,65893,USD,Monthly,18.4,2023-02-09,payroll,790716.0
10403,GlobalTech,41463,GBP,Monthly,25.3,2023-11-25,payroll,631896.12
6067,GlobalTech,81476,GBP,Annual,16.0,2023-11-27,payroll,103474.52
13681,GlobalTech,67504,USD,Monthly,6.2,2023-07-03,payroll,810048.0
4336,GlobalTech,112441,EUR,Bi-Weekly,26.7,2024-12-22,payroll,3157343.2800000003
7052,GlobalTech,75702,EUR,Bi-Weekly,18.7,2024-02-17,payroll,2125712.16
7643,GlobalTech,68092,USD,Bi-Weekly,16.8,2024-10-21,payroll,1770392.0
9579,GlobalTech,149819,GBP,Bi-Weekly,9.9,2024-06-24,payroll,4947023.38
10517,GlobalTech,93381,USD,Annual,9.4,2023-06-13,payroll,93381.0
9685,GlobalTech,109468,GBP,Monthly,21.0,2024-10-03,payroll,1668292.32
13376,GlobalTech,81702,USD,Monthly,27.5,2023-08-02,payroll,980424.0
13557,GlobalTech,100200,EUR,Annual,21.4,2024-05-09,payroll,108216.0
7168,GlobalTech,102205,GBP,Monthly,29.4,2024-07-06,payroll,1557604.2
4370,GlobalTech,109965,USD,Monthly,15.1,2024-02-16,payroll,1319580.0
3653,GlobalTech,107828,GBP,Bi-Weekly,25.9,2024-06-14,payroll,3560480.56
13682,GlobalTech,53525,EUR,Annual,25.0,2023-09-23,payroll,57807.00000000001
9906,GlobalTech,115988,EUR,Monthly,18.2,2023-01-03,payroll,1503204.4800000002
13858,GlobalTech,118687,GBP,Annual,22.6,2024-12-31,payroll,150732.49
5406,GlobalTech,122583,EUR,Monthly,13.5,2023-10-10,payroll,1588675.6800000002
10310,GlobalTech,74979,EUR,Monthly,0.7,2024-09-11,payroll,971727.8400000001
5421,GlobalTech,115603,EUR,Monthly,26.7,2024-05-29,payroll,1498214.8800000001
10091,GlobalTech,110068,EUR,Annual,10.1,2024-04-05,payroll,118873.44
8057,GlobalTech,94399,USD,Monthly,4.4,2023-06-12,payroll,1132788.0
11385,GlobalTech,57526,EUR,Bi-Weekly,19.5,2024-04-14,payroll,1615330.08
8507,GlobalTech,116827,GBP,Monthly,5.4,2023-08-14,payroll,1780443.48
9144,GlobalTech,76654,GBP,Annual,6.6,2024-12-22,payroll,97350.58
14313,GlobalTech,104137,EUR,Annual,29.2,2023-04-13,payroll,112467.96
7557,GlobalTech,94547,EUR,Annual,18.5,2023-08-15,payroll,102110.76000000001
9080,GlobalTech,"£96,401",GBP,Monthly,17.7,2024-04-17,payroll,1469151.24
13779,GlobalTech,107342,GBP,Monthly,3.4,2024-01-18,payroll,1635892.08
11465,GlobalTech,"$113,225",USD,Annual,4.0,2023-05-17,payroll,113225.0
5002,GlobalTech,63166,USD,Annual,29.9,2023-08-12,payroll,63166.0
5279,GlobalTech,101685,GBP,Monthly,10.1,2023-02-01,payroll,1549679.4
7599,GlobalTech,107814,USD,Monthly,24.4,2024-05-17,payroll,1293768.0
274,GlobalTech,205376,USD,Bi-Weekly,20.3,2024-03-18,payroll,5339776.0
9476,GlobalTech,109487,USD,Bi-Weekly,3.0,2023-09-24,payroll,2846662.0
12257,GlobalTech,49094,GBP,Monthly,6.3,2024-05-17,payroll,748192.56
8188,GlobalTech,58492,EUR,Monthly,18.6,2023-05-21,payroll,758056.3200000001
5540,GlobalTech,51386,USD,Monthly,3.1,2023-02-09,payroll,616632.0
6896,GlobalTech,116812,USD,Monthly,23.8,2023-06-15,payroll,1401744.0
13048,GlobalTech,70157,EUR,Monthly,5.9,2023-06-24,payroll,909234.7200000001
6853,GlobalTech,89118,USD,Annual,24.5,2024-05-26,payroll,89118.0
6178,GlobalTech,138250,EUR,Monthly,29.2,2023-01-03,payroll,1791720.0000000002
8454,GlobalTech,83359,USD,Bi-Weekly,6.0,2023-08-28,payroll,2167334.0
14199,GlobalTech,75949,USD,Annual,6.7,2024-06-22,payroll,75949.0
12562,GlobalTech,107652,GBP,Bi-Weekly,0.4,2024-07-16,payroll,3554669.04
6650,GlobalTech,76550,USD,Annual,22.9,2023-08-28,payroll,76550.0
10789,GlobalTech,52268,EUR,Annual,9.8,2023-11-18,payroll,56449.44
3556,GlobalTech,83872,GBP,Monthly,12.0,2024-07-15,payroll,1278209.28
6915,GlobalTech,49102,GBP,Annual,21.1,2024-11-29,payroll,62359.54
7598,GlobalTech,111397,USD,Monthly,23.5,2024-08-07,payroll,1336764.0
7972,GlobalTech,103363,EUR,Annual,17.6,2024-05-20,payroll,111632.04000000001
2881,GlobalTech,125913,EUR,Monthly,12.4,2024-07-27,payroll,1631832.4800000002
13571,GlobalTech,76719,USD,Monthly,15.5,2023-12-18,payroll,920628.0
8566,GlobalTech,65178,EUR,Annual,14.0,2024-01-16,payroll,70392.24
9218,GlobalTech,107880,USD,Monthly,15.7,2023-12-25,payroll,1294560.0
10568,GlobalTech,105647,GBP,Monthly,5.8,2023-07-31,payroll,1610060.28
2798,GlobalTech,64863,GBP,Monthly,7.8,2023-08-28,payroll,988512.12
4267,GlobalTech,119882,USD,Annual,16.4,2023-11-13,payroll,119882.0
7822,GlobalTech,129953,USD,Monthly,20.4,2024-03-05,payroll,1559436.0
11626,GlobalTech,71422,EUR,Annual,29.8,2024-11-03,payroll,77135.76000000001
10785,GlobalTech,159930,USD,Monthly,20.6,2024-04-09,payroll,1919160.0
14163,GlobalTech,124630,USD,Bi-Weekly,21.3,2024-07-04,payroll,3240380.0
6433,GlobalTech,72874,GBP,Monthly,12.4,2024-03-03,payroll,1110599.76
5914,GlobalTech,94827,EUR,Monthly,22.2,2024-05-17,payroll,1228957.9200000002
13241,GlobalTech,84127,USD,Monthly,3.6,2023-11-28,payroll,1009524.0
14230,GlobalTech,115801,GBP,Monthly,3.8,2023-03-28,payroll,1764807.24
13479,GlobalTech,55281,GBP,Monthly,0.9,2023-07-23,payroll,842482.4400000001
3394,GlobalTech,116444,USD,Monthly,23.4,2023-12-25,payroll,1397328.0
9094,GlobalTech,108541,EUR,Monthly,19.5,2024-08-02,payroll,1406691.36
14402,GlobalTech,87925,USD,Annual,27.5,2023-05-14,payroll,87925.0
6314,GlobalTech,"$146,897",USD,Monthly,19.2,2023-10-08,payroll,1762764.0
8772,GlobalTech,77136,GBP,Annual,24.1,2024-08-25,payroll,97962.72
2976,GlobalTech,85246,USD,Bi-Weekly,29.3,2023-01-03,payroll,2216396.0
7964,GlobalTech,58466,GBP,Annual,10.8,2023-03-29,payroll,74251.82
13203,GlobalTech,125236,EUR,Monthly,25.6,2023-11-04,payroll,1623058.56
8363,GlobalTech,65469,EUR,Bi-Weekly,15.2,2023-12-26,payroll,1838369.52
7276,GlobalTech,69491,GBP,Bi-Weekly,10.5,2024-04-06,payroll,2294592.82
12805,GlobalTech,62032,USD,Monthly,13.0,2023-05-06,payroll,744384.0
10847,GlobalTech,104370,GBP,Monthly,5.9,2024-08-28,payroll,1590598.8
13319,GlobalTech,64072,USD,Annual,8.1,2023-11-30,payroll,64072.0
7093,GlobalTech,50721,EUR,Bi-Weekly,25.1,2023-02-08,payroll,1424245.6800000002
7625,GlobalTech,114624,USD,Bi-Weekly,27.8,2024-12-30,payroll,2980224.0
12060,GlobalTech,99476,EUR,Monthly,15.0,2023-06-18,payroll,1289208.9600000002
12475,GlobalTech,99134,EUR,Monthly,9.4,2024-01-16,payroll,1284776.6400000001
12997,GlobalTech,58633,USD,Bi-Weekly,1.7,2023-12-17,payroll,1524458.0
3853,GlobalTech,120652,USD,Monthly,20.5,2024-02-03,payroll,1447824.0
13229,GlobalTech,53440,EUR,Bi-Weekly,20.1,2023-05-26,payroll,1500595.2000000002
13111,GlobalTech,"$84,024",USD,Annual,14.9,2023-08-27,payroll,84024.0
13749,GlobalTech,158780,GBP,Bi-Weekly,12.1,2024-05-10,payroll,5242915.6
4326,GlobalTech,50653,USD,Annual,0.2,2023-03-17,payroll,50653.0
12325,GlobalTech,71168,USD,Monthly,28.1,2023-08-18,payroll,854016.0
12874,GlobalTech,115708,GBP,Monthly,3.2,2024-04-05,payroll,1763389.92
8356,GlobalTech,83364,EUR,Monthly,10.4,2023-07-13,payroll,1080397.4400000002
12783,GlobalTech,80364,EUR,Monthly,22.1,2024-06-16,payroll,1041517.4400000001
4031,GlobalTech,89998,EUR,Monthly,6.9,2023-07-09,payroll,1166374.08
4698,GlobalTech,70514,USD,Monthly,14.5,2024-02-14,payroll,846168.0
7552,GlobalTech,68536,GBP,Bi-Weekly,10.9,2024-08-06,payroll,2263058.72
2008,GlobalTech,106989,GBP,Bi-Weekly,3.0,2023-08-06,payroll,3532776.7800000003
5682,GlobalTech,72166,GBP,Monthly,8.4,2024-06-03,payroll,1099809.84
9449,GlobalTech,71868,GBP,Monthly,2.3,2023-05-01,payroll,1095268.32
8717,GlobalTech,163748,EUR,Bi-Weekly,18.1,2023-07-05,payroll,4598043.84
14516,GlobalTech,112540,GBP,Annual,20.4,2023-11-23,payroll,142925.8
7462,GlobalTech,76352,GBP,Monthly,1.0,2024-12-20,payroll,1163604.48
7880,GlobalTech,76359,EUR,Annual,5.8,2023-05-22,payroll,82467.72
5534,GlobalTech,128465,EUR,Annual,22.3,2023-09-24,payroll,138742.2
9832,GlobalTech,119373,GBP,Monthly,15.0,2023-04-18,payroll,1819244.52
11878,GlobalTech,85623,EUR,Annual,2.4,2023-04-14,payroll,92472.84000000001
14122,GlobalTech,"€58,589",EUR,Annual,20.4,2024-02-05,payroll,63276.12
10040,GlobalTech,55560,USD,Monthly,19.1,2024-03-10,payroll,666720.0
11394,GlobalTech,119448,GBP,Bi-Weekly,21.8,2024-01-22,payroll,3944172.96
7558,GlobalTech,"€91,239",EUR,Annual,17.2,2023-10-05,payroll,98538.12000000001
4389,GlobalTech,81217,USD,Monthly,14.4,2023-02-25,payroll,974604.0
11125,GlobalTech,107099,EUR,Bi-Weekly,5.9,2024-01-17,payroll,3007339.9200000004
14317,GlobalTech,163754,EUR,Monthly,26.7,2023-05-07,payroll,2122251.8400000003
13087,GlobalTech,50378,EUR,Annual,5.2,2023-09-28,payroll,54408.240000000005
12766,GlobalTech,133076,USD,Bi-Weekly,7.3,2023-03-04,payroll,3459976.0
12460,GlobalTech,70235,EUR,Monthly,12.2,2024-10-28,payroll,910245.6000000001
3548,GlobalTech,48047,GBP,Bi-Weekly,22.5,2023-03-10,payroll,1586511.94
9373,GlobalTech,85037,GBP,Bi-Weekly,15.5,2024-05-05,payroll,2807921.74
6328,GlobalTech,123353,EUR,Monthly,13.6,2023-06-21,payroll,1598654.8800000001
12827,GlobalTech,92982,USD,Bi-Weekly,26.9,2023-03-24,payroll,2417532.0
8853,GlobalTech,90553,GBP,Annual,15.9,2024-06-24,payroll,115002.31
13960,GlobalTech,40051,GBP,Bi-Weekly,25.1,2024-06-16,payroll,1322484.02
11384,GlobalTech,64468,GBP,Annual,13.1,2024-02-15,payroll,81874.36
6122,GlobalTech,105308,GBP,Monthly,12.9,2023-02-18,payroll,1604893.92
8904,GlobalTech,49940,GBP,Monthly,11.1,2023-03-14,payroll,761085.6
14297,GlobalTech,100216,USD,Monthly,28.8,2023-06-05,payroll,1202592.0
10413,GlobalTech,126738,USD,Annual,13.2,2023-03-29,payroll,126738.0
5055,GlobalTech,87269,GBP,Annual,21.1,2024-05-27,payroll,110831.63
6431,GlobalTech,80815,EUR,Monthly,20.7,2024-06-14,payroll,1047362.4
8350,GlobalTech,148433,USD,Annual,18.1,2023-02-14,payroll,148433.0
3948,GlobalTech,56070,EUR,Monthly,16.7,2023-07-04,payroll,726667.2000000001
3644,GlobalTech,115182,USD,Bi-Weekly,3.1,2024-03-23,payroll,2994732.0
11280,GlobalTech,58876,GBP,Annual,11.6,2024-11-16,payroll,74772.52
9122,GlobalTech,108661,EUR,Bi-Weekly,10.1,2023-03-06,payroll,3051200.8800000004
8071,GlobalTech,60518,GBP,Bi-Weekly,29.2,2023-07-23,payroll,1998304.36
3968,GlobalTech,60610,EUR,Bi-Weekly,28.3,2024-09-12,payroll,1701928.8
1199,GlobalTech,58741,USD,Annual,25.1,2024-05-08,payroll,58741.0
11092,GlobalTech,108496,GBP,Bi-Weekly,10.1,2023-10-20,payroll,3582537.92
6152,GlobalTech,138153,EUR,Monthly,20.3,2024-03-07,payroll,1790462.8800000001
5980,GlobalTech,104555,USD,Monthly,24.1,2023-02-19,payroll,1254660.0
7146,GlobalTech,"$114,482",USD,Monthly,19.7,2023-02-21,payroll,1373784.0
14019,GlobalTech,110452,EUR,Monthly,7.6,2023-02-15,payroll,1431457.9200000002
12413,GlobalTech,53153,USD,Monthly,1.3,2024-05-18,payroll,637836.0
8853,GlobalTech,114967,USD,Annual,0.4,2023-09-30,payroll,114967.0
10974,GlobalTech,60281,USD,Monthly,12.9,2024-04-18,payroll,723372.0
11923,GlobalTech,150254,GBP,Bi-Weekly,8.6,2023-10-09,payroll,4961387.08
12400,GlobalTech,194015,USD,Bi-Weekly,10.4,2024-06-02,payroll,5044390.0
12301,GlobalTech,"€93,095",EUR,Monthly,20.6,2023-03-17,payroll,1206511.2000000002
5575,GlobalTech,110327,USD,Monthly,13.9,2023-07-28,payroll,1323924.0
6564,GlobalTech,55096,USD,Annual,5.1,2023-10-25,payroll,55096.0
5154,GlobalTech,42100,GBP,Bi-Weekly,10.6,2023-10-11,payroll,1390142.0
8246,GlobalTech,48344,GBP,Bi-Weekly,14.8,2023-12-16,payroll,1596318.8800000001
3847,GlobalTech,98186,GBP,Bi-Weekly,26.9,2024-07-25,payroll,3242101.72
14329,GlobalTech,87082,GBP,Annual,25.4,2023-04-29,payroll,110594.14
10003,GlobalTech,100218,EUR,Annual,7.6,2023-05-28,payroll,108235.44
3042,GlobalTech,96578,EUR,Monthly,18.2,2024-10-31,payroll,1251650.8800000001
12694,GlobalTech,117574,EUR,Annual,21.5,2023-04-07,payroll,126979.92000000001
12660,GlobalTech,135756,USD,Annual,13.2,2024-07-25,payroll,135756.0
8596,GlobalTech,84907,GBP,Bi-Weekly,18.7,2024-01-15,payroll,2803629.14
9018,GlobalTech,112696,EUR,Annual,24.5,2023-12-06,payroll,121711.68000000001
10220,GlobalTech,126780,EUR,Bi-Weekly,19.9,2024-08-11,payroll,3559982.4000000004
7721,GlobalTech,79229,USD,Monthly,15.0,2023-09-08,payroll,950748.0
9402,GlobalTech,112997,USD,Bi-Weekly,20.3,2023-10-29,payroll,2937922.0
9577,GlobalTech,106733,USD,Bi-Weekly,7.1,2023-07-05,payroll,2775058.0
13581,GlobalTech,104810,GBP,Monthly,10.4,2023-04-20,payroll,1597304.4
9755,GlobalTech,111799,USD,Monthly,10.6,2023-01-28,payroll,1341588.0
10240,GlobalTech,"€64,423",EUR,Bi-Weekly,1.4,2023-04-27,payroll,1808997.84
10308,GlobalTech,143161,EUR,Bi-Weekly,15.8,2024-09-27,payroll,4019960.8800000004
6400,GlobalTech,53491,USD,Monthly,23.9,2023-06-23,payroll,641892.0
11044,GlobalTech,70780,GBP,Annual,29.7,2024-11-29,payroll,89890.6
4990,GlobalTech,107329,EUR,Annual,7.1,2023-09-02,payroll,115915.32
5365,GlobalTech,106334,EUR,Annual,18.5,2024-11-18,payroll,114840.72
10977,GlobalTech,117808,GBP,Monthly,21.3,2023-08-12,payroll,1795393.92
11083,GlobalTech,134494,EUR,Monthly,20.2,2023-10-06,payroll,1743042.2400000002
9582,GlobalTech,126485,GBP,Monthly,18.1,2024-11-11,payroll,1927631.4000000001
5079,GlobalTech,88188,EUR,Monthly,0.0,2024-11-03,payroll,1142916.48
7368,GlobalTech,70425,GBP,Annual,26.6,2024-03-20,payroll,89439.75
10971,GlobalTech,62608,EUR,Annual,15.7,2023-03-08,payroll,67616.64
8508,GlobalTech,64660,USD,Annual,12.6,2024-09-05,payroll,64660.0
6331,GlobalTech,77117,EUR,Monthly,4.0,2023-08-28,payroll,999436.3200000001
7803,GlobalTech,151902,GBP,Annual,21.0,2023-01-26,payroll,192915.54
6657,GlobalTech,104474,EUR,Bi-Weekly,5.8,2024-08-14,payroll,2933629.9200000004
1208,GlobalTech,109291,GBP,Annual,24.3,2023-12-30,payroll,138799.57
5921,GlobalTech,123579,USD,Bi-Weekly,0.9,2023-08-08,payroll,3213054.0
6347,GlobalTech,95998,USD,Bi-Weekly,20.3,2024-03-07,payroll,2495948.0
4731,GlobalTech,68774,EUR,Annual,7.6,2023-09-23,payroll,74275.92
12741,GlobalTech,140023,USD,Bi-Weekly,8.3,2023-12-15,payroll,3640598.0
5457,GlobalTech,136267,USD,Monthly,22.6,2023-11-13,payroll,1635204.0
2881,GlobalTech,124272,USD,Annual,23.7,2023-03-20,payroll,124272.0
4732,GlobalTech,46673,GBP,Bi-Weekly,26.1,2023-01-01,payroll,1541142.46
14565,GlobalTech,91634,USD,Bi-Weekly,13.0,2024-09-29,payroll,2382484.0
6838,GlobalTech,54654,GBP,Annual,16.9,2023-10-23,payroll,69410.58
9829,GlobalTech,58398,EUR,Annual,27.9,2023-06-29,payroll,63069.840000000004
5545,GlobalTech,54308,GBP,Annual,29.5,2024-04-28,payroll,68971.16
9446,GlobalTech,47792,GBP,Monthly,8.8,2024-07-27,payroll,728350.08
5695,GlobalTech,61253,GBP,Annual,25.7,2023-09-27,payroll,77791.31
5741,GlobalTech,113453,USD,Annual,21.3,2024-07-11,payroll,113453.0
9055,GlobalTech,68370,EUR,Annual,6.3,2023-02-14,payroll,73839.6
7159,GlobalTech,118877,GBP,Bi-Weekly,5.9,2023-03-03,payroll,3925318.54
2381,GlobalTech,115033,EUR,Bi-Weekly,29.3,2024-04-13,payroll,3230126.64
3180,GlobalTech,95971,USD,Bi-Weekly,8.6,2023-11-06,payroll,2495246.0
7710,GlobalTech,86546,USD,Monthly,7.2,2023-08-30,payroll,1038552.0
12238,GlobalTech,112057,GBP,Bi-Weekly,0.3,2023-02-16,payroll,3700122.14
1230,GlobalTech,149825,USD,Annual,2.3,2023-02-03,payroll,149825.0
4553,GlobalTech,123713,EUR,Bi-Weekly,11.9,2024-08-01,payroll,3473861.04
11009,GlobalTech,90851,GBP,Annual,10.6,2023-06-12,payroll,115380.77
10087,GlobalTech,99606,EUR,Annual,22.1,2024-03-15,payroll,107574.48000000001
9725,GlobalTech,92571,GBP,Monthly,24.2,2023-10-22,payroll,1410782.04
2971,GlobalTech,"£91,680",GBP,Monthly,20.1,2023-04-29,payroll,1397203.2
1014,GlobalTech,51154,USD,Monthly,1.0,2024-11-07,payroll,613848.0
13659,GlobalTech,85325,EUR,Monthly,14.1,2024-05-10,payroll,1105812.0
10254,GlobalTech,125828,USD,Bi-Weekly,4.4,2024-10-30,payroll,3271528.0
14050,GlobalTech,113176,GBP,Monthly,21.8,2023-07-06,payroll,1724802.24
5224,GlobalTech,47825,GBP,Bi-Weekly,12.3,2024-06-17,payroll,1579181.5
7626,GlobalTech,87789,GBP,Monthly,25.3,2023-05-27,payroll,1337904.36
5730,GlobalTech,84375,USD,Annual,15.7,2023-02-27,payroll,84375.0
14446,GlobalTech,130710,USD,Bi-Weekly,26.6,2024-02-10,payroll,3398460.0
10605,GlobalTech,78812,USD,Monthly,11.1,2024-12-10,payroll,945744.0
12379,GlobalTech,46519,EUR,Monthly,9.2,2024-02-21,payroll,602886.24
9067,GlobalTech,93389,USD,Monthly,3.9,2024-04-25,payroll,1120668.0
9915,GlobalTech,75382,EUR,Bi-Weekly,13.1,2024-08-22,payroll,2116726.56
4970,GlobalTech,66622,EUR,Bi-Weekly,13.2,2023-06-01,payroll,1870745.76
10983,GlobalTech,102004,GBP,Bi-Weekly,29.6,2023-01-04,payroll,3368172.08
14582,GlobalTech,65703,GBP,Annual,27.7,2023-09-04,payroll,83442.81
14242,GlobalTech,51645,GBP,Monthly,22.9,2024-07-11,payroll,787069.8
11836,GlobalTech,"$50,451",USD,Bi-Weekly,18.8,2023-08-15,payroll,1311726.0
12973,GlobalTech,117881,USD,Annual,11.1,2024-08-14,payroll,117881.0
3337,GlobalTech,103720,GBP,Monthly,12.4,2023-10-03,payroll,1580692.8
11158,GlobalTech,73744,GBP,Bi-Weekly,24.9,2023-03-05,payroll,2435026.88
8309,GlobalTech,76971,EUR,Annual,11.3,2024-01-09,payroll,83128.68000000001
11871,GlobalTech,103590,GBP,Bi-Weekly,20.8,2023-07-10,payroll,3420541.8000000003
12784,GlobalTech,50775,USD,Monthly,1.4,2024-09-27,payroll,609300.0
13344,GlobalTech,142698,USD,Bi-Weekly,13.4,2024-03-19,payroll,3710148.0
14974,GlobalTech,137406,GBP,Bi-Weekly,3.1,2023-02-12,payroll,4537146.12
773,GlobalTech,66021,EUR,Annual,26.9,2023-05-12,payroll,71302.68000000001
10710,GlobalTech,55020,GBP,Annual,19.1,2024-05-04,payroll,69875.4
7418,GlobalTech,153286,USD,Annual,29.6,2023-10-20,payroll,153286.0
2730,GlobalTech,127104,USD,Monthly,9.9,2024-01-04,payroll,1525248.0
13666,GlobalTech,60395,GBP,Monthly,24.9,2024-10-12,payroll,920419.8
10272,GlobalTech,70332,GBP,Monthly,18.3,2024-12-13,payroll,1071859.68
5308,GlobalTech,119143,GBP,Bi-Weekly,17.9,2023-02-27,payroll,3934101.86
8857,GlobalTech,172766,USD,Monthly,7.2,2023-03-23,payroll,2073192.0
3026,GlobalTech,75055,GBP,Bi-Weekly,8.8,2023-09-15,payroll,2478316.1
14851,GlobalTech,99571,GBP,Bi-Weekly,20.6,2023-08-19,payroll,3287834.42
7895,GlobalTech,89047,GBP,Bi-Weekly,7.9,2024-03-12,payroll,2940331.94
7077,GlobalTech,"$101,992",USD,Monthly,27.9,2023-07-24,payroll,1223904.0
10824,GlobalTech,88715,USD,Monthly,17.5,2023-01-15,payroll,1064580.0
7881,GlobalTech,76843,GBP,Bi-Weekly,25.4,2023-07-29,payroll,2537355.86
10501,GlobalTech,89622,USD,Annual,11.7,2023-05-30,payroll,89622.0
13301,GlobalTech,52383,GBP,Bi-Weekly,13.9,2024-01-13,payroll,1729686.66
14306,GlobalTech,74462,USD,Bi-Weekly,10.5,2023-07-31,payroll,1936012.0
6276,GlobalTech,50526,EUR,Bi-Weekly,3.7,2023-03-22,payroll,1418770.08
1938,GlobalTech,"£82,629",GBP,Bi-Weekly,28.1,2023-06-13,payroll,2728409.58
5294,GlobalTech,136666,EUR,Monthly,1.5,2023-10-21,payroll,1771191.36
2819,GlobalTech,114957,USD,Annual,4.2,2023-02-28,payroll,114957.0
8213,GlobalTech,56872,USD,Annual,18.4,2023-07-02,payroll,56872.0
11164,GlobalTech,197883,EUR,Monthly,6.8,2023-10-08,payroll,2564563.68
11194,GlobalTech,48993,GBP,Annual,21.1,2024-04-18,payroll,62221.11
6791,GlobalTech,96162,EUR,Monthly,8.4,2024-12-19,payroll,1246259.52
7467,GlobalTech,59368,EUR,Annual,9.9,2023-03-05,payroll,64117.44
14634,GlobalTech,111803,USD,Monthly,26.0,2024-10-05,payroll,1341636.0
6774,GlobalTech,80111,GBP,Annual,0.5,2024-11-13,payroll,101740.97
14610,GlobalTech,69330,USD,Annual,6.9,2023-10-01,payroll,69330.0
11787,GlobalTech,54141,EUR,Annual,13.6,2024-08-25,payroll,58472.280000000006
5353,GlobalTech,98815,GBP,Annual,19.4,2023-12-21,payroll,125495.05
7588,GlobalTech,123263,USD,Annual,2.0,2023-08-27,payroll,123263.0
10707,GlobalTech,122785,EUR,Annual,15.7,2024-04-07,payroll,132607.80000000002
6394,GlobalTech,98050,EUR,Bi-Weekly,5.6,2023-12-27,payroll,2753244.0
12916,GlobalTech,"$126,882",USD,Bi-Weekly,19.4,2024-04-29,payroll,3298932.0
4715,GlobalTech,148777,USD,Bi-Weekly,3.6,2023-01-02,payroll,3868202.0
13389,GlobalTech,155625,EUR,Monthly,9.2,2023-01-22,payroll,2016900.0000000002
8236,GlobalTech,69130,USD,Monthly,5.1,2024-08-06,payroll,829560.0
11508,GlobalTech,73034,GBP,Bi-Weekly,25.1,2024-11-30,payroll,2411582.68
7210,GlobalTech,122115,EUR,Annual,9.1,2023-07-19,payroll,131884.2
12523,GlobalTech,70816,EUR,Monthly,11.6,2024-05-14,payroll,917775.3600000001
708,GlobalTech,141240,EUR,Annual,22.2,2024-09-05,payroll,152539.2
8259,GlobalTech,84485,EUR,Annual,17.5,2023-07-10,payroll,91243.8
7105,GlobalTech,129737,EUR,Annual,0.4,2024-02-04,payroll,140115.96000000002
13318,GlobalTech,75112,GBP,Bi-Weekly,2.5,2024-05-15,payroll,2480198.24
4837,GlobalTech,182991,USD,Monthly,10.3,2023-08-13,payroll,2195892.0
8874,GlobalTech,93441,GBP,Bi-Weekly,7.6,2023-04-09,payroll,3085421.82
2810,GlobalTech,81521,GBP,Bi-Weekly,17.2,2024-04-09,payroll,2691823.42
8574,GlobalTech,96389,GBP,Annual,18.9,2023-10-28,payroll,122414.03
14689,GlobalTech,77078,USD,Annual,20.1,2023-11-05,payroll,77078.0
10219,GlobalTech,110761,USD,Annual,25.4,2023-09-05,payroll,110761.0
4547,GlobalTech,61622,GBP,Monthly,16.2,2023-03-22,payroll,939119.28
7304,GlobalTech,101913,EUR,Annual,21.8,2024-08-26,payroll,110066.04000000001
1318,GlobalTech,90150,EUR,Monthly,4.3,2023-11-26,payroll,1168344.0
13108,GlobalTech,85849,EUR,Bi-Weekly,15.9,2023-03-27,payroll,2410639.9200000004
1066,GlobalTech,96727,USD,Bi-Weekly,27.2,2024-01-11,payroll,2514902.0
4611,GlobalTech,190251,GBP,Bi-Weekly,4.2,2023-10-08,payroll,6282088.0200000005
10773,GlobalTech,41692,GBP,Monthly,3.8,2024-03-01,payroll,635386.08
5685,GlobalTech,135801,EUR,Bi-Weekly,27.2,2024-08-16,payroll,3813292.08
4069,GlobalTech,68878,USD,Bi-Weekly,4.6,2024-05-04,payroll,1790828.0
14365,GlobalTech,99423,USD,Bi-Weekly,14.5,2023-02-01,payroll,2584998.0
12285,GlobalTech,71796,GBP,Bi-Weekly,16.2,2023-01-18,payroll,2370703.92
11160,GlobalTech,135563,USD,Monthly,12.6,2024-01-27,payroll,1626756.0
12405,GlobalTech,63222,GBP,Annual,7.2,2023-03-07,payroll,80291.94
13528,GlobalTech,93942,USD,Annual,6.6,2024-05-09,payroll,93942.0
13672,GlobalTech,111592,USD,Monthly,9.0,2024-02-08,payroll,1339104.0
14228,GlobalTech,107000,GBP,Monthly,12.0,2024-09-07,payroll,1630680.0
2695,GlobalTech,93437,EUR,Annual,3.5,2024-12-20,payroll,100911.96
5054,GlobalTech,88375,GBP,Annual,16.6,2024-08-18,payroll,112236.25
13357,GlobalTech,105579,USD,Annual,1.9,2023-11-17,payroll,105579.0
9823,GlobalTech,87920,USD,Bi-Weekly,20.7,2023-08-27,payroll,2285920.0
12227,GlobalTech,75378,EUR,Annual,20.9,2024-08-15,payroll,81408.24
10972,GlobalTech,61914,USD,Bi-Weekly,14.4,2024-10-13,payroll,1609764.0
14542,GlobalTech,71283,USD,Monthly,7.2,2024-07-14,payroll,855396.0
8178,GlobalTech,106932,EUR,Bi-Weekly,0.6,2024-02-27,payroll,3002650.56
9411,GlobalTech,55788,GBP,Annual,5.8,2023-09-07,payroll,70850.76
5028,GlobalTech,131284,EUR,Bi-Weekly,20.9,2023-07-11,payroll,3686454.72
8861,GlobalTech,76019,GBP,Bi-Weekly,8.0,2024-08-10,payroll,2510147.38
7180,GlobalTech,68072,GBP,Annual,28.3,2023-09-05,payroll,86451.44
13920,GlobalTech,104379,EUR,Annual,5.0,2023-06-13,payroll,112729.32
11546,GlobalTech,"£70,035",GBP,Monthly,22.6,2024-07-09,payroll,1067333.4
6679,GlobalTech,57330,GBP,Bi-Weekly,21.7,2023-03-11,payroll,1893036.6
6591,GlobalTech,63501,USD,Annual,1.0,2024-09-05,payroll,63501.0
3403,GlobalTech,137736,USD,Monthly,27.5,2024-12-09,payroll,1652832.0
2279,GlobalTech,61801,EUR,Bi-Weekly,1.6,2023-12-07,payroll,1735372.08
10668,GlobalTech,68783,GBP,Annual,2.8,2023-09-25,payroll,87354.41
7551,GlobalTech,153465,GBP,Monthly,6.8,2023-12-10,payroll,2338806.6
6778,GlobalTech,52573,EUR,Annual,0.9,2023-12-14,payroll,56778.840000000004
8989,GlobalTech,50450,GBP,Monthly,4.9,2023-11-09,payroll,768858.0
4129,GlobalTech,81857,GBP,Bi-Weekly,19.9,2023-12-10,payroll,2702918.14
7478,GlobalTech,86562,USD,Bi-Weekly,14.6,2023-01-16,payroll,2250612.0
7103,GlobalTech,100934,USD,Monthly,18.6,2024-09-17,payroll,1211208.0
6850,GlobalTech,81599,USD,Bi-Weekly,8.7,2023-05-24,payroll,2121574.0
14278,GlobalTech,163360,EUR,Monthly,12.9,2024-09-29,payroll,2117145.6
13609,GlobalTech,54129,GBP,Monthly,2.5,2024-11-10,payroll,824925.96
5498,GlobalTech,125593,EUR,Monthly,22.2,2024-04-19,payroll,1627685.28
14952,GlobalTech,87567,EUR,Monthly,28.6,2024-03-21,payroll,1134868.32
1318,GlobalTech,101800,USD,Annual,5.6,2023-08-19,payroll,101800.0
13271,GlobalTech,65993,USD,Bi-Weekly,3.4,2023-01-09,payroll,1715818.0
10551,GlobalTech,90639,EUR,Annual,9.1,2023-09-21,payroll,97890.12000000001
2080,GlobalTech,103587,GBP,Bi-Weekly,10.2,2023-11-29,payroll,3420442.74
4697,GlobalTech,41608,GBP,Annual,14.5,2023-04-06,payroll,52842.16
8979,GlobalTech,77633,GBP,Annual,1.9,2024-12-02,payroll,98593.91
5259,GlobalTech,71059,GBP,Monthly,1.9,2023-12-06,payroll,1082939.16
12696,GlobalTech,76519,GBP,Bi-Weekly,28.4,2023-07-01,payroll,2526657.38
10280,GlobalTech,174254,USD,Monthly,29.6,2023-06-12,payroll,2091048.0
5816,GlobalTech,112313,GBP,Bi-Weekly,27.5,2023-07-18,payroll,3708575.2600000002
11755,GlobalTech,119433,GBP,Monthly,24.0,2023-07-19,payroll,1820158.92
14988,GlobalTech,185365,USD,Annual,27.8,2024-10-20,payroll,185365.0
10931,GlobalTech,81186,EUR,Annual,1.9,2023-11-02,payroll,87680.88
12736,GlobalTech,112505,EUR,Bi-Weekly,6.7,2023-09-12,payroll,3159140.4000000004
9136,GlobalTech,64247,EUR,Monthly,15.1,2024-09-24,payroll,832641.1200000001
3339,GlobalTech,91062,EUR,Bi-Weekly,6.6,2023-09-13,payroll,2557020.96
7658,GlobalTech,127947,EUR,Bi-Weekly,3.5,2023-08-26,payroll,3592751.7600000002
4098,GlobalTech,123967,EUR,Bi-Weekly,26.7,2023-03-24,payroll,3480993.3600000003
3015,GlobalTech,72308,GBP,Monthly,10.1,2024-01-15,payroll,1101973.92
3925,GlobalTech,111228,EUR,Monthly,12.5,2024-11-27,payroll,1441514.8800000001
9652,GlobalTech,169218,EUR,Annual,11.6,2024-04-05,payroll,182755.44
12478,GlobalTech,66110,GBP,Annual,10.6,2024-10-13,payroll,83959.7
14506,GlobalTech,66025,GBP,Bi-Weekly,17.7,2023-02-21,payroll,2180145.5
7582,GlobalTech,179676,USD,Monthly,1.5,2023-12-17,payroll,2156112.0
2280,GlobalTech,115732,GBP,Annual,28.6,2023-01-10,payroll,146979.64
6082,GlobalTech,75805,USD,Monthly,26.1,2023-09-04,payroll,909660.0
14339,GlobalTech,73066,GBP,Annual,25.0,2023-01-24,payroll,92793.82
14848,GlobalTech,66634,USD,Annual,7.0,2024-11-02,payroll,66634.0
13773,GlobalTech,115808,USD,Bi-Weekly,5.3,2023-11-10,payroll,3011008.0
9072,GlobalTech,94483,GBP,Bi-Weekly,8.4,2023-05-22,payroll,3119828.66
9157,GlobalTech,59124,EUR,Annual,20.9,2024-10-12,payroll,63853.920000000006
4387,GlobalTech,147484,USD,Bi-Weekly,16.8,2023-06-28,payroll,3834584.0
8765,GlobalTech,94140,USD,Bi-Weekly,3.9,2024-02-05,payroll,2447640.0
14763,GlobalTech,139891,USD,Bi-Weekly,20.7,2023-12-14,payroll,3637166.0
11275,GlobalTech,119546,GBP,Monthly,24.2,2023-05-17,payroll,1821881.04
12890,GlobalTech,110398,USD,Annual,17.2,2023-12-22,payroll,110398.0
7795,GlobalTech,113324,USD,Annual,17.7,2024-02-22,payroll,113324.0
5157,GlobalTech,115647,EUR,Annual,25.8,2024-08-19,payroll,124898.76000000001
2403,GlobalTech,112700,EUR,Annual,23.8,2024-12-08,payroll,121716.00000000001
14906,GlobalTech,74852,EUR,Monthly,28.4,2024-07-15,payroll,970081.92
9869,GlobalTech,89785,USD,Monthly,18.0,2023-01-31,payroll,1077420.0
13351,GlobalTech,59082,GBP,Monthly,24.8,2024-03-22,payroll,900409.68
3678,GlobalTech,105559,EUR,Annual,20.8,2023-09-22,payroll,114003.72
2578,GlobalTech,108444,EUR,Monthly,7.1,2023-11-22,payroll,1405434.24
12207,GlobalTech,60478,EUR,Monthly,9.4,2023-11-09,payroll,783794.88
11977,GlobalTech,98608,GBP,Bi-Weekly,27.0,2023-11-16,payroll,3256036.16
9633,GlobalTech,171688,EUR,Annual,15.4,2023-02-10,payroll,185423.04
13325,GlobalTech,97750,GBP,Annual,29.1,2023-02-18,payroll,124142.5
11008,GlobalTech,160725,EUR,Monthly,2.6,2023-05-23,payroll,2082996.0000000002
5157,GlobalTech,98060,USD,Bi-Weekly,3.5,2024-07-14,payroll,2549560.0
5613,GlobalTech,235877,USD,Bi-Weekly,6.3,2023-01-29,payroll,6132802.0
8040,GlobalTech,64267,USD,Bi-Weekly,15.9,2024-06-16,payroll,1670942.0
14512,GlobalTech,125288,USD,Annual,18.7,2023-08-26,payroll,125288.0
2179,GlobalTech,64728,GBP,Bi-Weekly,26.5,2023-06-07,payroll,2137318.56
13192,GlobalTech,"€200,446",EUR,Bi-Weekly,21.7,2024-08-08,payroll,5628523.680000001
8491,GlobalTech,130744,EUR,Annual,9.7,2024-12-11,payroll,141203.52000000002
4107,GlobalTech,136834,EUR,Monthly,29.9,2024-08-25,payroll,1773368.6400000001
9445,GlobalTech,100349,GBP,Bi-Weekly,7.5,2024-01-01,payroll,3313523.98
4655,GlobalTech,149172,USD,Annual,26.1,2023-11-24,payroll,149172.0
6438,GlobalTech,84720,USD,Annual,22.5,2023-12-26,payroll,84720.0
13110,GlobalTech,58927,GBP,Annual,12.4,2023-06-30,payroll,74837.29000000001
10803,GlobalTech,65278,EUR,Annual,9.1,2023-08-23,payroll,70500.24
11273,GlobalTech,88271,GBP,Bi-Weekly,13.4,2024-07-12,payroll,2914708.42
205,GlobalTech,55713,USD,Monthly,2.0,2023-10-15,payroll,668556.0
11680,GlobalTech,87786,USD,Annual,22.8,2023-10-23,payroll,87786.0
8769,GlobalTech,114206,EUR,Monthly,0.0,2023-01-23,payroll,1480109.76
9194,GlobalTech,56579,USD,Bi-Weekly,0.9,2024-10-21,payroll,1471054.0
10526,GlobalTech,85383,EUR,Monthly,5.7,2024-03-24,payroll,1106563.6800000002
7780,GlobalTech,222770,USD,Bi-Weekly,10.4,2023-05-22,payroll,5792020.0
2121,GlobalTech,92715,EUR,Bi-Weekly,11.1,2024-06-04,payroll,2603437.2
12367,GlobalTech,88546,USD,Bi-Weekly,0.7,2024-10-10,payroll,2302196.0
13428,GlobalTech,110609,USD,Bi-Weekly,6.1,2024-06-27,payroll,2875834.0
7188,GlobalTech,134390,USD,Bi-Weekly,24.9,2023-01-20,payroll,3494140.0
14985,GlobalTech,64064,EUR,Annual,15.2,2024-07-11,payroll,69189.12000000001
9772,GlobalTech,43093,GBP,Monthly,24.0,2023-11-29,payroll,656737.3200000001
10870,GlobalTech,57472,GBP,Bi-Weekly,0.3,2024-05-17,payroll,1897725.44
11972,GlobalTech,114955,EUR,Bi-Weekly,17.8,2023-01-08,payroll,3227936.4000000004
14083,GlobalTech,63104,USD,Annual,19.7,2024-02-10,payroll,63104.0
13704,GlobalTech,87497,EUR,Bi-Weekly,17.5,2024-08-08,payroll,2456915.7600000002
11753,GlobalTech,134780,EUR,Bi-Weekly,18.7,2024-01-19,payroll,3784622.4000000004
4245,GlobalTech,137844,EUR,Bi-Weekly,2.6,2023-08-03,payroll,3870659.5200000005
10992,GlobalTech,101580,EUR,Bi-Weekly,18.2,2024-02-01,payroll,2852366.4000000004
13827,GlobalTech,73667,EUR,Bi-Weekly,20.9,2023-03-13,payroll,2068569.36
9514,GlobalTech,53154,USD,Monthly,3.2,2024-11-08,payroll,637848.0
9450,GlobalTech,42520,GBP,Bi-Weekly,5.9,2023-04-03,payroll,1404010.4
4096,GlobalTech,70763,USD,Bi-Weekly,8.2,2024-11-18,payroll,1839838.0
6224,GlobalTech,110092,GBP,Bi-Weekly,1.6,2024-05-26,payroll,3635237.84
7156,GlobalTech,83290,EUR,Bi-Weekly,2.7,2024-01-10,payroll,2338783.2
7444,GlobalTech,105539,GBP,Monthly,8.7,2023-09-13,payroll,1608414.36
13616,GlobalTech,134205,EUR,Bi-Weekly,24.3,2023-05-04,payroll,3768476.4000000004
14242,GlobalTech,61541,GBP,Bi-Weekly,6.9,2024-09-23,payroll,2032083.82
6672,GlobalTech,53294,GBP,Monthly,7.5,2024-10-31,payroll,812200.56
10749,GlobalTech,114141,GBP,Bi-Weekly,8.2,2023-09-04,payroll,3768935.82
13977,GlobalTech,67515,EUR,Bi-Weekly,1.3,2024-03-25,payroll,1895821.2000000002
7516,GlobalTech,105053,GBP,Bi-Weekly,8.6,2024-03-09,payroll,3468850.06
14037,GlobalTech,89195,USD,Monthly,1.0,2024-08-18,payroll,1070340.0
14031,GlobalTech,129983,EUR,Bi-Weekly,0.3,2023-10-20,payroll,3649922.64
8034,GlobalTech,69269,GBP,Annual,16.2,2024-10-25,payroll,87971.63
12355,GlobalTech,126933,EUR,Monthly,28.2,2023-09-13,payroll,1645051.6800000002
10560,GlobalTech,73206,EUR,Monthly,28.7,2023-11-19,payroll,948749.76
11890,GlobalTech,81960,EUR,Bi-Weekly,2.2,2023-04-07,payroll,2301436.8000000003
2693,GlobalTech,124740,USD,Annual,21.7,2024-02-01,payroll,124740.0
11351,GlobalTech,113716,GBP,Monthly,16.7,2023-06-06,payroll,1733031.84
10095,GlobalTech,46360,GBP,Monthly,5.6,2023-01-17,payroll,706526.4
1852,GlobalTech,113122,GBP,Annual,14.5,2023-08-31,payroll,143664.94
11545,GlobalTech,"€129,098",EUR,Annual,24.9,2024-12-05,payroll,139425.84
5348,GlobalTech,181647,USD,Bi-Weekly,13.3,2023-07-14,payroll,4722822.0
14715,GlobalTech,146097,EUR,Monthly,22.4,2024-06-26,payroll,1893417.12
11659,GlobalTech,102846,EUR,Bi-Weekly,16.9,2024-07-28,payroll,2887915.68
11156,GlobalTech,119962,GBP,Annual,27.8,2024-12-12,payroll,152351.74
11404,GlobalTech,44564,GBP,Annual,13.4,2023-04-12,payroll,56596.28
13236,GlobalTech,134150,EUR,Monthly,11.9,2023-04-06,payroll,1738584.0
13813,GlobalTech,112719,GBP,Bi-Weekly,26.6,2023-09-15,payroll,3721981.38
4754,GlobalTech,128756,USD,Annual,26.5,2024-08-05,payroll,128756.0
2489,GlobalTech,103079,GBP,Bi-Weekly,15.5,2023-03-27,payroll,3403668.58
5572,GlobalTech,112605,EUR,Monthly,17.5,2024-03-24,payroll,1459360.8
10660,GlobalTech,44761,GBP,Monthly,6.0,2023-12-05,payroll,682157.64
8260,GlobalTech,58728,USD,Bi-Weekly,17.7,2024-01-20,payroll,1526928.0
9918,GlobalTech,137349,GBP,Monthly,4.1,2023-11-14,payroll,2093198.76
7900,GlobalTech,114296,EUR,Bi-Weekly,8.9,2024-09-05,payroll,3209431.68
6082,GlobalTech,118484,USD,Annual,28.8,2023-06-05,payroll,118484.0
9981,GlobalTech,65662,EUR,Annual,8.4,2024-02-22,payroll,70914.96
14712,GlobalTech,105859,EUR,Annual,7.8,2024-01-24,payroll,114327.72
5873,GlobalTech,91638,EUR,Bi-Weekly,7.4,2023-06-27,payroll,2573195.04
3830,GlobalTech,87000,GBP,Monthly,11.3,2024-02-27,payroll,1325880.0
5640,GlobalTech,93251,EUR,Bi-Weekly,9.5,2024-02-07,payroll,2618488.08
10689,GlobalTech,134894,EUR,Annual,20.3,2023-08-15,payroll,145685.52000000002
13300,GlobalTech,67728,GBP,Annual,1.0,2023-06-11,payroll,86014.56
10802,GlobalTech,54012,GBP,Monthly,25.3,2024-06-08,payroll,823142.88
14719,GlobalTech,135940,GBP,Annual,7.6,2023-04-29,payroll,172643.8
12649,GlobalTech,106787,GBP,Bi-Weekly,0.9,2024-02-23,payroll,3526106.74
3528,GlobalTech,110540,USD,Bi-Weekly,26.1,2023-11-23,payroll,2874040.0
11353,GlobalTech,135200,GBP,Bi-Weekly,18.6,2024-08-09,payroll,4464304.0
5541,GlobalTech,129632,EUR,Annual,23.7,2024-08-04,payroll,140002.56
10677,GlobalTech,80912,EUR,Monthly,7.8,2023-08-11,payroll,1048619.52
10011,GlobalTech,93478,GBP,Annual,24.1,2024-11-22,payroll,118717.06
12970,GlobalTech,92974,EUR,Annual,20.2,2024-09-04,payroll,100411.92000000001
10186,GlobalTech,101436,USD,Annual,9.2,2023-12-03,payroll,101436.0
5826,GlobalTech,167174,GBP,Annual,21.1,2024-05-05,payroll,212310.98
12868,GlobalTech,114184,GBP,Bi-Weekly,10.7,2024-05-05,payroll,3770355.68
5483,GlobalTech,66422,GBP,Bi-Weekly,13.4,2023-09-12,payroll,2193254.44
12808,GlobalTech,54674,GBP,Monthly,19.3,2023-03-15,payroll,833231.76
9748,GlobalTech,114769,USD,Annual,21.9,2023-11-01,payroll,114769.0
7601,GlobalTech,90496,EUR,Monthly,23.6,2024-10-29,payroll,1172828.1600000001
9629,GlobalTech,105178,USD,Annual,7.5,2024-12-28,payroll,105178.0
6904,GlobalTech,66758,EUR,Annual,20.7,2023-02-11,payroll,72098.64
8578,GlobalTech,117603,GBP,Monthly,12.6,2024-02-09,payroll,1792269.72
10825,GlobalTech,127693,EUR,Annual,5.8,2023-12-14,payroll,137908.44
9327,GlobalTech,68661,EUR,Bi-Weekly,12.1,2023-01-11,payroll,1928000.8800000001
14315,GlobalTech,109377,USD,Bi-Weekly,0.9,2024-07-30,payroll,2843802.0
3894,GlobalTech,85905,GBP,Monthly,11.6,2024-06-23,payroll,1309192.2
11899,GlobalTech,56993,GBP,Annual,17.4,2024-02-03,payroll,72381.11
14359,GlobalTech,43118,GBP,Bi-Weekly,4.0,2024-11-05,payroll,1423756.36
5509,GlobalTech,124977,USD,Monthly,10.3,2023-09-25,payroll,1499724.0
5143,GlobalTech,114059,GBP,Annual,9.6,2024-12-13,payroll,144854.93
3650,GlobalTech,93882,USD,Bi-Weekly,2.4,2023-09-03,payroll,2440932.0
7461,GlobalTech,62193,GBP,Bi-Weekly,16.2,2024-01-19,payroll,2053612.86
6469,GlobalTech,118425,EUR,Bi-Weekly,10.5,2023-06-09,payroll,3325374.0
10533,GlobalTech,61254,USD,Annual,14.5,2024-05-10,payroll,61254.0
11154,GlobalTech,73892,GBP,Bi-Weekly,0.9,2023-02-22,payroll,2439913.84
12853,GlobalTech,122632,EUR,Bi-Weekly,24.8,2023-12-05,payroll,3443506.56
5097,GlobalTech,105714,GBP,Monthly,11.4,2023-06-01,payroll,1611081.36
2077,GlobalTech,69654,GBP,Annual,3.6,2024-03-12,payroll,88460.58
9072,GlobalTech,96290,GBP,Bi-Weekly,3.4,2023-05-03,payroll,3179495.8
11421,GlobalTech,178994,USD,Monthly,22.4,2023-12-03,payroll,2147928.0
14904,GlobalTech,81980,EUR,Annual,11.4,2024-07-28,payroll,88538.40000000001
10273,GlobalTech,78444,GBP,Bi-Weekly,15.0,2024-05-08,payroll,2590220.88
7582,GlobalTech,70742,EUR,Bi-Weekly,20.3,2023-11-05,payroll,1986435.36
11352,GlobalTech,123536,USD,Annual,18.1,2024-12-15,payroll,123536.0
10087,GlobalTech,123344,USD,Bi-Weekly,14.7,2023-07-04,payroll,3206944.0
10848,GlobalTech,135495,USD,Monthly,23.0,2024-12-26,payroll,1625940.0
3492,GlobalTech,194262,USD,Bi-Weekly,4.2,2023-08-09,payroll,5050812.0
3288,GlobalTech,90558,GBP,Bi-Weekly,25.0,2023-08-10,payroll,2990225.16
11110,GlobalTech,116615,EUR,Monthly,12.9,2024-05-02,payroll,1511330.4000000001
10310,GlobalTech,112318,GBP,Bi-Weekly,14.1,2023-02-25,payroll,3708740.36
8093,GlobalTech,88932,EUR,Monthly,21.4,2023-02-09,payroll,1152558.72
11112,GlobalTech,103729,USD,Monthly,27.0,2024-10-22,payroll,1244748.0
8690,GlobalTech,120267,GBP,Bi-Weekly,0.8,2024-07-19,payroll,3971216.34
8533,GlobalTech,74917,GBP,Annual,14.0,2024-01-04,payroll,95144.59
5524,GlobalTech,123000,USD,Bi-Weekly,27.4,2023-01-10,payroll,3198000.0
10269,GlobalTech,70453,USD,Bi-Weekly,23.4,2024-12-01,payroll,1831778.0
14128,GlobalTech,100607,USD,Annual,9.0,2024-02-04,payroll,100607.0
11770,GlobalTech,171061,EUR,Monthly,10.2,2023-04-29,payroll,2216950.56
5380,GlobalTech,91637,USD,Monthly,2.7,2023-04-29,payroll,1099644.0
8867,GlobalTech,55084,GBP,Annual,5.6,2024-09-05,payroll,69956.68000000001
10632,GlobalTech,124457,GBP,Bi-Weekly,6.1,2023-05-21,payroll,4109570.14
13866,GlobalTech,80356,GBP,Monthly,27.0,2023-04-24,payroll,1224625.44
3545,GlobalTech,152168,EUR,Monthly,24.5,2023-06-07,payroll,1972097.28
10744,GlobalTech,110744,USD,Monthly,18.9,2024-08-28,payroll,1328928.0
5664,GlobalTech,52333,USD,Monthly,12.8,2023-01-01,payroll,627996.0
13879,GlobalTech,86350,USD,Annual,7.3,2024-10-25,payroll,86350.0
12379,GlobalTech,126056,EUR,Annual,15.9,2023-06-16,payroll,136140.48
8656,GlobalTech,134325,EUR,Monthly,16.3,2024-03-31,payroll,1740852.0
11873,GlobalTech,89167,EUR,Annual,21.3,2023-12-20,payroll,96300.36
12943,GlobalTech,82181,USD,Monthly,17.6,2023-04-02,payroll,986172.0
13441,GlobalTech,85686,USD,Monthly,23.4,2024-11-10,payroll,1028232.0
4032,GlobalTech,74327,EUR,Annual,1.7,2024-09-20,payroll,80273.16
6263,GlobalTech,67059,EUR,Monthly,29.1,2024-10-19,payroll,869084.64
14276,GlobalTech,142519,EUR,Bi-Weekly,10.1,2024-06-05,payroll,4001933.5200000005
9286,GlobalTech,183264,USD,Monthly,0.6,2023-12-01,payroll,2199168.0
13934,GlobalTech,"£51,612",GBP,Annual,12.6,2023-04-17,payroll,65547.24
5066,GlobalTech,112976,GBP,Monthly,17.6,2023-05-06,payroll,1721754.24
4456,GlobalTech,72158,GBP,Annual,3.7,2023-10-26,payroll,91640.66
2428,GlobalTech,135574,EUR,Annual,5.9,2024-07-16,payroll,146419.92
4079,GlobalTech,111666,USD,Bi-Weekly,9.8,2023-02-18,payroll,2903316.0
10955,GlobalTech,86277,GBP,Monthly,7.6,2023-11-17,payroll,1314861.48
8890,GlobalTech,82447,EUR,Annual,2.6,2023-11-27,payroll,89042.76000000001
2730,GlobalTech,136911,EUR,Bi-Weekly,15.4,2024-09-20,payroll,3844460.8800000004
14247,GlobalTech,69889,USD,Monthly,6.6,2023-10-19,payroll,838668.0
11187,GlobalTech,110636,EUR,Annual,10.5,2023-12-20,payroll,119486.88
14599,GlobalTech,58042,EUR,Bi-Weekly,11.7,2024-10-22,payroll,1629819.36
11695,GlobalTech,59004,GBP,Monthly,25.9,2023-08-27,payroll,899220.96
9347,GlobalTech,124235,USD,Annual,16.9,2024-02-22,payroll,124235.0
14340,GlobalTech,95775,GBP,Bi-Weekly,17.7,2024-07-27,payroll,3162490.5
6504,GlobalTech,60099,USD,Bi-Weekly,14.5,2024-11-28,payroll,1562574.0
9065,GlobalTech,105389,GBP,Annual,27.6,2024-06-09,payroll,133844.03
10637,GlobalTech,106368,GBP,Annual,29.4,2024-01-22,payroll,135087.36000000002
9548,GlobalTech,116352,USD,Bi-Weekly,15.8,2023-01-28,payroll,3025152.0
6995,GlobalTech,82605,EUR,Monthly,4.9,2024-10-13,payroll,1070560.8
4340,GlobalTech,136977,USD,Bi-Weekly,12.6,2024-11-01,payroll,3561402.0
6850,GlobalTech,151580,USD,Annual,12.1,2024-12-19,payroll,151580.0
3650,GlobalTech,61538,USD,Annual,1.2,2024-10-27,payroll,61538.0
12665,GlobalTech,49285,GBP,Annual,17.4,2023-06-08,payroll,62591.950000000004
4058,GlobalTech,109634,EUR,Bi-Weekly,16.2,2023-03-14,payroll,3078522.72
10782,GlobalTech,56034,USD,Monthly,8.8,2023-01-02,payroll,672408.0
3658,GlobalTech,133105,USD,Monthly,3.4,2024-10-05,payroll,1597260.0
9645,GlobalTech,79894,EUR,Annual,22.1,2024-03-16,payroll,86285.52
6372,GlobalTech,82712,GBP,Monthly,26.1,2023-05-15,payroll,1260530.8800000001
11241,GlobalTech,148530,EUR,Annual,28.0,2024-05-15,payroll,160412.40000000002
12101,GlobalTech,55138,GBP,Monthly,0.5,2024-07-13,payroll,840303.12
13483,GlobalTech,79027,GBP,Bi-Weekly,25.8,2024-04-07,payroll,2609471.54
13414,GlobalTech,62896,GBP,Annual,12.2,2024-08-20,payroll,79877.92
10259,GlobalTech,64758,USD,Monthly,24.8,2024-03-01,payroll,777096.0
13513,GlobalTech,128624,EUR,Annual,8.6,2023-01-13,payroll,138913.92
3456,GlobalTech,85966,USD,Bi-Weekly,23.5,2023-07-21,payroll,2235116.0
14139,GlobalTech,109639,USD,Bi-Weekly,3.2,2023-04-21,payroll,2850614.0
7492,GlobalTech,78351,EUR,Monthly,16.8,2024-05-22,payroll,1015428.9600000001
14842,GlobalTech,89861,EUR,Monthly,20.6,2023-02-24,payroll,1164598.56
11558,GlobalTech,78335,GBP,Monthly,22.3,2024-06-19,payroll,1193825.4
4327,GlobalTech,95155,EUR,Monthly,10.7,2023-10-08,payroll,1233208.8
9261,GlobalTech,90772,GBP,Monthly,21.7,2024-03-12,payroll,1383365.28
10370,GlobalTech,129753,EUR,Annual,11.3,2023-01-31,payroll,140133.24000000002
13332,GlobalTech,137826,EUR,Annual,13.1,2024-10-06,payroll,148852.08000000002
1985,GlobalTech,122865,EUR,Monthly,27.8,2023-11-17,payroll,1592330.4000000001
9838,GlobalTech,71024,GBP,Monthly,13.4,2024-01-23,payroll,1082405.76
4688,GlobalTech,51980,GBP,Bi-Weekly,25.6,2024-10-14,payroll,1716379.6
14051,GlobalTech,47127,EUR,Bi-Weekly,2.8,2023-10-25,payroll,1323326.1600000001
11502,GlobalTech,52021,EUR,Monthly,19.3,2023-04-10,payroll,674192.16
10728,GlobalTech,84470,GBP,Bi-Weekly,10.5,2024-01-03,payroll,2789199.4
14618,GlobalTech,134890,USD,Monthly,13.9,2024-10-13,payroll,1618680.0
13775,GlobalTech,"€51,543",EUR,Bi-Weekly,6.9,2024-11-22,payroll,1447327.4400000002
3830,GlobalTech,72598,USD,Bi-Weekly,23.7,2023-10-16,payroll,1887548.0
14850,GlobalTech,123729,EUR,Bi-Weekly,21.9,2024-10-16,payroll,3474310.3200000003
2765,GlobalTech,89218,USD,Bi-Weekly,26.4,2023-03-26,payroll,2319668.0
3033,GlobalTech,82636,EUR,Monthly,15.3,2023-11-15,payroll,1070962.56
14982,GlobalTech,62488,USD,Annual,13.0,2024-11-03,payroll,62488.0
10163,GlobalTech,75938,EUR,Bi-Weekly,8.5,2024-11-29,payroll,2132339.04
7491,GlobalTech,"$59,913",USD,Bi-Weekly,21.6,2023-10-23,payroll,1557738.0
12915,GlobalTech,106202,EUR,Monthly,17.5,2023-12-24,payroll,1376377.9200000002
5706,GlobalTech,83468,USD,Bi-Weekly,2.1,2024-11-20,payroll,2170168.0
12736,GlobalTech,60864,USD,Bi-Weekly,21.3,2024-05-31,payroll,1582464.0
14017,GlobalTech,130993,USD,Annual,27.2,2024-04-22,payroll,130993.0
14063,GlobalTech,80692,GBP,Monthly,25.1,2023-11-07,payroll,1229746.08
12331,GlobalTech,63838,EUR,Annual,27.4,2024-05-27,payroll,68945.04000000001
10789,GlobalTech,126758,USD,Monthly,22.5,2024-09-09,payroll,1521096.0
9558,GlobalTech,102458,EUR,Bi-Weekly,17.9,2024-07-14,payroll,2877020.64
12824,GlobalTech,104681,EUR,Annual,7.1,2024-05-31,payroll,113055.48000000001
5799,GlobalTech,108066,GBP,Bi-Weekly,2.8,2024-07-19,payroll,3568339.32
9151,GlobalTech,99816,USD,Annual,9.5,2024-07-05,payroll,99816.0
12479,GlobalTech,53321,GBP,Monthly,9.5,2024-04-01,payroll,812612.04
5728,GlobalTech,99805,GBP,Monthly,14.9,2024-08-28,payroll,1521028.2
1835,GlobalTech,68951,EUR,Bi-Weekly,11.6,2024-12-09,payroll,1936144.08
4058,GlobalTech,"£106,738",GBP,Bi-Weekly,9.0,2023-10-23,payroll,3524488.7600000002
11053,GlobalTech,158617,USD,Monthly,13.6,2023-07-31,payroll,1903404.0
10280,GlobalTech,118697,GBP,Bi-Weekly,10.0,2024-08-17,payroll,3919374.94
7801,GlobalTech,122501,EUR,Annual,13.6,2023-03-20,payroll,132301.08000000002
9639,GlobalTech,"€107,415",EUR,Annual,7.5,2024-10-07,payroll,116008.20000000001
9175,GlobalTech,79511,USD,Annual,11.0,2024-07-25,payroll,79511.0
12179,GlobalTech,70391,EUR,Monthly,25.8,2023-06-05,payroll,912267.3600000001
13339,GlobalTech,89544,GBP,Monthly,19.5,2023-07-14,payroll,1364650.56
7130,GlobalTech,76621,EUR,Annual,28.2,2023-05-18,payroll,82750.68000000001
13355,GlobalTech,118669,EUR,Annual,8.9,2024-03-19,payroll,128162.52
14046,GlobalTech,116606,EUR,Annual,5.5,2023-02-16,payroll,125934.48000000001
7050,GlobalTech,91486,USD,Monthly,24.7,2024-03-13,payroll,1097832.0
12248,GlobalTech,90836,EUR,Bi-Weekly,15.9,2023-04-12,payroll,2550674.8800000004
9812,GlobalTech,86104,USD,Monthly,7.3,2023-09-18,payroll,1033248.0
9838,GlobalTech,156275,EUR,Annual,12.4,2023-12-03,payroll,168777.0
9689,GlobalTech,125816,USD,Annual,26.7,2024-10-13,payroll,125816.0
10957,GlobalTech,134128,EUR,Annual,1.1,2024-08-15,payroll,144858.24000000002
9067,GlobalTech,88757,GBP,Annual,1.2,2023-01-10,payroll,112721.39
7885,GlobalTech,97136,EUR,Annual,29.3,2023-05-05,payroll,104906.88
6469,GlobalTech,91478,EUR,Monthly,25.2,2023-07-12,payroll,1185554.8800000001
5136,GlobalTech,104448,EUR,Annual,2.4,2024-09-03,payroll,112803.84000000001
9410,GlobalTech,86507,EUR,Annual,23.8,2024-01-27,payroll,93427.56000000001
14691,GlobalTech,238185,USD,Annual,14.1,2024-08-08,payroll,238185.0
6548,GlobalTech,81772,GBP,Annual,20.1,2024-11-02,payroll,103850.44
2433,GlobalTech,107214,EUR,Monthly,15.2,2023-04-02,payroll,1389493.4400000002
1321,GlobalTech,103960,EUR,Monthly,5.1,2023-08-13,payroll,1347321.6
8544,GlobalTech,119124,EUR,Monthly,11.2,2023-09-27,payroll,1543847.04
10909,GlobalTech,99358,GBP,Annual,19.5,2023-03-03,payroll,126184.66
13281,GlobalTech,118614,GBP,Monthly,19.5,2023-03-22,payroll,1807677.36
9707,GlobalTech,108505,GBP,Bi-Weekly,11.7,2023-12-21,payroll,3582835.1
11718,GlobalTech,85367,USD,Monthly,7.4,2024-11-21,payroll,1024404.0
14017,GlobalTech,47430,GBP,Annual,28.2,2024-04-14,payroll,60236.1
8413,GlobalTech,86493,EUR,Annual,22.9,2023-05-05,payroll,93412.44
10290,GlobalTech,146559,USD,Bi-Weekly,18.6,2024-05-23,payroll,3810534.0
7626,GlobalTech,48155,GBP,Annual,1.2,2023-02-22,payroll,61156.85
1651,GlobalTech,43094,GBP,Annual,3.0,2024-07-23,payroll,54729.38
11479,GlobalTech,46289,GBP,Annual,27.0,2024-10-15,payroll,58787.03
9950,GlobalTech,129628,USD,Monthly,23.5,2024-11-01,payroll,1555536.0
9381,GlobalTech,61452,GBP,Bi-Weekly,14.1,2023-04-19,payroll,2029145.04
12912,GlobalTech,66693,USD,Annual,9.7,2023-12-31,payroll,66693.0
8703,GlobalTech,110190,USD,Annual,4.3,2023-12-03,payroll,110190.0
9014,GlobalTech,82930,USD,Bi-Weekly,14.4,2024-01-23,payroll,2156180.0
10315,GlobalTech,109493,EUR,Annual,6.5,2023-03-27,payroll,118252.44
4419,GlobalTech,184133,USD,Bi-Weekly,7.4,2024-02-09,payroll,4787458.0
8538,GlobalTech,114523,GBP,Bi-Weekly,0.8,2024-07-21,payroll,3781549.46
5371,GlobalTech,136345,USD,Monthly,11.4,2023-08-13,payroll,1636140.0
6174,GlobalTech,97128,GBP,Annual,20.1,2024-04-03,payroll,123352.56
3443,GlobalTech,67048,EUR,Monthly,29.8,2023-03-13,payroll,868942.0800000001
8046,GlobalTech,55739,GBP,Bi-Weekly,9.9,2023-09-10,payroll,1840501.78
1033,GlobalTech,155471,USD,Monthly,3.9,2023-11-18,payroll,1865652.0
11175,GlobalTech,55724,USD,Monthly,19.1,2023-01-11,payroll,668688.0
836,GlobalTech,58507,EUR,Monthly,19.1,2023-02-02,payroll,758250.7200000001
14184,GlobalTech,81015,GBP,Annual,5.3,2024-06-03,payroll,102889.05
12247,GlobalTech,53000,USD,Bi-Weekly,18.8,2023-11-24,payroll,1378000.0
9167,GlobalTech,119280,USD,Annual,15.0,2023-01-13,payroll,119280.0
12169,GlobalTech,128540,USD,Bi-Weekly,6.8,2024-09-19,payroll,3342040.0
8064,GlobalTech,72380,EUR,Monthly,12.4,2024-11-16,payroll,938044.8
6879,GlobalTech,81006,GBP,Monthly,6.2,2024-06-11,payroll,1234531.44
2039,GlobalTech,89632,GBP,Annual,20.9,2024-05-10,payroll,113832.64
9974,GlobalTech,133970,USD,Monthly,4.1,2024-01-03,payroll,1607640.0
10247,GlobalTech,102075,USD,Annual,3.0,2023-09-29,payroll,102075.0
5027,GlobalTech,103323,USD,Monthly,17.5,2024-04-18,payroll,1239876.0
12878,GlobalTech,72109,EUR,Monthly,25.4,2023-03-12,payroll,934532.64
14362,GlobalTech,95648,EUR,Monthly,12.0,2023-05-29,payroll,1239598.08
1870,GlobalTech,157791,EUR,Bi-Weekly,27.3,2023-10-26,payroll,4430771.28
11291,GlobalTech,135736,USD,Annual,5.4,2024-04-11,payroll,135736.0
9164,GlobalTech,47080,EUR,Monthly,5.8,2024-06-18,payroll,610156.8
3222,GlobalTech,65841,USD,Bi-Weekly,21.3,2023-05-06,payroll,1711866.0
11386,GlobalTech,48941,EUR,Monthly,12.8,2024-02-09,payroll,634275.36
9941,GlobalTech,71039,EUR,Bi-Weekly,9.7,2024-02-25,payroll,1994775.12
5841,GlobalTech,66989,GBP,Bi-Weekly,8.0,2023-10-11,payroll,2211976.7800000003
13024,GlobalTech,130129,USD,Monthly,24.4,2023-12-25,payroll,1561548.0
3919,GlobalTech,108426,GBP,Annual,15.4,2023-05-26,payroll,137701.02
12277,GlobalTech,"€53,377",EUR,Monthly,19.0,2023-02-21,payroll,691765.92
2707,GlobalTech,99328,GBP,Annual,16.3,2023-04-28,payroll,126146.56
14219,GlobalTech,51702,EUR,Bi-Weekly,8.8,2024-07-04,payroll,1451792.1600000001
13393,GlobalTech,111277,EUR,Monthly,15.6,2023-12-18,payroll,1442149.9200000002
12171,GlobalTech,120040,EUR,Bi-Weekly,1.9,2023-04-04,payroll,3370723.2
4906,GlobalTech,89033,USD,Monthly,2.7,2023-07-06,payroll,1068396.0
2707,GlobalTech,68562,EUR,Bi-Weekly,0.6,2023-02-22,payroll,1925220.9600000002
7167,GlobalTech,141252,USD,Annual,5.1,2023-11-27,payroll,141252.0
5674,GlobalTech,92389,EUR,Monthly,24.1,2023-09-23,payroll,1197361.4400000002
13593,GlobalTech,117742,EUR,Annual,8.6,2024-05-16,payroll,127161.36000000002
12867,GlobalTech,106957,GBP,Monthly,24.1,2023-10-21,payroll,1630024.68
6139,GlobalTech,56534,EUR,Bi-Weekly,4.8,2023-02-07,payroll,1587474.7200000002
1268,GlobalTech,114097,GBP,Monthly,9.6,2023-06-17,payroll,1738838.28
11604,GlobalTech,75400,EUR,Monthly,16.3,2023-04-27,payroll,977184.0000000001
12375,GlobalTech,97114,USD,Monthly,26.4,2024-01-26,payroll,1165368.0
12154,GlobalTech,112795,USD,Annual,4.0,2024-03-25,payroll,112795.0
13979,GlobalTech,98718,USD,Bi-Weekly,0.5,2023-01-22,payroll,2566668.0
11561,GlobalTech,95262,EUR,Bi-Weekly,28.6,2024-07-14,payroll,2674956.96
6639,GlobalTech,104744,GBP,Monthly,3.3,2024-06-12,payroll,1596298.56
1971,GlobalTech,48316,GBP,Annual,26.8,2023-08-18,payroll,61361.32
6088,GlobalTech,94030,USD,Monthly,17.7,2024-04-09,payroll,1128360.0
9862,GlobalTech,114251,EUR,Monthly,18.0,2024-07-08,payroll,1480692.9600000002
7072,GlobalTech,66212,USD,Bi-Weekly,0.1,2024-12-26,payroll,1721512.0
11793,GlobalTech,80562,GBP,Annual,7.0,2024-06-21,payroll,102313.74
1525,GlobalTech,71290,GBP,Bi-Weekly,6.9,2023-09-29,payroll,2353995.8
14461,GlobalTech,160730,EUR,Annual,7.8,2023-10-09,payroll,173588.40000000002
2926,GlobalTech,133135,EUR,Monthly,0.9,2024-06-22,payroll,1725429.6
10317,GlobalTech,108048,GBP,Annual,11.5,2023-01-30,payroll,137220.96
3066,GlobalTech,117713,EUR,Monthly,17.5,2024-06-17,payroll,1525560.4800000002
13572,GlobalTech,125260,GBP,Bi-Weekly,21.0,2023-11-21,payroll,4136085.2
10018,GlobalTech,92471,USD,Bi-Weekly,6.6,2024-04-30,payroll,2404246.0
6056,GlobalTech,"£52,231",GBP,Monthly,28.0,2024-04-20,payroll,796000.4400000001
10080,GlobalTech,123003,USD,Bi-Weekly,28.6,2023-01-22,payroll,3198078.0
8580,GlobalTech,110959,EUR,Monthly,1.1,2023-12-23,payroll,1438028.6400000001
2740,GlobalTech,61869,EUR,Monthly,16.4,2023-09-29,payroll,801822.2400000001
14225,GlobalTech,119211,EUR,Annual,25.3,2023-05-21,payroll,128747.88
8908,GlobalTech,78312,USD,Monthly,14.5,2023-07-13,payroll,939744.0
6537,GlobalTech,134206,USD,Annual,4.9,2023-06-24,payroll,134206.0
10489,GlobalTech,57813,USD,Monthly,22.2,2024-04-19,payroll,693756.0
13475,GlobalTech,141592,USD,Monthly,1.4,2023-10-01,payroll,1699104.0
6666,GlobalTech,114580,USD,Bi-Weekly,15.4,2024-11-27,payroll,2979080.0
5086,GlobalTech,96434,EUR,Annual,0.1,2023-09-02,payroll,104148.72
7315,GlobalTech,67148,GBP,Annual,15.8,2024-06-15,payroll,85277.96
13874,GlobalTech,96540,EUR,Monthly,23.7,2024-08-18,payroll,1251158.4000000001
13827,GlobalTech,66170,EUR,Annual,27.4,2024-10-22,payroll,71463.6
14932,GlobalTech,99977,GBP,Bi-Weekly,28.3,2024-04-29,payroll,3301240.54
13353,GlobalTech,118346,EUR,Annual,10.6,2024-01-22,payroll,127813.68000000001
6725,GlobalTech,63209,USD,Bi-Weekly,12.2,2024-06-01,payroll,1643434.0
1631,GlobalTech,50139,GBP,Bi-Weekly,2.0,2024-07-31,payroll,1655589.78
6857,GlobalTech,119515,USD,Monthly,7.8,2024-06-17,payroll,1434180.0
12575,GlobalTech,146948,USD,Monthly,20.2,2023-10-24,payroll,1763376.0
3791,GlobalTech,65251,EUR,Monthly,9.6,2024-09-02,payroll,845652.9600000001
5837,GlobalTech,60276,USD,Annual,17.1,2024-08-28,payroll,60276.0
463,GlobalTech,116822,GBP,Annual,11.3,2023-06-11,payroll,148363.94
12623,GlobalTech,116547,USD,Annual,26.9,2024-07-20,payroll,116547.0
1027,GlobalTech,106072,GBP,Bi-Weekly,14.6,2024-07-06,payroll,3502497.44
11036,GlobalTech,79521,GBP,Monthly,1.7,2024-08-21,payroll,1211900.04
14917,GlobalTech,85826,GBP,Monthly,14.5,2023-09-24,payroll,1307988.24
7005,GlobalTech,101136,EUR,Monthly,4.0,2024-09-05,payroll,1310722.56
9169,GlobalTech,57800,EUR,Annual,7.0,2023-08-02,payroll,62424.00000000001
13193,GlobalTech,68697,EUR,Bi-Weekly,6.8,2023-12-16,payroll,1929011.7600000002
13043,GlobalTech,95125,GBP,Bi-Weekly,25.3,2023-08-27,payroll,3141027.5
9630,GlobalTech,103101,USD,Annual,2.1,2023-10-20,payroll,103101.0
11660,GlobalTech,120821,USD,Bi-Weekly,24.3,2023-03-04,payroll,3141346.0
9636,GlobalTech,"€98,115",EUR,Annual,17.0,2024-09-20,payroll,105964.20000000001
3285,GlobalTech,80317,GBP,Bi-Weekly,26.6,2023-07-09,payroll,2652067.34
14153,GlobalTech,103861,GBP,Annual,19.7,2023-09-29,payroll,131903.47
5609,GlobalTech,"£59,790",GBP,Annual,17.0,2023-02-10,payroll,75933.3
8807,GlobalTech,140856,USD,Annual,13.9,2024-04-15,payroll,140856.0
10523,GlobalTech,99258,EUR,Bi-Weekly,6.3,2024-08-10,payroll,2787164.64
5802,GlobalTech,94503,EUR,Bi-Weekly,21.3,2023-03-19,payroll,2653644.24
7686,GlobalTech,97486,EUR,Bi-Weekly,25.4,2024-01-07,payroll,2737406.8800000004
10921,GlobalTech,137356,USD,Bi-Weekly,25.6,2024-08-03,payroll,3571256.0
7639,GlobalTech,132111,USD,Annual,26.1,2023-08-27,payroll,132111.0
13543,GlobalTech,58758,USD,Monthly,20.4,2024-02-22,payroll,705096.0
3005,GlobalTech,64733,EUR,Bi-Weekly,15.6,2024-12-02,payroll,1817702.6400000001
12450,GlobalTech,68354,EUR,Monthly,25.2,2024-01-25,payroll,885867.8400000001
4861,GlobalTech,143333,USD,Bi-Weekly,18.1,2023-03-22,payroll,3726658.0
13522,GlobalTech,129680,USD,Annual,10.7,2023-06-29,payroll,129680.0
9736,GlobalTech,71931,USD,Annual,4.7,2023-05-06,payroll,71931.0
11803,GlobalTech,91017,GBP,Bi-Weekly,26.3,2023-12-27,payroll,3005381.34
12967,GlobalTech,91792,GBP,Monthly,2.6,2023-11-27,payroll,1398910.08
4920,GlobalTech,118334,USD,Bi-Weekly,4.0,2023-05-23,payroll,3076684.0
14259,GlobalTech,48472,GBP,Annual,21.9,2024-04-07,payroll,61559.44
13410,GlobalTech,50887,EUR,Annual,17.8,2024-02-22,payroll,54957.96000000001
3285,GlobalTech,"£50,228",GBP,Annual,29.7,2024-09-03,payroll,63789.56
14016,GlobalTech,"£73,019",GBP,Bi-Weekly,18.2,2024-12-21,payroll,2411087.38
4454,GlobalTech,94267,GBP,Bi-Weekly,17.5,2023-12-07,payroll,3112696.34
10574,GlobalTech,171136,EUR,Annual,8.8,2024-07-06,payroll,184826.88
10524,GlobalTech,104408,EUR,Annual,7.4,2024-04-28,payroll,112760.64000000001
3451,GlobalTech,151887,GBP,Monthly,18.0,2024-06-28,payroll,2314757.88
14583,GlobalTech,102992,EUR,Monthly,29.9,2023-09-19,payroll,1334776.32
11773,GlobalTech,97619,GBP,Annual,26.4,2024-05-21,payroll,123976.13
11791,GlobalTech,71042,EUR,Monthly,2.6,2023-12-23,payroll,920704.3200000001
11257,GlobalTech,70185,GBP,Annual,3.9,2024-05-13,payroll,89134.95
11200,GlobalTech,52296,GBP,Monthly,28.1,2023-11-25,payroll,796991.04
11259,GlobalTech,104954,GBP,Monthly,0.0,2023-06-26,payroll,1599498.96
4671,GlobalTech,95080,GBP,Monthly,1.6,2023-05-17,payroll,1449019.2
12545,GlobalTech,110449,USD,Bi-Weekly,16.7,2024-08-21,payroll,2871674.0
9347,GlobalTech,117403,USD,Monthly,5.2,2023-05-19,payroll,1408836.0
10314,GlobalTech,126049,EUR,Bi-Weekly,25.4,2024-01-15,payroll,3539455.9200000004
7190,GlobalTech,74700,USD,Monthly,29.1,2023-03-07,payroll,896400.0
12534,GlobalTech,80041,EUR,Bi-Weekly,24.9,2023-12-31,payroll,2247551.2800000003
2139,GlobalTech,97192,GBP,Bi-Weekly,7.5,2023-08-17,payroll,3209279.84
14188,GlobalTech,65121,USD,Monthly,8.7,2023-08-10,payroll,781452.0
8394,GlobalTech,84730,GBP,Monthly,16.3,2024-09-25,payroll,1291285.2
6509,GlobalTech,167208,USD,Bi-Weekly,28.3,2023-07-12,payroll,4347408.0
9549,GlobalTech,81851,GBP,Annual,24.0,2023-10-19,payroll,103950.77
8838,GlobalTech,125867,EUR,Monthly,0.3,2023-02-23,payroll,1631236.32
14243,GlobalTech,84736,USD,Annual,3.9,2024-06-12,payroll,84736.0
8426,GlobalTech,54712,EUR,Monthly,26.4,2024-11-24,payroll,709067.52
12074,GlobalTech,68060,GBP,Monthly,18.4,2023-05-19,payroll,1037234.4
6114,GlobalTech,133832,USD,Monthly,28.7,2023-12-27,payroll,1605984.0
14015,GlobalTech,76395,EUR,Bi-Weekly,19.6,2024-05-07,payroll,2145171.6
14921,GlobalTech,134938,USD,Annual,24.0,2023-12-03,payroll,134938.0
12564,GlobalTech,120243,EUR,Monthly,26.1,2024-04-29,payroll,1558349.28
8922,GlobalTech,95480,EUR,Bi-Weekly,17.7,2023-03-31,payroll,2681078.4000000004
13626,GlobalTech,94637,EUR,Bi-Weekly,9.1,2024-04-30,payroll,2657406.96
5116,GlobalTech,"€94,373",EUR,Bi-Weekly,8.5,2023-01-26,payroll,2649993.8400000003
6284,GlobalTech,116267,GBP,Annual,27.2,2023-05-11,payroll,147659.09
12567,GlobalTech,"$113,178",USD,Annual,24.0,2023-01-17,payroll,113178.0
6504,GlobalTech,50857,USD,Monthly,17.5,2023-03-07,payroll,610284.0
10230,GlobalTech,138679,USD,Annual,13.3,2024-03-30,payroll,138679.0
8974,GlobalTech,72615,USD,Monthly,9.5,2023-07-08,payroll,871380.0
13528,GlobalTech,99635,EUR,Monthly,15.6,2023-08-08,payroll,1291269.6
8056,GlobalTech,56843,GBP,Bi-Weekly,6.2,2023-05-29,payroll,1876955.86
14082,GlobalTech,185833,GBP,Monthly,23.0,2023-10-09,payroll,2832094.92
2438,GlobalTech,124068,USD,Monthly,13.4,2023-12-15,payroll,1488816.0
4589,GlobalTech,71924,USD,Monthly,16.6,2024-02-15,payroll,863088.0
11726,GlobalTech,95572,GBP,Annual,24.4,2024-01-19,payroll,121376.44
7848,GlobalTech,79178,USD,Monthly,20.0,2023-12-18,payroll,950136.0
4938,GlobalTech,74972,GBP,Bi-Weekly,15.7,2023-03-15,payroll,2475575.44
8097,GlobalTech,71442,GBP,Annual,0.4,2023-05-13,payroll,90731.34
6326,GlobalTech,52614,GBP,Monthly,25.0,2024-02-19,payroll,801837.36
7946,GlobalTech,82184,USD,Monthly,24.9,2023-06-01,payroll,986208.0
10489,GlobalTech,47312,GBP,Monthly,7.0,2024-04-20,payroll,721034.88
10069,GlobalTech,148866,USD,Annual,8.7,2023-03-17,payroll,148866.0
13417,GlobalTech,123865,EUR,Annual,6.4,2024-10-12,payroll,133774.2
12636,GlobalTech,236401,USD,Bi-Weekly,11.0,2023-11-16,payroll,6146426.0
11051,GlobalTech,53995,USD,Bi-Weekly,27.5,2023-10-29,payroll,1403870.0
4721,GlobalTech,248119,USD,Monthly,8.9,2024-03-25,payroll,2977428.0
14895,GlobalTech,140105,USD,Monthly,23.3,2023-06-10,payroll,1681260.0
5793,GlobalTech,72173,GBP,Bi-Weekly,13.2,2023-01-13,payroll,2383152.46
11500,GlobalTech,91268,GBP,Bi-Weekly,2.6,2023-06-02,payroll,3013669.36
3810,GlobalTech,148809,EUR,Monthly,12.1,2024-12-09,payroll,1928564.6400000001
6882,GlobalTech,119623,EUR,Monthly,28.8,2024-12-05,payroll,1550314.08
10243,GlobalTech,119278,EUR,Annual,20.2,2024-12-15,payroll,128820.24
10482,GlobalTech,140951,USD,Monthly,6.5,2024-05-21,payroll,1691412.0
12484,GlobalTech,62525,GBP,Bi-Weekly,11.8,2024-09-30,payroll,2064575.5
7780,GlobalTech,84065,EUR,Monthly,6.3,2023-02-07,payroll,1089482.4000000001
6080,GlobalTech,84688,GBP,Bi-Weekly,29.4,2024-10-06,payroll,2796397.7600000002
14445,GlobalTech,48815,EUR,Annual,18.6,2024-05-02,payroll,52720.200000000004
4016,GlobalTech,112275,GBP,Annual,0.9,2023-12-13,payroll,142589.25
10271,GlobalTech,107677,EUR,Bi-Weekly,11.1,2023-10-01,payroll,3023570.16
11502,GlobalTech,97906,GBP,Annual,11.0,2024-05-30,payroll,124340.62
4070,GlobalTech,47713,GBP,Annual,4.2,2024-06-25,payroll,60595.51
5541,GlobalTech,46150,EUR,Annual,11.4,2024-06-26,payroll,49842.0
9990,GlobalTech,117647,GBP,Monthly,11.1,2023-04-07,payroll,1792940.28
5394,GlobalTech,56844,GBP,Monthly,12.4,2024-04-14,payroll,866302.56
14477,GlobalTech,"€101,577",EUR,Bi-Weekly,15.0,2023-08-16,payroll,2852282.16
5600,GlobalTech,111036,USD,Annual,20.4,2023-04-25,payroll,111036.0
5361,GlobalTech,107766,EUR,Monthly,16.0,2023-06-23,payroll,1396647.36
14258,GlobalTech,117630,GBP,Bi-Weekly,17.2,2024-07-11,payroll,3884142.6
12763,GlobalTech,"£109,309",GBP,Annual,15.3,2024-05-21,payroll,138822.43
6822,GlobalTech,56840,EUR,Bi-Weekly,1.2,2024-07-05,payroll,1596067.2000000002
10614,GlobalTech,73303,GBP,Monthly,17.1,2024-10-25,payroll,1117137.72
7578,GlobalTech,43120,GBP,Annual,19.4,2024-03-07,payroll,54762.4
12380,GlobalTech,50654,EUR,Monthly,16.3,2023-10-07,payroll,656475.8400000001
14416,GlobalTech,114974,EUR,Annual,21.3,2023-06-06,payroll,124171.92000000001
8403,GlobalTech,98642,GBP,Monthly,18.9,2024-02-01,payroll,1503304.08
8698,GlobalTech,106274,EUR,Annual,5.8,2024-03-20,payroll,114775.92000000001
6559,GlobalTech,120391,USD,Monthly,14.0,2023-02-12,payroll,1444692.0
13802,GlobalTech,118024,USD,Annual,11.0,2024-05-20,payroll,118024.0
10525,GlobalTech,41684,GBP,Annual,19.9,2023-12-30,payroll,52938.68
3882,GlobalTech,41103,GBP,Annual,13.4,2024-04-11,payroll,52200.81
12727,GlobalTech,105311,GBP,Annual,20.8,2023-01-28,payroll,133744.97
7722,GlobalTech,109859,GBP,Bi-Weekly,11.4,2023-05-28,payroll,3627544.18
12895,GlobalTech,163272,USD,Monthly,11.8,2023-01-06,payroll,1959264.0
8989,GlobalTech,"€54,222",EUR,Annual,20.7,2023-01-17,payroll,58559.76
10080,GlobalTech,88419,USD,Annual,24.1,2023-11-20,payroll,88419.0
3891,GlobalTech,80324,USD,Annual,17.7,2023-02-19,payroll,80324.0
7709,GlobalTech,104888,GBP,Annual,21.1,2023-02-17,payroll,133207.76
10257,GlobalTech,84356,USD,Annual,29.9,2023-07-22,payroll,84356.0
9399,GlobalTech,130431,USD,Annual,29.8,2024-04-28,payroll,130431.0
9586,GlobalTech,81288,EUR,Bi-Weekly,29.6,2024-06-29,payroll,2282567.04
11544,GlobalTech,63529,GBP,Monthly,6.6,2024-09-30,payroll,968181.96
14217,GlobalTech,104832,GBP,Bi-Weekly,22.3,2024-08-31,payroll,3461552.64
3883,GlobalTech,110746,GBP,Monthly,6.2,2023-10-28,payroll,1687769.04
4431,GlobalTech,89891,USD,Monthly,17.7,2023-03-29,payroll,1078692.0
11523,GlobalTech,77628,GBP,Annual,28.9,2024-09-11,payroll,98587.56
3220,GlobalTech,124028,USD,Monthly,7.1,2023-06-21,payroll,1488336.0
4653,GlobalTech,93558,USD,Monthly,29.1,2024-05-28,payroll,1122696.0
12578,GlobalTech,89656,USD,Bi-Weekly,21.6,2024-01-31,payroll,2331056.0
10637,GlobalTech,"$123,578",USD,Bi-Weekly,8.8,2024-02-21,payroll,3213028.0
7924,GlobalTech,40181,GBP,Annual,20.5,2023-07-13,payroll,51029.87
5763,GlobalTech,168852,USD,Bi-Weekly,20.9,2024-02-11,payroll,4390152.0
11101,GlobalTech,58269,GBP,Monthly,9.7,2023-09-10,payroll,888019.56
6848,GlobalTech,"£116,124",GBP,Bi-Weekly,7.1,2024-08-08,payroll,3834414.48
5183,GlobalTech,148821,USD,Bi-Weekly,12.0,2024-02-28,payroll,3869346.0
8819,GlobalTech,143620,USD,Monthly,9.8,2024-09-06,payroll,1723440.0
4235,GlobalTech,84032,GBP,Bi-Weekly,5.9,2023-09-11,payroll,2774736.64
5813,GlobalTech,"€52,001",EUR,Annual,12.5,2024-12-31,payroll,56161.08
14130,GlobalTech,124883,EUR,Monthly,24.6,2023-09-26,payroll,1618483.6800000002
3180,GlobalTech,95400,GBP,Annual,9.9,2023-05-16,payroll,121158.0
12497,GlobalTech,145299,EUR,Bi-Weekly,19.5,2024-03-16,payroll,4079995.9200000004
9167,GlobalTech,100535,USD,Annual,26.7,2024-01-23,payroll,100535.0
1017,GlobalTech,54264,GBP,Annual,1.1,2023-01-01,payroll,68915.28
10535,GlobalTech,123922,EUR,Annual,27.8,2024-02-23,payroll,133835.76
4655,GlobalTech,130150,USD,Monthly,25.2,2024-01-11,payroll,1561800.0
9999,GlobalTech,65856,GBP,Monthly,5.0,2023-04-03,payroll,1003645.4400000001
13039,GlobalTech,118426,EUR,Monthly,8.8,2024-12-31,payroll,1534800.9600000002
14105,GlobalTech,49391,EUR,Bi-Weekly,9.2,2023-07-06,payroll,1386899.28
12970,GlobalTech,129561,EUR,Annual,29.1,2023-09-20,payroll,139925.88
10388,GlobalTech,131418,USD,Bi-Weekly,24.8,2023-05-15,payroll,3416868.0
9545,GlobalTech,73213,USD,Bi-Weekly,22.4,2023-09-27,payroll,1903538.0
9630,GlobalTech,106856,USD,Bi-Weekly,5.9,2024-06-02,payroll,2778256.0
13067,GlobalTech,81127,GBP,Bi-Weekly,6.9,2024-07-09,payroll,2678813.54
13877,GlobalTech,126744,USD,Monthly,21.3,2024-05-29,payroll,1520928.0
11700,GlobalTech,76267,GBP,Annual,22.6,2024-08-01,payroll,96859.09
14849,GlobalTech,47024,GBP,Annual,28.9,2024-04-04,payroll,59720.48
596,GlobalTech,45681,GBP,Annual,10.9,2024-02-22,payroll,58014.87
4695,GlobalTech,69612,USD,Bi-Weekly,0.8,2023-01-03,payroll,1809912.0
9491,GlobalTech,110764,GBP,Monthly,13.0,2024-09-11,payroll,1688043.36
13428,GlobalTech,98446,USD,Bi-Weekly,1.3,2024-04-24,payroll,2559596.0
11634,GlobalTech,104960,EUR,Monthly,22.7,2024-12-07,payroll,1360281.6
11193,GlobalTech,84275,USD,Annual,4.9,2024-04-02,payroll,84275.0
12606,GlobalTech,96485,EUR,Annual,0.3,2024-04-05,payroll,104203.8
7196,GlobalTech,134561,EUR,Monthly,24.7,2023-03-08,payroll,1743910.56
8855,GlobalTech,"£105,184",GBP,Bi-Weekly,6.3,2023-07-18,payroll,3473175.68
13448,GlobalTech,86384,GBP,Bi-Weekly,15.0,2023-01-28,payroll,2852399.68
8993,GlobalTech,66283,EUR,Bi-Weekly,12.0,2024-03-12,payroll,1861226.6400000001
13841,GlobalTech,70421,GBP,Bi-Weekly,8.5,2023-01-12,payroll,2325301.42
2939,GlobalTech,64563,GBP,Monthly,7.6,2023-04-30,payroll,983940.12
13474,GlobalTech,124880,EUR,Monthly,25.0,2024-12-06,payroll,1618444.8
13301,GlobalTech,56963,USD,Annual,13.7,2024-12-20,payroll,56963.0
12499,GlobalTech,114676,GBP,Bi-Weekly,29.8,2023-03-28,payroll,3786601.52
6146,GlobalTech,95030,USD,Bi-Weekly,16.5,2023-12-11,payroll,2470780.0
6224,GlobalTech,69519,USD,Bi-Weekly,23.3,2023-04-20,payroll,1807494.0
5046,GlobalTech,66898,USD,Bi-Weekly,4.9,2024-04-19,payroll,1739348.0
12239,GlobalTech,113253,GBP,Annual,5.2,2024-10-11,payroll,143831.31
8759,GlobalTech,100710,EUR,Bi-Weekly,5.9,2024-09-24,payroll,2827936.8000000003
14554,GlobalTech,121717,USD,Bi-Weekly,1.1,2024-03-05,payroll,3164642.0
8274,GlobalTech,52404,GBP,Monthly,29.7,2024-10-05,payroll,798636.96
6148,GlobalTech,100024,USD,Annual,16.4,2023-04-24,payroll,100024.0
5137,GlobalTech,105723,EUR,Monthly,16.7,2024-02-18,payroll,1370170.08
14291,GlobalTech,68913,EUR,Monthly,15.4,2023-09-30,payroll,893112.4800000001
14420,GlobalTech,53890,USD,Monthly,14.9,2024-02-28,payroll,646680.0
4446,GlobalTech,105258,USD,Annual,26.8,2024-09-28,payroll,105258.0
1202,GlobalTech,72497,EUR,Annual,24.5,2023-11-18,payroll,78296.76000000001
14056,GlobalTech,117815,USD,Monthly,20.4,2024-01-09,payroll,1413780.0
1097,GlobalTech,116983,GBP,Bi-Weekly,13.3,2023-12-21,payroll,3862778.66
2765,GlobalTech,103353,EUR,Bi-Weekly,14.0,2024-11-28,payroll,2902152.24
7957,GlobalTech,109894,EUR,Annual,21.6,2023-03-08,payroll,118685.52
11014,GlobalTech,140368,USD,Monthly,24.2,2024-08-02,payroll,1684416.0
4850,GlobalTech,67600,GBP,Monthly,7.2,2024-08-02,payroll,1030224.0
1629,GlobalTech,80580,EUR,Bi-Weekly,4.4,2023-02-27,payroll,2262686.4000000004
5265,GlobalTech,148252,USD,Annual,25.2,2023-02-07,payroll,148252.0
7359,GlobalTech,65199,EUR,Monthly,3.7,2023-02-16,payroll,844979.04
8608,GlobalTech,100500,GBP,Monthly,18.6,2023-12-31,payroll,1531620.0
12868,GlobalTech,96164,USD,Annual,4.2,2024-12-10,payroll,96164.0
2555,GlobalTech,77234,EUR,Annual,9.8,2024-05-03,payroll,83412.72
12701,GlobalTech,117751,GBP,Monthly,13.6,2024-11-16,payroll,1794525.24
13857,GlobalTech,58806,USD,Bi-Weekly,5.7,2024-02-19,payroll,1528956.0
8579,GlobalTech,95197,EUR,Bi-Weekly,3.0,2023-12-18,payroll,2673131.7600000002
1444,GlobalTech,76637,EUR,Annual,12.9,2023-01-07,payroll,82767.96
348,GlobalTech,56574,USD,Monthly,21.9,2024-05-23,payroll,678888.0
7120,GlobalTech,102065,EUR,Bi-Weekly,17.7,2023-05-30,payroll,2865985.2
14290,GlobalTech,90923,GBP,Bi-Weekly,2.4,2023-08-08,payroll,3002277.46
9023,GlobalTech,64277,GBP,Annual,24.0,2024-07-24,payroll,81631.79000000001
14114,GlobalTech,81416,GBP,Bi-Weekly,3.2,2023-11-09,payroll,2688356.32
12490,GlobalTech,"$74,402",USD,Monthly,28.8,2024-06-25,payroll,892824.0
8641,GlobalTech,"$137,954",USD,Annual,10.1,2024-07-07,payroll,137954.0
6092,GlobalTech,241992,USD,Bi-Weekly,4.0,2023-11-08,payroll,6291792.0
2642,GlobalTech,97680,EUR,Monthly,3.6,2024-02-29,payroll,1265932.8
6975,GlobalTech,99273,EUR,Bi-Weekly,23.5,2024-11-07,payroll,2787585.8400000003
11495,GlobalTech,122792,EUR,Annual,17.0,2024-11-06,payroll,132615.36000000002
12057,GlobalTech,68937,GBP,Bi-Weekly,4.9,2024-09-02,payroll,2276299.74
13880,GlobalTech,135096,USD,Monthly,15.1,2023-08-30,payroll,1621152.0
11203,GlobalTech,56890,EUR,Bi-Weekly,2.6,2023-11-06,payroll,1597471.2000000002
5522,GlobalTech,153152,EUR,Monthly,4.5,2023-05-18,payroll,1984849.9200000002
7328,GlobalTech,105531,GBP,Annual,25.4,2023-12-29,payroll,134024.37
11222,GlobalTech,114347,USD,Annual,5.6,2024-06-04,payroll,114347.0
6679,GlobalTech,85728,USD,Annual,0.2,2024-10-20,payroll,85728.0
7853,GlobalTech,87707,USD,Bi-Weekly,16.6,2024-03-01,payroll,2280382.0
11611,GlobalTech,54253,EUR,Annual,27.4,2024-11-28,payroll,58593.240000000005
11694,GlobalTech,98584,EUR,Monthly,8.2,2024-07-05,payroll,1277648.6400000001
9801,GlobalTech,71340,GBP,Monthly,9.4,2023-08-22,payroll,1087221.6
4621,GlobalTech,142879,GBP,Bi-Weekly,21.9,2023-05-17,payroll,4717864.58
6460,GlobalTech,77360,EUR,Annual,28.9,2024-05-26,payroll,83548.8
4264,GlobalTech,52796,GBP,Annual,23.8,2023-12-30,payroll,67050.92
11682,GlobalTech,72029,GBP,Annual,24.8,2023-12-21,payroll,91476.83
3097,GlobalTech,108460,GBP,Annual,3.8,2024-06-28,payroll,137744.2
5416,GlobalTech,111411,USD,Monthly,18.4,2024-06-13,payroll,1336932.0
14648,GlobalTech,105537,GBP,Annual,11.7,2023-10-20,payroll,134031.99
9377,GlobalTech,57936,USD,Bi-Weekly,19.3,2023-07-05,payroll,1506336.0
9841,GlobalTech,102344,GBP,Monthly,16.5,2024-08-18,payroll,1559722.56
10583,GlobalTech,137755,GBP,Annual,5.1,2024-10-11,payroll,174948.85
10475,GlobalTech,68717,USD,Monthly,11.2,2023-04-25,payroll,824604.0
9409,GlobalTech,48294,EUR,Annual,25.4,2023-06-12,payroll,52157.520000000004
7725,GlobalTech,69083,EUR,Annual,10.8,2023-07-06,payroll,74609.64
5835,GlobalTech,75211,USD,Monthly,1.2,2023-01-11,payroll,902532.0
7667,GlobalTech,157652,GBP,Monthly,4.4,2024-01-14,payroll,2402616.48
10414,GlobalTech,137092,EUR,Monthly,3.1,2023-03-12,payroll,1776712.32
2782,GlobalTech,95556,EUR,Bi-Weekly,22.9,2024-04-26,payroll,2683212.48
1596,GlobalTech,174640,GBP,Bi-Weekly,15.9,2024-09-21,payroll,5766612.8
5477,GlobalTech,126892,EUR,Annual,2.3,2023-02-28,payroll,137043.36000000002
10010,GlobalTech,135633,USD,Bi-Weekly,6.3,2023-12-10,payroll,3526458.0
13964,GlobalTech,97442,GBP,Bi-Weekly,26.3,2024-03-09,payroll,3217534.84
6410,GlobalTech,"€170,005",EUR,Monthly,24.7,2023-06-23,payroll,2203264.8000000003
9109,GlobalTech,102459,GBP,Annual,16.9,2024-07-24,payroll,130122.93000000001
13986,GlobalTech,60120,USD,Monthly,2.5,2023-03-03,payroll,721440.0
9957,GlobalTech,71248,USD,Bi-Weekly,9.8,2023-12-10,payroll,1852448.0
14386,GlobalTech,163076,USD,Annual,22.6,2024-02-07,payroll,163076.0
10802,GlobalTech,111385,GBP,Monthly,14.2,2024-02-24,payroll,1697507.4000000001
6297,GlobalTech,55833,GBP,Annual,20.9,2023-11-24,payroll,70907.91
13381,GlobalTech,75026,EUR,Annual,8.6,2024-12-24,payroll,81028.08
12596,GlobalTech,51505,EUR,Annual,0.6,2024-03-03,payroll,55625.4
10353,GlobalTech,108736,USD,Bi-Weekly,17.9,2023-08-27,payroll,2827136.0
13634,GlobalTech,109929,GBP,Monthly,14.2,2024-07-13,payroll,1675317.96
13907,GlobalTech,98319,EUR,Annual,1.4,2023-08-17,payroll,106184.52
11826,GlobalTech,42125,GBP,Monthly,12.0,2024-06-17,payroll,641985.0
13754,GlobalTech,86324,GBP,Monthly,1.3,2024-12-28,payroll,1315577.76
13277,GlobalTech,"$143,975",USD,Monthly,24.0,2023-06-07,payroll,1727700.0
13635,GlobalTech,183448,EUR,Bi-Weekly,14.0,2024-01-05,payroll,5151219.840000001
13744,GlobalTech,100544,USD,Bi-Weekly,21.8,2024-08-06,payroll,2614144.0
7489,GlobalTech,65594,EUR,Annual,2.5,2023-04-23,payroll,70841.52
4671,GlobalTech,64894,GBP,Bi-Weekly,11.0,2024-05-25,payroll,2142799.88
8769,GlobalTech,87563,EUR,Bi-Weekly,7.5,2024-01-04,payroll,2458769.04
5936,GlobalTech,"$159,004",USD,Bi-Weekly,16.2,2023-05-26,payroll,4134104.0
13940,GlobalTech,90033,USD,Annual,11.1,2024-03-08,payroll,90033.0
5201,GlobalTech,73057,USD,Monthly,22.7,2023-02-04,payroll,876684.0
12215,GlobalTech,45434,GBP,Annual,9.2,2024-02-18,payroll,57701.18
2526,GlobalTech,58551,USD,Annual,18.9,2024-08-12,payroll,58551.0
8438,GlobalTech,88380,EUR,Bi-Weekly,13.3,2023-06-19,payroll,2481710.4000000004
14371,GlobalTech,90430,USD,Annual,25.9,2024-12-29,payroll,90430.0
9313,GlobalTech,112512,USD,Annual,20.1,2024-03-14,payroll,112512.0
10778,GlobalTech,110415,EUR,Monthly,15.0,2024-06-28,payroll,1430978.4000000001
12181,GlobalTech,78955,EUR,Monthly,12.0,2023-07-18,payroll,1023256.8
11093,GlobalTech,56319,GBP,Bi-Weekly,19.4,2024-09-09,payroll,1859653.3800000001
11506,GlobalTech,141477,USD,Annual,15.5,2023-02-07,payroll,141477.0
4273,GlobalTech,69236,EUR,Monthly,24.2,2023-02-13,payroll,897298.56
10706,GlobalTech,75379,USD,Monthly,28.1,2024-04-18,payroll,904548.0
7566,GlobalTech,114482,GBP,Bi-Weekly,16.4,2023-08-24,payroll,3780195.64
11962,GlobalTech,82628,USD,Bi-Weekly,17.7,2023-03-06,payroll,2148328.0
9946,GlobalTech,83381,USD,Annual,15.4,2024-08-16,payroll,83381.0
9197,GlobalTech,78069,EUR,Bi-Weekly,9.7,2023-07-18,payroll,2192177.52
13770,GlobalTech,88315,GBP,Annual,26.5,2024-12-24,payroll,112160.05
4030,GlobalTech,"£82,257",GBP,Bi-Weekly,6.6,2024-07-30,payroll,2716126.14
10883,GlobalTech,121554,EUR,Bi-Weekly,13.0,2023-06-02,payroll,3413236.3200000003
8717,GlobalTech,73822,USD,Monthly,9.5,2024-10-13,payroll,885864.0
9993,GlobalTech,65849,USD,Monthly,0.7,2024-11-08,payroll,790188.0
9463,GlobalTech,58107,EUR,Annual,4.1,2024-07-14,payroll,62755.560000000005
14796,GlobalTech,148179,EUR,Bi-Weekly,8.3,2023-08-03,payroll,4160866.3200000003
9390,GlobalTech,100452,EUR,Monthly,15.8,2023-08-28,payroll,1301857.9200000002
10896,GlobalTech,101271,USD,Monthly,17.5,2024-07-04,payroll,1215252.0
13479,GlobalTech,71258,GBP,Bi-Weekly,24.0,2023-07-20,payroll,2352939.16
6276,GlobalTech,62649,GBP,Bi-Weekly,10.9,2024-07-02,payroll,2068669.98
9553,GlobalTech,87333,EUR,Annual,0.9,2024-04-29,payroll,94319.64
2762,GlobalTech,134031,EUR,Monthly,1.1,2023-08-21,payroll,1737041.76
11082,GlobalTech,135664,GBP,Annual,28.3,2023-07-10,payroll,172293.28
13824,GlobalTech,106874,GBP,Bi-Weekly,8.9,2024-05-31,payroll,3528979.48
7393,GlobalTech,91446,USD,Monthly,16.9,2024-03-11,payroll,1097352.0
12306,GlobalTech,203894,EUR,Bi-Weekly,3.0,2023-01-09,payroll,5725343.5200000005
12571,GlobalTech,76911,EUR,Monthly,6.8,2024-01-17,payroll,996766.56
7304,GlobalTech,175616,EUR,Bi-Weekly,2.6,2024-09-29,payroll,4931297.28
8938,GlobalTech,128970,EUR,Monthly,8.0,2023-06-29,payroll,1671451.2000000002
13488,GlobalTech,176028,EUR,Bi-Weekly,11.9,2023-03-05,payroll,4942866.24
8926,GlobalTech,60616,USD,Annual,21.7,2024-12-28,payroll,60616.0
6082,GlobalTech,76784,USD,Annual,26.8,2024-09-24,payroll,76784.0
10517,GlobalTech,49921,EUR,Annual,0.9,2024-12-10,payroll,53914.68
9831,GlobalTech,140098,USD,Annual,26.2,2024-02-09,payroll,140098.0
14236,GlobalTech,126565,USD,Monthly,13.5,2023-02-22,payroll,1518780.0
14267,GlobalTech,133619,USD,Bi-Weekly,27.8,2023-07-16,payroll,3474094.0
14113,GlobalTech,80971,EUR,Bi-Weekly,12.6,2024-02-16,payroll,2273665.68
14580,GlobalTech,46345,EUR,Annual,7.9,2024-05-25,payroll,50052.600000000006
5141,GlobalTech,132113,GBP,Annual,0.0,2024-02-16,payroll,167783.51
6330,GlobalTech,181066,EUR,Monthly,23.2,2023-03-30,payroll,2346615.3600000003
5115,GlobalTech,172756,USD,Annual,15.3,2023-06-27,payroll,172756.0
11171,GlobalTech,140674,USD,Bi-Weekly,4.5,2023-04-21,payroll,3657524.0
8242,GlobalTech,125133,EUR,Annual,24.1,2024-01-30,payroll,135143.64
3710,GlobalTech,105336,GBP,Bi-Weekly,12.3,2023-06-10,payroll,3478194.72
6089,GlobalTech,107995,GBP,Bi-Weekly,16.4,2024-05-01,payroll,3565994.9
4120,GlobalTech,"£48,911",GBP,Annual,20.0,2024-07-06,payroll,62116.97
12366,GlobalTech,56757,USD,Monthly,5.5,2024-05-29,payroll,681084.0
7440,GlobalTech,60489,USD,Bi-Weekly,10.9,2023-10-31,payroll,1572714.0
8992,GlobalTech,97906,GBP,Monthly,15.2,2024-10-24,payroll,1492087.44
8781,GlobalTech,72707,GBP,Bi-Weekly,12.7,2023-11-30,payroll,2400785.14
5414,GlobalTech,85556,USD,Bi-Weekly,3.6,2024-03-18,payroll,2224456.0
11885,GlobalTech,157373,USD,Annual,10.6,2024-07-27,payroll,157373.0
2283,GlobalTech,42829,GBP,Annual,23.3,2023-01-13,payroll,54392.83
9139,GlobalTech,145991,GBP,Monthly,15.5,2024-10-11,payroll,2224902.84
3235,GlobalTech,116535,GBP,Monthly,1.2,2023-10-24,payroll,1775993.4000000001
3115,GlobalTech,62597,GBP,Annual,19.8,2023-10-06,payroll,79498.19
8260,GlobalTech,76979,USD,Monthly,29.2,2024-01-28,payroll,923748.0
3395,GlobalTech,115297,USD,Bi-Weekly,8.4,2024-10-19,payroll,2997722.0
599,GlobalTech,76831,GBP,Annual,17.3,2023-05-17,payroll,97575.37
4734,GlobalTech,61134,EUR,Bi-Weekly,15.5,2023-08-03,payroll,1716642.7200000002
14007,GlobalTech,58796,USD,Annual,6.5,2023-11-18,payroll,58796.0
7032,GlobalTech,81201,USD,Bi-Weekly,5.1,2023-07-16,payroll,2111226.0
7049,GlobalTech,92885,GBP,Annual,25.0,2023-07-21,payroll,117963.95
9120,GlobalTech,81712,EUR,Bi-Weekly,26.7,2023-01-01,payroll,2294472.96
7290,GlobalTech,169551,EUR,Annual,22.0,2023-07-07,payroll,183115.08000000002
8374,GlobalTech,60963,USD,Annual,10.9,2024-07-11,payroll,60963.0
12919,GlobalTech,136528,USD,Monthly,24.3,2024-02-29,payroll,1638336.0
11495,GlobalTech,54643,USD,Monthly,10.6,2023-01-10,payroll,655716.0
13345,GlobalTech,40768,GBP,Monthly,28.3,2023-09-29,payroll,621304.3200000001
7228,GlobalTech,95254,EUR,Bi-Weekly,10.6,2024-02-12,payroll,2674732.3200000003
6568,GlobalTech,76583,GBP,Annual,29.4,2024-05-31,payroll,97260.41
10703,GlobalTech,119754,USD,Bi-Weekly,13.0,2023-10-22,payroll,3113604.0
8013,GlobalTech,72240,GBP,Bi-Weekly,4.7,2024-04-12,payroll,2385364.8
7652,GlobalTech,75311,EUR,Annual,4.9,2024-01-09,payroll,81335.88
11523,GlobalTech,83481,USD,Bi-Weekly,6.6,2024-06-13,payroll,2170506.0
3323,GlobalTech,92607,GBP,Bi-Weekly,25.7,2023-07-29,payroll,3057883.14
9369,GlobalTech,82878,GBP,Annual,22.2,2023-05-09,payroll,105255.06
3049,GlobalTech,66477,USD,Bi-Weekly,20.4,2024-01-07,payroll,1728402.0
4174,GlobalTech,71609,USD,Monthly,15.4,2023-02-14,payroll,859308.0
8908,GlobalTech,80516,GBP,Bi-Weekly,29.5,2024-09-24,payroll,2658638.32
6442,GlobalTech,114268,EUR,Monthly,16.8,2024-09-19,payroll,1480913.28
9900,GlobalTech,91477,EUR,Bi-Weekly,10.7,2023-11-09,payroll,2568674.16
13452,GlobalTech,121582,EUR,Bi-Weekly,0.5,2023-09-09,payroll,3414022.56
9327,GlobalTech,87017,EUR,Annual,24.4,2023-10-31,payroll,93978.36
6944,GlobalTech,117158,EUR,Annual,18.2,2023-09-19,payroll,126530.64000000001
7586,GlobalTech,104292,GBP,Bi-Weekly,9.3,2023-12-05,payroll,3443721.84
8427,GlobalTech,66197,USD,Bi-Weekly,2.0,2024-08-26,payroll,1721122.0
9100,GlobalTech,113832,GBP,Monthly,21.1,2024-09-18,payroll,1734799.68
4754,GlobalTech,76721,EUR,Annual,5.6,2023-10-27,payroll,82858.68000000001
14116,GlobalTech,84170,GBP,Monthly,26.1,2024-02-22,payroll,1282750.8
13121,GlobalTech,83107,GBP,Monthly,25.6,2024-01-07,payroll,1266550.68
9703,GlobalTech,71132,GBP,Monthly,9.8,2024-04-12,payroll,1084051.68
11899,GlobalTech,115192,USD,Annual,16.4,2024-08-21,payroll,115192.0
10614,GlobalTech,87581,EUR,Annual,19.2,2024-01-19,payroll,94587.48000000001
12855,GlobalTech,71786,GBP,Annual,4.2,2024-12-29,payroll,91168.22
5936,GlobalTech,60384,EUR,Bi-Weekly,28.8,2023-12-23,payroll,1695582.7200000002
7625,GlobalTech,90162,USD,Monthly,17.7,2023-06-26,payroll,1081944.0
10778,GlobalTech,87138,USD,Bi-Weekly,13.9,2024-01-28,payroll,2265588.0
12144,GlobalTech,112441,GBP,Bi-Weekly,26.5,2024-02-10,payroll,3712801.82
2202,GlobalTech,50672,GBP,Bi-Weekly,12.6,2024-07-03,payroll,1673189.44
4179,GlobalTech,141721,USD,Annual,4.6,2023-01-01,payroll,141721.0
7506,GlobalTech,75136,USD,Monthly,13.8,2024-11-15,payroll,901632.0
9446,GlobalTech,131554,EUR,Monthly,29.9,2023-04-09,payroll,1704939.84
5678,GlobalTech,89077,EUR,Bi-Weekly,25.0,2023-06-27,payroll,2501282.16
5306,GlobalTech,124058,EUR,Monthly,12.0,2023-10-24,payroll,1607791.6800000002
14181,GlobalTech,141157,USD,Annual,23.7,2024-10-23,payroll,141157.0
13357,GlobalTech,111235,EUR,Annual,3.4,2024-02-01,payroll,120133.8
10409,GlobalTech,115452,GBP,Bi-Weekly,20.0,2023-01-16,payroll,3812225.04
14216,GlobalTech,66344,USD,Bi-Weekly,9.0,2024-06-05,payroll,1724944.0
9209,GlobalTech,87717,GBP,Annual,21.1,2024-10-06,payroll,111400.59
11726,GlobalTech,88944,USD,Bi-Weekly,7.8,2023-10-23,payroll,2312544.0
12070,GlobalTech,132196,GBP,Bi-Weekly,14.8,2023-06-17,payroll,4365111.92
1937,GlobalTech,66912,USD,Annual,25.0,2023-07-25,payroll,66912.0
8480,GlobalTech,120232,EUR,Bi-Weekly,28.2,2023-03-24,payroll,3376114.56
13528,GlobalTech,84705,EUR,Annual,8.6,2023-02-20,payroll,91481.40000000001
13408,GlobalTech,115042,USD,Annual,6.0,2024-06-21,payroll,115042.0
3789,GlobalTech,106114,USD,Annual,12.3,2024-12-14,payroll,106114.0
6674,GlobalTech,112112,USD,Bi-Weekly,26.4,2024-07-20,payroll,2914912.0
12092,GlobalTech,56539,USD,Monthly,28.8,2024-06-06,payroll,678468.0
14588,GlobalTech,67905,EUR,Bi-Weekly,24.6,2023-09-23,payroll,1906772.4000000001
7009,GlobalTech,42237,GBP,Monthly,17.9,2024-01-10,payroll,643691.88
7795,GlobalTech,93857,EUR,Monthly,12.0,2023-09-30,payroll,1216386.72
2362,GlobalTech,66626,EUR,Monthly,11.2,2024-11-30,payroll,863472.9600000001
13616,GlobalTech,47731,GBP,Annual,11.0,2023-01-16,payroll,60618.37
7371,GlobalTech,90601,USD,Bi-Weekly,15.3,2023-02-12,payroll,2355626.0
10237,GlobalTech,99810,USD,Monthly,7.0,2023-07-10,payroll,1197720.0
8756,GlobalTech,74321,USD,Monthly,3.3,2024-04-24,payroll,891852.0
4197,GlobalTech,124833,USD,Monthly,29.0,2024-03-05,payroll,1497996.0
9882,GlobalTech,85433,USD,Bi-Weekly,1.9,2023-04-30,payroll,2221258.0
5903,GlobalTech,57177,USD,Bi-Weekly,14.4,2024-11-28,payroll,1486602.0
12751,GlobalTech,92028,GBP,Annual,18.0,2024-03-18,payroll,116875.56
8634,GlobalTech,60064,EUR,Bi-Weekly,8.9,2024-03-09,payroll,1686597.12
8905,GlobalTech,92573,GBP,Bi-Weekly,28.3,2024-05-24,payroll,3056760.46
11987,GlobalTech,115297,EUR,Bi-Weekly,25.5,2023-06-12,payroll,3237539.7600000002
2265,GlobalTech,218562,USD,Monthly,19.9,2023-07-26,payroll,2622744.0
6370,GlobalTech,126211,USD,Monthly,17.4,2024-03-27,payroll,1514532.0
8333,GlobalTech,141101,EUR,Annual,23.0,2024-04-09,payroll,152389.08000000002
12634,GlobalTech,83839,GBP,Bi-Weekly,19.6,2023-08-29,payroll,2768363.7800000003
9272,GlobalTech,63213,USD,Monthly,28.6,2023-07-12,payroll,758556.0
14284,GlobalTech,119732,GBP,Bi-Weekly,11.9,2024-01-11,payroll,3953550.64
11579,GlobalTech,214864,USD,Monthly,1.7,2024-06-01,payroll,2578368.0
13669,GlobalTech,99205,USD,Annual,26.3,2023-03-07,payroll,99205.0
2381,GlobalTech,100452,GBP,Bi-Weekly,24.6,2023-12-21,payroll,3316925.04
11987,GlobalTech,83541,EUR,Annual,19.2,2023-08-07,payroll,90224.28
7473,GlobalTech,87290,USD,Bi-Weekly,10.2,2023-12-11,payroll,2269540.0
11963,GlobalTech,107259,EUR,Annual,0.8,2023-03-07,payroll,115839.72
13492,GlobalTech,97649,EUR,Bi-Weekly,5.2,2024-01-10,payroll,2741983.9200000004
13420,GlobalTech,80475,USD,Annual,29.0,2024-07-30,payroll,80475.0
6683,GlobalTech,53340,GBP,Monthly,6.5,2023-06-04,payroll,812901.6
6702,GlobalTech,93348,GBP,Bi-Weekly,0.6,2024-01-04,payroll,3082350.96
8578,GlobalTech,76584,GBP,Bi-Weekly,8.4,2023-06-18,payroll,2528803.68
9637,GlobalTech,"£109,718",GBP,Annual,24.6,2024-11-27,payroll,139341.86000000002
1533,GlobalTech,139015,USD,Bi-Weekly,27.5,2023-09-15,payroll,3614390.0
7668,GlobalTech,75772,EUR,Bi-Weekly,27.1,2024-06-08,payroll,2127677.7600000002
4548,GlobalTech,145808,USD,Bi-Weekly,19.0,2024-05-17,payroll,3791008.0
9477,GlobalTech,95275,EUR,Monthly,19.8,2023-08-25,payroll,1234764.0
13009,GlobalTech,63051,GBP,Monthly,11.1,2023-07-03,payroll,960897.24
9362,GlobalTech,116087,USD,Annual,27.8,2024-07-18,payroll,116087.0
3656,GlobalTech,117687,EUR,Bi-Weekly,8.0,2023-10-19,payroll,3304650.9600000004
12278,GlobalTech,140857,USD,Bi-Weekly,14.7,2023-05-28,payroll,3662282.0
10959,GlobalTech,203908,EUR,Bi-Weekly,28.8,2023-06-04,payroll,5725736.640000001
13713,GlobalTech,"$100,834",USD,Bi-Weekly,26.2,2023-06-06,payroll,2621684.0
2924,GlobalTech,103312,GBP,Bi-Weekly,20.9,2024-07-07,payroll,3411362.24
8163,GlobalTech,119197,EUR,Monthly,17.8,2023-06-16,payroll,1544793.12
13870,GlobalTech,"£119,156",GBP,Annual,19.7,2024-01-23,payroll,151328.12
4556,GlobalTech,144864,USD,Annual,1.2,2024-07-10,payroll,144864.0
7701,GlobalTech,92559,EUR,Monthly,17.2,2023-05-02,payroll,1199564.6400000001
14368,GlobalTech,100096,GBP,Annual,5.5,2024-06-24,payroll,127121.92
5221,GlobalTech,170063,USD,Bi-Weekly,23.0,2023-04-20,payroll,4421638.0
9135,GlobalTech,77701,USD,Bi-Weekly,9.0,2024-11-18,payroll,2020226.0
8427,GlobalTech,59144,EUR,Bi-Weekly,13.6,2023-01-20,payroll,1660763.52
7709,GlobalTech,109904,USD,Monthly,1.3,2023-07-09,payroll,1318848.0
12190,GlobalTech,45771,GBP,Monthly,8.4,2024-09-20,payroll,697550.04
8215,GlobalTech,94153,EUR,Bi-Weekly,5.5,2024-10-27,payroll,2643816.24
11834,GlobalTech,60972,USD,Annual,12.7,2023-01-23,payroll,60972.0
2515,GlobalTech,149464,EUR,Bi-Weekly,10.5,2024-01-12,payroll,4196949.12
7069,GlobalTech,145588,USD,Annual,22.3,2023-05-10,payroll,145588.0
8870,GlobalTech,101041,EUR,Annual,14.5,2024-02-24,payroll,109124.28000000001
14010,GlobalTech,118898,EUR,Bi-Weekly,14.8,2023-09-15,payroll,3338655.8400000003
12253,GlobalTech,105507,GBP,Bi-Weekly,29.3,2023-10-28,payroll,3483841.14
7515,GlobalTech,55441,EUR,Annual,24.0,2023-02-22,payroll,59876.280000000006
11903,GlobalTech,94545,EUR,Annual,7.6,2023-03-11,payroll,102108.6
7781,GlobalTech,115931,USD,Monthly,15.0,2024-11-26,payroll,1391172.0
13317,GlobalTech,"$114,676",USD,Bi-Weekly,13.6,2024-11-21,payroll,2981576.0
4717,GlobalTech,51999,USD,Monthly,27.9,2023-01-14,payroll,623988.0
1424,GlobalTech,"$57,930",USD,Annual,4.9,2024-03-19,payroll,57930.0
14496,GlobalTech,122125,EUR,Bi-Weekly,9.9,2023-06-19,payroll,3429270.0
6709,GlobalTech,146054,USD,Annual,10.7,2024-02-07,payroll,146054.0
12174,GlobalTech,133480,USD,Annual,18.4,2024-01-01,payroll,133480.0
9888,GlobalTech,108036,GBP,Bi-Weekly,6.4,2024-03-21,payroll,3567348.72
12929,GlobalTech,117117,USD,Annual,1.3,2024-09-20,payroll,117117.0
14543,GlobalTech,42784,GBP,Monthly,10.8,2023-08-05,payroll,652028.16
9399,GlobalTech,103336,EUR,Bi-Weekly,15.7,2024-09-30,payroll,2901674.8800000004
9122,GlobalTech,103761,USD,Annual,17.2,2024-01-11,payroll,103761.0
7721,GlobalTech,128678,USD,Monthly,7.6,2023-10-24,payroll,1544136.0
565,GlobalTech,91106,USD,Annual,5.9,2023-02-23,payroll,91106.0
5265,GlobalTech,171315,USD,Annual,19.6,2024-01-27,payroll,171315.0
9228,GlobalTech,86422,EUR,Annual,6.4,2023-10-18,payroll,93335.76000000001
12409,GlobalTech,59068,GBP,Annual,2.1,2024-12-12,payroll,75016.36
12425,GlobalTech,123342,USD,Monthly,3.3,2024-01-10,payroll,1480104.0
5494,GlobalTech,90595,GBP,Bi-Weekly,7.7,2023-03-09,payroll,2991446.9
12902,GlobalTech,147244,USD,Annual,10.0,2023-11-15,payroll,147244.0
5731,GlobalTech,85345,GBP,Bi-Weekly,10.4,2024-04-05,payroll,2818091.9
13041,GlobalTech,118863,USD,Monthly,11.1,2023-03-03,payroll,1426356.0
14722,GlobalTech,131331,EUR,Bi-Weekly,7.9,2023-01-10,payroll,3687774.4800000004
6772,GlobalTech,141542,GBP,Bi-Weekly,2.4,2023-01-16,payroll,4673716.84
12430,GlobalTech,111941,GBP,Bi-Weekly,3.6,2023-02-07,payroll,3696291.82
1578,GlobalTech,48724,EUR,Bi-Weekly,4.3,2024-04-22,payroll,1368169.9200000002
12236,GlobalTech,141965,USD,Annual,24.2,2023-09-19,payroll,141965.0
1070,GlobalTech,100794,GBP,Bi-Weekly,9.0,2023-05-13,payroll,3328217.88
3394,GlobalTech,91204,GBP,Bi-Weekly,15.7,2024-02-01,payroll,3011556.08
12238,GlobalTech,76978,USD,Annual,22.2,2024-09-07,payroll,76978.0
4110,GlobalTech,72829,GBP,Annual,14.4,2024-11-25,payroll,92492.83
11944,GlobalTech,46007,EUR,Bi-Weekly,14.5,2024-08-08,payroll,1291876.56
9070,GlobalTech,88070,EUR,Annual,12.2,2023-10-21,payroll,95115.6
9720,GlobalTech,124030,EUR,Bi-Weekly,11.9,2023-01-14,payroll,3482762.4000000004
8863,GlobalTech,80344,GBP,Annual,19.3,2023-08-16,payroll,102036.88
14258,GlobalTech,104459,EUR,Bi-Weekly,3.1,2024-09-12,payroll,2933208.72
6248,GlobalTech,62016,GBP,Annual,28.5,2023-02-26,payroll,78760.32
8666,GlobalTech,82206,EUR,Annual,3.4,2023-11-26,payroll,88782.48000000001
9915,GlobalTech,60534,USD,Bi-Weekly,11.9,2024-03-30,payroll,1573884.0
9989,GlobalTech,97507,GBP,Bi-Weekly,28.4,2023-03-13,payroll,3219681.14
6686,GlobalTech,107406,USD,Annual,29.8,2023-04-21,payroll,107406.0
13026,GlobalTech,55457,USD,Annual,29.0,2023-08-04,payroll,55457.0
13675,GlobalTech,61652,EUR,Bi-Weekly,16.1,2023-09-25,payroll,1731188.1600000001
13070,GlobalTech,106652,USD,Monthly,12.0,2024-08-13,payroll,1279824.0
11502,GlobalTech,89626,GBP,Annual,11.3,2024-03-03,payroll,113825.02
14862,GlobalTech,103793,USD,Monthly,14.2,2024-05-30,payroll,1245516.0
6725,GlobalTech,78361,USD,Bi-Weekly,9.4,2024-09-11,payroll,2037386.0
7578,GlobalTech,147865,USD,Bi-Weekly,16.6,2023-05-07,payroll,3844490.0
8472,GlobalTech,66637,USD,Annual,7.0,2023-09-09,payroll,66637.0
5477,GlobalTech,57992,GBP,Annual,7.2,2024-01-29,payroll,73649.84
14220,GlobalTech,128391,USD,Bi-Weekly,23.5,2024-03-07,payroll,3338166.0
11286,GlobalTech,113696,USD,Annual,12.4,2023-11-18,payroll,113696.0
2663,GlobalTech,88717,USD,Monthly,28.3,2024-05-16,payroll,1064604.0
3749,GlobalTech,"€137,271",EUR,Annual,12.9,2023-04-30,payroll,148252.68000000002
10499,GlobalTech,64721,EUR,Annual,7.8,2023-09-02,payroll,69898.68000000001
5994,GlobalTech,47927,GBP,Bi-Weekly,11.6,2023-11-14,payroll,1582549.54
7206,GlobalTech,66061,GBP,Annual,26.0,2024-12-05,payroll,83897.47
6417,GlobalTech,49480,GBP,Bi-Weekly,6.4,2024-01-29,payroll,1633829.6
13911,GlobalTech,100860,GBP,Monthly,26.0,2023-08-31,payroll,1537106.4
5502,GlobalTech,63761,EUR,Monthly,27.3,2024-12-25,payroll,826342.56
9805,GlobalTech,86375,GBP,Annual,15.7,2023-05-06,payroll,109696.25
6650,GlobalTech,110073,USD,Bi-Weekly,18.1,2024-01-16,payroll,2861898.0
13811,GlobalTech,134154,EUR,Monthly,8.6,2023-01-21,payroll,1738635.84
6625,GlobalTech,70153,EUR,Annual,11.4,2024-05-27,payroll,75765.24
9118,GlobalTech,69600,GBP,Monthly,0.2,2023-11-12,payroll,1060704.0
10447,GlobalTech,91994,EUR,Annual,13.2,2023-05-19,payroll,99353.52
9871,GlobalTech,"$60,757",USD,Monthly,12.8,2023-12-03,payroll,729084.0
13139,GlobalTech,79925,EUR,Monthly,23.4,2023-01-14,payroll,1035828.0000000001
8757,GlobalTech,132694,USD,Monthly,27.8,2024-02-16,payroll,1592328.0
12550,GlobalTech,57887,EUR,Annual,12.5,2024-06-01,payroll,62517.96000000001
9039,GlobalTech,"$78,127",USD,Annual,27.1,2023-04-12,payroll,78127.0
9155,GlobalTech,98442,EUR,Monthly,9.3,2024-03-27,payroll,1275808.32
11679,GlobalTech,114201,EUR,Annual,22.8,2024-11-10,payroll,123337.08
12403,GlobalTech,126601,EUR,Monthly,25.0,2024-10-06,payroll,1640748.9600000002
13825,GlobalTech,103877,USD,Annual,8.9,2024-11-03,payroll,103877.0
13394,GlobalTech,"$137,423",USD,Bi-Weekly,0.5,2024-02-26,payroll,3572998.0
11277,GlobalTech,78246,GBP,Monthly,21.2,2023-07-20,payroll,1192469.04
13373,GlobalTech,105808,GBP,Bi-Weekly,1.7,2024-06-09,payroll,3493780.16
13634,GlobalTech,41692,GBP,Monthly,18.6,2024-07-05,payroll,635386.08
12034,GlobalTech,135962,GBP,Monthly,2.6,2023-12-16,payroll,2072060.8800000001
6082,GlobalTech,158574,USD,Annual,9.8,2023-08-17,payroll,158574.0
14149,GlobalTech,91053,GBP,Monthly,1.1,2024-10-22,payroll,1387647.72
14483,GlobalTech,136592,EUR,Bi-Weekly,5.9,2024-05-22,payroll,3835503.3600000003
11127,GlobalTech,108505,GBP,Monthly,6.9,2023-02-05,payroll,1653616.2
10358,GlobalTech,114205,EUR,Bi-Weekly,29.1,2023-07-07,payroll,3206876.4000000004
10944,GlobalTech,131121,USD,Monthly,21.0,2023-05-20,payroll,1573452.0
12096,GlobalTech,92123,USD,Monthly,19.6,2023-07-18,payroll,1105476.0
8789,GlobalTech,98124,GBP,Bi-Weekly,19.9,2023-05-06,payroll,3240054.48
7761,GlobalTech,152042,GBP,Annual,28.5,2024-02-02,payroll,193093.34
13705,GlobalTech,98535,GBP,Monthly,6.2,2024-10-02,payroll,1501673.4
14849,GlobalTech,112769,GBP,Monthly,9.7,2023-09-28,payroll,1718599.56
7794,GlobalTech,91196,USD,Annual,2.2,2023-07-10,payroll,91196.0
5532,GlobalTech,110351,GBP,Annual,11.4,2024-04-21,payroll,140145.77
10178,GlobalTech,89570,GBP,Monthly,29.9,2024-05-14,payroll,1365046.8
9161,GlobalTech,110276,GBP,Monthly,29.9,2024-06-14,payroll,1680606.24
5187,GlobalTech,"€89,642",EUR,Bi-Weekly,11.2,2024-01-06,payroll,2517147.3600000003
9624,GlobalTech,101178,GBP,Monthly,28.6,2023-01-25,payroll,1541952.72
7959,GlobalTech,78669,USD,Annual,1.2,2023-10-24,payroll,78669.0
8831,GlobalTech,44441,GBP,Annual,27.3,2024-02-24,payroll,56440.07
2595,GlobalTech,97165,GBP,Bi-Weekly,8.2,2023-08-08,payroll,3208388.3
6606,GlobalTech,128703,USD,Monthly,12.4,2024-10-25,payroll,1544436.0
13913,GlobalTech,57872,GBP,Bi-Weekly,10.5,2023-06-13,payroll,1910933.44
5816,GlobalTech,113794,EUR,Monthly,6.9,2024-08-12,payroll,1474770.24
13712,GlobalTech,93130,USD,Monthly,9.4,2023-02-19,payroll,1117560.0
12443,GlobalTech,73763,USD,Bi-Weekly,7.3,2024-07-20,payroll,1917838.0
9969,GlobalTech,106373,GBP,Monthly,1.2,2023-02-22,payroll,1621124.52
7946,GlobalTech,108472,USD,Monthly,20.1,2023-07-12,payroll,1301664.0
5379,GlobalTech,110627,GBP,Bi-Weekly,2.2,2024-06-23,payroll,3652903.54
8579,GlobalTech,85237,EUR,Bi-Weekly,4.2,2024-03-05,payroll,2393454.96
7818,GlobalTech,128734,USD,Monthly,28.0,2024-10-29,payroll,1544808.0
9868,GlobalTech,142319,USD,Bi-Weekly,9.8,2024-12-24,payroll,3700294.0
13589,GlobalTech,88243,GBP,Monthly,16.8,2024-10-26,payroll,1344823.32
12253,GlobalTech,70864,GBP,Monthly,15.5,2024-12-27,payroll,1079967.36
2170,GlobalTech,52885,EUR,Bi-Weekly,0.8,2023-08-12,payroll,1485010.8
5633,GlobalTech,80854,GBP,Bi-Weekly,16.4,2024-07-19,payroll,2669799.08
4593,GlobalTech,"€52,198",EUR,Monthly,14.1,2023-02-03,payroll,676486.0800000001
12009,GlobalTech,56295,EUR,Annual,1.8,2023-12-30,payroll,60798.600000000006
13832,GlobalTech,57891,EUR,Monthly,9.0,2023-07-15,payroll,750267.3600000001
2863,GlobalTech,131828,EUR,Monthly,25.1,2024-08-07,payroll,1708490.8800000001
7861,GlobalTech,135462,EUR,Annual,26.6,2024-08-24,payroll,146298.96000000002
8789,GlobalTech,115086,USD,Monthly,4.3,2024-05-08,payroll,1381032.0
10467,GlobalTech,90432,GBP,Monthly,7.7,2024-08-01,payroll,1378183.68
11933,GlobalTech,88810,USD,Monthly,1.2,2024-01-26,payroll,1065720.0
4815,GlobalTech,70638,GBP,Bi-Weekly,23.6,2024-09-27,payroll,2332466.7600000002
7241,GlobalTech,114696,USD,Annual,11.7,2024-01-07,payroll,114696.0
9695,GlobalTech,116153,GBP,Annual,16.4,2024-02-06,payroll,147514.31
9266,GlobalTech,77739,EUR,Bi-Weekly,23.2,2023-12-15,payroll,2182911.12
6634,GlobalTech,"$103,530",USD,Bi-Weekly,5.6,2023-03-10,payroll,2691780.0
8926,GlobalTech,88816,USD,Monthly,6.7,2024-05-20,payroll,1065792.0
12542,GlobalTech,108945,EUR,Bi-Weekly,6.1,2023-05-29,payroll,3059175.6
5242,GlobalTech,67498,GBP,Monthly,16.5,2024-03-17,payroll,1028669.52
8179,GlobalTech,97916,USD,Monthly,12.9,2024-11-11,payroll,1174992.0
12454,GlobalTech,69715,USD,Annual,12.1,2024-12-17,payroll,69715.0
5522,GlobalTech,102864,USD,Annual,10.7,2023-11-19,payroll,102864.0
3352,GlobalTech,119264,GBP,Annual,24.1,2024-12-29,payroll,151465.28
14830,GlobalTech,43005,GBP,Annual,17.7,2023-07-10,payroll,54616.35
14650,GlobalTech,77432,GBP,Bi-Weekly,1.7,2023-01-18,payroll,2556804.64
10416,GlobalTech,116093,USD,Annual,0.6,2023-03-23,payroll,116093.0
14671,GlobalTech,128084,USD,Bi-Weekly,2.0,2023-02-06,payroll,3330184.0
5931,GlobalTech,124275,EUR,Bi-Weekly,27.0,2024-02-25,payroll,3489642.0
8972,GlobalTech,114324,EUR,Bi-Weekly,2.1,2024-06-03,payroll,3210217.9200000004
2949,GlobalTech,141012,GBP,Monthly,28.9,2023-08-21,payroll,2149022.88
4754,GlobalTech,128446,EUR,Bi-Weekly,9.6,2024-10-09,payroll,3606763.68
7180,GlobalTech,137228,USD,Bi-Weekly,7.3,2023-08-23,payroll,3567928.0
8871,GlobalTech,"€115,622",EUR,Monthly,14.0,2024-05-06,payroll,1498461.12
2454,GlobalTech,95250,EUR,Bi-Weekly,3.7,2024-07-01,payroll,2674620.0
11718,GlobalTech,104747,USD,Monthly,29.8,2023-11-05,payroll,1256964.0
1716,GlobalTech,119793,USD,Annual,18.2,2024-05-10,payroll,119793.0
2021,GlobalTech,101868,EUR,Annual,21.3,2023-03-09,payroll,110017.44
10676,GlobalTech,53030,USD,Monthly,23.8,2023-11-18,payroll,636360.0
12661,GlobalTech,84995,GBP,Monthly,24.7,2023-01-21,payroll,1295323.8
5253,GlobalTech,104551,GBP,Annual,20.2,2023-11-08,payroll,132779.77
11146,GlobalTech,109961,GBP,Bi-Weekly,3.3,2023-02-20,payroll,3630912.22
14472,GlobalTech,125699,EUR,Annual,23.7,2024-07-26,payroll,135754.92
8005,GlobalTech,97585,EUR,Monthly,20.1,2023-05-11,payroll,1264701.6
9420,GlobalTech,140349,USD,Annual,9.4,2024-06-03,payroll,140349.0
12944,GlobalTech,"£88,511",GBP,Monthly,16.3,2024-01-14,payroll,1348907.6400000001
14680,GlobalTech,68454,USD,Monthly,28.4,2024-08-17,payroll,821448.0
11915,GlobalTech,76658,EUR,Monthly,18.7,2024-11-21,payroll,993487.68
11627,GlobalTech,138628,USD,Monthly,26.5,2023-06-07,payroll,1663536.0
5325,GlobalTech,94670,USD,Bi-Weekly,13.9,2024-06-26,payroll,2461420.0
14926,GlobalTech,103480,USD,Monthly,19.7,2024-01-05,payroll,1241760.0
6952,GlobalTech,84987,EUR,Bi-Weekly,12.5,2023-01-18,payroll,2386434.96
10388,GlobalTech,40260,GBP,Monthly,1.4,2024-10-23,payroll,613562.4
10642,GlobalTech,100322,USD,Monthly,11.2,2023-12-01,payroll,1203864.0
9940,GlobalTech,"€102,700",EUR,Monthly,20.9,2024-02-13,payroll,1330992.0
6882,GlobalTech,65886,EUR,Monthly,5.6,2024-07-29,payroll,853882.56
6559,GlobalTech,102990,EUR,Monthly,7.9,2024-04-26,payroll,1334750.4000000001
13492,GlobalTech,89675,GBP,Bi-Weekly,6.0,2024-11-20,payroll,2961068.5
14019,GlobalTech,42275,GBP,Bi-Weekly,7.7,2023-06-15,payroll,1395920.5
9978,GlobalTech,65989,EUR,Monthly,11.3,2023-12-19,payroll,855217.4400000001
8280,GlobalTech,79624,USD,Bi-Weekly,16.3,2024-02-11,payroll,2070224.0
12562,GlobalTech,49757,EUR,Bi-Weekly,20.1,2024-11-28,payroll,1397176.56
9979,GlobalTech,102474,USD,Annual,6.0,2024-07-17,payroll,102474.0
10147,GlobalTech,68534,GBP,Annual,10.4,2023-02-27,payroll,87038.18000000001
4328,GlobalTech,149995,USD,Monthly,4.1,2023-06-30,payroll,1799940.0
10283,GlobalTech,64701,USD,Bi-Weekly,27.5,2023-09-15,payroll,1682226.0
2875,GlobalTech,74609,GBP,Bi-Weekly,11.6,2023-09-29,payroll,2463589.18
10614,GlobalTech,162763,EUR,Monthly,5.8,2024-11-19,payroll,2109408.48
6970,GlobalTech,109528,GBP,Monthly,7.6,2023-04-10,payroll,1669206.72
9441,GlobalTech,57204,EUR,Monthly,2.0,2024-03-12,payroll,741363.8400000001
14324,GlobalTech,74363,EUR,Monthly,11.8,2023-08-01,payroll,963744.4800000001
14846,GlobalTech,101354,GBP,Bi-Weekly,24.0,2023-12-11,payroll,3346709.08
3410,GlobalTech,58854,EUR,Bi-Weekly,18.9,2024-03-06,payroll,1652620.32
10192,GlobalTech,61604,GBP,Bi-Weekly,16.4,2023-04-17,payroll,2034164.08
8042,GlobalTech,"£84,258",GBP,Monthly,23.9,2024-10-19,payroll,1284091.92
13198,GlobalTech,132274,EUR,Annual,9.6,2024-08-13,payroll,142855.92
6993,GlobalTech,65333,USD,Monthly,2.2,2023-04-21,payroll,783996.0
7910,GlobalTech,83663,USD,Bi-Weekly,22.3,2024-04-26,payroll,2175238.0
13174,GlobalTech,40104,GBP,Annual,10.6,2023-09-13,payroll,50932.08
3029,GlobalTech,88848,USD,Bi-Weekly,21.5,2023-08-23,payroll,2310048.0
4684,GlobalTech,163221,USD,Monthly,12.5,2023-06-20,payroll,1958652.0
7955,GlobalTech,73412,EUR,Annual,10.0,2024-07-04,payroll,79284.96
9205,GlobalTech,77455,EUR,Monthly,23.0,2023-12-02,payroll,1003816.8
12698,GlobalTech,135901,EUR,Monthly,22.6,2023-06-27,payroll,1761276.9600000002
12714,GlobalTech,65658,EUR,Monthly,24.2,2024-10-12,payroll,850927.68
13224,GlobalTech,65697,EUR,Monthly,18.8,2023-03-18,payroll,851433.1200000001
4817,GlobalTech,84967,USD,Annual,19.1,2023-11-06,payroll,84967.0
14750,GlobalTech,197517,GBP,Bi-Weekly,23.0,2023-03-17,payroll,6522011.34
14107,GlobalTech,94908,USD,Monthly,9.8,2023-08-15,payroll,1138896.0
2849,GlobalTech,56087,USD,Bi-Weekly,19.0,2023-11-19,payroll,1458262.0
13190,GlobalTech,114600,GBP,Annual,5.2,2024-09-18,payroll,145542.0
4744,GlobalTech,141159,USD,Bi-Weekly,25.3,2024-07-25,payroll,3670134.0
8745,GlobalTech,55672,GBP,Monthly,11.5,2023-08-21,payroll,848441.28
8253,GlobalTech,139701,USD,Monthly,5.4,2024-03-14,payroll,1676412.0
6774,GlobalTech,54172,GBP,Monthly,13.7,2024-08-07,payroll,825581.28
5921,GlobalTech,110928,GBP,Monthly,21.1,2023-01-27,payroll,1690542.72
10394,GlobalTech,126894,USD,Annual,2.0,2024-03-29,payroll,126894.0
6980,GlobalTech,"$120,291",USD,Annual,14.7,2024-06-07,payroll,120291.0
8315,GlobalTech,56744,GBP,Monthly,4.4,2024-06-01,payroll,864778.56
10520,GlobalTech,173988,EUR,Bi-Weekly,22.9,2023-03-18,payroll,4885583.04
10256,GlobalTech,117978,USD,Annual,14.5,2023-07-04,payroll,117978.0
11927,GlobalTech,135042,EUR,Annual,10.8,2023-02-14,payroll,145845.36000000002
4073,GlobalTech,49568,GBP,Bi-Weekly,21.5,2024-12-28,payroll,1636735.36
5187,GlobalTech,145973,USD,Bi-Weekly,19.2,2024-03-25,payroll,3795298.0
7683,GlobalTech,108680,GBP,Bi-Weekly,28.9,2024-11-02,payroll,3588613.6
3085,GlobalTech,146431,USD,Bi-Weekly,27.6,2024-05-07,payroll,3807206.0
5143,GlobalTech,139832,USD,Annual,29.7,2023-04-11,payroll,139832.0
12351,GlobalTech,133449,EUR,Bi-Weekly,29.4,2023-04-20,payroll,3747247.9200000004
5640,GlobalTech,109285,GBP,Annual,25.6,2023-12-14,payroll,138791.95
8217,GlobalTech,128793,EUR,Bi-Weekly,1.6,2024-07-22,payroll,3616507.4400000004
4452,GlobalTech,126069,USD,Annual,8.7,2024-09-11,payroll,126069.0
14266,GlobalTech,46445,EUR,Bi-Weekly,27.3,2023-06-02,payroll,1304175.6
8485,GlobalTech,"£44,894",GBP,Annual,17.4,2024-06-02,payroll,57015.38
11711,GlobalTech,87608,GBP,Annual,15.2,2024-07-06,payroll,111262.16
6211,GlobalTech,134834,EUR,Bi-Weekly,6.6,2023-02-09,payroll,3786138.72
12911,GlobalTech,121669,USD,Annual,15.2,2023-06-17,payroll,121669.0
12009,GlobalTech,154934,USD,Annual,22.5,2023-10-22,payroll,154934.0
5790,GlobalTech,104412,GBP,Annual,16.7,2024-08-05,payroll,132603.24
3305,GlobalTech,87985,USD,Annual,5.6,2024-07-12,payroll,87985.0
3492,GlobalTech,97407,GBP,Monthly,28.4,2023-04-28,payroll,1484482.68
5692,GlobalTech,115007,USD,Monthly,27.9,2024-02-27,payroll,1380084.0
4531,GlobalTech,"£58,959",GBP,Monthly,8.0,2023-04-24,payroll,898535.16
14073,GlobalTech,146171,USD,Annual,25.6,2024-05-06,payroll,146171.0
12205,GlobalTech,116652,USD,Monthly,21.3,2024-01-17,payroll,1399824.0
6994,GlobalTech,110996,GBP,Monthly,11.5,2023-09-20,payroll,1691579.04
14118,GlobalTech,93007,GBP,Monthly,3.4,2023-03-06,payroll,1417426.68
12075,GlobalTech,100266,GBP,Bi-Weekly,27.3,2023-03-09,payroll,3310783.32
10905,GlobalTech,84382,GBP,Bi-Weekly,10.7,2024-05-22,payroll,2786293.64
11859,GlobalTech,119155,EUR,Bi-Weekly,1.1,2023-07-07,payroll,3345872.4000000004
11748,GlobalTech,102908,EUR,Bi-Weekly,18.3,2024-06-29,payroll,2889656.64
3238,GlobalTech,111713,GBP,Annual,7.6,2024-07-10,payroll,141875.51
14115,GlobalTech,76011,USD,Monthly,20.4,2024-04-10,payroll,912132.0
4670,GlobalTech,79416,GBP,Bi-Weekly,20.5,2024-08-12,payroll,2622316.32
8358,GlobalTech,41002,GBP,Bi-Weekly,7.0,2024-04-17,payroll,1353886.04
11404,GlobalTech,82220,EUR,Monthly,8.6,2024-08-15,payroll,1065571.2000000002
8440,GlobalTech,95529,GBP,Annual,12.4,2024-01-01,payroll,121321.83
9942,GlobalTech,67061,GBP,Bi-Weekly,15.6,2024-11-27,payroll,2214354.22
8113,GlobalTech,151275,USD,Monthly,11.6,2023-04-11,payroll,1815300.0
14718,GlobalTech,46308,GBP,Annual,14.7,2024-06-07,payroll,58811.16
5929,GlobalTech,136536,GBP,Monthly,24.9,2023-02-07,payroll,2080808.6400000001
9542,GlobalTech,68150,GBP,Bi-Weekly,9.9,2023-11-07,payroll,2250313.0
8583,GlobalTech,61320,USD,Monthly,7.4,2023-01-24,payroll,735840.0
2021,GlobalTech,81070,GBP,Bi-Weekly,14.2,2024-04-06,payroll,2676931.4
5403,GlobalTech,173644,USD,Bi-Weekly,12.0,2024-10-23,payroll,4514744.0
4124,GlobalTech,106922,USD,Annual,3.7,2024-03-14,payroll,106922.0
7748,GlobalTech,189777,EUR,Annual,13.2,2024-07-26,payroll,204959.16
12462,GlobalTech,106729,EUR,Bi-Weekly,20.3,2023-09-26,payroll,2996950.3200000003
7260,GlobalTech,121635,USD,Bi-Weekly,9.8,2024-08-05,payroll,3162510.0
4598,GlobalTech,248095,USD,Monthly,23.0,2023-12-28,payroll,2977140.0
12111,GlobalTech,94199,EUR,Bi-Weekly,19.5,2024-02-03,payroll,2645107.9200000004
9250,GlobalTech,67528,EUR,Monthly,20.7,2024-04-06,payroll,875162.88
12379,GlobalTech,58834,USD,Annual,7.1,2023-01-20,payroll,58834.0
3303,GlobalTech,50762,EUR,Monthly,20.0,2024-10-26,payroll,657875.52
7942,GlobalTech,55888,GBP,Annual,22.6,2024-07-01,payroll,70977.76
8053,GlobalTech,61616,EUR,Annual,14.4,2024-02-18,payroll,66545.28
5648,GlobalTech,51346,USD,Monthly,8.9,2023-01-10,payroll,616152.0
10287,GlobalTech,116112,GBP,Annual,1.8,2024-01-24,payroll,147462.24
11961,GlobalTech,72536,GBP,Monthly,22.8,2024-10-02,payroll,1105448.6400000001
6857,GlobalTech,136445,GBP,Annual,18.9,2023-09-27,payroll,173285.15
6908,GlobalTech,50389,EUR,Bi-Weekly,1.4,2024-07-28,payroll,1414923.12
7219,GlobalTech,109777,GBP,Annual,10.0,2023-01-04,payroll,139416.79
12010,GlobalTech,133028,USD,Bi-Weekly,24.8,2024-09-12,payroll,3458728.0
12631,GlobalTech,106065,USD,Monthly,16.0,2023-01-21,payroll,1272780.0
11465,GlobalTech,120644,USD,Annual,17.5,2023-05-31,payroll,120644.0
13494,GlobalTech,180910,USD,Annual,5.3,2024-01-01,payroll,180910.0
13553,GlobalTech,105030,EUR,Annual,22.4,2023-06-05,payroll,113432.40000000001
7581,GlobalTech,102851,USD,Annual,28.7,2024-09-25,payroll,102851.0
13026,GlobalTech,110633,GBP,Monthly,11.7,2024-05-12,payroll,1686046.92
7181,GlobalTech,61025,GBP,Annual,2.3,2024-05-17,payroll,77501.75
10996,GlobalTech,135616,EUR,Monthly,19.3,2024-04-03,payroll,1757583.36
11206,GlobalTech,99829,EUR,Annual,27.1,2023-11-10,payroll,107815.32
12290,GlobalTech,116065,GBP,Bi-Weekly,12.0,2023-11-22,payroll,3832466.3000000003
10980,GlobalTech,60110,GBP,Monthly,20.1,2024-03-19,payroll,916076.4
3890,GlobalTech,119530,EUR,Bi-Weekly,5.2,2024-12-14,payroll,3356402.4000000004
13469,GlobalTech,141035,USD,Bi-Weekly,2.9,2023-01-25,payroll,3666910.0
13672,GlobalTech,67650,GBP,Monthly,25.1,2023-12-24,payroll,1030986.0
11464,GlobalTech,50475,USD,Monthly,24.8,2023-03-28,payroll,605700.0
9878,GlobalTech,"€66,839",EUR,Bi-Weekly,15.7,2023-09-29,payroll,1876839.12
11082,GlobalTech,170473,USD,Annual,25.1,2024-10-03,payroll,170473.0
7304,GlobalTech,54783,EUR,Annual,28.3,2024-03-08,payroll,59165.64000000001
13304,GlobalTech,115856,GBP,Annual,21.0,2023-10-16,payroll,147137.12
6886,GlobalTech,170524,GBP,Bi-Weekly,9.8,2023-05-07,payroll,5630702.48
14665,GlobalTech,105284,USD,Bi-Weekly,10.5,2024-10-21,payroll,2737384.0
5201,GlobalTech,110560,USD,Annual,28.9,2024-08-20,payroll,110560.0
4073,GlobalTech,118772,GBP,Monthly,26.4,2024-01-07,payroll,1810085.28
10787,GlobalTech,137207,USD,Annual,23.2,2024-10-05,payroll,137207.0
11250,GlobalTech,137047,USD,Monthly,5.4,2023-07-02,payroll,1644564.0
7063,GlobalTech,65328,GBP,Monthly,25.4,2023-08-16,payroll,995598.72
9620,GlobalTech,83764,GBP,Annual,0.9,2023-05-14,payroll,106380.28
11544,GlobalTech,144580,USD,Bi-Weekly,11.7,2023-11-26,payroll,3759080.0
1882,GlobalTech,63368,GBP,Annual,2.5,2024-09-11,payroll,80477.36
6968,GlobalTech,70383,GBP,Monthly,24.8,2023-04-18,payroll,1072636.92
2623,GlobalTech,83043,USD,Bi-Weekly,6.2,2024-05-01,payroll,2159118.0
13948,GlobalTech,46401,GBP,Monthly,11.0,2023-07-21,payroll,707151.24
13439,GlobalTech,116477,EUR,Bi-Weekly,15.9,2023-05-25,payroll,3270674.16
3707,GlobalTech,78316,USD,Annual,11.5,2024-05-04,payroll,78316.0
9207,GlobalTech,182038,GBP,Bi-Weekly,20.2,2024-01-13,payroll,6010894.76
7335,GlobalTech,104753,EUR,Bi-Weekly,19.0,2023-05-24,payroll,2941464.24
9470,GlobalTech,78413,GBP,Bi-Weekly,17.8,2024-09-09,payroll,2589197.2600000002
14482,GlobalTech,98570,USD,Annual,2.4,2024-02-28,payroll,98570.0
7328,GlobalTech,95540,GBP,Monthly,23.8,2024-01-03,payroll,1456029.6
10503,GlobalTech,105371,USD,Annual,12.3,2024-05-24,payroll,105371.0
11051,GlobalTech,87540,EUR,Annual,28.6,2024-01-04,payroll,94543.20000000001
10975,GlobalTech,88162,USD,Annual,6.0,2024-09-22,payroll,88162.0
9384,GlobalTech,122842,USD,Annual,9.7,2024-01-28,payroll,122842.0
11615,GlobalTech,68845,EUR,Monthly,11.9,2023-01-02,payroll,892231.2000000001
10219,GlobalTech,103864,GBP,Monthly,27.2,2024-11-21,payroll,1582887.36
13654,GlobalTech,172646,EUR,Bi-Weekly,3.6,2024-01-30,payroll,4847899.680000001
11568,GlobalTech,103454,USD,Annual,23.0,2024-11-14,payroll,103454.0
8925,GlobalTech,131422,EUR,Bi-Weekly,15.4,2023-08-27,payroll,3690329.7600000002
3370,GlobalTech,87476,EUR,Monthly,11.6,2023-02-27,payroll,1133688.96
7230,GlobalTech,179913,USD,Annual,11.1,2023-02-05,payroll,179913.0
6511,GlobalTech,66797,USD,Bi-Weekly,27.3,2023-02-13,payroll,1736722.0
4896,GlobalTech,103068,GBP,Monthly,24.0,2024-11-04,payroll,1570756.32
1130,GlobalTech,118173,EUR,Annual,2.4,2023-02-15,payroll,127626.84000000001
2980,GlobalTech,174596,EUR,Bi-Weekly,12.9,2024-12-21,payroll,4902655.680000001
9946,GlobalTech,79005,USD,Monthly,13.8,2023-12-15,payroll,948060.0
2285,GlobalTech,135970,USD,Monthly,1.5,2024-01-03,payroll,1631640.0
630,GlobalTech,87118,GBP,Bi-Weekly,26.1,2023-07-26,payroll,2876636.36
2654,GlobalTech,73005,USD,Bi-Weekly,7.1,2023-05-19,payroll,1898130.0
11222,GlobalTech,144997,USD,Annual,14.0,2023-11-13,payroll,144997.0
6445,GlobalTech,81716,GBP,Monthly,6.5,2024-05-27,payroll,1245351.84
6018,GlobalTech,136379,EUR,Monthly,10.6,2024-08-05,payroll,1767471.84
12162,GlobalTech,66790,USD,Monthly,10.6,2023-11-17,payroll,801480.0
7154,GlobalTech,"£65,719",GBP,Monthly,28.5,2023-07-05,payroll,1001557.56
13586,GlobalTech,152442,EUR,Bi-Weekly,8.1,2023-11-17,payroll,4280571.36
6106,GlobalTech,115478,GBP,Monthly,12.8,2024-01-18,payroll,1759884.72
2874,GlobalTech,51640,GBP,Annual,25.8,2023-10-05,payroll,65582.8
1536,GlobalTech,56809,EUR,Bi-Weekly,12.0,2024-05-03,payroll,1595196.7200000002
7052,GlobalTech,128260,EUR,Bi-Weekly,21.6,2023-02-19,payroll,3601540.8000000003
13795,GlobalTech,49151,EUR,Annual,6.2,2023-02-06,payroll,53083.08
12106,GlobalTech,135217,EUR,Monthly,26.2,2024-10-26,payroll,1752412.32
11401,GlobalTech,50204,USD,Monthly,7.2,2023-09-24,payroll,602448.0
5257,GlobalTech,111328,EUR,Annual,11.2,2024-03-01,payroll,120234.24
13671,GlobalTech,"$70,734",USD,Bi-Weekly,13.4,2023-10-29,payroll,1839084.0
11218,GlobalTech,136952,USD,Monthly,3.3,2024-10-25,payroll,1643424.0
9725,GlobalTech,135333,GBP,Bi-Weekly,1.0,2024-02-05,payroll,4468695.66
8326,GlobalTech,62800,GBP,Monthly,9.3,2024-09-25,payroll,957072.0
5517,GlobalTech,143040,USD,Annual,6.7,2023-06-17,payroll,143040.0
14294,GlobalTech,93762,GBP,Monthly,11.9,2024-11-18,payroll,1428932.8800000001
10362,GlobalTech,117771,GBP,Bi-Weekly,9.1,2023-09-03,payroll,3888798.42
7462,GlobalTech,136070,EUR,Annual,29.8,2024-11-25,payroll,146955.6
3523,GlobalTech,78238,USD,Bi-Weekly,3.4,2024-10-20,payroll,2034188.0
11225,GlobalTech,"$86,706",USD,Bi-Weekly,11.3,2023-07-10,payroll,2254356.0
12266,GlobalTech,66956,USD,Monthly,29.4,2024-04-25,payroll,803472.0
12095,GlobalTech,80296,EUR,Bi-Weekly,17.7,2024-04-18,payroll,2254711.68
7323,GlobalTech,113581,GBP,Annual,17.6,2024-07-07,payroll,144247.87
8634,GlobalTech,125373,EUR,Annual,22.7,2023-10-06,payroll,135402.84
9915,GlobalTech,113072,EUR,Monthly,12.1,2024-09-28,payroll,1465413.12
2337,GlobalTech,89461,GBP,Annual,0.1,2023-02-08,payroll,113615.47
8795,GlobalTech,62138,USD,Annual,3.1,2024-04-14,payroll,62138.0
4363,GlobalTech,83142,USD,Monthly,22.5,2024-08-19,payroll,997704.0
6656,GlobalTech,54059,USD,Annual,18.1,2024-09-11,payroll,54059.0
12921,GlobalTech,79110,USD,Monthly,5.4,2024-09-12,payroll,949320.0
11974,GlobalTech,66339,GBP,Annual,20.6,2024-09-30,payroll,84250.53
6114,GlobalTech,133012,EUR,Monthly,6.5,2023-09-14,payroll,1723835.52
12499,GlobalTech,130818,GBP,Bi-Weekly,16.9,2024-02-11,payroll,4319610.36
14974,GlobalTech,132942,USD,Bi-Weekly,27.4,2023-03-10,payroll,3456492.0
8308,GlobalTech,148196,GBP,Bi-Weekly,9.7,2023-05-12,payroll,4893431.92
6659,GlobalTech,127377,USD,Annual,16.6,2024-10-14,payroll,127377.0
13004,GlobalTech,100996,GBP,Annual,3.2,2024-03-05,payroll,128264.92
2433,GlobalTech,89635,EUR,Monthly,3.2,2024-11-09,payroll,1161669.6
12544,GlobalTech,152329,USD,Annual,13.5,2023-08-31,payroll,152329.0
10641,GlobalTech,128419,EUR,Monthly,25.9,2024-12-17,payroll,1664310.2400000002
8036,GlobalTech,125192,EUR,Bi-Weekly,4.0,2023-05-07,payroll,3515391.3600000003
1997,GlobalTech,90806,GBP,Bi-Weekly,4.4,2023-04-21,payroll,2998414.12
14580,GlobalTech,94287,USD,Annual,17.5,2023-12-15,payroll,94287.0
3518,GlobalTech,111268,USD,Bi-Weekly,6.3,2023-01-30,payroll,2892968.0
9230,GlobalTech,97492,EUR,Annual,20.2,2023-05-09,payroll,105291.36
13357,GlobalTech,231606,USD,Monthly,8.5,2024-02-27,payroll,2779272.0
5104,GlobalTech,76585,EUR,Annual,4.9,2024-12-24,payroll,82711.8
2808,GlobalTech,73580,EUR,Bi-Weekly,19.5,2024-12-02,payroll,2066126.4000000001
9487,GlobalTech,86383,USD,Bi-Weekly,14.6,2024-12-25,payroll,2245958.0
14118,GlobalTech,99077,USD,Annual,3.6,2023-05-12,payroll,99077.0
12560,GlobalTech,86090,GBP,Bi-Weekly,2.2,2024-08-02,payroll,2842691.8
12639,GlobalTech,113125,EUR,Annual,28.4,2023-01-21,payroll,122175.00000000001
10296,GlobalTech,113954,GBP,Annual,27.1,2023-10-11,payroll,144721.58000000002
6639,GlobalTech,68958,EUR,Bi-Weekly,1.9,2024-01-28,payroll,1936340.6400000001
9533,GlobalTech,110709,EUR,Bi-Weekly,25.6,2024-05-10,payroll,3108708.72
8871,GlobalTech,171200,EUR,Monthly,21.1,2024-01-10,payroll,2218752.0
12139,GlobalTech,96091,USD,Bi-Weekly,1.7,2023-12-01,payroll,2498366.0
4586,GlobalTech,102804,USD,Annual,5.6,2024-05-09,payroll,102804.0
11387,GlobalTech,96623,GBP,Annual,22.7,2023-01-03,payroll,122711.21
7842,GlobalTech,121834,EUR,Annual,17.9,2023-01-23,payroll,131580.72
8210,GlobalTech,78156,GBP,Annual,5.1,2023-06-01,payroll,99258.12
11187,GlobalTech,68864,GBP,Monthly,16.2,2023-05-09,payroll,1049487.36
14592,GlobalTech,144068,USD,Bi-Weekly,16.9,2023-09-06,payroll,3745768.0
13855,GlobalTech,99802,EUR,Annual,11.2,2024-12-21,payroll,107786.16
12917,GlobalTech,95146,GBP,Monthly,7.3,2023-06-21,payroll,1450025.04
9644,GlobalTech,129156,EUR,Annual,1.8,2024-11-24,payroll,139488.48
10468,GlobalTech,152250,EUR,Bi-Weekly,11.2,2023-08-01,payroll,4275180.0
8266,GlobalTech,116515,GBP,Monthly,0.6,2024-02-24,payroll,1775688.6
8033,GlobalTech,96274,GBP,Monthly,1.7,2023-06-05,payroll,1467215.76
12137,GlobalTech,112346,USD,Bi-Weekly,27.0,2024-06-26,payroll,2920996.0
13981,GlobalTech,145084,USD,Bi-Weekly,19.4,2023-09-04,payroll,3772184.0
13705,GlobalTech,70920,GBP,Bi-Weekly,23.8,2023-11-04,payroll,2341778.4
5716,GlobalTech,61922,EUR,Monthly,15.0,2023-08-13,payroll,802509.12
13541,GlobalTech,58282,GBP,Monthly,23.8,2024-12-18,payroll,888217.68
11740,GlobalTech,65985,GBP,Annual,5.2,2023-09-29,payroll,83800.95
12962,GlobalTech,125175,GBP,Monthly,7.0,2024-06-09,payroll,1907667.0
8453,GlobalTech,65154,EUR,Bi-Weekly,24.3,2024-07-07,payroll,1829524.32
1089,GlobalTech,69858,GBP,Annual,25.6,2024-09-13,payroll,88719.66
14879,GlobalTech,136428,EUR,Bi-Weekly,23.9,2023-05-01,payroll,3830898.24
1066,GlobalTech,76697,USD,Annual,11.0,2024-05-08,payroll,76697.0
4169,GlobalTech,78784,GBP,Monthly,29.1,2024-05-26,payroll,1200668.16
8754,GlobalTech,89937,EUR,Bi-Weekly,12.0,2023-02-08,payroll,2525430.96
6596,GlobalTech,97727,EUR,Bi-Weekly,22.8,2024-03-11,payroll,2744174.16
5852,GlobalTech,176053,EUR,Annual,1.7,2023-12-23,payroll,190137.24000000002
6299,GlobalTech,66346,EUR,Monthly,21.7,2024-01-11,payroll,859844.16
4835,GlobalTech,112012,GBP,Bi-Weekly,11.1,2024-07-12,payroll,3698636.24
3275,GlobalTech,60643,GBP,Monthly,1.0,2024-08-21,payroll,924199.3200000001
2595,GlobalTech,125692,EUR,Monthly,29.0,2023-05-06,payroll,1628968.32
13427,GlobalTech,58488,GBP,Annual,3.0,2024-08-21,payroll,74279.76
13204,GlobalTech,65530,USD,Annual,8.7,2024-06-02,payroll,65530.0
12373,GlobalTech,99672,GBP,Monthly,5.1,2024-04-08,payroll,1519001.28
6960,GlobalTech,71088,USD,Annual,23.5,2023-02-23,payroll,71088.0
4903,GlobalTech,70708,USD,Bi-Weekly,8.0,2023-08-30,payroll,1838408.0
11179,GlobalTech,52656,USD,Monthly,8.6,2024-03-05,payroll,631872.0
5098,GlobalTech,142005,GBP,Annual,21.8,2024-01-22,payroll,180346.35
4392,GlobalTech,99606,GBP,Bi-Weekly,22.3,2024-08-01,payroll,3288990.12
2274,GlobalTech,85156,GBP,Monthly,17.0,2024-07-15,payroll,1297777.44
2673,GlobalTech,99299,USD,Monthly,3.8,2023-06-05,payroll,1191588.0
11553,GlobalTech,133706,EUR,Bi-Weekly,0.5,2023-03-28,payroll,3754464.4800000004
11164,GlobalTech,48157,EUR,Bi-Weekly,24.5,2024-11-28,payroll,1352248.56
12056,GlobalTech,127431,GBP,Monthly,11.8,2024-07-31,payroll,1942048.44
13070,GlobalTech,78840,GBP,Monthly,24.3,2023-08-16,payroll,1201521.6
14078,GlobalTech,145087,USD,Annual,20.4,2024-06-04,payroll,145087.0
4065,GlobalTech,129280,USD,Annual,20.7,2023-03-12,payroll,129280.0
12238,GlobalTech,97539,EUR,Bi-Weekly,20.4,2023-02-23,payroll,2738895.12
2728,GlobalTech,104517,USD,Bi-Weekly,10.7,2024-10-24,payroll,2717442.0
2581,GlobalTech,116805,EUR,Monthly,8.7,2024-08-27,payroll,1513792.8
5083,GlobalTech,83643,EUR,Bi-Weekly,12.0,2024-07-12,payroll,2348695.44
14309,GlobalTech,113758,USD,Annual,13.0,2023-06-06,payroll,113758.0
13561,GlobalTech,93184,GBP,Bi-Weekly,18.5,2023-07-01,payroll,3076935.68
3665,GlobalTech,56649,GBP,Monthly,8.6,2024-09-17,payroll,863330.76
4265,GlobalTech,103632,GBP,Monthly,20.8,2023-09-12,payroll,1579351.68
14967,GlobalTech,79923,GBP,Monthly,11.6,2023-02-07,payroll,1218026.52
12279,GlobalTech,115362,GBP,Bi-Weekly,9.9,2023-03-22,payroll,3809253.24
10508,GlobalTech,125446,EUR,Bi-Weekly,28.2,2024-09-03,payroll,3522523.68
934,GlobalTech,87609,USD,Annual,28.7,2023-11-28,payroll,87609.0
10355,GlobalTech,129610,EUR,Bi-Weekly,14.4,2023-05-02,payroll,3639448.8000000003
3323,GlobalTech,138408,USD,Monthly,26.2,2023-01-09,payroll,1660896.0
14764,GlobalTech,92483,EUR,Monthly,7.7,2023-04-07,payroll,1198579.6800000002
7644,GlobalTech,121770,GBP,Annual,0.2,2023-11-09,payroll,154647.9
12121,GlobalTech,73555,USD,Annual,25.1,2024-03-26,payroll,73555.0
12977,GlobalTech,79283,EUR,Monthly,2.2,2024-01-24,payroll,1027507.68
14190,GlobalTech,120908,EUR,Bi-Weekly,28.4,2024-07-11,payroll,3395096.64
13053,GlobalTech,115452,GBP,Bi-Weekly,13.7,2024-08-28,payroll,3812225.04
6299,GlobalTech,99270,EUR,Monthly,21.4,2024-11-11,payroll,1286539.2000000002
14021,GlobalTech,55964,GBP,Monthly,6.7,2024-09-22,payroll,852891.36
7035,GlobalTech,139196,USD,Bi-Weekly,6.1,2024-12-14,payroll,3619096.0
11513,GlobalTech,106610,USD,Annual,11.5,2023-07-09,payroll,106610.0
4099,GlobalTech,49517,EUR,Annual,11.6,2023-06-07,payroll,53478.36
12907,GlobalTech,120742,EUR,Annual,17.1,2024-03-15,payroll,130401.36000000002
13033,GlobalTech,110931,EUR,Monthly,4.0,2024-02-05,payroll,1437665.76
14847,GlobalTech,82608,USD,Annual,28.9,2023-06-28,payroll,82608.0
7264,GlobalTech,81828,GBP,Monthly,19.0,2024-04-13,payroll,1247058.72
13923,GlobalTech,92181,GBP,Annual,7.1,2023-04-22,payroll,117069.87
6358,GlobalTech,72385,GBP,Bi-Weekly,0.3,2024-03-28,payroll,2390152.7
14646,GlobalTech,93703,USD,Annual,16.3,2023-12-18,payroll,93703.0
6292,GlobalTech,105013,GBP,Annual,18.8,2023-11-10,payroll,133366.51
14845,GlobalTech,127351,GBP,Annual,22.1,2024-03-06,payroll,161735.77
13596,GlobalTech,"$79,023",USD,Annual,3.8,2024-05-21,payroll,79023.0
7080,GlobalTech,115394,EUR,Monthly,13.6,2024-11-08,payroll,1495506.24
10362,GlobalTech,55754,USD,Bi-Weekly,25.6,2023-12-19,payroll,1449604.0
1525,GlobalTech,114443,USD,Bi-Weekly,25.4,2023-01-26,payroll,2975518.0
9706,GlobalTech,94930,EUR,Monthly,5.1,2024-03-07,payroll,1230292.8
7857,GlobalTech,103411,GBP,Monthly,5.0,2023-04-15,payroll,1575983.6400000001
14672,GlobalTech,"€94,082",EUR,Annual,29.5,2023-06-29,payroll,101608.56000000001
10625,GlobalTech,41501,GBP,Monthly,22.3,2024-08-19,payroll,632475.24
13716,GlobalTech,99926,EUR,Bi-Weekly,27.2,2023-12-02,payroll,2805922.08
8660,GlobalTech,"£88,748",GBP,Bi-Weekly,21.3,2023-09-19,payroll,2930458.96
3259,GlobalTech,117015,GBP,Monthly,23.5,2024-01-16,payroll,1783308.6
7799,GlobalTech,"$93,345",USD,Annual,29.5,2024-01-09,payroll,93345.0
12101,GlobalTech,114325,GBP,Monthly,9.6,2023-04-01,payroll,1742313.0
2219,GlobalTech,103753,GBP,Monthly,3.2,2024-12-22,payroll,1581195.72
9913,GlobalTech,47289,GBP,Annual,15.4,2024-06-07,payroll,60057.03
10497,GlobalTech,"€61,010",EUR,Monthly,4.5,2024-10-20,payroll,790689.6000000001
9194,GlobalTech,70216,GBP,Bi-Weekly,3.6,2024-04-27,payroll,2318532.32
8516,GlobalTech,249509,USD,Bi-Weekly,26.7,2024-07-10,payroll,6487234.0
12208,GlobalTech,122456,USD,Annual,4.2,2024-05-20,payroll,122456.0
11337,GlobalTech,116379,EUR,Monthly,2.1,2023-07-19,payroll,1508271.84
9966,GlobalTech,102513,EUR,Bi-Weekly,4.1,2024-01-13,payroll,2878565.04
4791,GlobalTech,75484,GBP,Monthly,13.3,2023-01-15,payroll,1150376.16
6908,GlobalTech,117617,EUR,Monthly,7.7,2024-07-23,payroll,1524316.32
7580,GlobalTech,62729,USD,Monthly,1.0,2023-05-24,payroll,752748.0
5098,GlobalTech,83282,EUR,Monthly,17.1,2024-12-29,payroll,1079334.72
12466,GlobalTech,74881,EUR,Bi-Weekly,27.8,2024-01-23,payroll,2102658.48
13781,GlobalTech,60911,USD,Annual,28.6,2024-11-14,payroll,60911.0
13621,GlobalTech,123705,EUR,Monthly,5.9,2024-06-25,payroll,1603216.8
12266,GlobalTech,87942,EUR,Annual,1.1,2024-01-09,payroll,94977.36
6874,GlobalTech,84782,GBP,Monthly,11.7,2024-08-10,payroll,1292077.68
9528,GlobalTech,49645,EUR,Bi-Weekly,20.4,2024-01-18,payroll,1394031.6
14291,GlobalTech,116260,EUR,Monthly,9.0,2024-07-23,payroll,1506729.6
12005,GlobalTech,87695,USD,Monthly,23.2,2024-01-10,payroll,1052340.0
10356,GlobalTech,159518,USD,Monthly,7.1,2023-01-06,payroll,1914216.0
9686,GlobalTech,107636,USD,Annual,1.0,2023-07-23,payroll,107636.0
14089,GlobalTech,107877,EUR,Monthly,1.8,2023-11-28,payroll,1398085.9200000002
12991,GlobalTech,"£117,904",GBP,Monthly,3.8,2023-07-25,payroll,1796856.96
11549,GlobalTech,89177,GBP,Monthly,28.2,2023-02-28,payroll,1359057.48
11944,GlobalTech,60404,GBP,Annual,23.1,2023-02-17,payroll,76713.08
3004,GlobalTech,124913,EUR,Bi-Weekly,4.2,2023-11-15,payroll,3507557.04
3938,GlobalTech,149576,EUR,Annual,20.1,2024-08-08,payroll,161542.08000000002
8904,GlobalTech,87583,EUR,Annual,3.3,2023-10-07,payroll,94589.64
12306,GlobalTech,115883,USD,Monthly,20.8,2023-08-01,payroll,1390596.0
5918,GlobalTech,116169,USD,Annual,14.3,2024-11-17,payroll,116169.0
6123,GlobalTech,113559,GBP,Monthly,7.2,2023-07-06,payroll,1730639.16
13579,GlobalTech,117746,GBP,Monthly,29.8,2024-01-29,payroll,1794449.04
14334,GlobalTech,192153,EUR,Bi-Weekly,22.0,2024-05-05,payroll,5395656.24
10855,GlobalTech,43337,GBP,Monthly,6.6,2024-01-16,payroll,660455.88
2385,GlobalTech,61086,GBP,Bi-Weekly,8.5,2024-10-21,payroll,2017059.72
13241,GlobalTech,81746,GBP,Bi-Weekly,18.1,2024-07-23,payroll,2699252.92
2728,GlobalTech,123908,EUR,Annual,8.9,2024-12-30,payroll,133820.64
9310,GlobalTech,131225,EUR,Bi-Weekly,29.3,2023-08-12,payroll,3684798.0000000005
11747,GlobalTech,78658,USD,Annual,1.2,2024-01-04,payroll,78658.0
4750,GlobalTech,60603,USD,Bi-Weekly,14.8,2023-12-26,payroll,1575678.0
14890,GlobalTech,120915,EUR,Monthly,13.9,2024-08-14,payroll,1567058.4000000001
13424,GlobalTech,79038,USD,Annual,24.7,2024-01-23,payroll,79038.0
9245,GlobalTech,101945,EUR,Annual,0.9,2023-02-16,payroll,110100.6
5787,GlobalTech,81618,USD,Annual,3.3,2024-07-29,payroll,81618.0
4479,GlobalTech,97229,GBP,Annual,3.1,2023-11-10,payroll,123480.83
8965,GlobalTech,62685,GBP,Bi-Weekly,18.6,2023-01-07,payroll,2069858.7
9618,GlobalTech,89497,USD,Monthly,22.8,2023-11-27,payroll,1073964.0
11336,GlobalTech,110959,EUR,Monthly,14.3,2023-06-11,payroll,1438028.6400000001
5442,GlobalTech,113615,EUR,Monthly,10.9,2024-08-29,payroll,1472450.4000000001
13814,GlobalTech,119196,GBP,Annual,14.8,2023-10-25,payroll,151378.92
5988,GlobalTech,99629,USD,Annual,12.8,2024-05-28,payroll,99629.0
7858,GlobalTech,141486,USD,Bi-Weekly,12.4,2024-02-04,payroll,3678636.0
3395,GlobalTech,93195,USD,Monthly,7.7,2024-11-20,payroll,1118340.0
8766,GlobalTech,116508,GBP,Annual,23.1,2023-12-20,payroll,147965.16
11777,GlobalTech,101731,USD,Annual,6.9,2023-09-07,payroll,101731.0
3707,GlobalTech,86127,EUR,Annual,4.1,2024-01-02,payroll,93017.16
7812,GlobalTech,111095,USD,Annual,22.6,2024-08-05,payroll,111095.0
5390,GlobalTech,97309,EUR,Bi-Weekly,23.8,2024-08-02,payroll,2732436.72
7648,GlobalTech,194895,GBP,Annual,9.6,2023-05-20,payroll,247516.65
13839,GlobalTech,99793,GBP,Bi-Weekly,16.0,2024-04-09,payroll,3295164.86
9558,GlobalTech,116360,GBP,Monthly,19.6,2023-10-10,payroll,1773326.4000000001
4527,GlobalTech,104656,USD,Annual,15.3,2024-07-29,payroll,104656.0
6155,GlobalTech,131098,USD,Annual,6.8,2023-03-22,payroll,131098.0
9724,GlobalTech,139740,EUR,Monthly,22.7,2023-06-23,payroll,1811030.4000000001
10305,GlobalTech,"$135,867",USD,Bi-Weekly,19.5,2023-03-26,payroll,3532542.0
14079,GlobalTech,131509,EUR,Monthly,20.9,2024-04-19,payroll,1704356.6400000001
7892,GlobalTech,58364,EUR,Annual,28.6,2024-11-02,payroll,63033.12
6260,GlobalTech,78040,GBP,Bi-Weekly,19.6,2024-05-20,payroll,2576880.8
11803,GlobalTech,51704,EUR,Monthly,10.6,2023-04-15,payroll,670083.8400000001
8865,GlobalTech,65084,GBP,Monthly,24.0,2024-06-28,payroll,991880.16
14674,GlobalTech,94285,USD,Annual,28.6,2023-07-08,payroll,94285.0
12608,GlobalTech,56375,USD,Annual,18.6,2024-03-31,payroll,56375.0
9036,GlobalTech,106498,GBP,Bi-Weekly,24.4,2023-07-10,payroll,3516563.96
12508,GlobalTech,119616,USD,Monthly,27.9,2023-09-09,payroll,1435392.0
11001,GlobalTech,141599,USD,Bi-Weekly,26.8,2023-08-17,payroll,3681574.0
3931,GlobalTech,69420,EUR,Bi-Weekly,12.2,2024-10-07,payroll,1949313.6
8481,GlobalTech,89623,USD,Annual,16.4,2024-09-17,payroll,89623.0
13759,GlobalTech,93024,GBP,Bi-Weekly,8.3,2024-05-08,payroll,3071652.48
6390,GlobalTech,166384,EUR,Annual,13.3,2024-02-22,payroll,179694.72
13928,GlobalTech,68373,USD,Monthly,23.7,2023-09-14,payroll,820476.0
9824,GlobalTech,95377,USD,Monthly,8.1,2023-02-22,payroll,1144524.0
968,GlobalTech,113604,GBP,Monthly,0.2,2024-10-10,payroll,1731324.96
11748,GlobalTech,68643,EUR,Annual,20.5,2023-04-26,payroll,74134.44
7437,GlobalTech,112491,USD,Bi-Weekly,22.7,2024-08-30,payroll,2924766.0
10084,GlobalTech,112293,GBP,Bi-Weekly,29.0,2024-05-09,payroll,3707914.86
6036,GlobalTech,145867,GBP,Monthly,8.4,2023-10-19,payroll,2223013.08
7150,GlobalTech,"£114,428",GBP,Bi-Weekly,20.8,2024-02-04,payroll,3778412.56
14868,GlobalTech,"€119,245",EUR,Monthly,26.6,2023-01-31,payroll,1545415.2000000002
5143,GlobalTech,116821,GBP,Monthly,17.9,2024-07-06,payroll,1780352.04
12156,GlobalTech,139511,GBP,Annual,8.9,2024-01-22,payroll,177178.97
11024,GlobalTech,148368,USD,Annual,27.2,2023-12-20,payroll,148368.0
7785,GlobalTech,62133,EUR,Annual,23.3,2024-05-26,payroll,67103.64
2798,GlobalTech,113222,GBP,Monthly,6.2,2024-09-07,payroll,1725503.28
4411,GlobalTech,149311,USD,Monthly,14.0,2024-04-02,payroll,1791732.0
5154,GlobalTech,139030,GBP,Bi-Weekly,5.5,2023-09-05,payroll,4590770.6
13494,GlobalTech,90523,GBP,Annual,11.4,2023-03-04,payroll,114964.21
8703,GlobalTech,99748,GBP,Monthly,5.8,2023-05-14,payroll,1520159.52
5703,GlobalTech,104371,EUR,Monthly,3.2,2024-07-25,payroll,1352648.1600000001
2632,GlobalTech,68255,EUR,Monthly,3.0,2024-01-14,payroll,884584.8
14344,GlobalTech,64315,GBP,Bi-Weekly,17.1,2023-02-04,payroll,2123681.3
9040,GlobalTech,104068,GBP,Monthly,28.8,2023-03-13,payroll,1585996.32
14152,GlobalTech,53349,USD,Annual,7.4,2024-08-22,payroll,53349.0
7482,GlobalTech,"£102,973",GBP,Bi-Weekly,25.1,2023-11-27,payroll,3400168.46
9590,GlobalTech,113848,EUR,Annual,22.6,2023-03-09,payroll,122955.84000000001
7699,GlobalTech,69555,USD,Monthly,15.9,2023-05-02,payroll,834660.0
6966,GlobalTech,67970,EUR,Monthly,16.4,2024-01-16,payroll,880891.2000000001
6018,GlobalTech,66961,GBP,Bi-Weekly,26.8,2023-06-06,payroll,2211052.22
4034,GlobalTech,41468,GBP,Monthly,18.8,2023-09-30,payroll,631972.3200000001
8875,GlobalTech,93284,EUR,Annual,26.9,2024-10-02,payroll,100746.72
5959,GlobalTech,75481,GBP,Annual,12.7,2024-10-17,payroll,95860.87
6185,GlobalTech,48141,GBP,Annual,9.1,2024-09-25,payroll,61139.07
9040,GlobalTech,63639,GBP,Monthly,5.8,2023-07-05,payroll,969858.36
12217,GlobalTech,174685,EUR,Annual,20.0,2023-04-28,payroll,188659.80000000002
5213,GlobalTech,74142,EUR,Bi-Weekly,19.8,2024-01-28,payroll,2081907.36
11893,GlobalTech,49298,GBP,Bi-Weekly,9.2,2024-07-16,payroll,1627819.96
7228,GlobalTech,111641,EUR,Monthly,9.8,2023-12-30,payroll,1446867.36
8061,GlobalTech,"£80,644",GBP,Bi-Weekly,12.0,2023-05-05,payroll,2662864.88
13898,GlobalTech,50228,EUR,Annual,4.1,2024-07-28,payroll,54246.240000000005
13452,GlobalTech,76027,USD,Monthly,12.6,2023-11-27,payroll,912324.0
13622,GlobalTech,58786,EUR,Monthly,18.8,2023-07-22,payroll,761866.56
3008,GlobalTech,99512,EUR,Annual,10.2,2024-11-24,payroll,107472.96
11939,GlobalTech,79454,EUR,Annual,19.3,2023-07-23,payroll,85810.32
8740,GlobalTech,105059,GBP,Bi-Weekly,23.1,2024-12-05,payroll,3469048.18
11551,GlobalTech,49674,EUR,Annual,7.9,2024-09-11,payroll,53647.920000000006
11610,GlobalTech,58306,USD,Bi-Weekly,21.7,2023-07-09,payroll,1515956.0
14384,GlobalTech,108604,USD,Bi-Weekly,15.5,2023-07-02,payroll,2823704.0
6237,GlobalTech,"£63,768",GBP,Monthly,23.5,2024-05-12,payroll,971824.3200000001
9862,GlobalTech,102017,EUR,Monthly,1.6,2023-09-10,payroll,1322140.32
13229,GlobalTech,81917,EUR,Bi-Weekly,8.9,2024-04-17,payroll,2300229.3600000003
14695,GlobalTech,116496,USD,Annual,9.0,2023-01-21,payroll,116496.0
3232,GlobalTech,140551,USD,Bi-Weekly,13.0,2024-09-30,payroll,3654326.0
12024,GlobalTech,106052,EUR,Monthly,21.8,2024-09-04,payroll,1374433.9200000002
12934,GlobalTech,126094,EUR,Annual,11.0,2024-11-14,payroll,136181.52000000002
11900,GlobalTech,70588,GBP,Annual,16.8,2024-05-20,payroll,89646.76
10360,GlobalTech,64290,EUR,Bi-Weekly,6.1,2024-08-06,payroll,1805263.2000000002
14805,GlobalTech,90968,GBP,Bi-Weekly,23.5,2023-03-17,payroll,3003763.36
11462,GlobalTech,98453,EUR,Monthly,15.8,2023-09-26,payroll,1275950.8800000001
11097,GlobalTech,118581,USD,Bi-Weekly,24.1,2023-11-20,payroll,3083106.0
13913,GlobalTech,125796,EUR,Bi-Weekly,1.6,2024-11-16,payroll,3532351.68
11404,GlobalTech,117088,EUR,Bi-Weekly,25.5,2023-02-24,payroll,3287831.04
13322,GlobalTech,74616,GBP,Monthly,19.4,2024-01-18,payroll,1137147.84
8553,GlobalTech,54281,USD,Bi-Weekly,19.7,2023-08-16,payroll,1411306.0
12122,GlobalTech,64637,EUR,Bi-Weekly,29.9,2023-06-24,payroll,1815006.9600000002
3727,GlobalTech,62567,EUR,Annual,28.6,2024-10-28,payroll,67572.36
9379,GlobalTech,69825,USD,Annual,28.8,2023-08-11,payroll,69825.0
12723,GlobalTech,88071,EUR,Bi-Weekly,8.6,2024-03-15,payroll,2473033.68
11502,GlobalTech,89568,USD,Bi-Weekly,28.7,2023-01-22,payroll,2328768.0
12164,GlobalTech,135007,EUR,Annual,27.5,2024-02-21,payroll,145807.56
11329,GlobalTech,104631,GBP,Monthly,2.4,2024-12-04,payroll,1594576.44
8305,GlobalTech,53242,GBP,Annual,26.3,2024-02-04,payroll,67617.34
10408,GlobalTech,87074,USD,Monthly,22.4,2024-08-11,payroll,1044888.0
13722,GlobalTech,62348,GBP,Annual,21.1,2023-08-04,payroll,79181.96
9466,GlobalTech,93901,GBP,Monthly,22.3,2023-09-14,payroll,1431051.24
7971,GlobalTech,97822,GBP,Bi-Weekly,27.3,2024-05-07,payroll,3230082.44
5493,GlobalTech,64830,EUR,Bi-Weekly,29.5,2023-07-12,payroll,1820426.4000000001
2931,GlobalTech,104680,GBP,Bi-Weekly,0.2,2024-12-02,payroll,3456533.6
12961,GlobalTech,68219,EUR,Annual,0.2,2024-04-06,payroll,73676.52
4077,GlobalTech,70998,EUR,Monthly,23.6,2023-08-22,payroll,920134.0800000001
13680,GlobalTech,119459,EUR,Annual,6.3,2023-09-13,payroll,129015.72000000002
13110,GlobalTech,107536,EUR,Annual,23.8,2024-02-28,payroll,116138.88
8880,GlobalTech,93552,USD,Bi-Weekly,9.5,2024-01-03,payroll,2432352.0
8122,GlobalTech,64703,USD,Monthly,19.2,2023-07-11,payroll,776436.0
2179,GlobalTech,88404,GBP,Annual,6.6,2024-01-21,payroll,112273.08
7691,GlobalTech,114702,GBP,Monthly,23.9,2023-12-28,payroll,1748058.48
11533,GlobalTech,130239,EUR,Annual,15.4,2023-06-06,payroll,140658.12
7846,GlobalTech,72004,EUR,Monthly,9.1,2024-04-19,payroll,933171.8400000001
14290,GlobalTech,110121,GBP,Annual,13.5,2024-03-27,payroll,139853.67
13973,GlobalTech,117628,USD,Bi-Weekly,25.6,2024-11-22,payroll,3058328.0
13410,GlobalTech,143173,USD,Annual,2.6,2024-04-21,payroll,143173.0
3867,GlobalTech,87470,EUR,Annual,7.0,2024-06-08,payroll,94467.6
13604,GlobalTech,65940,GBP,Bi-Weekly,5.1,2023-02-04,payroll,2177338.8
10829,GlobalTech,120512,EUR,Bi-Weekly,16.3,2023-05-27,payroll,3383976.9600000004
6334,GlobalTech,91105,GBP,Annual,23.7,2024-12-31,payroll,115703.35
5637,GlobalTech,54928,EUR,Bi-Weekly,28.9,2024-06-03,payroll,1542378.24
9865,GlobalTech,127546,EUR,Monthly,2.5,2024-11-01,payroll,1652996.1600000001
11877,GlobalTech,"€47,585",EUR,Annual,2.0,2024-12-24,payroll,51391.8
10484,GlobalTech,143587,USD,Monthly,7.5,2024-10-11,payroll,1723044.0
8324,GlobalTech,"€131,823",EUR,Annual,24.7,2023-03-14,payroll,142368.84
8979,GlobalTech,92485,GBP,Annual,18.2,2024-03-22,payroll,117455.95
12035,GlobalTech,140400,USD,Bi-Weekly,12.7,2023-01-06,payroll,3650400.0
14744,GlobalTech,131411,USD,Bi-Weekly,1.0,2024-05-26,payroll,3416686.0
4813,GlobalTech,76619,GBP,Bi-Weekly,27.8,2024-10-27,payroll,2529959.38
6477,GlobalTech,106492,GBP,Annual,2.0,2023-09-23,payroll,135244.84
12183,GlobalTech,103826,EUR,Annual,10.6,2023-04-03,payroll,112132.08
5435,GlobalTech,105357,USD,Monthly,2.6,2023-01-23,payroll,1264284.0
9251,GlobalTech,60136,GBP,Monthly,13.7,2024-11-09,payroll,916472.64
13506,GlobalTech,58369,USD,Monthly,15.5,2023-07-05,payroll,700428.0
5860,GlobalTech,57337,EUR,Bi-Weekly,15.0,2023-09-18,payroll,1610022.9600000002
3338,GlobalTech,106875,GBP,Bi-Weekly,2.4,2023-11-21,payroll,3529012.5
14184,GlobalTech,91783,GBP,Bi-Weekly,8.5,2023-06-06,payroll,3030674.66
2321,GlobalTech,49067,GBP,Annual,25.1,2023-12-13,payroll,62315.090000000004
5427,GlobalTech,56106,GBP,Annual,25.7,2024-06-26,payroll,71254.62
14369,GlobalTech,92738,GBP,Monthly,22.2,2024-03-27,payroll,1413327.12
3275,GlobalTech,59724,USD,Annual,13.8,2024-01-04,payroll,59724.0
8130,GlobalTech,91322,USD,Bi-Weekly,24.1,2023-02-16,payroll,2374372.0
7343,GlobalTech,123206,EUR,Monthly,18.4,2023-01-12,payroll,1596749.76
441,GlobalTech,46366,EUR,Monthly,11.6,2023-08-22,payroll,600903.36
6270,GlobalTech,91908,EUR,Monthly,22.5,2024-07-07,payroll,1191127.6800000002
8880,GlobalTech,63368,GBP,Annual,26.8,2023-11-26,payroll,80477.36
14026,GlobalTech,79392,GBP,Bi-Weekly,5.5,2024-04-11,payroll,2621523.84
13385,GlobalTech,156584,GBP,Monthly,11.7,2024-10-03,payroll,2386340.16
9644,GlobalTech,53213,EUR,Annual,8.2,2024-07-28,payroll,57470.04
4965,GlobalTech,132341,EUR,Monthly,21.3,2024-03-09,payroll,1715139.36
14360,GlobalTech,73312,EUR,Bi-Weekly,6.0,2024-01-13,payroll,2058600.9600000002
13472,GlobalTech,65292,GBP,Annual,16.6,2024-05-22,payroll,82920.84
4041,GlobalTech,121266,EUR,Annual,29.4,2024-08-17,payroll,130967.28000000001
10754,GlobalTech,147060,USD,Bi-Weekly,7.7,2023-02-04,payroll,3823560.0
12640,GlobalTech,116816,EUR,Annual,10.1,2024-06-19,payroll,126161.28000000001
13290,GlobalTech,128356,EUR,Annual,26.5,2023-11-06,payroll,138624.48
13440,GlobalTech,105228,GBP,Annual,22.1,2024-10-27,payroll,133639.56
10702,GlobalTech,68899,GBP,Bi-Weekly,7.0,2023-09-17,payroll,2275044.98
12146,GlobalTech,95143,EUR,Bi-Weekly,3.1,2024-03-04,payroll,2671615.44
11732,GlobalTech,130474,USD,Monthly,15.6,2024-05-11,payroll,1565688.0
6895,GlobalTech,137647,USD,Bi-Weekly,0.0,2023-11-16,payroll,3578822.0
9028,GlobalTech,"£99,206",GBP,Bi-Weekly,6.8,2023-07-05,payroll,3275782.12
6622,GlobalTech,56906,USD,Annual,22.4,2023-08-15,payroll,56906.0
9140,GlobalTech,121082,EUR,Bi-Weekly,9.3,2023-02-15,payroll,3399982.56
11452,GlobalTech,102535,EUR,Bi-Weekly,25.1,2023-03-13,payroll,2879182.8000000003
8251,GlobalTech,44727,GBP,Bi-Weekly,8.2,2023-08-27,payroll,1476885.54
14130,GlobalTech,158458,EUR,Monthly,5.0,2024-07-03,payroll,2053615.6800000002
8568,GlobalTech,93662,EUR,Monthly,8.7,2024-06-11,payroll,1213859.52
12817,GlobalTech,83036,USD,Monthly,23.4,2023-10-15,payroll,996432.0
2572,GlobalTech,131631,USD,Monthly,22.9,2023-04-29,payroll,1579572.0
3612,GlobalTech,229437,EUR,Monthly,3.1,2023-06-09,payroll,2973503.52
14405,GlobalTech,156656,USD,Monthly,19.4,2023-09-30,payroll,1879872.0
12010,GlobalTech,143204,USD,Bi-Weekly,1.4,2024-12-02,payroll,3723304.0
8908,GlobalTech,158550,EUR,Annual,0.9,2023-08-26,payroll,171234.0
8591,GlobalTech,"£100,191",GBP,Bi-Weekly,1.6,2024-03-18,payroll,3308306.82
13218,GlobalTech,41344,GBP,Monthly,7.6,2024-08-26,payroll,630082.56
6535,GlobalTech,"$110,027",USD,Monthly,29.9,2024-07-26,payroll,1320324.0
3064,GlobalTech,82600,GBP,Monthly,9.8,2023-08-23,payroll,1258824.0
14543,GlobalTech,107977,EUR,Monthly,25.9,2024-08-07,payroll,1399381.9200000002
9433,GlobalTech,51363,USD,Monthly,25.6,2023-12-15,payroll,616356.0
12178,GlobalTech,106105,GBP,Bi-Weekly,18.8,2023-11-24,payroll,3503587.1
9995,GlobalTech,136136,USD,Annual,9.9,2023-01-15,payroll,136136.0
12248,GlobalTech,168536,USD,Monthly,21.0,2024-06-02,payroll,2022432.0
12430,GlobalTech,99973,USD,Monthly,2.9,2023-10-14,payroll,1199676.0
10233,GlobalTech,117071,EUR,Annual,26.7,2023-01-10,payroll,126436.68000000001
10198,GlobalTech,82476,GBP,Monthly,21.7,2024-03-26,payroll,1256934.24
5090,GlobalTech,67433,GBP,Monthly,4.7,2023-06-07,payroll,1027678.92
11546,GlobalTech,82998,GBP,Annual,1.7,2023-05-14,payroll,105407.46
8875,GlobalTech,"£50,181",GBP,Bi-Weekly,4.9,2024-07-21,payroll,1656976.62
4867,GlobalTech,90148,GBP,Bi-Weekly,20.0,2024-10-22,payroll,2976686.96
8663,GlobalTech,48256,EUR,Monthly,11.4,2023-09-05,payroll,625397.76
6378,GlobalTech,124354,GBP,Monthly,28.1,2024-08-28,payroll,1895154.96
1714,GlobalTech,125227,EUR,Monthly,25.8,2024-12-19,payroll,1622941.9200000002
10859,GlobalTech,76981,EUR,Monthly,14.4,2024-08-24,payroll,997673.76
9645,GlobalTech,130115,USD,Annual,19.1,2023-09-17,payroll,130115.0
11788,GlobalTech,91854,USD,Monthly,20.9,2023-01-12,payroll,1102248.0
7489,GlobalTech,113040,USD,Annual,29.0,2023-10-12,payroll,113040.0
13024,GlobalTech,81282,EUR,Monthly,27.6,2023-03-12,payroll,1053414.72
13327,GlobalTech,118105,EUR,Monthly,24.6,2024-08-06,payroll,1530640.8
10075,GlobalTech,55610,EUR,Bi-Weekly,12.4,2024-02-13,payroll,1561528.8
8036,GlobalTech,113653,GBP,Monthly,16.1,2024-04-25,payroll,1732071.72
13919,GlobalTech,96775,GBP,Annual,11.5,2023-06-16,payroll,122904.25
6126,GlobalTech,138525,GBP,Monthly,10.4,2023-04-18,payroll,2111121.0
9572,GlobalTech,154330,EUR,Monthly,19.3,2024-01-23,payroll,2000116.8
3790,GlobalTech,108567,GBP,Monthly,4.5,2023-12-03,payroll,1654561.08
13663,GlobalTech,122880,EUR,Annual,5.3,2023-04-27,payroll,132710.40000000002
3017,GlobalTech,139032,USD,Annual,7.7,2024-10-06,payroll,139032.0
3324,GlobalTech,54089,USD,Monthly,16.9,2023-08-27,payroll,649068.0
5090,GlobalTech,121958,EUR,Bi-Weekly,6.3,2024-08-18,payroll,3424580.64
5477,GlobalTech,115762,EUR,Bi-Weekly,5.4,2024-06-07,payroll,3250596.9600000004
14989,GlobalTech,64309,GBP,Bi-Weekly,8.9,2024-07-02,payroll,2123483.18
11746,GlobalTech,119756,EUR,Annual,29.5,2024-08-02,payroll,129336.48000000001
12117,GlobalTech,181388,USD,Bi-Weekly,5.1,2023-08-23,payroll,4716088.0
14227,GlobalTech,118822,GBP,Annual,26.2,2024-12-09,payroll,150903.94
2257,GlobalTech,56243,USD,Annual,6.3,2023-01-07,payroll,56243.0
7462,GlobalTech,183734,USD,Bi-Weekly,2.4,2024-12-02,payroll,4777084.0
4328,GlobalTech,65472,GBP,Bi-Weekly,23.3,2024-05-05,payroll,2161885.44
13725,GlobalTech,59776,EUR,Monthly,23.3,2024-03-08,payroll,774696.9600000001
8865,GlobalTech,62132,USD,Monthly,5.8,2024-07-25,payroll,745584.0
5892,GlobalTech,134752,EUR,Monthly,8.1,2023-07-29,payroll,1746385.9200000002
9028,GlobalTech,111398,EUR,Monthly,15.2,2023-02-23,payroll,1443718.08
2274,GlobalTech,108798,EUR,Bi-Weekly,10.9,2024-02-12,payroll,3055047.8400000003
2436,GlobalTech,45427,GBP,Annual,14.4,2024-09-30,payroll,57692.29
14482,GlobalTech,86207,GBP,Monthly,1.5,2024-01-14,payroll,1313794.68
12759,GlobalTech,49433,EUR,Annual,25.1,2024-09-19,payroll,53387.64000000001
4251,GlobalTech,"£84,681",GBP,Bi-Weekly,23.7,2023-04-20,payroll,2796166.62
12936,GlobalTech,78820,GBP,Annual,11.8,2024-06-09,payroll,100101.4
8376,GlobalTech,69469,GBP,Monthly,22.5,2023-09-14,payroll,1058707.56
14649,GlobalTech,83478,GBP,Annual,8.0,2023-11-21,payroll,106017.06
10955,GlobalTech,86057,EUR,Annual,24.5,2023-08-05,payroll,92941.56000000001
5791,GlobalTech,101933,EUR,Bi-Weekly,19.1,2023-02-02,payroll,2862278.64
9558,GlobalTech,104793,GBP,Annual,28.8,2023-11-22,payroll,133087.11000000002
6563,GlobalTech,102034,USD,Bi-Weekly,11.7,2024-04-20,payroll,2652884.0
3585,GlobalTech,53385,GBP,Monthly,11.4,2024-05-02,payroll,813587.4
7328,GlobalTech,71157,USD,Annual,13.7,2023-09-06,payroll,71157.0
9880,GlobalTech,118340,EUR,Monthly,29.1,2023-09-27,payroll,1533686.4000000001
565,GlobalTech,115050,EUR,Bi-Weekly,17.2,2024-04-11,payroll,3230604.0
5802,GlobalTech,58615,GBP,Monthly,13.2,2023-11-01,payroll,893292.6
10119,GlobalTech,117299,USD,Annual,27.2,2023-04-14,payroll,117299.0
14521,GlobalTech,59174,GBP,Bi-Weekly,21.7,2023-02-14,payroll,1953925.48
6416,GlobalTech,107195,EUR,Bi-Weekly,4.1,2023-03-30,payroll,3010035.6
2327,GlobalTech,117852,GBP,Monthly,12.6,2024-03-22,payroll,1796064.48
4915,GlobalTech,79893,GBP,Monthly,22.8,2024-02-17,payroll,1217569.32
10219,GlobalTech,60805,USD,Bi-Weekly,26.4,2023-05-01,payroll,1580930.0
6054,GlobalTech,56446,USD,Monthly,0.1,2024-10-18,payroll,677352.0
9119,GlobalTech,91261,EUR,Bi-Weekly,27.6,2024-01-29,payroll,2562608.8800000004
13556,GlobalTech,116620,EUR,Monthly,2.2,2024-01-01,payroll,1511395.2000000002
14646,GlobalTech,"£136,449",GBP,Annual,0.1,2023-09-26,payroll,173290.23
11741,GlobalTech,113729,EUR,Annual,20.8,2023-10-16,payroll,122827.32
10281,GlobalTech,185817,EUR,Monthly,10.6,2024-03-02,payroll,2408188.3200000003
1643,GlobalTech,46668,EUR,Annual,22.6,2023-08-13,payroll,50401.44
14782,GlobalTech,107264,EUR,Monthly,2.1,2023-03-20,payroll,1390141.4400000002
7411,GlobalTech,121988,USD,Bi-Weekly,1.6,2024-02-03,payroll,3171688.0
8703,GlobalTech,114852,USD,Monthly,11.2,2024-05-25,payroll,1378224.0
455,GlobalTech,104808,GBP,Monthly,1.8,2023-12-13,payroll,1597273.92
14051,GlobalTech,"€124,145",EUR,Annual,15.5,2024-08-13,payroll,134076.6
3097,GlobalTech,82817,USD,Annual,12.2,2024-03-24,payroll,82817.0
13475,GlobalTech,93521,EUR,Annual,12.9,2024-10-08,payroll,101002.68000000001
10282,GlobalTech,96088,GBP,Monthly,25.2,2024-09-06,payroll,1464381.12
13985,GlobalTech,120827,EUR,Annual,17.2,2023-06-15,payroll,130493.16
14540,GlobalTech,104355,EUR,Bi-Weekly,27.2,2023-11-11,payroll,2930288.4000000004
4247,GlobalTech,89180,EUR,Bi-Weekly,23.8,2023-09-07,payroll,2504174.4000000004
4731,GlobalTech,62710,GBP,Monthly,6.8,2024-09-29,payroll,955700.4
6627,GlobalTech,84854,USD,Annual,27.7,2023-02-24,payroll,84854.0
13070,GlobalTech,91850,USD,Annual,22.8,2023-01-21,payroll,91850.0
4358,GlobalTech,"£117,772",GBP,Annual,11.7,2024-03-12,payroll,149570.44
314,GlobalTech,164297,GBP,Annual,5.3,2023-10-05,payroll,208657.19
13436,GlobalTech,78509,USD,Bi-Weekly,0.1,2023-10-17,payroll,2041234.0
8997,GlobalTech,124026,USD,Bi-Weekly,13.9,2023-10-26,payroll,3224676.0
4798,GlobalTech,66418,GBP,Monthly,26.4,2024-08-17,payroll,1012210.3200000001
4676,GlobalTech,"$100,869",USD,Monthly,13.3,2023-02-02,payroll,1210428.0
13877,GlobalTech,"€53,983",EUR,Annual,4.8,2024-08-10,payroll,58301.64000000001
5265,GlobalTech,113607,GBP,Annual,28.0,2024-07-10,payroll,144280.89
10312,GlobalTech,105408,GBP,Annual,14.7,2024-02-28,payroll,133868.16
12526,GlobalTech,67272,GBP,Annual,18.0,2023-04-30,payroll,85435.44
11324,GlobalTech,91139,GBP,Annual,22.7,2023-06-13,payroll,115746.53
6739,GlobalTech,121908,USD,Annual,10.1,2023-08-01,payroll,121908.0
14424,GlobalTech,97436,USD,Bi-Weekly,17.6,2023-11-17,payroll,2533336.0
11087,GlobalTech,140507,USD,Annual,6.5,2024-06-29,payroll,140507.0
8853,GlobalTech,104972,GBP,Monthly,7.2,2023-02-12,payroll,1599773.28
11889,GlobalTech,47571,GBP,Bi-Weekly,5.2,2023-09-24,payroll,1570794.42
13995,GlobalTech,104555,USD,Bi-Weekly,16.8,2024-04-25,payroll,2718430.0
6178,GlobalTech,87069,EUR,Bi-Weekly,20.9,2023-06-03,payroll,2444897.52
13002,GlobalTech,62838,GBP,Monthly,24.4,2024-11-16,payroll,957651.12
10016,GlobalTech,64912,GBP,Bi-Weekly,26.9,2024-08-01,payroll,2143394.24
6950,GlobalTech,70485,USD,Annual,6.7,2023-06-27,payroll,70485.0
9179,GlobalTech,78915,EUR,Monthly,13.7,2024-03-11,payroll,1022738.4
3653,GlobalTech,"£59,699",GBP,Monthly,6.0,2024-04-23,payroll,909812.76
14961,GlobalTech,57465,EUR,Annual,15.5,2024-07-24,payroll,62062.200000000004
9006,GlobalTech,132881,USD,Monthly,11.4,2024-09-19,payroll,1594572.0
13439,GlobalTech,45869,GBP,Bi-Weekly,2.1,2023-03-16,payroll,1514594.3800000001
9346,GlobalTech,94533,GBP,Bi-Weekly,0.8,2024-08-14,payroll,3121479.66
12389,GlobalTech,"€64,356",EUR,Monthly,10.4,2024-07-19,payroll,834053.76
12593,GlobalTech,164078,USD,Bi-Weekly,21.2,2024-11-01,payroll,4266028.0
9281,GlobalTech,96045,USD,Monthly,23.2,2024-01-01,payroll,1152540.0
13386,GlobalTech,84282,EUR,Bi-Weekly,26.8,2024-01-06,payroll,2366638.56
11677,GlobalTech,80608,GBP,Annual,17.3,2024-11-30,payroll,102372.16
5965,GlobalTech,103646,EUR,Bi-Weekly,0.3,2023-02-02,payroll,2910379.68
8376,GlobalTech,66357,GBP,Bi-Weekly,25.5,2024-06-29,payroll,2191108.14
11283,GlobalTech,91850,GBP,Annual,16.0,2023-05-23,payroll,116649.5
3976,GlobalTech,134030,EUR,Annual,27.2,2024-06-27,payroll,144752.40000000002
8707,GlobalTech,79336,USD,Monthly,9.3,2024-11-25,payroll,952032.0
12009,GlobalTech,107552,EUR,Bi-Weekly,15.9,2023-03-03,payroll,3020060.16
14332,GlobalTech,197252,USD,Bi-Weekly,26.2,2023-01-14,payroll,5128552.0
5219,GlobalTech,136962,USD,Bi-Weekly,17.4,2024-08-28,payroll,3561012.0
13504,GlobalTech,118506,USD,Bi-Weekly,22.9,2024-12-15,payroll,3081156.0
4223,GlobalTech,175746,USD,Monthly,9.3,2024-05-30,payroll,2108952.0
4738,GlobalTech,70451,USD,Annual,11.4,2023-08-05,payroll,70451.0
11103,GlobalTech,117139,USD,Monthly,24.5,2024-07-20,payroll,1405668.0
10692,GlobalTech,122778,USD,Bi-Weekly,27.4,2023-10-29,payroll,3192228.0
9362,GlobalTech,106052,EUR,Monthly,13.8,2024-03-05,payroll,1374433.9200000002
5277,GlobalTech,83551,USD,Monthly,24.0,2024-03-09,payroll,1002612.0
11639,GlobalTech,80202,EUR,Annual,1.4,2023-10-26,payroll,86618.16
13653,GlobalTech,78900,EUR,Annual,24.6,2023-12-06,payroll,85212.0
10917,GlobalTech,112608,GBP,Bi-Weekly,23.2,2023-04-24,payroll,3718316.16
1496,GlobalTech,66764,GBP,Annual,15.8,2024-12-27,payroll,84790.28
9666,GlobalTech,73848,GBP,Annual,20.1,2024-04-02,payroll,93786.96
8346,GlobalTech,110634,USD,Monthly,26.2,2023-04-25,payroll,1327608.0
9803,GlobalTech,110867,GBP,Monthly,15.5,2024-11-18,payroll,1689613.08
3581,GlobalTech,82373,EUR,Annual,22.9,2023-12-14,payroll,88962.84000000001
8661,GlobalTech,119162,GBP,Monthly,22.2,2023-04-03,payroll,1816028.8800000001
4876,GlobalTech,72331,EUR,Bi-Weekly,27.0,2024-03-27,payroll,2031054.4800000002
14396,GlobalTech,140915,USD,Annual,5.9,2024-05-04,payroll,140915.0
14213,GlobalTech,52552,EUR,Annual,18.8,2023-06-16,payroll,56756.16
10825,GlobalTech,58612,EUR,Bi-Weekly,5.0,2024-08-04,payroll,1645824.9600000002
13220,GlobalTech,137501,EUR,Monthly,24.0,2023-10-28,payroll,1782012.9600000002
4152,GlobalTech,127954,USD,Monthly,14.8,2024-09-15,payroll,1535448.0
1594,GlobalTech,139342,USD,Bi-Weekly,12.2,2023-07-20,payroll,3622892.0
11084,GlobalTech,129491,EUR,Annual,28.9,2024-11-28,payroll,139850.28
11878,GlobalTech,113059,GBP,Monthly,18.9,2023-02-08,payroll,1723019.16
8577,GlobalTech,92622,GBP,Bi-Weekly,13.9,2023-06-27,payroll,3058378.44
4039,GlobalTech,104636,GBP,Bi-Weekly,1.9,2024-01-01,payroll,3455080.72
8240,GlobalTech,185043,EUR,Annual,22.7,2023-03-09,payroll,199846.44
6643,GlobalTech,75686,GBP,Annual,17.3,2023-03-01,payroll,96121.22
14939,GlobalTech,90604,GBP,Monthly,23.3,2023-10-13,payroll,1380804.96
9441,GlobalTech,135063,USD,Annual,8.8,2024-12-07,payroll,135063.0
14460,GlobalTech,95068,USD,Annual,9.6,2023-10-14,payroll,95068.0
10147,GlobalTech,109246,USD,Bi-Weekly,27.0,2024-09-22,payroll,2840396.0
11036,GlobalTech,90325,GBP,Bi-Weekly,5.1,2024-12-06,payroll,2982531.5
12699,GlobalTech,98675,GBP,Monthly,10.4,2024-02-26,payroll,1503807.0
14091,GlobalTech,100412,GBP,Bi-Weekly,22.9,2024-04-01,payroll,3315604.24
7592,GlobalTech,83944,EUR,Monthly,8.1,2024-12-05,payroll,1087914.24
11710,GlobalTech,60604,USD,Monthly,24.9,2023-08-06,payroll,727248.0
6645,GlobalTech,121922,EUR,Annual,20.0,2023-03-06,payroll,131675.76
10012,GlobalTech,57462,GBP,Bi-Weekly,15.1,2024-08-27,payroll,1897395.24
13847,GlobalTech,69426,EUR,Bi-Weekly,19.5,2024-12-30,payroll,1949482.08
11630,GlobalTech,56035,USD,Bi-Weekly,29.9,2023-11-18,payroll,1456910.0
5495,GlobalTech,148823,USD,Annual,9.4,2023-10-08,payroll,148823.0
14481,GlobalTech,51297,EUR,Monthly,12.2,2023-08-10,payroll,664809.12
12658,GlobalTech,"$125,733",USD,Monthly,19.4,2024-07-26,payroll,1508796.0
7785,GlobalTech,65122,USD,Annual,5.3,2024-03-31,payroll,65122.0
2412,GlobalTech,139012,USD,Annual,9.8,2023-04-07,payroll,139012.0
11230,GlobalTech,109672,USD,Monthly,21.1,2024-03-22,payroll,1316064.0
3042,GlobalTech,127759,EUR,Monthly,3.7,2023-10-31,payroll,1655756.6400000001
14178,GlobalTech,95359,EUR,Monthly,0.9,2024-02-13,payroll,1235852.6400000001
2581,GlobalTech,105701,EUR,Monthly,8.9,2023-12-17,payroll,1369884.9600000002
5223,GlobalTech,"£48,632",GBP,Bi-Weekly,11.1,2024-02-12,payroll,1605828.6400000001
11979,GlobalTech,70354,GBP,Monthly,10.0,2024-06-25,payroll,1072194.96
8451,GlobalTech,116544,USD,Annual,3.4,2024-02-25,payroll,116544.0
2958,GlobalTech,126381,EUR,Annual,12.0,2024-10-23,payroll,136491.48
7305,GlobalTech,82923,USD,Annual,23.4,2023-02-28,payroll,82923.0
6765,GlobalTech,115293,EUR,Bi-Weekly,4.7,2024-05-04,payroll,3237427.4400000004
13314,GlobalTech,127803,USD,Bi-Weekly,13.7,2024-07-01,payroll,3322878.0
9262,GlobalTech,115372,USD,Monthly,15.5,2023-09-11,payroll,1384464.0
13340,GlobalTech,116274,USD,Annual,20.9,2023-10-01,payroll,116274.0
10337,GlobalTech,58577,EUR,Monthly,17.1,2024-07-30,payroll,759157.92
10999,GlobalTech,55648,GBP,Monthly,1.0,2024-02-07,payroll,848075.52
10632,GlobalTech,123490,EUR,Annual,17.0,2023-03-02,payroll,133369.2
4499,GlobalTech,64990,GBP,Bi-Weekly,24.5,2024-10-12,payroll,2145969.8
2212,GlobalTech,85627,EUR,Bi-Weekly,1.6,2024-06-19,payroll,2404406.16
10666,GlobalTech,157233,GBP,Monthly,29.8,2023-10-17,payroll,2396230.92
12380,GlobalTech,122909,EUR,Monthly,15.1,2023-09-07,payroll,1592900.6400000001
599,GlobalTech,104023,EUR,Bi-Weekly,3.7,2024-06-28,payroll,2920965.8400000003
13809,GlobalTech,"€89,044",EUR,Annual,15.7,2024-07-14,payroll,96167.52
3997,GlobalTech,145649,USD,Monthly,17.9,2023-01-24,payroll,1747788.0
7504,GlobalTech,111592,EUR,Bi-Weekly,29.0,2023-08-21,payroll,3133503.3600000003
12934,GlobalTech,"$75,887",USD,Annual,4.8,2024-12-10,payroll,75887.0
13839,GlobalTech,91531,EUR,Bi-Weekly,25.7,2023-06-06,payroll,2570190.48
2771,GlobalTech,171582,USD,Monthly,12.3,2024-08-24,payroll,2058984.0
9013,GlobalTech,102382,GBP,Annual,25.8,2023-01-02,payroll,130025.14
13011,GlobalTech,45397,GBP,Bi-Weekly,4.3,2024-11-30,payroll,1499008.94
13521,GlobalTech,94179,USD,Bi-Weekly,6.8,2024-03-20,payroll,2448654.0
12876,GlobalTech,57622,GBP,Monthly,27.7,2024-01-18,payroll,878159.28
11042,GlobalTech,118485,GBP,Monthly,2.4,2024-12-22,payroll,1805711.4000000001
9717,GlobalTech,84672,USD,Bi-Weekly,23.9,2024-07-22,payroll,2201472.0
14980,GlobalTech,47379,GBP,Bi-Weekly,3.1,2024-12-05,payroll,1564454.58
8326,GlobalTech,88160,EUR,Annual,23.7,2024-05-30,payroll,95212.8
9894,GlobalTech,100590,EUR,Monthly,0.6,2024-02-03,payroll,1303646.4000000001
14318,GlobalTech,108417,GBP,Annual,29.0,2024-04-08,payroll,137689.59
6295,GlobalTech,81222,USD,Bi-Weekly,20.1,2024-02-23,payroll,2111772.0
10220,GlobalTech,59525,GBP,Bi-Weekly,10.5,2024-07-15,payroll,1965515.5
14872,GlobalTech,78527,USD,Monthly,3.0,2023-11-01,payroll,942324.0
9321,GlobalTech,82601,GBP,Bi-Weekly,10.6,2024-07-04,payroll,2727485.02
11637,GlobalTech,53537,USD,Monthly,29.0,2024-04-22,payroll,642444.0
12138,GlobalTech,63893,GBP,Bi-Weekly,26.6,2023-11-19,payroll,2109746.86
11814,GlobalTech,182363,GBP,Bi-Weekly,22.3,2023-05-02,payroll,6021626.26
8267,GlobalTech,95668,EUR,Annual,3.3,2024-09-06,payroll,103321.44
14778,GlobalTech,89651,GBP,Monthly,19.9,2024-01-12,payroll,1366281.24
8939,GlobalTech,"€117,136",EUR,Monthly,24.6,2023-03-24,payroll,1518082.56
11226,GlobalTech,98880,GBP,Annual,28.3,2024-07-19,payroll,125577.6
12942,GlobalTech,40736,GBP,Monthly,14.9,2024-11-17,payroll,620816.64
14572,GlobalTech,94454,GBP,Monthly,28.1,2023-09-27,payroll,1439478.96
6311,GlobalTech,80053,EUR,Annual,8.1,2023-12-04,payroll,86457.24
14216,GlobalTech,147989,USD,Annual,27.2,2024-12-12,payroll,147989.0
7296,GlobalTech,48898,GBP,Annual,28.8,2024-10-04,payroll,62100.46
8312,GlobalTech,115733,EUR,Annual,10.6,2023-02-15,payroll,124991.64000000001
9262,GlobalTech,51658,EUR,Monthly,27.1,2024-01-09,payroll,669487.68
4547,GlobalTech,149632,GBP,Bi-Weekly,16.3,2024-11-04,payroll,4940848.64
14845,GlobalTech,83375,EUR,Annual,24.9,2023-08-31,payroll,90045.0
13449,GlobalTech,53529,EUR,Monthly,9.4,2024-11-26,payroll,693735.8400000001
13430,GlobalTech,103981,EUR,Annual,0.2,2024-06-20,payroll,112299.48000000001
12592,GlobalTech,"€124,487",EUR,Monthly,4.4,2023-04-20,payroll,1613351.52
9345,GlobalTech,109821,EUR,Bi-Weekly,24.8,2023-02-21,payroll,3083773.68
12650,GlobalTech,135335,USD,Bi-Weekly,24.6,2024-07-29,payroll,3518710.0
7173,GlobalTech,"$63,093",USD,Bi-Weekly,16.5,2023-12-20,payroll,1640418.0
13642,GlobalTech,68807,EUR,Bi-Weekly,10.4,2024-08-03,payroll,1932100.56
11649,GlobalTech,139259,USD,Bi-Weekly,3.9,2023-11-21,payroll,3620734.0
14015,GlobalTech,92950,EUR,Annual,6.8,2023-05-13,payroll,100386.0
12783,GlobalTech,182677,EUR,Annual,25.0,2024-07-05,payroll,197291.16
10406,GlobalTech,99205,EUR,Monthly,12.5,2024-07-16,payroll,1285696.8
9262,GlobalTech,63630,USD,Monthly,3.4,2023-03-22,payroll,763560.0
12342,GlobalTech,55243,GBP,Annual,29.3,2023-03-14,payroll,70158.61
3988,GlobalTech,83323,USD,Monthly,1.4,2023-09-26,payroll,999876.0
6475,GlobalTech,46949,EUR,Annual,11.4,2023-11-01,payroll,50704.920000000006
10599,GlobalTech,122100,USD,Annual,14.1,2024-08-18,payroll,122100.0
13486,GlobalTech,126455,EUR,Bi-Weekly,5.6,2024-04-29,payroll,3550856.4000000004
11955,GlobalTech,149075,GBP,Annual,19.8,2023-09-13,payroll,189325.25
1089,GlobalTech,54873,EUR,Monthly,4.5,2023-04-17,payroll,711154.0800000001
8947,GlobalTech,"£93,259",GBP,Bi-Weekly,1.1,2023-12-05,payroll,3079412.18
4607,GlobalTech,109144,USD,Annual,11.7,2024-08-01,payroll,109144.0
5635,GlobalTech,53127,USD,Bi-Weekly,24.5,2024-05-29,payroll,1381302.0
12359,GlobalTech,85706,USD,Annual,5.7,2023-09-26,payroll,85706.0
10003,GlobalTech,103477,EUR,Annual,9.3,2024-07-06,payroll,111755.16
14851,GlobalTech,59801,USD,Bi-Weekly,5.0,2024-03-27,payroll,1554826.0
14935,GlobalTech,69322,EUR,Monthly,23.9,2024-02-10,payroll,898413.1200000001
12443,GlobalTech,115435,EUR,Annual,17.1,2023-02-25,payroll,124669.8
5506,GlobalTech,108751,GBP,Annual,8.5,2024-04-14,payroll,138113.77
1882,GlobalTech,95387,EUR,Annual,28.9,2023-04-02,payroll,103017.96
12069,GlobalTech,138854,EUR,Monthly,17.3,2023-12-08,payroll,1799547.84
10273,GlobalTech,97587,GBP,Monthly,16.2,2023-05-31,payroll,1487225.8800000001
6379,GlobalTech,68329,USD,Annual,20.4,2024-12-07,payroll,68329.0
5565,GlobalTech,138134,USD,Annual,25.3,2024-07-04,payroll,138134.0
10652,GlobalTech,97247,USD,Bi-Weekly,14.9,2023-12-19,payroll,2528422.0
8788,GlobalTech,84767,GBP,Monthly,0.2,2024-12-26,payroll,1291849.08
2517,GlobalTech,173752,USD,Monthly,28.4,2023-12-26,payroll,2085024.0
14149,GlobalTech,55474,EUR,Bi-Weekly,11.5,2023-05-30,payroll,1557709.9200000002
13389,GlobalTech,105233,USD,Monthly,13.9,2024-09-12,payroll,1262796.0
14782,GlobalTech,59136,GBP,Monthly,7.2,2024-10-12,payroll,901232.64
14751,GlobalTech,197821,USD,Annual,6.5,2023-02-02,payroll,197821.0
7395,GlobalTech,75800,GBP,Bi-Weekly,22.3,2024-03-10,payroll,2502916.0
13399,GlobalTech,133603,EUR,Monthly,15.5,2024-03-02,payroll,1731494.8800000001
9374,GlobalTech,64140,GBP,Monthly,8.7,2024-05-17,payroll,977493.6
14783,GlobalTech,69312,GBP,Annual,17.5,2023-09-27,payroll,88026.24
4197,GlobalTech,75839,EUR,Annual,28.6,2023-10-16,payroll,81906.12000000001
12457,GlobalTech,115936,EUR,Monthly,12.9,2023-09-05,payroll,1502530.56
9660,GlobalTech,60322,GBP,Annual,18.3,2024-10-08,payroll,76608.94
9081,GlobalTech,132258,EUR,Monthly,14.5,2023-12-31,payroll,1714063.6800000002
5191,GlobalTech,76370,USD,Annual,8.1,2023-10-16,payroll,76370.0
8839,GlobalTech,88098,GBP,Bi-Weekly,28.1,2024-06-24,payroll,2908995.96
14600,GlobalTech,58964,GBP,Annual,18.7,2024-01-03,payroll,74884.28
7287,GlobalTech,117713,GBP,Bi-Weekly,4.1,2024-04-30,payroll,3886883.2600000002
10840,GlobalTech,75809,GBP,Annual,7.4,2024-01-24,payroll,96277.43000000001
10942,GlobalTech,118136,GBP,Bi-Weekly,12.0,2024-05-12,payroll,3900850.72
14073,GlobalTech,130954,EUR,Annual,20.5,2023-10-12,payroll,141430.32
10175,GlobalTech,106189,EUR,Bi-Weekly,24.8,2024-07-05,payroll,2981787.12
6855,GlobalTech,57587,EUR,Monthly,7.4,2023-06-05,payroll,746327.52
13691,GlobalTech,93920,EUR,Bi-Weekly,4.3,2024-08-21,payroll,2637273.6
13511,GlobalTech,84268,EUR,Monthly,12.0,2024-07-12,payroll,1092113.28
14175,GlobalTech,73358,USD,Annual,7.5,2023-07-18,payroll,73358.0
1944,GlobalTech,56295,USD,Annual,27.0,2023-06-29,payroll,56295.0
5734,GlobalTech,90496,GBP,Annual,1.3,2023-03-05,payroll,114929.92
14640,GlobalTech,94464,GBP,Annual,1.3,2024-08-08,payroll,119969.28
14641,GlobalTech,102217,EUR,Bi-Weekly,27.2,2024-07-30,payroll,2870253.3600000003
9445,GlobalTech,68278,GBP,Annual,13.0,2024-08-07,payroll,86713.06
14000,GlobalTech,137027,USD,Annual,13.3,2024-03-10,payroll,137027.0
13028,GlobalTech,132492,USD,Annual,4.3,2024-11-17,payroll,132492.0
14355,GlobalTech,"£113,808",GBP,Bi-Weekly,22.3,2023-06-30,payroll,3757940.16
7491,GlobalTech,128842,EUR,Monthly,24.3,2024-02-23,payroll,1669792.32
14932,GlobalTech,118944,GBP,Bi-Weekly,0.0,2024-02-20,payroll,3927530.88
6347,GlobalTech,66114,GBP,Annual,9.8,2024-02-24,payroll,83964.78
14077,GlobalTech,83442,USD,Bi-Weekly,2.3,2023-08-18,payroll,2169492.0
12364,GlobalTech,134463,USD,Monthly,22.4,2024-11-14,payroll,1613556.0
4909,GlobalTech,123687,GBP,Annual,4.8,2023-10-03,payroll,157082.49
11242,GlobalTech,"$128,985",USD,Annual,18.2,2024-12-19,payroll,128985.0
5717,GlobalTech,105961,EUR,Monthly,24.8,2023-01-20,payroll,1373254.56
13402,GlobalTech,118365,GBP,Monthly,28.8,2024-07-11,payroll,1803882.6
4277,GlobalTech,100313,EUR,Annual,6.4,2024-09-13,payroll,108338.04000000001
5600,GlobalTech,120263,USD,Monthly,11.8,2024-01-07,payroll,1443156.0
4628,GlobalTech,136577,EUR,Monthly,19.2,2024-05-08,payroll,1770037.9200000002
3109,GlobalTech,103284,USD,Bi-Weekly,9.6,2024-07-12,payroll,2685384.0
14038,GlobalTech,107535,USD,Monthly,6.8,2024-11-15,payroll,1290420.0
8145,GlobalTech,117629,EUR,Annual,8.0,2023-11-03,payroll,127039.32
773,GlobalTech,112804,USD,Monthly,24.4,2024-04-04,payroll,1353648.0
5380,GlobalTech,83578,GBP,Monthly,27.3,2023-12-12,payroll,1273728.72
4968,GlobalTech,52673,EUR,Bi-Weekly,6.2,2023-12-17,payroll,1479057.84
13555,GlobalTech,117633,USD,Monthly,8.5,2024-02-07,payroll,1411596.0
9280,GlobalTech,138359,EUR,Monthly,23.3,2023-10-27,payroll,1793132.6400000001
10534,GlobalTech,132296,EUR,Bi-Weekly,9.5,2023-11-03,payroll,3714871.68
6888,GlobalTech,100729,GBP,Bi-Weekly,0.8,2024-05-02,payroll,3326071.58
10070,GlobalTech,62072,USD,Bi-Weekly,16.3,2024-01-15,payroll,1613872.0
9372,GlobalTech,125171,USD,Annual,8.0,2024-01-27,payroll,125171.0
14961,GlobalTech,92800,GBP,Bi-Weekly,25.4,2023-01-15,payroll,3064256.0
13153,GlobalTech,90097,USD,Monthly,18.1,2023-03-12,payroll,1081164.0
5109,GlobalTech,83743,EUR,Annual,20.9,2024-02-23,payroll,90442.44
9210,GlobalTech,106192,EUR,Monthly,25.2,2023-12-14,payroll,1376248.32
13380,GlobalTech,122113,EUR,Bi-Weekly,9.6,2024-03-01,payroll,3428933.04
11690,GlobalTech,103312,GBP,Annual,20.0,2023-05-16,payroll,131206.24
8756,GlobalTech,62226,EUR,Bi-Weekly,3.0,2024-02-02,payroll,1747306.08
11198,GlobalTech,80803,EUR,Bi-Weekly,17.3,2023-03-13,payroll,2268948.24
13629,GlobalTech,90636,USD,Bi-Weekly,28.8,2024-12-20,payroll,2356536.0
11125,GlobalTech,65693,USD,Annual,0.9,2023-04-17,payroll,65693.0
1833,GlobalTech,44378,GBP,Monthly,9.7,2024-02-05,payroll,676320.72
7929,GlobalTech,117715,GBP,Annual,14.2,2023-01-03,payroll,149498.05
3627,GlobalTech,160140,EUR,Bi-Weekly,17.8,2023-05-06,payroll,4496731.2
14866,GlobalTech,107695,USD,Annual,12.2,2024-08-11,payroll,107695.0
13421,GlobalTech,106573,USD,Monthly,15.0,2023-07-10,payroll,1278876.0
8653,GlobalTech,52666,GBP,Monthly,8.0,2023-02-08,payroll,802629.84
12228,GlobalTech,40027,GBP,Monthly,9.5,2023-05-20,payroll,610011.48
10736,GlobalTech,"£57,140",GBP,Annual,15.7,2023-01-26,payroll,72567.8
9067,GlobalTech,69920,USD,Monthly,7.7,2023-04-03,payroll,839040.0
14498,GlobalTech,128186,USD,Annual,11.9,2024-06-16,payroll,128186.0
13358,GlobalTech,96348,USD,Annual,4.9,2023-02-20,payroll,96348.0
14140,GlobalTech,90715,GBP,Bi-Weekly,16.9,2024-01-22,payroll,2995409.3
13564,GlobalTech,91228,USD,Bi-Weekly,28.2,2024-01-14,payroll,2371928.0
4541,GlobalTech,90015,USD,Annual,4.9,2024-05-08,payroll,90015.0
14371,GlobalTech,143265,EUR,Annual,7.2,2023-11-08,payroll,154726.2
10096,GlobalTech,"£113,124",GBP,Annual,11.2,2024-01-31,payroll,143667.48
4132,GlobalTech,112613,USD,Annual,26.5,2023-02-10,payroll,112613.0
12777,GlobalTech,107499,USD,Bi-Weekly,13.1,2023-08-19,payroll,2794974.0
10523,GlobalTech,88550,EUR,Bi-Weekly,14.6,2024-05-20,payroll,2486484.0
9458,GlobalTech,115021,USD,Bi-Weekly,6.8,2024-06-22,payroll,2990546.0
14630,GlobalTech,67204,GBP,Monthly,9.4,2023-02-22,payroll,1024188.96
9176,GlobalTech,66783,GBP,Monthly,13.6,2024-01-09,payroll,1017772.92
11520,GlobalTech,42707,GBP,Monthly,4.1,2023-12-30,payroll,650854.68
6349,GlobalTech,121587,USD,Bi-Weekly,24.7,2023-06-25,payroll,3161262.0
6838,GlobalTech,120036,USD,Bi-Weekly,1.6,2024-04-11,payroll,3120936.0
2357,GlobalTech,48271,GBP,Monthly,27.0,2024-04-20,payroll,735650.04
8326,GlobalTech,127156,EUR,Monthly,11.1,2024-09-23,payroll,1647941.76
3644,GlobalTech,124055,EUR,Monthly,14.5,2023-05-09,payroll,1607752.8
9821,GlobalTech,42931,GBP,Bi-Weekly,0.2,2024-10-20,payroll,1417581.62
3821,GlobalTech,86612,GBP,Bi-Weekly,17.6,2024-05-07,payroll,2859928.24
13749,GlobalTech,55272,USD,Monthly,25.4,2024-12-21,payroll,663264.0
11983,GlobalTech,119351,GBP,Monthly,12.0,2023-05-01,payroll,1818909.24
5396,GlobalTech,113491,EUR,Bi-Weekly,2.2,2023-07-11,payroll,3186827.2800000003
7889,GlobalTech,126000,USD,Monthly,12.1,2023-01-09,payroll,1512000.0
7842,GlobalTech,88216,EUR,Annual,21.6,2024-12-18,payroll,95273.28000000001
12890,GlobalTech,66204,USD,Annual,23.5,2024-10-05,payroll,66204.0
6280,GlobalTech,73764,USD,Annual,0.4,2024-04-27,payroll,73764.0
12534,GlobalTech,"£51,129",GBP,Annual,3.8,2024-04-20,payroll,64933.83
10890,GlobalTech,95546,EUR,Annual,16.5,2023-11-25,payroll,103189.68000000001
5139,GlobalTech,110977,GBP,Bi-Weekly,29.3,2024-04-15,payroll,3664460.54
13448,GlobalTech,167356,EUR,Bi-Weekly,2.9,2024-05-31,payroll,4699356.48
12003,GlobalTech,144944,USD,Monthly,8.8,2023-12-13,payroll,1739328.0
10046,GlobalTech,99946,EUR,Monthly,6.1,2024-07-28,payroll,1295300.1600000001
8452,GlobalTech,139494,EUR,Bi-Weekly,4.7,2024-08-07,payroll,3916991.5200000005
7603,GlobalTech,77419,GBP,Monthly,2.8,2023-09-03,payroll,1179865.56
9806,GlobalTech,99740,EUR,Bi-Weekly,1.1,2024-03-09,payroll,2800699.2
13591,GlobalTech,175930,EUR,Annual,25.7,2023-02-21,payroll,190004.40000000002
7264,GlobalTech,81013,EUR,Bi-Weekly,19.5,2024-05-24,payroll,2274845.04
1932,GlobalTech,104764,EUR,Bi-Weekly,11.7,2024-03-30,payroll,2941773.12
5265,GlobalTech,125701,EUR,Monthly,13.2,2023-10-03,payroll,1629084.9600000002
12841,GlobalTech,121601,EUR,Annual,17.1,2023-09-12,payroll,131329.08000000002
14992,GlobalTech,"$129,007",USD,Annual,22.2,2023-07-28,payroll,129007.0
4886,GlobalTech,"£63,975",GBP,Monthly,14.0,2023-04-22,payroll,974979.0
6079,GlobalTech,76870,USD,Monthly,10.3,2024-06-21,payroll,922440.0
14982,GlobalTech,98048,GBP,Annual,2.6,2023-08-03,payroll,124520.96
3259,GlobalTech,66141,USD,Annual,14.3,2024-10-04,payroll,66141.0
13253,GlobalTech,107442,EUR,Annual,21.8,2023-06-02,payroll,116037.36
14676,GlobalTech,49065,EUR,Bi-Weekly,0.8,2024-11-03,payroll,1377745.2000000002
6261,GlobalTech,55555,EUR,Annual,1.3,2023-06-25,payroll,59999.4
12345,GlobalTech,63433,EUR,Bi-Weekly,13.4,2023-01-05,payroll,1781198.6400000001
12684,GlobalTech,131686,EUR,Annual,2.0,2024-03-09,payroll,142220.88
14967,GlobalTech,128610,EUR,Annual,20.1,2023-10-18,payroll,138898.80000000002
14374,GlobalTech,80972,EUR,Monthly,10.9,2023-08-27,payroll,1049397.12
4121,GlobalTech,196713,USD,Annual,13.2,2023-11-30,payroll,196713.0
1964,GlobalTech,69610,EUR,Bi-Weekly,26.3,2023-03-01,payroll,1954648.8
13357,GlobalTech,66619,GBP,Annual,9.4,2024-10-15,payroll,84606.13
12243,GlobalTech,58743,GBP,Annual,24.7,2023-01-04,payroll,74603.61
9353,GlobalTech,79440,EUR,Annual,9.5,2023-03-27,payroll,85795.20000000001
5049,GlobalTech,109766,GBP,Annual,22.2,2023-05-20,payroll,139402.82
8362,GlobalTech,119058,EUR,Bi-Weekly,29.2,2024-03-17,payroll,3343148.64
4629,GlobalTech,79886,GBP,Bi-Weekly,22.8,2024-09-13,payroll,2637835.72
2986,GlobalTech,70588,USD,Monthly,14.8,2023-02-04,payroll,847056.0
6379,GlobalTech,50531,GBP,Annual,19.9,2024-08-14,payroll,64174.37
4598,GlobalTech,89638,USD,Bi-Weekly,20.0,2024-08-15,payroll,2330588.0
14528,GlobalTech,80558,GBP,Bi-Weekly,14.4,2023-12-14,payroll,2660025.16
13239,GlobalTech,68364,USD,Bi-Weekly,22.7,2023-01-10,payroll,1777464.0
7643,GlobalTech,222780,EUR,Monthly,14.2,2024-08-07,payroll,2887228.8000000003
7852,GlobalTech,176719,USD,Bi-Weekly,1.6,2023-05-22,payroll,4594694.0
8792,GlobalTech,"$125,649",USD,Monthly,8.9,2024-04-18,payroll,1507788.0
13000,GlobalTech,81506,GBP,Bi-Weekly,21.9,2023-02-21,payroll,2691328.12
10816,GlobalTech,99477,GBP,Monthly,20.1,2023-03-12,payroll,1516029.48
12607,GlobalTech,65806,USD,Monthly,20.0,2023-11-18,payroll,789672.0
14553,GlobalTech,141050,USD,Bi-Weekly,9.4,2023-04-19,payroll,3667300.0
13099,GlobalTech,129485,USD,Monthly,5.1,2024-08-21,payroll,1553820.0
10303,GlobalTech,103969,GBP,Bi-Weekly,23.0,2024-05-04,payroll,3433056.38
11461,GlobalTech,126484,GBP,Monthly,0.0,2023-03-25,payroll,1927616.16
10923,GlobalTech,78335,USD,Annual,23.0,2023-12-16,payroll,78335.0
5591,GlobalTech,57627,USD,Bi-Weekly,2.3,2024-06-13,payroll,1498302.0
7167,GlobalTech,61204,GBP,Annual,24.7,2023-12-18,payroll,77729.08
10908,GlobalTech,92907,GBP,Annual,21.6,2023-09-25,payroll,117991.89
12632,GlobalTech,98557,USD,Annual,28.6,2023-11-29,payroll,98557.0
7932,GlobalTech,102671,USD,Monthly,8.2,2024-12-14,payroll,1232052.0
6534,GlobalTech,73724,GBP,Bi-Weekly,12.1,2024-04-16,payroll,2434366.48
14951,GlobalTech,72436,GBP,Monthly,14.6,2023-03-03,payroll,1103924.6400000001
9172,GlobalTech,114252,USD,Bi-Weekly,7.5,2023-07-12,payroll,2970552.0
7761,GlobalTech,77191,EUR,Bi-Weekly,4.8,2023-11-26,payroll,2167523.2800000003
9561,GlobalTech,104831,USD,Bi-Weekly,20.4,2024-10-02,payroll,2725606.0
13028,GlobalTech,"$115,556",USD,Annual,1.8,2023-05-03,payroll,115556.0
9452,GlobalTech,131376,EUR,Annual,4.4,2023-10-01,payroll,141886.08000000002
1926,GlobalTech,74701,GBP,Annual,16.1,2024-01-23,payroll,94870.27
7366,GlobalTech,"€100,540",EUR,Monthly,1.1,2023-08-19,payroll,1302998.4000000001
5765,GlobalTech,96376,EUR,Monthly,28.4,2023-06-02,payroll,1249032.9600000002
11011,GlobalTech,116443,GBP,Bi-Weekly,8.7,2024-02-03,payroll,3844947.86
11554,GlobalTech,85858,USD,Annual,9.5,2024-07-01,payroll,85858.0
13813,GlobalTech,141751,USD,Bi-Weekly,12.1,2024-10-05,payroll,3685526.0
13645,GlobalTech,"£112,370",GBP,Bi-Weekly,19.1,2023-04-08,payroll,3710457.4
6935,GlobalTech,139583,USD,Bi-Weekly,29.7,2023-01-28,payroll,3629158.0
6924,GlobalTech,104125,GBP,Monthly,6.0,2023-11-13,payroll,1586865.0
12830,GlobalTech,43489,GBP,Bi-Weekly,19.1,2024-03-08,payroll,1436006.78
9941,GlobalTech,59821,USD,Bi-Weekly,8.2,2024-12-31,payroll,1555346.0
13838,GlobalTech,67492,GBP,Bi-Weekly,19.4,2023-01-12,payroll,2228585.84
7034,GlobalTech,87332,GBP,Bi-Weekly,21.1,2024-03-16,payroll,2883702.64
11465,GlobalTech,105244,GBP,Monthly,27.5,2024-01-30,payroll,1603918.56
13037,GlobalTech,178883,USD,Annual,17.9,2024-10-19,payroll,178883.0
10691,GlobalTech,80536,GBP,Annual,9.9,2024-04-22,payroll,102280.72
13846,GlobalTech,73610,EUR,Annual,3.0,2023-12-26,payroll,79498.8
11672,GlobalTech,89567,USD,Annual,3.4,2023-10-14,payroll,89567.0
7073,GlobalTech,129854,EUR,Bi-Weekly,7.3,2023-02-18,payroll,3646300.3200000003
7754,GlobalTech,131486,EUR,Bi-Weekly,13.9,2023-10-02,payroll,3692126.8800000004
5669,GlobalTech,123039,EUR,Monthly,8.4,2023-02-28,payroll,1594585.4400000002
4651,GlobalTech,71921,GBP,Bi-Weekly,21.8,2024-02-07,payroll,2374831.42
13261,GlobalTech,118734,EUR,Bi-Weekly,26.6,2023-10-16,payroll,3334050.72
14646,GlobalTech,56170,GBP,Annual,22.8,2024-03-18,payroll,71335.9
9785,GlobalTech,70973,GBP,Bi-Weekly,22.0,2024-07-23,payroll,2343528.46
6614,GlobalTech,92020,GBP,Monthly,0.9,2024-05-20,payroll,1402384.8
3569,GlobalTech,115266,EUR,Annual,1.0,2023-06-06,payroll,124487.28000000001
14645,GlobalTech,112688,EUR,Monthly,3.0,2023-11-02,payroll,1460436.48
9969,GlobalTech,71139,EUR,Annual,27.7,2023-02-06,payroll,76830.12000000001
4727,GlobalTech,136814,EUR,Annual,1.5,2023-03-24,payroll,147759.12
14149,GlobalTech,137107,USD,Monthly,12.5,2023-08-05,payroll,1645284.0
13956,GlobalTech,100921,USD,Bi-Weekly,12.9,2024-06-06,payroll,2623946.0
8195,GlobalTech,85798,GBP,Monthly,5.6,2023-03-11,payroll,1307561.52
9202,GlobalTech,109974,USD,Bi-Weekly,23.1,2023-06-18,payroll,2859324.0
14908,GlobalTech,87472,GBP,Annual,27.4,2024-05-11,payroll,111089.44
9803,GlobalTech,136088,USD,Annual,21.9,2024-02-08,payroll,136088.0
3064,GlobalTech,114969,GBP,Monthly,8.8,2024-12-18,payroll,1752127.56
10078,GlobalTech,113325,USD,Monthly,25.2,2024-07-14,payroll,1359900.0
9185,GlobalTech,52350,GBP,Bi-Weekly,5.3,2024-01-15,payroll,1728597.0
10782,GlobalTech,74464,EUR,Annual,12.8,2023-02-23,payroll,80421.12000000001
11630,GlobalTech,100708,EUR,Bi-Weekly,0.4,2023-10-14,payroll,2827880.64
2828,GlobalTech,135718,USD,Monthly,14.6,2023-03-15,payroll,1628616.0
9381,GlobalTech,98877,EUR,Annual,2.8,2024-06-11,payroll,106787.16
8875,GlobalTech,104390,EUR,Bi-Weekly,14.5,2023-05-23,payroll,2931271.2
6928,GlobalTech,121504,USD,Annual,11.6,2023-05-06,payroll,121504.0
14052,GlobalTech,"€48,035",EUR,Annual,26.7,2024-04-05,payroll,51877.8
10127,GlobalTech,130469,USD,Monthly,9.9,2023-07-25,payroll,1565628.0
7039,GlobalTech,90998,EUR,Bi-Weekly,22.4,2023-05-25,payroll,2555223.8400000003
11168,GlobalTech,145207,USD,Annual,15.1,2024-10-03,payroll,145207.0
11009,GlobalTech,56701,EUR,Annual,20.2,2023-05-31,payroll,61237.08
10688,GlobalTech,86184,GBP,Monthly,2.4,2023-11-11,payroll,1313444.16
12403,GlobalTech,136907,EUR,Bi-Weekly,0.0,2023-03-31,payroll,3844348.56
7493,GlobalTech,46246,GBP,Annual,26.7,2023-09-25,payroll,58732.42
13775,GlobalTech,134936,USD,Monthly,11.3,2024-12-28,payroll,1619232.0
13933,GlobalTech,72465,EUR,Monthly,13.5,2024-01-07,payroll,939146.4
2663,GlobalTech,"$62,257",USD,Bi-Weekly,27.8,2024-08-17,payroll,1618682.0
12604,GlobalTech,83456,GBP,Annual,10.1,2023-12-04,payroll,105989.12
2179,GlobalTech,112361,EUR,Annual,10.9,2023-06-14,payroll,121349.88
9005,GlobalTech,90187,EUR,Bi-Weekly,7.0,2023-05-29,payroll,2532450.96
7586,GlobalTech,66098,USD,Annual,6.6,2024-08-06,payroll,66098.0
10687,GlobalTech,142182,EUR,Bi-Weekly,15.4,2023-08-04,payroll,3992470.56
4767,GlobalTech,85846,EUR,Bi-Weekly,7.6,2023-11-10,payroll,2410555.68
6276,GlobalTech,"$101,665",USD,Annual,22.0,2024-07-18,payroll,101665.0
11241,GlobalTech,93169,GBP,Annual,13.7,2024-04-22,payroll,118324.63
9710,GlobalTech,125341,GBP,Bi-Weekly,0.2,2024-09-24,payroll,4138759.82
8926,GlobalTech,84329,EUR,Monthly,28.8,2023-04-08,payroll,1092903.84
12792,GlobalTech,109933,EUR,Monthly,29.5,2024-11-19,payroll,1424731.6800000002
9974,GlobalTech,110408,GBP,Annual,20.9,2024-05-13,payroll,140218.16
10045,GlobalTech,95450,USD,Annual,6.4,2023-05-23,payroll,95450.0
10623,GlobalTech,93749,USD,Bi-Weekly,17.6,2024-04-10,payroll,2437474.0
8920,GlobalTech,47480,EUR,Annual,24.1,2024-03-24,payroll,51278.4
12358,GlobalTech,104598,EUR,Bi-Weekly,6.9,2023-08-13,payroll,2937111.8400000003
14031,GlobalTech,89426,EUR,Monthly,23.5,2023-08-14,payroll,1158960.96
5630,GlobalTech,52074,GBP,Annual,14.1,2024-03-05,payroll,66133.98
4436,GlobalTech,"$115,688",USD,Monthly,21.0,2023-12-01,payroll,1388256.0
14903,GlobalTech,"€69,173",EUR,Bi-Weekly,24.9,2024-04-22,payroll,1942377.84
12261,GlobalTech,94341,EUR,Bi-Weekly,19.6,2024-08-30,payroll,2649095.2800000003
10705,GlobalTech,171886,EUR,Monthly,24.5,2023-10-15,payroll,2227642.56
14406,GlobalTech,144788,USD,Monthly,9.5,2024-07-03,payroll,1737456.0
2618,GlobalTech,105889,GBP,Monthly,5.3,2024-08-09,payroll,1613748.36
10635,GlobalTech,73670,USD,Monthly,6.2,2024-10-07,payroll,884040.0
11507,GlobalTech,98994,GBP,Bi-Weekly,7.2,2023-02-28,payroll,3268781.88
8204,GlobalTech,162630,EUR,Bi-Weekly,14.6,2023-03-13,payroll,4566650.4
11694,GlobalTech,70417,GBP,Monthly,2.0,2023-08-16,payroll,1073155.08
11060,GlobalTech,99517,EUR,Annual,13.9,2023-05-28,payroll,107478.36
7324,GlobalTech,50725,GBP,Bi-Weekly,16.8,2023-02-24,payroll,1674939.5
7301,GlobalTech,"£72,178",GBP,Bi-Weekly,5.9,2023-09-02,payroll,2383317.56
3544,GlobalTech,111580,USD,Annual,21.1,2024-03-17,payroll,111580.0
5367,GlobalTech,74026,GBP,Bi-Weekly,26.7,2024-02-12,payroll,2444338.52
13295,GlobalTech,136803,USD,Monthly,27.5,2024-03-21,payroll,1641636.0
12114,GlobalTech,94070,EUR,Monthly,6.8,2024-05-29,payroll,1219147.2000000002
11869,GlobalTech,90565,EUR,Annual,29.2,2023-05-22,payroll,97810.20000000001
11506,GlobalTech,68532,GBP,Bi-Weekly,14.6,2023-07-10,payroll,2262926.64
11416,GlobalTech,"$97,178",USD,Monthly,28.0,2024-06-21,payroll,1166136.0
13981,GlobalTech,167014,EUR,Monthly,0.6,2023-09-11,payroll,2164501.44
6546,GlobalTech,82209,GBP,Annual,9.7,2023-05-30,payroll,104405.43000000001
14868,GlobalTech,77212,GBP,Annual,13.6,2023-06-09,payroll,98059.24
3454,GlobalTech,78559,EUR,Annual,3.1,2023-10-05,payroll,84843.72
5486,GlobalTech,80316,GBP,Bi-Weekly,1.0,2023-07-13,payroll,2652034.32
708,GlobalTech,80563,USD,Bi-Weekly,4.9,2023-12-28,payroll,2094638.0
14915,GlobalTech,106033,USD,Annual,14.3,2024-05-22,payroll,106033.0
7794,GlobalTech,82571,EUR,Bi-Weekly,5.1,2023-03-03,payroll,2318593.68
7756,GlobalTech,80493,EUR,Annual,29.7,2024-01-18,payroll,86932.44
6917,GlobalTech,75751,GBP,Annual,9.7,2024-02-12,payroll,96203.77
2927,GlobalTech,147735,USD,Bi-Weekly,20.9,2024-12-12,payroll,3841110.0
5361,GlobalTech,147417,USD,Annual,24.0,2023-02-11,payroll,147417.0
11188,GlobalTech,149546,USD,Monthly,6.8,2023-12-25,payroll,1794552.0
4717,GlobalTech,68079,USD,Annual,28.5,2024-10-31,payroll,68079.0
12352,GlobalTech,143730,USD,Annual,5.0,2023-05-01,payroll,143730.0
8230,GlobalTech,159891,USD,Monthly,1.3,2023-07-05,payroll,1918692.0
8610,GlobalTech,61540,EUR,Monthly,23.2,2024-02-16,payroll,797558.4
2880,GlobalTech,104180,GBP,Annual,27.6,2023-01-09,payroll,132308.6
10793,GlobalTech,140886,USD,Bi-Weekly,4.8,2024-10-09,payroll,3663036.0
2976,GlobalTech,221005,EUR,Annual,12.7,2024-11-18,payroll,238685.40000000002
13559,GlobalTech,89167,GBP,Bi-Weekly,9.6,2024-08-19,payroll,2944294.34
5831,GlobalTech,94629,USD,Annual,2.4,2023-12-20,payroll,94629.0
6896,GlobalTech,62687,EUR,Annual,20.4,2024-02-25,payroll,67701.96
6275,GlobalTech,117217,GBP,Bi-Weekly,19.6,2024-03-02,payroll,3870505.34
14470,GlobalTech,116960,USD,Annual,16.8,2023-04-20,payroll,116960.0
10923,GlobalTech,175872,USD,Monthly,11.4,2023-05-23,payroll,2110464.0
2492,GlobalTech,85392,EUR,Bi-Weekly,14.5,2024-09-10,payroll,2397807.3600000003
14837,GlobalTech,90917,USD,Annual,10.4,2023-11-28,payroll,90917.0
13520,GlobalTech,90839,GBP,Bi-Weekly,28.3,2024-09-02,payroll,2999503.7800000003
10782,GlobalTech,58097,USD,Annual,8.9,2023-07-10,payroll,58097.0
14477,GlobalTech,75465,GBP,Annual,18.7,2024-06-30,payroll,95840.55
7141,GlobalTech,78119,USD,Annual,11.9,2024-01-03,payroll,78119.0
8492,GlobalTech,112263,GBP,Monthly,17.8,2024-01-12,payroll,1710888.12
14244,GlobalTech,102084,GBP,Monthly,4.2,2023-09-20,payroll,1555760.16
14190,GlobalTech,42772,GBP,Annual,4.8,2024-06-27,payroll,54320.44
12120,GlobalTech,77984,USD,Bi-Weekly,18.3,2024-09-23,payroll,2027584.0
10526,GlobalTech,92971,GBP,Annual,28.6,2024-04-17,payroll,118073.17
12818,GlobalTech,56121,USD,Bi-Weekly,8.3,2023-11-17,payroll,1459146.0
13394,GlobalTech,87558,GBP,Annual,26.8,2024-07-09,payroll,111198.66
10583,GlobalTech,71462,GBP,Monthly,19.2,2023-11-01,payroll,1089080.8800000001
14895,GlobalTech,62771,EUR,Annual,27.6,2024-06-10,payroll,67792.68000000001
9399,GlobalTech,105568,GBP,Bi-Weekly,20.7,2024-03-19,payroll,3485855.36
9525,GlobalTech,137287,EUR,Monthly,26.4,2024-03-17,payroll,1779239.52
13941,GlobalTech,65589,EUR,Bi-Weekly,2.1,2024-06-04,payroll,1841739.12
8568,GlobalTech,67094,USD,Bi-Weekly,3.5,2024-10-03,payroll,1744444.0
9121,GlobalTech,59429,USD,Monthly,10.5,2024-08-15,payroll,713148.0
11866,GlobalTech,134015,EUR,Monthly,30.0,2024-01-28,payroll,1736834.4000000001
5927,GlobalTech,145836,GBP,Monthly,15.5,2023-08-04,payroll,2222540.64
14582,GlobalTech,136945,EUR,Annual,11.0,2024-10-18,payroll,147900.6
11923,GlobalTech,167094,USD,Bi-Weekly,18.8,2024-01-27,payroll,4344444.0
14306,GlobalTech,113499,GBP,Bi-Weekly,2.1,2024-06-19,payroll,3747736.98
5685,GlobalTech,76689,EUR,Bi-Weekly,10.6,2023-01-28,payroll,2153427.12
11353,GlobalTech,115218,USD,Annual,5.9,2024-04-21,payroll,115218.0
10055,GlobalTech,72611,EUR,Annual,22.6,2023-04-27,payroll,78419.88
3508,GlobalTech,65703,GBP,Bi-Weekly,28.3,2023-01-14,payroll,2169513.06
13911,GlobalTech,101457,GBP,Monthly,16.3,2023-12-30,payroll,1546204.68
8700,GlobalTech,100934,EUR,Monthly,15.9,2024-12-20,payroll,1308104.6400000001
14568,GlobalTech,102179,USD,Annual,18.0,2023-05-27,payroll,102179.0
5896,GlobalTech,118932,GBP,Annual,7.4,2024-03-17,payroll,151043.64
12886,GlobalTech,102384,EUR,Bi-Weekly,27.3,2023-08-22,payroll,2874942.72
12227,GlobalTech,234426,USD,Monthly,17.7,2024-10-24,payroll,2813112.0
13166,GlobalTech,"£58,508",GBP,Annual,2.4,2023-11-01,payroll,74305.16
11462,GlobalTech,96511,EUR,Annual,7.9,2024-04-17,payroll,104231.88
8485,GlobalTech,56902,EUR,Annual,5.2,2023-01-16,payroll,61454.16
11325,GlobalTech,120738,USD,Monthly,21.6,2024-08-12,payroll,1448856.0
9606,GlobalTech,120795,EUR,Annual,27.3,2024-03-13,payroll,130458.6
9128,GlobalTech,110788,GBP,Monthly,13.3,2023-04-01,payroll,1688409.12
13134,GlobalTech,95458,GBP,Bi-Weekly,11.7,2023-11-05,payroll,3152023.16
9661,GlobalTech,91870,GBP,Annual,29.8,2023-08-27,payroll,116674.90000000001
7950,GlobalTech,82155,EUR,Annual,16.1,2023-07-06,payroll,88727.40000000001
2288,GlobalTech,64624,GBP,Annual,21.6,2024-10-28,payroll,82072.48
11343,GlobalTech,63636,USD,Monthly,4.1,2024-09-25,payroll,763632.0
8675,GlobalTech,93060,USD,Monthly,19.6,2023-07-03,payroll,1116720.0
8451,GlobalTech,71754,GBP,Annual,22.2,2024-12-14,payroll,91127.58
9521,GlobalTech,86340,EUR,Annual,17.3,2024-01-20,payroll,93247.20000000001
8788,GlobalTech,85488,GBP,Monthly,1.7,2024-03-06,payroll,1302837.12
4855,GlobalTech,131003,EUR,Annual,10.6,2023-02-26,payroll,141483.24000000002
10049,GlobalTech,117536,GBP,Annual,3.1,2023-01-11,payroll,149270.72
11561,GlobalTech,91359,USD,Bi-Weekly,21.6,2024-02-12,payroll,2375334.0
10901,GlobalTech,112291,GBP,Annual,11.4,2023-05-08,payroll,142609.57
2444,GlobalTech,134885,GBP,Bi-Weekly,24.9,2023-07-02,payroll,4453902.7
9540,GlobalTech,179530,USD,Monthly,12.1,2023-05-19,payroll,2154360.0
11266,GlobalTech,48096,GBP,Bi-Weekly,1.4,2023-01-21,payroll,1588129.92
1620,GlobalTech,83947,EUR,Annual,11.0,2024-03-26,payroll,90662.76000000001
14588,GlobalTech,127608,USD,Bi-Weekly,16.1,2024-12-20,payroll,3317808.0
10615,GlobalTech,93033,USD,Bi-Weekly,5.6,2023-10-01,payroll,2418858.0
9740,GlobalTech,54235,EUR,Bi-Weekly,29.6,2023-08-08,payroll,1522918.8
3789,GlobalTech,156044,EUR,Annual,1.7,2023-09-12,payroll,168527.52000000002
12113,GlobalTech,93384,EUR,Monthly,5.6,2023-04-11,payroll,1210256.6400000001
11708,GlobalTech,81996,EUR,Monthly,4.9,2024-08-16,payroll,1062668.1600000001
12038,GlobalTech,111340,GBP,Monthly,13.1,2024-08-20,payroll,1696821.6
5820,GlobalTech,55368,EUR,Annual,26.6,2023-08-15,payroll,59797.44
7241,GlobalTech,91420,EUR,Monthly,23.1,2024-06-11,payroll,1184803.2000000002
7661,GlobalTech,107183,EUR,Monthly,16.1,2024-07-26,payroll,1389091.6800000002
8414,GlobalTech,123476,EUR,Bi-Weekly,11.3,2023-05-20,payroll,3467206.08
8084,GlobalTech,112128,EUR,Bi-Weekly,2.0,2023-09-10,payroll,3148554.24
3056,GlobalTech,119106,GBP,Annual,13.7,2023-06-07,payroll,151264.62
3481,GlobalTech,119956,EUR,Annual,8.1,2024-12-14,payroll,129552.48000000001
13548,GlobalTech,163030,EUR,Annual,15.5,2023-01-07,payroll,176072.40000000002
4734,GlobalTech,114926,GBP,Annual,13.5,2024-06-06,payroll,145956.02
13043,GlobalTech,67704,GBP,Bi-Weekly,28.2,2024-05-25,payroll,2235586.08
5893,GlobalTech,90960,GBP,Annual,27.2,2023-03-07,payroll,115519.2
6762,GlobalTech,107360,GBP,Bi-Weekly,14.5,2023-01-22,payroll,3545027.2
12126,GlobalTech,74494,USD,Annual,14.8,2023-06-13,payroll,74494.0
6429,GlobalTech,144929,USD,Monthly,10.0,2024-06-01,payroll,1739148.0
10614,GlobalTech,75919,EUR,Bi-Weekly,20.5,2024-10-13,payroll,2131805.52
11758,GlobalTech,43019,GBP,Annual,16.3,2024-01-31,payroll,54634.13
4507,GlobalTech,105207,EUR,Annual,29.4,2024-02-05,payroll,113623.56000000001
1248,GlobalTech,85193,GBP,Monthly,29.0,2024-10-19,payroll,1298341.32
10612,GlobalTech,80909,GBP,Bi-Weekly,1.4,2023-12-24,payroll,2671615.18
10898,GlobalTech,51645,EUR,Bi-Weekly,11.8,2023-10-14,payroll,1450191.6
12072,GlobalTech,98608,USD,Monthly,19.8,2023-12-03,payroll,1183296.0
9101,GlobalTech,117378,EUR,Bi-Weekly,25.5,2024-09-21,payroll,3295974.24
13529,GlobalTech,111238,EUR,Annual,8.4,2023-06-27,payroll,120137.04000000001
9465,GlobalTech,73250,USD,Monthly,27.7,2024-06-18,payroll,879000.0
11687,GlobalTech,62387,GBP,Annual,22.5,2024-10-30,payroll,79231.49
5394,GlobalTech,141346,USD,Bi-Weekly,25.5,2023-04-24,payroll,3674996.0
13311,GlobalTech,111071,EUR,Monthly,25.7,2023-01-06,payroll,1439480.1600000001
14000,GlobalTech,97988,GBP,Annual,11.8,2023-11-10,payroll,124444.76
10002,GlobalTech,130330,USD,Annual,15.8,2023-02-21,payroll,130330.0
7873,GlobalTech,110551,EUR,Annual,29.7,2024-06-27,payroll,119395.08
8473,GlobalTech,191425,USD,Annual,4.4,2023-07-16,payroll,191425.0
14027,GlobalTech,96256,USD,Bi-Weekly,27.4,2024-03-08,payroll,2502656.0
5224,GlobalTech,151727,USD,Monthly,20.6,2024-05-23,payroll,1820724.0
1569,GlobalTech,153289,USD,Annual,20.8,2024-04-18,payroll,153289.0
10581,GlobalTech,59212,USD,Bi-Weekly,12.1,2023-08-12,payroll,1539512.0
7633,GlobalTech,122954,USD,Bi-Weekly,10.6,2024-03-14,payroll,3196804.0
8122,GlobalTech,126045,USD,Annual,14.7,2024-10-06,payroll,126045.0
14429,GlobalTech,123557,EUR,Bi-Weekly,26.4,2024-06-19,payroll,3469480.56
14515,GlobalTech,105017,USD,Monthly,2.6,2024-02-06,payroll,1260204.0
5782,GlobalTech,46791,GBP,Monthly,22.0,2023-11-07,payroll,713094.84
2912,GlobalTech,83072,GBP,Bi-Weekly,2.2,2024-09-21,payroll,2743037.44
6977,GlobalTech,99134,EUR,Monthly,10.8,2023-07-06,payroll,1284776.6400000001
8196,GlobalTech,72085,USD,Annual,6.5,2023-06-16,payroll,72085.0
658,GlobalTech,71444,GBP,Bi-Weekly,28.0,2023-11-08,payroll,2359080.88
11846,GlobalTech,80697,USD,Bi-Weekly,14.5,2023-06-05,payroll,2098122.0
13522,GlobalTech,105828,GBP,Bi-Weekly,16.2,2023-08-27,payroll,3494440.56
11235,GlobalTech,155873,EUR,Monthly,16.3,2024-10-17,payroll,2020114.08
7352,GlobalTech,71322,GBP,Annual,18.5,2024-11-15,payroll,90578.94
13859,GlobalTech,112654,GBP,Annual,22.3,2023-10-21,payroll,143070.58000000002
5053,GlobalTech,78742,USD,Monthly,17.9,2024-11-24,payroll,944904.0
7710,GlobalTech,82800,GBP,Monthly,27.3,2024-04-06,payroll,1261872.0
8610,GlobalTech,100627,USD,Annual,5.8,2023-07-23,payroll,100627.0
12034,GlobalTech,47435,GBP,Annual,27.0,2024-02-01,payroll,60242.450000000004
6839,GlobalTech,144314,USD,Annual,0.4,2024-09-04,payroll,144314.0
8242,GlobalTech,112051,GBP,Annual,16.3,2024-07-11,payroll,142304.77
14105,GlobalTech,63026,EUR,Bi-Weekly,0.7,2024-03-21,payroll,1769770.08
4154,GlobalTech,84468,EUR,Bi-Weekly,24.1,2024-01-28,payroll,2371861.44
12149,GlobalTech,89563,USD,Monthly,0.5,2023-09-20,payroll,1074756.0
10987,GlobalTech,142013,USD,Monthly,21.7,2024-01-12,payroll,1704156.0
14220,GlobalTech,83687,EUR,Bi-Weekly,1.5,2023-08-26,payroll,2349930.96
14763,GlobalTech,148408,USD,Monthly,7.5,2024-04-12,payroll,1780896.0
9059,GlobalTech,96955,USD,Annual,7.8,2023-06-15,payroll,96955.0
422,GlobalTech,138896,USD,Monthly,18.0,2023-08-24,payroll,1666752.0
10893,GlobalTech,78318,EUR,Bi-Weekly,6.0,2023-12-28,payroll,2199169.44
14787,GlobalTech,95075,GBP,Bi-Weekly,27.4,2024-04-02,payroll,3139376.5
6034,GlobalTech,112292,USD,Monthly,28.2,2024-09-17,payroll,1347504.0
11575,GlobalTech,66946,GBP,Monthly,27.1,2023-07-16,payroll,1020257.04
11058,GlobalTech,88205,USD,Bi-Weekly,8.1,2024-08-11,payroll,2293330.0
4866,GlobalTech,92446,GBP,Bi-Weekly,29.4,2023-08-19,payroll,3052566.92
10773,GlobalTech,"£111,429",GBP,Annual,13.2,2024-05-31,payroll,141514.83000000002
1985,GlobalTech,54799,USD,Monthly,12.2,2024-08-22,payroll,657588.0
9065,GlobalTech,62704,USD,Bi-Weekly,12.2,2024-08-11,payroll,1630304.0
10741,GlobalTech,172871,USD,Monthly,6.3,2024-09-02,payroll,2074452.0
2748,GlobalTech,66174,GBP,Monthly,7.2,2024-12-14,payroll,1008491.76
13590,GlobalTech,132518,USD,Annual,4.7,2024-01-09,payroll,132518.0
12867,GlobalTech,57494,GBP,Bi-Weekly,26.0,2023-07-21,payroll,1898451.8800000001
14597,GlobalTech,110572,EUR,Annual,10.8,2024-11-29,payroll,119417.76000000001
14263,GlobalTech,82930,GBP,Bi-Weekly,27.4,2024-08-24,payroll,2738348.6
13553,GlobalTech,100560,USD,Monthly,4.6,2024-05-18,payroll,1206720.0
9418,GlobalTech,116531,GBP,Monthly,15.7,2024-11-04,payroll,1775932.44
9929,GlobalTech,69167,GBP,Bi-Weekly,11.6,2024-02-27,payroll,2283894.34
7333,GlobalTech,55376,GBP,Monthly,8.1,2023-04-19,payroll,843930.24
3894,GlobalTech,83058,USD,Annual,15.8,2024-07-12,payroll,83058.0
6174,GlobalTech,187592,GBP,Annual,21.1,2023-03-18,payroll,238241.84
9417,GlobalTech,63107,GBP,Monthly,27.6,2023-03-22,payroll,961750.68
7871,GlobalTech,114102,USD,Annual,27.3,2024-08-08,payroll,114102.0
5047,GlobalTech,99661,GBP,Bi-Weekly,5.4,2024-08-23,payroll,3290806.22
8870,GlobalTech,111908,USD,Monthly,5.7,2024-03-30,payroll,1342896.0
12659,GlobalTech,105556,EUR,Annual,25.3,2024-10-19,payroll,114000.48000000001
2493,GlobalTech,75261,EUR,Bi-Weekly,23.3,2023-03-19,payroll,2113328.8800000004
10320,GlobalTech,86295,GBP,Monthly,13.7,2023-09-08,payroll,1315135.8
2274,GlobalTech,96579,EUR,Annual,15.5,2024-07-14,payroll,104305.32
7841,GlobalTech,128206,USD,Annual,8.5,2024-10-20,payroll,128206.0
6259,GlobalTech,131790,EUR,Annual,11.8,2023-07-04,payroll,142333.2
5440,GlobalTech,114727,EUR,Monthly,23.8,2024-01-09,payroll,1486861.9200000002
12751,GlobalTech,"€105,094",EUR,Bi-Weekly,17.4,2023-07-21,payroll,2951039.52
14817,GlobalTech,86331,GBP,Bi-Weekly,5.2,2024-12-12,payroll,2850649.62
9985,GlobalTech,90975,GBP,Monthly,12.5,2024-02-07,payroll,1386459.0
8004,GlobalTech,76490,USD,Monthly,13.4,2024-02-13,payroll,917880.0
9815,GlobalTech,121045,USD,Bi-Weekly,23.3,2024-01-03,payroll,3147170.0
7923,GlobalTech,56637,EUR,Bi-Weekly,4.1,2024-04-01,payroll,1590366.9600000002
11295,GlobalTech,60474,GBP,Annual,27.4,2024-12-17,payroll,76801.98
12595,GlobalTech,63930,GBP,Annual,9.0,2024-11-24,payroll,81191.1
10770,GlobalTech,100141,EUR,Bi-Weekly,2.9,2023-02-05,payroll,2811959.2800000003
14148,GlobalTech,118616,GBP,Annual,2.3,2023-12-28,payroll,150642.32
12864,GlobalTech,138871,EUR,Bi-Weekly,26.9,2024-05-20,payroll,3899497.68
14862,GlobalTech,78697,GBP,Monthly,9.7,2024-02-18,payroll,1199342.28
12011,GlobalTech,111357,EUR,Monthly,2.5,2024-05-21,payroll,1443186.7200000002
12143,GlobalTech,111503,GBP,Monthly,4.8,2023-10-15,payroll,1699305.72
3653,GlobalTech,147226,USD,Monthly,6.5,2024-04-20,payroll,1766712.0
8756,GlobalTech,75294,USD,Bi-Weekly,23.8,2023-10-15,payroll,1957644.0
6094,GlobalTech,152393,EUR,Annual,11.6,2023-02-04,payroll,164584.44
9066,GlobalTech,97405,EUR,Annual,5.2,2023-03-08,payroll,105197.40000000001
14917,GlobalTech,95280,EUR,Bi-Weekly,10.5,2023-06-01,payroll,2675462.4000000004
12275,GlobalTech,67247,EUR,Annual,24.1,2023-08-06,payroll,72626.76000000001
6756,GlobalTech,111694,EUR,Monthly,28.4,2024-12-17,payroll,1447554.24
14503,GlobalTech,117737,USD,Annual,8.7,2024-10-29,payroll,117737.0
12050,GlobalTech,85865,GBP,Bi-Weekly,20.2,2023-03-11,payroll,2835262.3
9638,GlobalTech,79527,USD,Annual,5.3,2023-05-20,payroll,79527.0
11907,GlobalTech,144920,USD,Monthly,11.8,2023-12-13,payroll,1739040.0
8559,GlobalTech,91540,EUR,Annual,10.1,2023-01-24,payroll,98863.20000000001
6913,GlobalTech,120540,USD,Annual,10.1,2024-07-24,payroll,120540.0
13269,GlobalTech,131335,EUR,Monthly,3.1,2024-12-31,payroll,1702101.6
6445,GlobalTech,"$93,327",USD,Annual,17.6,2024-09-08,payroll,93327.0
6588,GlobalTech,158256,USD,Annual,0.6,2023-10-24,payroll,158256.0
9421,GlobalTech,78805,EUR,Bi-Weekly,27.8,2024-09-29,payroll,2212844.4000000004
11515,GlobalTech,104065,USD,Annual,29.4,2023-01-22,payroll,104065.0
13555,GlobalTech,"€135,183",EUR,Monthly,27.5,2023-10-02,payroll,1751971.6800000002
12301,GlobalTech,98387,USD,Bi-Weekly,3.6,2024-08-16,payroll,2558062.0
1533,GlobalTech,101245,USD,Bi-Weekly,3.8,2023-07-04,payroll,2632370.0
3231,GlobalTech,65151,GBP,Bi-Weekly,2.9,2024-06-12,payroll,2151286.02
13234,GlobalTech,85635,USD,Bi-Weekly,16.6,2024-11-07,payroll,2226510.0
13797,GlobalTech,"€129,465",EUR,Monthly,20.5,2023-10-15,payroll,1677866.4000000001
7399,GlobalTech,147257,GBP,Monthly,22.6,2024-09-09,payroll,2244196.68
4939,GlobalTech,119089,USD,Monthly,5.8,2023-06-11,payroll,1429068.0
10718,GlobalTech,64906,EUR,Annual,3.9,2023-04-08,payroll,70098.48000000001
8629,GlobalTech,69182,GBP,Annual,28.4,2024-12-20,payroll,87861.14
7279,GlobalTech,"£141,249",GBP,Monthly,28.4,2023-11-25,payroll,2152634.7600000002
6004,GlobalTech,100169,USD,Monthly,20.3,2023-06-03,payroll,1202028.0
4564,GlobalTech,91989,EUR,Monthly,10.9,2023-11-14,payroll,1192177.4400000002
7376,GlobalTech,94167,USD,Bi-Weekly,27.9,2024-04-20,payroll,2448342.0
13826,GlobalTech,66496,GBP,Bi-Weekly,2.7,2023-05-19,payroll,2195697.92
6231,GlobalTech,"£64,971",GBP,Monthly,16.5,2023-01-06,payroll,990158.04
5959,GlobalTech,55575,USD,Bi-Weekly,12.5,2023-06-21,payroll,1444950.0
11433,GlobalTech,130769,EUR,Annual,3.8,2024-08-01,payroll,141230.52000000002
2110,GlobalTech,116846,GBP,Bi-Weekly,28.3,2023-05-16,payroll,3858254.92
3761,GlobalTech,85107,GBP,Bi-Weekly,25.0,2024-04-21,payroll,2810233.14
6344,GlobalTech,163714,EUR,Annual,20.9,2024-11-19,payroll,176811.12000000002
1276,GlobalTech,118992,EUR,Monthly,28.9,2023-11-23,payroll,1542136.32
3904,GlobalTech,148801,USD,Monthly,16.9,2024-04-02,payroll,1785612.0
4420,GlobalTech,142392,GBP,Monthly,9.3,2024-05-25,payroll,2170054.08
14708,GlobalTech,111673,EUR,Bi-Weekly,9.4,2023-02-17,payroll,3135777.8400000003
6468,GlobalTech,134875,USD,Monthly,10.9,2023-08-09,payroll,1618500.0
7107,GlobalTech,126808,EUR,Bi-Weekly,28.3,2023-04-11,payroll,3560768.64
9068,GlobalTech,123686,USD,Annual,6.5,2024-12-01,payroll,123686.0
13343,GlobalTech,53119,USD,Monthly,29.5,2024-03-21,payroll,637428.0
7593,GlobalTech,69417,USD,Bi-Weekly,27.1,2023-08-15,payroll,1804842.0
9516,GlobalTech,101800,GBP,Bi-Weekly,4.4,2023-04-17,payroll,3361436.0
10736,GlobalTech,75307,EUR,Annual,6.9,2024-04-14,payroll,81331.56000000001
10566,GlobalTech,130110,GBP,Annual,8.2,2023-01-21,payroll,165239.7
9073,GlobalTech,82981,USD,Monthly,28.8,2024-10-13,payroll,995772.0
12139,GlobalTech,143001,USD,Bi-Weekly,27.6,2024-01-10,payroll,3718026.0
7091,GlobalTech,131507,GBP,Annual,1.1,2023-10-10,payroll,167013.89
10348,GlobalTech,82878,EUR,Monthly,15.4,2024-07-09,payroll,1074098.8800000001
13861,GlobalTech,57153,USD,Bi-Weekly,11.4,2024-08-24,payroll,1485978.0
13340,GlobalTech,98778,GBP,Annual,23.8,2024-08-01,payroll,125448.06
12108,GlobalTech,117468,GBP,Annual,7.3,2024-11-13,payroll,149184.36000000002
12427,GlobalTech,64893,GBP,Annual,7.1,2024-12-16,payroll,82414.11
6575,GlobalTech,44723,GBP,Monthly,13.4,2023-10-16,payroll,681578.52
13344,GlobalTech,107411,GBP,Annual,20.1,2024-04-24,payroll,136411.97
9401,GlobalTech,137901,GBP,Bi-Weekly,17.3,2023-01-26,payroll,4553491.0200000005
7794,GlobalTech,58054,GBP,Monthly,17.1,2023-09-25,payroll,884742.96
14262,GlobalTech,123405,EUR,Annual,14.3,2023-08-16,payroll,133277.40000000002
13268,GlobalTech,125243,EUR,Bi-Weekly,16.7,2023-02-06,payroll,3516823.4400000004
6896,GlobalTech,120040,USD,Annual,7.7,2023-03-14,payroll,120040.0
10466,GlobalTech,58773,GBP,Annual,23.8,2024-01-17,payroll,74641.71
12452,GlobalTech,104252,GBP,Bi-Weekly,16.9,2024-06-27,payroll,3442401.04
6635,GlobalTech,74962,USD,Annual,5.8,2023-04-23,payroll,74962.0
5791,GlobalTech,118521,EUR,Annual,19.0,2023-02-10,payroll,128002.68000000001
6685,GlobalTech,100479,EUR,Bi-Weekly,14.5,2024-11-18,payroll,2821450.3200000003
6448,GlobalTech,54780,GBP,Monthly,11.0,2024-05-05,payroll,834847.2000000001
11369,GlobalTech,105734,USD,Annual,5.4,2023-01-12,payroll,105734.0
7913,GlobalTech,69336,EUR,Annual,19.3,2024-03-01,payroll,74882.88
3844,GlobalTech,96660,GBP,Annual,8.4,2024-07-29,payroll,122758.2
13185,GlobalTech,119917,EUR,Bi-Weekly,22.4,2024-01-15,payroll,3367269.3600000003
13640,GlobalTech,156225,USD,Monthly,17.2,2024-08-11,payroll,1874700.0
3594,GlobalTech,72588,EUR,Annual,25.3,2023-05-22,payroll,78395.04000000001
11974,GlobalTech,94701,USD,Annual,14.0,2024-08-28,payroll,94701.0
10814,GlobalTech,128214,USD,Annual,10.7,2024-01-31,payroll,128214.0
8725,GlobalTech,91569,USD,Bi-Weekly,21.1,2023-01-29,payroll,2380794.0
2758,GlobalTech,186277,EUR,Annual,28.3,2023-10-06,payroll,201179.16
2774,GlobalTech,63274,EUR,Annual,19.6,2024-06-11,payroll,68335.92
12518,GlobalTech,113532,USD,Annual,19.8,2024-08-20,payroll,113532.0
12064,GlobalTech,127773,USD,Bi-Weekly,10.0,2023-02-20,payroll,3322098.0
5752,GlobalTech,116149,GBP,Monthly,28.1,2023-04-25,payroll,1770110.76
7667,GlobalTech,163660,USD,Bi-Weekly,9.1,2024-12-21,payroll,4255160.0
12069,GlobalTech,59271,EUR,Annual,4.6,2024-06-20,payroll,64012.68000000001
11189,GlobalTech,123785,EUR,Monthly,21.9,2023-03-25,payroll,1604253.6
6110,GlobalTech,69776,GBP,Monthly,8.1,2024-10-08,payroll,1063386.24
3223,GlobalTech,125305,USD,Annual,29.5,2023-03-22,payroll,125305.0
10271,GlobalTech,141043,USD,Annual,22.5,2024-04-03,payroll,141043.0
12907,GlobalTech,61782,USD,Bi-Weekly,12.4,2024-03-11,payroll,1606332.0
8728,GlobalTech,65029,EUR,Monthly,9.1,2023-10-31,payroll,842775.8400000001
6222,GlobalTech,138674,USD,Annual,28.9,2023-04-13,payroll,138674.0
9725,GlobalTech,121147,EUR,Annual,8.0,2023-08-30,payroll,130838.76000000001
7271,GlobalTech,117682,USD,Monthly,19.4,2024-03-06,payroll,1412184.0
7537,GlobalTech,"€52,604",EUR,Annual,7.1,2023-03-25,payroll,56812.32000000001
1820,GlobalTech,109839,USD,Monthly,22.8,2023-06-14,payroll,1318068.0
13337,GlobalTech,146230,USD,Annual,23.6,2024-06-19,payroll,146230.0
12037,GlobalTech,124299,EUR,Monthly,25.4,2024-09-20,payroll,1610915.04
3955,GlobalTech,134588,EUR,Annual,25.9,2024-12-21,payroll,145355.04
13659,GlobalTech,146268,EUR,Annual,7.6,2024-07-24,payroll,157969.44
6830,GlobalTech,84702,GBP,Annual,13.3,2024-09-29,payroll,107571.54000000001
13705,GlobalTech,126765,USD,Bi-Weekly,3.3,2024-03-15,payroll,3295890.0
14787,GlobalTech,56424,EUR,Annual,6.2,2023-01-10,payroll,60937.920000000006
2087,GlobalTech,71852,EUR,Bi-Weekly,10.3,2024-04-02,payroll,2017604.1600000001
1814,GlobalTech,60898,USD,Annual,14.9,2023-11-29,payroll,60898.0
2445,GlobalTech,123398,EUR,Monthly,15.4,2024-10-20,payroll,1599238.08
8580,GlobalTech,103890,EUR,Annual,10.3,2023-08-29,payroll,112201.20000000001
1099,GlobalTech,62483,EUR,Annual,28.3,2023-06-17,payroll,67481.64
9201,GlobalTech,129231,USD,Monthly,9.7,2023-07-12,payroll,1550772.0
10702,GlobalTech,97426,EUR,Annual,9.9,2023-08-19,payroll,105220.08
7599,GlobalTech,86370,GBP,Annual,27.1,2023-03-09,payroll,109689.90000000001
5877,GlobalTech,77329,GBP,Monthly,5.8,2024-09-17,payroll,1178493.96
3764,GlobalTech,97408,USD,Bi-Weekly,25.2,2023-06-05,payroll,2532608.0
3882,GlobalTech,117333,EUR,Monthly,22.6,2024-02-04,payroll,1520635.6800000002
13831,GlobalTech,115555,EUR,Monthly,29.9,2024-09-27,payroll,1497592.8
4645,GlobalTech,229060,EUR,Bi-Weekly,29.5,2024-07-12,payroll,6432004.800000001
5382,GlobalTech,48365,GBP,Bi-Weekly,27.5,2024-07-29,payroll,1597012.3
1938,GlobalTech,127653,GBP,Annual,23.8,2024-10-22,payroll,162119.31
3336,GlobalTech,"£91,091",GBP,Bi-Weekly,6.4,2023-01-13,payroll,3007824.82
10197,GlobalTech,51462,USD,Annual,15.2,2024-02-01,payroll,51462.0
14991,GlobalTech,122300,EUR,Bi-Weekly,25.1,2023-10-06,payroll,3434184.0
13559,GlobalTech,62104,USD,Monthly,2.0,2023-02-01,payroll,745248.0
8036,GlobalTech,140737,USD,Bi-Weekly,25.9,2023-12-19,payroll,3659162.0
14368,GlobalTech,146158,USD,Bi-Weekly,13.3,2024-06-21,payroll,3800108.0
5564,GlobalTech,66071,EUR,Annual,24.2,2023-02-24,payroll,71356.68000000001
14100,GlobalTech,61913,EUR,Bi-Weekly,8.6,2023-03-30,payroll,1738517.04
12914,GlobalTech,110402,USD,Monthly,11.8,2023-02-08,payroll,1324824.0
3210,GlobalTech,66388,EUR,Bi-Weekly,21.4,2023-05-16,payroll,1864175.04
11141,GlobalTech,52268,GBP,Annual,3.3,2023-08-31,payroll,66380.36
7137,GlobalTech,97985,GBP,Monthly,21.8,2023-01-06,payroll,1493291.4
11875,GlobalTech,122626,EUR,Annual,21.8,2023-05-22,payroll,132436.08000000002
7895,GlobalTech,115153,GBP,Bi-Weekly,19.3,2023-05-03,payroll,3802352.06
9210,GlobalTech,67264,EUR,Annual,0.2,2024-09-06,payroll,72645.12000000001
4621,GlobalTech,53923,EUR,Monthly,13.0,2024-10-20,payroll,698842.0800000001
12450,GlobalTech,68301,EUR,Bi-Weekly,10.4,2023-03-05,payroll,1917892.08
8012,GlobalTech,113572,EUR,Monthly,3.7,2024-07-05,payroll,1471893.12
565,GlobalTech,106678,GBP,Bi-Weekly,4.0,2023-07-11,payroll,3522507.56
13918,GlobalTech,131885,EUR,Bi-Weekly,2.3,2024-05-10,payroll,3703330.8000000003
14731,GlobalTech,94808,GBP,Annual,2.8,2024-06-07,payroll,120406.16
2592,GlobalTech,58686,USD,Annual,4.2,2024-10-19,payroll,58686.0
4427,GlobalTech,74208,GBP,Monthly,25.5,2023-03-03,payroll,1130929.92
12413,GlobalTech,121838,GBP,Monthly,4.7,2024-09-23,payroll,1856811.12
8382,GlobalTech,76655,GBP,Annual,2.4,2023-08-19,payroll,97351.85
13578,GlobalTech,176681,USD,Bi-Weekly,0.7,2024-02-02,payroll,4593706.0
13762,GlobalTech,65386,EUR,Bi-Weekly,9.1,2024-02-21,payroll,1836038.8800000001
4095,GlobalTech,200101,EUR,Annual,22.6,2023-04-20,payroll,216109.08000000002
10509,GlobalTech,61108,USD,Monthly,0.9,2024-01-25,payroll,733296.0
8337,GlobalTech,107160,USD,Annual,4.9,2024-01-11,payroll,107160.0
12752,GlobalTech,119776,EUR,Annual,27.3,2023-07-17,payroll,129358.08
12462,GlobalTech,167627,EUR,Annual,20.2,2023-08-25,payroll,181037.16
1932,GlobalTech,103854,EUR,Annual,24.3,2024-09-22,payroll,112162.32
5654,GlobalTech,56999,GBP,Annual,7.2,2024-04-20,payroll,72388.73
7326,GlobalTech,117179,EUR,Monthly,10.8,2023-07-24,payroll,1518639.84
13595,GlobalTech,196139,GBP,Bi-Weekly,26.5,2024-06-23,payroll,6476509.78
2596,GlobalTech,66609,GBP,Monthly,22.3,2023-07-25,payroll,1015121.16
8232,GlobalTech,87015,EUR,Monthly,13.5,2023-01-24,payroll,1127714.4000000001
8536,GlobalTech,109324,GBP,Monthly,9.2,2023-05-03,payroll,1666097.76
8268,GlobalTech,58220,GBP,Monthly,5.5,2023-11-13,payroll,887272.8
10291,GlobalTech,51250,USD,Bi-Weekly,23.7,2024-08-08,payroll,1332500.0
3941,GlobalTech,69697,EUR,Annual,23.4,2024-05-08,payroll,75272.76000000001
8177,GlobalTech,51515,EUR,Bi-Weekly,27.6,2024-11-06,payroll,1446541.2000000002
4310,GlobalTech,100993,EUR,Bi-Weekly,14.5,2024-06-17,payroll,2835883.4400000004
12341,GlobalTech,56258,USD,Monthly,17.4,2024-10-31,payroll,675096.0
10325,GlobalTech,"$176,823",USD,Annual,25.0,2024-07-01,payroll,176823.0
9702,GlobalTech,116089,USD,Monthly,11.0,2024-12-07,payroll,1393068.0
13639,GlobalTech,101556,USD,Bi-Weekly,25.6,2023-10-31,payroll,2640456.0
9570,GlobalTech,75845,USD,Bi-Weekly,15.0,2024-08-28,payroll,1971970.0
12297,GlobalTech,116986,GBP,Monthly,20.9,2024-02-01,payroll,1782866.6400000001
9704,GlobalTech,51441,EUR,Monthly,0.2,2023-07-22,payroll,666675.36
6223,GlobalTech,94326,EUR,Bi-Weekly,10.8,2024-08-27,payroll,2648674.08
13374,GlobalTech,86172,GBP,Monthly,1.7,2023-12-17,payroll,1313261.28
6438,GlobalTech,159870,EUR,Bi-Weekly,9.4,2023-04-13,payroll,4489149.600000001
14472,GlobalTech,82512,GBP,Monthly,18.7,2024-05-09,payroll,1257482.8800000001
12579,GlobalTech,42314,GBP,Annual,3.1,2024-04-30,payroll,53738.78
3222,GlobalTech,125223,USD,Bi-Weekly,5.9,2023-01-29,payroll,3255798.0
4215,GlobalTech,167088,EUR,Annual,1.4,2024-10-30,payroll,180455.04
12789,GlobalTech,77875,EUR,Bi-Weekly,17.1,2024-09-13,payroll,2186730.0
7771,GlobalTech,45076,GBP,Annual,23.9,2023-04-05,payroll,57246.520000000004
6165,GlobalTech,146260,GBP,Bi-Weekly,17.3,2023-07-09,payroll,4829505.2
5685,GlobalTech,152519,EUR,Bi-Weekly,21.0,2023-05-03,payroll,4282733.5200000005
4745,GlobalTech,111690,USD,Annual,0.3,2023-02-14,payroll,111690.0
11329,GlobalTech,134155,EUR,Monthly,16.4,2024-12-14,payroll,1738648.8
14673,GlobalTech,62688,USD,Monthly,0.0,2024-02-11,payroll,752256.0
11189,GlobalTech,61840,GBP,Annual,1.0,2024-04-20,payroll,78536.8
13401,GlobalTech,"£86,692",GBP,Annual,28.7,2024-03-25,payroll,110098.84
3406,GlobalTech,90321,GBP,Monthly,23.4,2024-11-05,payroll,1376492.04
13217,GlobalTech,58282,EUR,Bi-Weekly,22.7,2023-04-05,payroll,1636558.56
10202,GlobalTech,93438,GBP,Bi-Weekly,24.4,2024-06-25,payroll,3085322.7600000002
5374,GlobalTech,51400,USD,Monthly,16.9,2023-03-04,payroll,616800.0
4607,GlobalTech,113739,EUR,Monthly,12.3,2023-11-22,payroll,1474057.4400000002
5430,GlobalTech,118303,GBP,Monthly,8.8,2023-01-16,payroll,1802937.72
8128,GlobalTech,117504,USD,Monthly,27.2,2024-01-11,payroll,1410048.0
13243,GlobalTech,"$69,676",USD,Monthly,12.5,2024-06-12,payroll,836112.0
6507,GlobalTech,45182,GBP,Monthly,4.2,2024-01-02,payroll,688573.68
8384,GlobalTech,147903,USD,Monthly,7.2,2024-07-29,payroll,1774836.0
12358,GlobalTech,102769,GBP,Annual,24.3,2024-03-30,payroll,130516.63
11323,GlobalTech,83098,GBP,Monthly,26.9,2024-09-16,payroll,1266413.52
4514,GlobalTech,129196,USD,Bi-Weekly,10.9,2023-01-25,payroll,3359096.0
10188,GlobalTech,44147,GBP,Monthly,2.5,2023-12-30,payroll,672800.28
14569,GlobalTech,156002,EUR,Annual,19.8,2024-07-10,payroll,168482.16
8550,GlobalTech,52449,USD,Bi-Weekly,13.9,2024-12-23,payroll,1363674.0
14864,GlobalTech,199964,GBP,Annual,18.9,2024-09-23,payroll,253954.28
9729,GlobalTech,117784,GBP,Annual,6.8,2024-06-11,payroll,149585.68
34,GlobalTech,69174,EUR,Bi-Weekly,6.6,2024-02-27,payroll,1942405.9200000002
13828,GlobalTech,68113,GBP,Bi-Weekly,7.4,2023-10-20,payroll,2249091.2600000002
11942,GlobalTech,222168,EUR,Monthly,17.6,2023-09-30,payroll,2879297.2800000003
5880,GlobalTech,108524,GBP,Annual,18.2,2023-03-21,payroll,137825.48
13106,GlobalTech,79166,GBP,Monthly,8.5,2023-11-03,payroll,1206489.84
13607,GlobalTech,65688,EUR,Monthly,5.7,2023-02-10,payroll,851316.4800000001
12316,GlobalTech,77965,GBP,Bi-Weekly,21.1,2024-10-21,payroll,2574404.3
7628,GlobalTech,"£99,290",GBP,Annual,5.3,2023-05-20,payroll,126098.3
4698,GlobalTech,95065,GBP,Monthly,7.1,2023-11-21,payroll,1448790.6
9779,GlobalTech,101972,USD,Annual,9.8,2024-10-22,payroll,101972.0
11269,GlobalTech,126503,EUR,Bi-Weekly,17.9,2024-07-15,payroll,3552204.24
5079,GlobalTech,92076,GBP,Monthly,0.7,2024-03-08,payroll,1403238.24
14725,GlobalTech,61186,EUR,Monthly,25.0,2024-09-27,payroll,792970.56
9639,GlobalTech,116534,USD,Annual,20.3,2024-12-31,payroll,116534.0
11679,GlobalTech,85634,EUR,Monthly,25.2,2023-01-27,payroll,1109816.6400000001
5379,GlobalTech,126591,GBP,Bi-Weekly,5.7,2024-01-02,payroll,4180034.82
11097,GlobalTech,92526,USD,Annual,0.8,2024-04-12,payroll,92526.0
11054,GlobalTech,119085,EUR,Monthly,2.5,2024-03-09,payroll,1543341.6
12355,GlobalTech,"€104,410",EUR,Bi-Weekly,2.2,2023-12-13,payroll,2931832.8000000003
12537,GlobalTech,118777,USD,Bi-Weekly,17.1,2024-06-23,payroll,3088202.0
13075,GlobalTech,51184,USD,Annual,2.1,2023-02-12,payroll,51184.0
2632,GlobalTech,70153,EUR,Bi-Weekly,14.2,2023-11-06,payroll,1969896.2400000002
13632,GlobalTech,128191,EUR,Annual,18.8,2024-02-03,payroll,138446.28
14885,GlobalTech,54716,GBP,Bi-Weekly,9.4,2023-05-08,payroll,1806722.32
9382,GlobalTech,81387,GBP,Annual,25.5,2024-10-28,payroll,103361.49
10940,GlobalTech,99856,GBP,Bi-Weekly,10.7,2024-03-14,payroll,3297245.12
8121,GlobalTech,87040,GBP,Annual,19.6,2024-03-02,payroll,110540.8
7633,GlobalTech,"€113,551",EUR,Bi-Weekly,18.0,2024-08-24,payroll,3188512.08
14372,GlobalTech,66621,EUR,Bi-Weekly,14.6,2023-02-06,payroll,1870717.6800000002
7434,GlobalTech,84953,GBP,Monthly,1.4,2023-06-21,payroll,1294683.72
14883,GlobalTech,130439,EUR,Annual,12.3,2023-10-16,payroll,140874.12
8824,GlobalTech,110219,GBP,Annual,13.9,2023-06-13,payroll,139978.13
11570,GlobalTech,133080,EUR,Bi-Weekly,17.8,2024-08-28,payroll,3736886.4000000004
9839,GlobalTech,54383,GBP,Annual,28.2,2024-06-20,payroll,69066.41
10385,GlobalTech,141290,USD,Annual,4.9,2023-10-27,payroll,141290.0
11011,GlobalTech,122545,GBP,Annual,1.5,2024-10-24,payroll,155632.15
10284,GlobalTech,63158,EUR,Monthly,8.2,2024-05-01,payroll,818527.68
7828,GlobalTech,110228,GBP,Monthly,19.4,2024-09-17,payroll,1679874.72
7717,GlobalTech,132936,EUR,Annual,21.3,2024-09-09,payroll,143570.88
9496,GlobalTech,68848,USD,Annual,28.0,2024-10-15,payroll,68848.0
10046,GlobalTech,115314,GBP,Annual,17.3,2024-05-25,payroll,146448.78
9157,GlobalTech,91734,GBP,Monthly,14.4,2024-02-13,payroll,1398026.16
12735,GlobalTech,"$124,931",USD,Annual,3.0,2024-02-06,payroll,124931.0
13410,GlobalTech,182426,USD,Annual,8.3,2023-11-10,payroll,182426.0
12042,GlobalTech,97367,USD,Bi-Weekly,1.5,2024-02-16,payroll,2531542.0
10102,GlobalTech,91061,EUR,Annual,14.8,2024-09-09,payroll,98345.88
10798,GlobalTech,244350,USD,Annual,18.5,2023-09-07,payroll,244350.0
14283,GlobalTech,66464,GBP,Monthly,3.1,2024-03-28,payroll,1012911.36
9409,GlobalTech,176913,EUR,Bi-Weekly,6.9,2023-10-10,payroll,4967717.04
14785,GlobalTech,84681,USD,Annual,12.7,2024-07-29,payroll,84681.0
7489,GlobalTech,50251,GBP,Monthly,6.2,2024-03-20,payroll,765825.24
811,GlobalTech,47313,EUR,Bi-Weekly,6.3,2023-03-13,payroll,1328549.04
3049,GlobalTech,"$71,197",USD,Monthly,18.9,2024-08-06,payroll,854364.0
8786,GlobalTech,111668,EUR,Bi-Weekly,18.5,2023-01-27,payroll,3135637.4400000004
5389,GlobalTech,130633,EUR,Bi-Weekly,7.6,2024-01-16,payroll,3668174.64
3610,GlobalTech,99652,USD,Bi-Weekly,12.9,2023-04-04,payroll,2590952.0
585,GlobalTech,56693,GBP,Annual,6.3,2024-03-26,payroll,72000.11
12855,GlobalTech,111661,GBP,Monthly,26.2,2024-06-29,payroll,1701713.6400000001
11098,GlobalTech,49085,GBP,Bi-Weekly,12.0,2023-11-12,payroll,1620786.7
7928,GlobalTech,85039,EUR,Annual,24.1,2023-11-09,payroll,91842.12000000001
14027,GlobalTech,124628,EUR,Monthly,19.5,2024-02-13,payroll,1615178.8800000001
4789,GlobalTech,47792,GBP,Annual,6.8,2023-10-31,payroll,60695.840000000004
1154,GlobalTech,135120,EUR,Bi-Weekly,20.0,2023-08-12,payroll,3794169.6
12106,GlobalTech,111520,USD,Monthly,20.0,2023-05-10,payroll,1338240.0
13431,GlobalTech,119508,GBP,Annual,5.1,2024-04-02,payroll,151775.16
12867,GlobalTech,44755,GBP,Annual,9.1,2024-02-26,payroll,56838.85
10003,GlobalTech,61817,GBP,Annual,0.0,2023-06-01,payroll,78507.59
940,GlobalTech,"$57,276",USD,Monthly,13.1,2024-09-09,payroll,687312.0
3091,GlobalTech,119962,USD,Annual,17.0,2023-05-12,payroll,119962.0
7279,GlobalTech,104279,EUR,Monthly,22.3,2023-06-19,payroll,1351455.84
5591,GlobalTech,65198,USD,Annual,15.1,2023-08-29,payroll,65198.0
7142,GlobalTech,116360,GBP,Monthly,28.7,2024-11-24,payroll,1773326.4000000001
2100,GlobalTech,137968,EUR,Bi-Weekly,23.9,2024-11-30,payroll,3874141.4400000004
2412,GlobalTech,90384,EUR,Annual,14.6,2024-07-19,payroll,97614.72
3333,GlobalTech,100790,EUR,Bi-Weekly,15.5,2023-04-04,payroll,2830183.2
12498,GlobalTech,51080,GBP,Annual,8.5,2023-06-20,payroll,64871.6
14850,GlobalTech,134585,EUR,Bi-Weekly,13.6,2023-02-20,payroll,3779146.8000000003
14582,GlobalTech,77599,USD,Monthly,19.6,2023-08-08,payroll,931188.0
8524,GlobalTech,111840,GBP,Monthly,22.1,2024-07-07,payroll,1704441.6
13169,GlobalTech,"$87,797",USD,Annual,9.7,2023-08-19,payroll,87797.0
1997,GlobalTech,125829,USD,Bi-Weekly,6.3,2023-06-28,payroll,3271554.0
6772,GlobalTech,99080,USD,Monthly,19.3,2024-03-26,payroll,1188960.0
6321,GlobalTech,209436,EUR,Monthly,19.6,2024-10-02,payroll,2714290.56
13749,GlobalTech,113349,GBP,Bi-Weekly,21.0,2023-02-17,payroll,3742783.98
3081,GlobalTech,101760,GBP,Annual,10.9,2024-04-03,payroll,129235.2
13707,GlobalTech,75956,USD,Annual,3.5,2024-12-19,payroll,75956.0
5690,GlobalTech,99829,EUR,Annual,6.7,2024-12-14,payroll,107815.32
10662,GlobalTech,51880,USD,Annual,0.4,2023-12-16,payroll,51880.0
14401,GlobalTech,176519,GBP,Annual,16.6,2023-05-18,payroll,224179.13
9690,GlobalTech,83269,GBP,Annual,5.5,2024-06-28,payroll,105751.63
6053,GlobalTech,83292,EUR,Monthly,20.1,2024-10-29,payroll,1079464.32
10534,GlobalTech,125987,USD,Monthly,2.9,2023-07-22,payroll,1511844.0
13441,GlobalTech,69155,EUR,Annual,0.6,2023-03-05,payroll,74687.40000000001
13111,GlobalTech,49625,EUR,Monthly,27.2,2023-12-08,payroll,643140.0
7944,GlobalTech,94594,USD,Bi-Weekly,13.8,2024-05-17,payroll,2459444.0
4499,GlobalTech,50463,EUR,Monthly,21.9,2023-03-31,payroll,654000.4800000001
4872,GlobalTech,172078,USD,Monthly,13.0,2024-08-29,payroll,2064936.0
12022,GlobalTech,100933,USD,Bi-Weekly,13.4,2024-04-25,payroll,2624258.0
13051,GlobalTech,98827,USD,Monthly,18.3,2023-12-31,payroll,1185924.0
9355,GlobalTech,105013,EUR,Bi-Weekly,28.3,2023-01-14,payroll,2948765.04
10759,GlobalTech,48166,EUR,Annual,0.3,2024-12-03,payroll,52019.280000000006
14922,GlobalTech,118960,EUR,Bi-Weekly,26.1,2024-07-15,payroll,3340396.8000000003
4835,GlobalTech,75535,USD,Monthly,2.2,2023-06-07,payroll,906420.0
9471,GlobalTech,94594,EUR,Monthly,10.7,2024-06-15,payroll,1225938.24
7957,GlobalTech,116986,GBP,Annual,15.7,2024-12-20,payroll,148572.22
7806,GlobalTech,77568,GBP,Monthly,2.0,2023-02-22,payroll,1182136.32
5692,GlobalTech,123736,GBP,Monthly,17.9,2024-09-09,payroll,1885736.6400000001
12083,GlobalTech,111199,EUR,Bi-Weekly,23.1,2023-08-07,payroll,3122467.9200000004
12133,GlobalTech,63929,USD,Bi-Weekly,2.6,2023-11-28,payroll,1662154.0
5340,GlobalTech,129565,USD,Annual,14.0,2024-04-16,payroll,129565.0
12414,GlobalTech,79389,EUR,Bi-Weekly,9.1,2023-05-18,payroll,2229243.12
6949,GlobalTech,75143,USD,Bi-Weekly,11.9,2023-02-14,payroll,1953718.0
14244,GlobalTech,90304,GBP,Bi-Weekly,19.3,2024-10-09,payroll,2981838.08
14776,GlobalTech,70745,USD,Annual,12.5,2023-01-12,payroll,70745.0
10627,GlobalTech,86298,USD,Annual,12.3,2024-11-06,payroll,86298.0
9683,GlobalTech,97644,GBP,Monthly,11.3,2024-12-20,payroll,1488094.56
12581,GlobalTech,119519,GBP,Annual,19.2,2024-02-10,payroll,151789.13
1482,GlobalTech,135512,EUR,Annual,17.7,2023-06-12,payroll,146352.96000000002
14220,GlobalTech,53727,EUR,Annual,15.9,2023-10-01,payroll,58025.16
12046,GlobalTech,66928,USD,Bi-Weekly,22.1,2024-05-22,payroll,1740128.0
14429,GlobalTech,101370,USD,Annual,11.7,2024-04-14,payroll,101370.0
7556,GlobalTech,51080,EUR,Annual,18.9,2024-08-02,payroll,55166.4
14244,GlobalTech,199799,USD,Monthly,6.6,2024-09-16,payroll,2397588.0
672,GlobalTech,136427,USD,Bi-Weekly,6.7,2024-09-13,payroll,3547102.0
7404,GlobalTech,110294,GBP,Bi-Weekly,10.2,2024-03-10,payroll,3641907.88
14514,GlobalTech,95859,EUR,Bi-Weekly,3.8,2024-02-28,payroll,2691720.72
10287,GlobalTech,52251,EUR,Annual,16.9,2023-01-28,payroll,56431.08
7136,GlobalTech,55248,USD,Bi-Weekly,6.9,2023-11-23,payroll,1436448.0
6160,GlobalTech,116854,EUR,Annual,9.5,2024-04-11,payroll,126202.32
8589,GlobalTech,123821,USD,Annual,19.6,2024-11-21,payroll,123821.0
6935,GlobalTech,112452,GBP,Annual,21.2,2023-02-04,payroll,142814.04
12845,GlobalTech,108809,USD,Monthly,0.0,2023-03-26,payroll,1305708.0
14948,GlobalTech,55077,EUR,Monthly,23.7,2023-02-17,payroll,713797.92
14030,GlobalTech,110254,EUR,Bi-Weekly,29.6,2024-06-18,payroll,3095932.3200000003
6947,GlobalTech,59672,GBP,Monthly,15.6,2023-11-19,payroll,909401.28
10281,GlobalTech,72934,USD,Bi-Weekly,29.8,2024-05-16,payroll,1896284.0
15000,GlobalTech,195734,USD,Monthly,11.4,2023-08-06,payroll,2348808.0
8126,GlobalTech,93352,EUR,Bi-Weekly,18.1,2023-05-28,payroll,2621324.16
9169,GlobalTech,85067,USD,Bi-Weekly,17.4,2023-01-20,payroll,2211742.0
14056,GlobalTech,71942,GBP,Annual,14.5,2024-04-23,payroll,91366.34
7380,GlobalTech,152066,EUR,Annual,28.9,2023-02-10,payroll,164231.28
6998,GlobalTech,"$88,787",USD,Annual,26.2,2023-04-13,payroll,88787.0
13051,GlobalTech,116985,USD,Bi-Weekly,25.0,2023-12-25,payroll,3041610.0
1870,GlobalTech,57983,USD,Annual,6.5,2024-11-29,payroll,57983.0
11972,GlobalTech,51577,EUR,Monthly,9.2,2023-05-24,payroll,668437.92
13322,GlobalTech,"$119,293",USD,Bi-Weekly,18.8,2023-05-18,payroll,3101618.0
13638,GlobalTech,146991,USD,Annual,17.2,2023-08-22,payroll,146991.0
14880,GlobalTech,90585,EUR,Bi-Weekly,1.5,2023-06-15,payroll,2543626.8000000003
7030,GlobalTech,117656,USD,Annual,14.5,2023-01-08,payroll,117656.0
2005,GlobalTech,97348,GBP,Annual,24.6,2023-03-20,payroll,123631.96
5201,GlobalTech,54224,USD,Bi-Weekly,20.6,2024-05-19,payroll,1409824.0
5757,GlobalTech,92922,USD,Bi-Weekly,24.7,2023-11-02,payroll,2415972.0
3974,GlobalTech,58572,GBP,Monthly,22.9,2023-01-13,payroll,892637.28
14695,GlobalTech,142889,USD,Bi-Weekly,2.0,2023-12-04,payroll,3715114.0
2457,GlobalTech,62390,GBP,Bi-Weekly,1.1,2024-10-31,payroll,2060117.8
6237,GlobalTech,134204,USD,Annual,18.6,2023-08-02,payroll,134204.0
10932,GlobalTech,"$96,095",USD,Bi-Weekly,27.3,2023-04-11,payroll,2498470.0
14742,GlobalTech,73757,EUR,Monthly,13.6,2023-04-26,payroll,955890.7200000001
10335,GlobalTech,99958,USD,Monthly,11.1,2023-02-26,payroll,1199496.0
14372,GlobalTech,86938,EUR,Bi-Weekly,26.7,2024-03-24,payroll,2441219.04
3599,GlobalTech,112836,GBP,Monthly,9.9,2023-03-24,payroll,1719620.6400000001
3180,GlobalTech,116427,GBP,Bi-Weekly,8.8,2023-03-16,payroll,3844419.54
11490,GlobalTech,70869,USD,Annual,4.0,2024-06-10,payroll,70869.0
7429,GlobalTech,110515,USD,Monthly,0.3,2024-03-27,payroll,1326180.0
12577,GlobalTech,166563,EUR,Annual,7.7,2023-05-17,payroll,179888.04
14682,GlobalTech,66831,GBP,Monthly,9.4,2023-08-18,payroll,1018504.4400000001
7475,GlobalTech,65075,GBP,Annual,15.7,2024-08-24,payroll,82645.25
10746,GlobalTech,114091,EUR,Monthly,27.5,2023-10-24,payroll,1478619.36
859,GlobalTech,101629,GBP,Bi-Weekly,28.4,2023-11-26,payroll,3355789.58
10281,GlobalTech,102539,GBP,Monthly,7.1,2023-05-15,payroll,1562694.36
9002,GlobalTech,147814,USD,Monthly,21.0,2024-03-21,payroll,1773768.0
13524,GlobalTech,128737,USD,Annual,6.8,2023-04-13,payroll,128737.0
13386,GlobalTech,96677,GBP,Annual,0.6,2024-11-13,payroll,122779.79000000001
5808,GlobalTech,244977,USD,Bi-Weekly,26.4,2024-03-25,payroll,6369402.0
12203,GlobalTech,"$77,695",USD,Monthly,29.7,2023-02-24,payroll,932340.0
13929,GlobalTech,108389,USD,Monthly,22.4,2023-04-05,payroll,1300668.0
13561,GlobalTech,82856,USD,Bi-Weekly,13.3,2024-03-18,payroll,2154256.0
8407,GlobalTech,82140,USD,Bi-Weekly,10.6,2024-12-29,payroll,2135640.0
8973,GlobalTech,105447,GBP,Annual,13.3,2024-08-16,payroll,133917.69
8149,GlobalTech,123150,USD,Monthly,19.8,2024-07-26,payroll,1477800.0
8384,GlobalTech,"€133,267",EUR,Annual,12.4,2024-09-22,payroll,143928.36000000002
8388,GlobalTech,107604,GBP,Bi-Weekly,28.3,2023-07-10,payroll,3553084.08
6457,GlobalTech,104967,GBP,Monthly,24.3,2024-01-17,payroll,1599697.08
7950,GlobalTech,64103,USD,Monthly,26.1,2024-01-04,payroll,769236.0
13172,GlobalTech,117986,GBP,Bi-Weekly,22.1,2024-08-28,payroll,3895897.72
13675,GlobalTech,81975,EUR,Bi-Weekly,11.2,2023-09-07,payroll,2301858.0
12666,GlobalTech,89480,USD,Monthly,14.6,2024-04-06,payroll,1073760.0
4689,GlobalTech,54468,USD,Annual,25.6,2024-12-13,payroll,54468.0
13589,GlobalTech,74988,GBP,Bi-Weekly,7.1,2023-09-30,payroll,2476103.7600000002
12101,GlobalTech,50195,EUR,Annual,25.9,2023-05-21,payroll,54210.600000000006
13450,GlobalTech,105406,EUR,Annual,0.4,2024-05-19,payroll,113838.48000000001
11831,GlobalTech,83503,EUR,Monthly,8.9,2024-12-18,payroll,1082198.8800000001
11198,GlobalTech,49718,EUR,Monthly,21.1,2023-04-20,payroll,644345.28
1199,GlobalTech,66731,USD,Annual,27.9,2024-01-16,payroll,66731.0
2881,GlobalTech,115425,EUR,Annual,26.9,2023-07-25,payroll,124659.00000000001
14447,GlobalTech,112016,EUR,Monthly,10.5,2024-03-04,payroll,1451727.36
13856,GlobalTech,126642,USD,Bi-Weekly,23.8,2023-05-15,payroll,3292692.0
11544,GlobalTech,95067,GBP,Annual,16.6,2024-08-24,payroll,120735.09
10924,GlobalTech,67257,GBP,Bi-Weekly,13.7,2023-07-23,payroll,2220826.14
1835,GlobalTech,135525,USD,Annual,7.6,2023-12-14,payroll,135525.0
4343,GlobalTech,84819,EUR,Monthly,23.0,2023-06-03,payroll,1099254.24
13604,GlobalTech,78439,GBP,Annual,16.2,2023-08-13,payroll,99617.53
4299,GlobalTech,110476,USD,Annual,13.2,2023-02-25,payroll,110476.0
9338,GlobalTech,91223,GBP,Annual,12.7,2024-03-23,payroll,115853.21
14975,GlobalTech,78850,USD,Bi-Weekly,12.2,2024-09-27,payroll,2050100.0
10282,GlobalTech,108500,GBP,Monthly,25.2,2023-03-09,payroll,1653540.0
6692,GlobalTech,128663,USD,Monthly,10.5,2024-05-03,payroll,1543956.0
4930,GlobalTech,80483,GBP,Bi-Weekly,7.1,2023-06-15,payroll,2657548.66
11166,GlobalTech,155654,EUR,Annual,26.0,2024-02-12,payroll,168106.32
5732,GlobalTech,113425,GBP,Bi-Weekly,10.6,2023-05-08,payroll,3745293.5
11837,GlobalTech,91657,EUR,Annual,20.9,2023-12-29,payroll,98989.56000000001
7272,GlobalTech,"$130,444",USD,Annual,10.1,2024-05-20,payroll,130444.0
12896,GlobalTech,"£109,652",GBP,Annual,2.3,2023-04-14,payroll,139258.04
10243,GlobalTech,70649,EUR,Monthly,28.5,2023-08-30,payroll,915611.04
14190,GlobalTech,144340,GBP,Monthly,1.0,2023-07-18,payroll,2199741.6
12263,GlobalTech,116508,EUR,Bi-Weekly,0.6,2023-10-29,payroll,3271544.64
3968,GlobalTech,95128,GBP,Annual,20.0,2024-10-29,payroll,120812.56
7921,GlobalTech,81144,EUR,Monthly,2.4,2024-09-28,payroll,1051626.24
1214,GlobalTech,73085,USD,Bi-Weekly,13.4,2023-09-07,payroll,1900210.0
11634,GlobalTech,105401,USD,Annual,15.2,2023-03-17,payroll,105401.0
9223,GlobalTech,78360,GBP,Bi-Weekly,2.0,2024-09-25,payroll,2587447.2
14141,GlobalTech,"€114,340",EUR,Bi-Weekly,17.6,2023-02-20,payroll,3210667.2
4458,GlobalTech,102084,USD,Annual,23.5,2024-05-09,payroll,102084.0
9728,GlobalTech,111288,GBP,Bi-Weekly,8.7,2023-04-10,payroll,3674729.7600000002
14385,GlobalTech,59627,EUR,Monthly,21.1,2024-04-19,payroll,772765.92
10080,GlobalTech,116843,EUR,Monthly,12.3,2023-06-19,payroll,1514285.28
8271,GlobalTech,67104,USD,Bi-Weekly,7.6,2024-11-04,payroll,1744704.0
10892,GlobalTech,108706,EUR,Bi-Weekly,19.3,2023-08-28,payroll,3052464.48
11829,GlobalTech,52570,USD,Bi-Weekly,8.7,2023-06-05,payroll,1366820.0
13512,GlobalTech,112611,EUR,Bi-Weekly,11.1,2023-07-01,payroll,3162116.8800000004
10108,GlobalTech,63832,EUR,Bi-Weekly,6.1,2024-01-28,payroll,1792402.56
9194,GlobalTech,69038,GBP,Annual,20.8,2024-07-31,payroll,87678.26
9083,GlobalTech,65946,GBP,Monthly,27.3,2023-06-16,payroll,1005017.04
7340,GlobalTech,52405,EUR,Annual,2.3,2024-07-27,payroll,56597.4
3890,GlobalTech,145705,USD,Annual,3.0,2023-09-07,payroll,145705.0
3548,GlobalTech,146113,USD,Monthly,5.0,2023-03-04,payroll,1753356.0
10892,GlobalTech,63573,GBP,Bi-Weekly,16.5,2024-07-29,payroll,2099180.46
8530,GlobalTech,73091,EUR,Bi-Weekly,20.9,2023-03-08,payroll,2052395.28
14988,GlobalTech,55871,GBP,Bi-Weekly,17.3,2024-04-29,payroll,1844860.42
4721,GlobalTech,51674,EUR,Bi-Weekly,15.5,2023-03-03,payroll,1451005.9200000002
3306,GlobalTech,109665,EUR,Bi-Weekly,19.1,2024-09-11,payroll,3079393.2
6778,GlobalTech,97139,EUR,Bi-Weekly,4.3,2024-07-16,payroll,2727663.12
13281,GlobalTech,111222,GBP,Bi-Weekly,5.7,2024-09-28,payroll,3672550.44
13782,GlobalTech,84421,USD,Bi-Weekly,14.8,2024-06-17,payroll,2194946.0
9237,GlobalTech,91996,GBP,Bi-Weekly,8.2,2024-06-21,payroll,3037707.92
13890,GlobalTech,69259,GBP,Bi-Weekly,17.7,2024-12-28,payroll,2286932.18
8748,GlobalTech,72040,EUR,Bi-Weekly,14.4,2023-01-23,payroll,2022883.2000000002
2492,GlobalTech,107597,USD,Monthly,20.7,2024-03-08,payroll,1291164.0
7756,GlobalTech,81212,EUR,Monthly,29.6,2024-07-31,payroll,1052507.52
14935,GlobalTech,76953,USD,Monthly,26.4,2023-04-24,payroll,923436.0
10867,GlobalTech,125327,USD,Bi-Weekly,15.9,2023-07-01,payroll,3258502.0
12388,GlobalTech,71595,USD,Annual,15.6,2023-02-15,payroll,71595.0
13986,GlobalTech,103176,GBP,Bi-Weekly,27.4,2024-04-04,payroll,3406871.52
7371,GlobalTech,96294,GBP,Bi-Weekly,27.9,2023-12-30,payroll,3179627.88
11710,GlobalTech,46823,EUR,Annual,0.1,2024-08-22,payroll,50568.840000000004
14317,GlobalTech,64290,GBP,Monthly,12.6,2024-07-27,payroll,979779.6
10332,GlobalTech,88869,USD,Annual,11.0,2024-01-06,payroll,88869.0
14452,GlobalTech,65785,GBP,Bi-Weekly,12.2,2024-03-22,payroll,2172220.7
5498,GlobalTech,107485,EUR,Monthly,4.3,2024-12-19,payroll,1393005.6
8292,GlobalTech,45751,GBP,Annual,11.3,2024-07-18,payroll,58103.770000000004
10035,GlobalTech,111013,USD,Annual,3.9,2024-02-25,payroll,111013.0
2996,GlobalTech,119110,USD,Annual,0.9,2024-02-16,payroll,119110.0
13227,GlobalTech,96172,GBP,Annual,20.7,2024-12-23,payroll,122138.44
11887,GlobalTech,114331,EUR,Annual,13.8,2023-10-24,payroll,123477.48000000001
3575,GlobalTech,"£113,464",GBP,Bi-Weekly,2.2,2023-10-24,payroll,3746581.2800000003
7892,GlobalTech,87647,EUR,Monthly,18.8,2024-02-16,payroll,1135905.12
8382,GlobalTech,137476,GBP,Annual,22.9,2023-12-20,payroll,174594.52
14025,GlobalTech,47002,GBP,Bi-Weekly,5.9,2024-08-10,payroll,1552006.04
14327,GlobalTech,113147,GBP,Monthly,19.8,2024-09-18,payroll,1724360.28
9883,GlobalTech,86992,GBP,Annual,24.9,2024-10-27,payroll,110479.84
13168,GlobalTech,107643,GBP,Annual,15.3,2024-08-02,payroll,136706.61000000002
12640,GlobalTech,96832,USD,Bi-Weekly,16.7,2023-08-01,payroll,2517632.0
427,GlobalTech,60354,GBP,Monthly,11.8,2023-05-13,payroll,919794.96
6987,GlobalTech,66727,USD,Bi-Weekly,5.8,2024-08-28,payroll,1734902.0
8724,GlobalTech,160837,USD,Bi-Weekly,4.5,2024-05-02,payroll,4181762.0
6132,GlobalTech,133289,EUR,Annual,28.3,2023-11-24,payroll,143952.12
12060,GlobalTech,54002,USD,Annual,12.3,2023-06-07,payroll,54002.0
639,GlobalTech,66796,GBP,Monthly,28.1,2024-07-31,payroll,1017971.04
3790,GlobalTech,112391,EUR,Monthly,0.6,2023-04-22,payroll,1456587.36
8195,GlobalTech,131150,GBP,Bi-Weekly,28.2,2024-10-04,payroll,4330573.0
7636,GlobalTech,63121,GBP,Annual,5.6,2023-04-21,payroll,80163.67
8186,GlobalTech,143248,USD,Annual,29.2,2023-02-09,payroll,143248.0
11602,GlobalTech,80088,EUR,Monthly,3.4,2024-12-26,payroll,1037940.4800000001
13204,GlobalTech,116383,GBP,Monthly,3.1,2024-01-24,payroll,1773676.92
4673,GlobalTech,152435,USD,Annual,25.0,2023-11-03,payroll,152435.0
13548,GlobalTech,59029,EUR,Monthly,27.7,2024-12-26,payroll,765015.8400000001
12341,GlobalTech,228006,EUR,Annual,21.1,2023-08-01,payroll,246246.48
13235,GlobalTech,110417,GBP,Annual,29.9,2024-01-08,payroll,140229.59
7198,GlobalTech,118032,GBP,Annual,12.1,2023-02-01,payroll,149900.64
2949,GlobalTech,67237,EUR,Bi-Weekly,17.0,2024-02-28,payroll,1888014.9600000002
12143,GlobalTech,83632,EUR,Monthly,28.2,2023-04-29,payroll,1083870.72
2279,GlobalTech,130400,USD,Bi-Weekly,16.9,2023-07-16,payroll,3390400.0
14073,GlobalTech,40243,GBP,Monthly,21.5,2024-05-07,payroll,613303.3200000001
9097,GlobalTech,126093,EUR,Monthly,0.7,2024-02-10,payroll,1634165.28
14431,GlobalTech,97551,GBP,Monthly,21.7,2023-10-22,payroll,1486677.24
12069,GlobalTech,90747,EUR,Annual,27.3,2024-06-09,payroll,98006.76000000001
12079,GlobalTech,"$52,786",USD,Annual,6.0,2023-07-11,payroll,52786.0
10979,GlobalTech,122866,EUR,Bi-Weekly,12.7,2024-02-03,payroll,3450077.2800000003
13220,GlobalTech,42159,GBP,Annual,9.7,2023-12-09,payroll,53541.93
8932,GlobalTech,77746,EUR,Bi-Weekly,19.6,2024-06-18,payroll,2183107.68
10332,GlobalTech,119942,GBP,Annual,10.9,2023-04-29,payroll,152326.34
5930,GlobalTech,101780,GBP,Monthly,18.6,2023-04-02,payroll,1551127.2
13616,GlobalTech,185872,GBP,Annual,12.8,2024-07-19,payroll,236057.44
1474,GlobalTech,"£79,246",GBP,Bi-Weekly,24.3,2024-03-03,payroll,2616702.92
12412,GlobalTech,121511,USD,Monthly,17.4,2023-05-28,payroll,1458132.0
10747,GlobalTech,111355,USD,Bi-Weekly,11.4,2024-01-13,payroll,2895230.0
13092,GlobalTech,90571,USD,Monthly,9.1,2023-04-13,payroll,1086852.0
9014,GlobalTech,82272,EUR,Bi-Weekly,22.0,2024-01-13,payroll,2310197.7600000002
14086,GlobalTech,98606,GBP,Bi-Weekly,13.6,2023-07-02,payroll,3255970.12
10926,GlobalTech,92087,USD,Annual,6.3,2023-07-24,payroll,92087.0
13498,GlobalTech,140198,GBP,Monthly,27.9,2024-10-28,payroll,2136617.52
9803,GlobalTech,90996,EUR,Bi-Weekly,3.5,2024-04-24,payroll,2555167.68
14453,GlobalTech,91096,GBP,Monthly,5.3,2023-06-30,payroll,1388303.04
9990,GlobalTech,99013,EUR,Bi-Weekly,29.5,2024-03-02,payroll,2780285.04
12389,GlobalTech,112314,EUR,Annual,26.3,2023-09-21,payroll,121299.12000000001
11101,GlobalTech,106701,GBP,Bi-Weekly,17.1,2023-09-17,payroll,3523267.02
10454,GlobalTech,47568,GBP,Monthly,27.7,2023-08-15,payroll,724936.3200000001
8962,GlobalTech,50807,USD,Bi-Weekly,12.5,2024-01-21,payroll,1320982.0
14490,GlobalTech,76213,GBP,Annual,26.3,2024-07-21,payroll,96790.51
4452,GlobalTech,132761,EUR,Monthly,9.4,2024-06-16,payroll,1720582.56
14470,GlobalTech,89061,EUR,Annual,12.1,2024-02-13,payroll,96185.88
14534,GlobalTech,"£79,906",GBP,Annual,16.1,2023-08-29,payroll,101480.62
14877,GlobalTech,127868,USD,Annual,25.5,2023-07-13,payroll,127868.0
8734,GlobalTech,144451,EUR,Annual,19.1,2024-01-31,payroll,156007.08000000002
8523,GlobalTech,41336,GBP,Bi-Weekly,18.1,2023-12-17,payroll,1364914.72
10521,GlobalTech,152684,GBP,Monthly,24.2,2024-04-24,payroll,2326904.16
12146,GlobalTech,73414,EUR,Bi-Weekly,2.2,2023-11-28,payroll,2061465.12
3976,GlobalTech,112892,GBP,Bi-Weekly,6.1,2024-09-12,payroll,3727693.84
12993,GlobalTech,42568,GBP,Bi-Weekly,27.4,2023-07-26,payroll,1405595.36
7261,GlobalTech,80255,GBP,Monthly,24.4,2024-11-10,payroll,1223086.2
13385,GlobalTech,105064,EUR,Bi-Weekly,13.5,2024-08-31,payroll,2950197.12
13738,GlobalTech,"$151,095",USD,Monthly,15.1,2024-10-07,payroll,1813140.0
13559,GlobalTech,"$119,749",USD,Bi-Weekly,11.3,2024-12-10,payroll,3113474.0
14582,GlobalTech,102442,USD,Annual,24.8,2024-08-14,payroll,102442.0
4870,GlobalTech,138163,USD,Bi-Weekly,0.7,2023-10-10,payroll,3592238.0
8594,GlobalTech,158375,USD,Bi-Weekly,7.5,2023-03-25,payroll,4117750.0
13665,GlobalTech,93833,USD,Annual,25.8,2024-01-09,payroll,93833.0
13354,GlobalTech,61381,GBP,Bi-Weekly,18.2,2023-08-06,payroll,2026800.62
7754,GlobalTech,92190,EUR,Bi-Weekly,23.0,2023-03-20,payroll,2588695.2
9218,GlobalTech,56821,EUR,Bi-Weekly,19.6,2023-04-17,payroll,1595533.6800000002
9313,GlobalTech,70255,GBP,Bi-Weekly,18.8,2023-05-20,payroll,2319820.1
12245,GlobalTech,83226,USD,Annual,20.4,2024-01-05,payroll,83226.0
10791,GlobalTech,77594,GBP,Annual,2.5,2024-09-28,payroll,98544.38
6864,GlobalTech,92729,GBP,Bi-Weekly,27.0,2024-12-27,payroll,3061911.58
6121,GlobalTech,80817,USD,Annual,2.2,2023-07-13,payroll,80817.0
13764,GlobalTech,94798,EUR,Bi-Weekly,8.5,2024-04-28,payroll,2661927.8400000003
9253,GlobalTech,187500,USD,Bi-Weekly,8.0,2023-08-22,payroll,4875000.0
12840,GlobalTech,98236,USD,Bi-Weekly,17.6,2023-07-30,payroll,2554136.0
9800,GlobalTech,129606,EUR,Monthly,25.0,2023-10-11,payroll,1679693.76
8372,GlobalTech,55486,USD,Annual,11.2,2024-08-15,payroll,55486.0
11127,GlobalTech,143538,GBP,Annual,2.2,2023-10-11,payroll,182293.26
10332,GlobalTech,98900,GBP,Bi-Weekly,7.6,2023-06-12,payroll,3265678.0
14854,GlobalTech,112653,EUR,Monthly,26.0,2023-04-03,payroll,1459982.8800000001
13427,GlobalTech,63541,EUR,Monthly,7.5,2023-02-19,payroll,823491.3600000001
7630,GlobalTech,103790,GBP,Annual,18.9,2024-03-06,payroll,131813.3
13091,GlobalTech,90493,USD,Annual,29.6,2024-06-23,payroll,90493.0
6087,GlobalTech,97561,EUR,Monthly,16.0,2024-03-09,payroll,1264390.56
7545,GlobalTech,106088,USD,Bi-Weekly,23.1,2024-03-24,payroll,2758288.0
7190,GlobalTech,80884,USD,Annual,26.0,2024-08-16,payroll,80884.0
2246,GlobalTech,80007,USD,Annual,8.9,2023-05-06,payroll,80007.0
11225,GlobalTech,58408,EUR,Annual,26.2,2023-05-13,payroll,63080.64000000001
6436,GlobalTech,200623,USD,Bi-Weekly,25.2,2023-07-13,payroll,5216198.0
12833,GlobalTech,86352,GBP,Bi-Weekly,3.0,2023-12-28,payroll,2851343.04
9439,GlobalTech,121420,EUR,Bi-Weekly,23.5,2023-03-04,payroll,3409473.6
14731,GlobalTech,99696,EUR,Bi-Weekly,22.9,2023-07-25,payroll,2799463.68
4482,GlobalTech,106411,EUR,Annual,17.8,2023-03-14,payroll,114923.88
4589,GlobalTech,"£99,062",GBP,Bi-Weekly,6.3,2024-01-16,payroll,3271027.24
12560,GlobalTech,76682,GBP,Bi-Weekly,26.7,2024-09-08,payroll,2532039.64
12575,GlobalTech,58723,EUR,Monthly,14.8,2023-03-11,payroll,761050.0800000001
13780,GlobalTech,91495,EUR,Monthly,21.6,2023-05-09,payroll,1185775.2000000002
5588,GlobalTech,69892,USD,Bi-Weekly,3.6,2024-01-08,payroll,1817192.0
10373,GlobalTech,113476,EUR,Annual,13.4,2023-10-25,payroll,122554.08
3727,GlobalTech,106036,GBP,Monthly,15.1,2024-10-28,payroll,1615988.6400000001
14985,GlobalTech,147373,USD,Monthly,15.2,2024-05-20,payroll,1768476.0
14850,GlobalTech,106195,EUR,Monthly,27.0,2023-11-20,payroll,1376287.2000000002
9966,GlobalTech,130176,USD,Monthly,27.6,2024-06-25,payroll,1562112.0
7711,GlobalTech,128664,GBP,Annual,25.2,2023-05-09,payroll,163403.28
13041,GlobalTech,101880,EUR,Monthly,11.4,2023-05-23,payroll,1320364.8
455,GlobalTech,122680,EUR,Monthly,5.1,2023-12-03,payroll,1589932.8
1953,GlobalTech,100650,USD,Bi-Weekly,22.1,2024-05-07,payroll,2616900.0
4267,GlobalTech,179606,EUR,Annual,7.2,2024-12-15,payroll,193974.48
10691,GlobalTech,101121,EUR,Annual,6.8,2023-03-20,payroll,109210.68000000001
14217,GlobalTech,114788,GBP,Bi-Weekly,1.3,2024-06-12,payroll,3790299.7600000002
14450,GlobalTech,133850,USD,Monthly,1.5,2023-01-15,payroll,1606200.0
9101,GlobalTech,80426,USD,Annual,12.9,2023-12-19,payroll,80426.0
13723,GlobalTech,126733,EUR,Monthly,2.4,2023-08-28,payroll,1642459.6800000002
14958,GlobalTech,88183,GBP,Monthly,12.2,2023-03-25,payroll,1343908.92
4249,GlobalTech,121590,EUR,Bi-Weekly,7.8,2024-03-03,payroll,3414247.2
12077,GlobalTech,69485,GBP,Monthly,13.5,2024-04-02,payroll,1058951.4
2225,GlobalTech,115848,GBP,Bi-Weekly,1.8,2024-10-08,payroll,3825300.96
11366,GlobalTech,143657,USD,Annual,8.3,2023-05-27,payroll,143657.0
14076,GlobalTech,84036,GBP,Annual,29.3,2023-12-02,payroll,106725.72
9497,GlobalTech,92940,USD,Annual,21.7,2024-10-14,payroll,92940.0
9596,GlobalTech,161444,EUR,Monthly,21.4,2023-09-18,payroll,2092314.2400000002
8662,GlobalTech,77045,EUR,Monthly,0.5,2024-01-21,payroll,998503.2000000001
5738,GlobalTech,81032,GBP,Bi-Weekly,20.8,2024-05-01,payroll,2675676.64
9724,GlobalTech,119856,EUR,Bi-Weekly,28.6,2023-08-29,payroll,3365556.4800000004
12010,GlobalTech,54929,GBP,Bi-Weekly,9.9,2024-04-27,payroll,1813755.58
11053,GlobalTech,97157,GBP,Monthly,27.6,2024-12-01,payroll,1480672.68
12717,GlobalTech,126857,USD,Monthly,2.8,2023-11-24,payroll,1522284.0
1424,GlobalTech,"$95,489",USD,Monthly,13.1,2023-03-21,payroll,1145868.0
10978,GlobalTech,87868,GBP,Bi-Weekly,16.4,2024-01-08,payroll,2901401.36
4176,GlobalTech,75910,USD,Bi-Weekly,6.7,2023-07-21,payroll,1973660.0
14765,GlobalTech,123949,USD,Monthly,1.1,2023-01-29,payroll,1487388.0
13016,GlobalTech,113595,GBP,Annual,13.1,2024-04-30,payroll,144265.65
13705,GlobalTech,119065,GBP,Annual,29.1,2023-02-16,payroll,151212.55
11977,GlobalTech,73657,USD,Bi-Weekly,25.0,2023-02-14,payroll,1915082.0
2920,GlobalTech,77855,EUR,Annual,14.7,2023-06-22,payroll,84083.40000000001
8656,GlobalTech,40428,GBP,Bi-Weekly,20.5,2024-06-10,payroll,1334932.56
6233,GlobalTech,141822,EUR,Monthly,16.1,2023-09-03,payroll,1838013.12
7743,GlobalTech,135255,USD,Bi-Weekly,3.3,2024-10-29,payroll,3516630.0
13124,GlobalTech,74275,GBP,Monthly,1.2,2024-04-04,payroll,1131951.0
8147,GlobalTech,93514,GBP,Annual,19.2,2024-07-25,payroll,118762.78
10329,GlobalTech,149124,USD,Monthly,6.3,2023-12-07,payroll,1789488.0
1318,GlobalTech,91292,GBP,Monthly,11.3,2024-08-31,payroll,1391290.08
14807,GlobalTech,68947,GBP,Bi-Weekly,3.1,2023-10-26,payroll,2276629.94
11546,GlobalTech,50397,EUR,Annual,18.1,2023-12-13,payroll,54428.76
10164,GlobalTech,192332,EUR,Bi-Weekly,8.5,2023-01-09,payroll,5400682.5600000005
13122,GlobalTech,59918,USD,Bi-Weekly,25.4,2023-08-01,payroll,1557868.0
12260,GlobalTech,137959,EUR,Annual,13.2,2024-11-15,payroll,148995.72
9758,GlobalTech,59009,GBP,Monthly,17.5,2024-02-27,payroll,899297.16
12476,GlobalTech,90216,GBP,Bi-Weekly,7.1,2024-08-02,payroll,2978932.32
10299,GlobalTech,81654,EUR,Annual,11.7,2023-09-28,payroll,88186.32
14005,GlobalTech,121780,EUR,Bi-Weekly,4.8,2023-08-19,payroll,3419582.4000000004
10702,GlobalTech,44304,GBP,Bi-Weekly,28.9,2023-12-15,payroll,1462918.08
11445,GlobalTech,79470,GBP,Annual,4.4,2023-04-28,payroll,100926.9
5888,GlobalTech,66052,GBP,Annual,18.8,2023-09-23,payroll,83886.04000000001
4793,GlobalTech,89290,EUR,Bi-Weekly,27.2,2024-05-13,payroll,2507263.2
12513,GlobalTech,58925,USD,Annual,28.2,2023-05-16,payroll,58925.0
11505,GlobalTech,113371,USD,Monthly,20.1,2024-04-17,payroll,1360452.0
6139,GlobalTech,118410,USD,Monthly,11.2,2023-04-02,payroll,1420920.0
7482,GlobalTech,102984,GBP,Annual,19.8,2024-11-02,payroll,130789.68000000001
10053,GlobalTech,123727,USD,Monthly,0.8,2024-10-03,payroll,1484724.0
2606,GlobalTech,50334,GBP,Annual,16.4,2023-01-28,payroll,63924.18
9364,GlobalTech,96354,USD,Annual,19.6,2024-06-16,payroll,96354.0
13656,GlobalTech,63918,EUR,Bi-Weekly,28.5,2023-05-27,payroll,1794817.4400000002
9038,GlobalTech,129545,EUR,Annual,27.0,2023-07-27,payroll,139908.6
13641,GlobalTech,74318,USD,Bi-Weekly,27.8,2024-07-07,payroll,1932268.0
10933,GlobalTech,60930,GBP,Annual,12.5,2024-11-11,payroll,77381.1
13310,GlobalTech,81149,GBP,Monthly,10.7,2024-06-15,payroll,1236710.76
8857,GlobalTech,"$126,797",USD,Bi-Weekly,2.9,2024-05-06,payroll,3296722.0
7396,GlobalTech,78993,USD,Annual,15.8,2023-10-25,payroll,78993.0
10193,GlobalTech,164090,USD,Annual,2.5,2024-09-01,payroll,164090.0
10129,GlobalTech,74269,USD,Annual,14.4,2024-09-06,payroll,74269.0
10920,GlobalTech,95264,GBP,Monthly,15.8,2024-01-19,payroll,1451823.36
10578,GlobalTech,50416,EUR,Bi-Weekly,11.3,2024-08-04,payroll,1415681.28
13782,GlobalTech,79736,EUR,Bi-Weekly,26.6,2023-01-10,payroll,2238986.8800000004
4247,GlobalTech,55952,GBP,Monthly,19.6,2024-12-14,payroll,852708.48
10761,GlobalTech,"£50,537",GBP,Bi-Weekly,2.4,2023-04-29,payroll,1668731.74
10427,GlobalTech,75477,GBP,Annual,13.1,2023-04-29,payroll,95855.79000000001
8234,GlobalTech,78890,EUR,Annual,28.8,2023-07-02,payroll,85201.20000000001
13288,GlobalTech,"€50,815",EUR,Monthly,1.3,2023-04-25,payroll,658562.4
8475,GlobalTech,80029,EUR,Annual,11.4,2023-07-27,payroll,86431.32
14909,GlobalTech,60446,USD,Monthly,3.2,2023-04-20,payroll,725352.0
6883,GlobalTech,109840,GBP,Bi-Weekly,9.5,2023-03-28,payroll,3626916.8000000003
1368,GlobalTech,75843,USD,Bi-Weekly,28.2,2023-10-24,payroll,1971918.0
12760,GlobalTech,159365,EUR,Monthly,11.6,2023-09-01,payroll,2065370.4000000001
11691,GlobalTech,84394,EUR,Bi-Weekly,14.2,2024-02-27,payroll,2369783.52
12903,GlobalTech,94291,GBP,Bi-Weekly,25.1,2023-07-07,payroll,3113488.82
14691,GlobalTech,94968,GBP,Bi-Weekly,27.6,2023-07-20,payroll,3135843.36
7594,GlobalTech,133564,GBP,Annual,3.5,2023-09-07,payroll,169626.28
6856,GlobalTech,54252,GBP,Bi-Weekly,4.7,2024-12-14,payroll,1791401.04
12178,GlobalTech,104560,USD,Bi-Weekly,27.0,2024-05-17,payroll,2718560.0
10869,GlobalTech,133206,EUR,Bi-Weekly,6.8,2023-07-24,payroll,3740424.4800000004
10721,GlobalTech,105576,EUR,Monthly,8.1,2024-12-07,payroll,1368264.9600000002
10713,GlobalTech,50094,EUR,Monthly,12.0,2024-10-30,payroll,649218.24
585,GlobalTech,111868,GBP,Annual,14.2,2024-01-06,payroll,142072.36000000002
4908,GlobalTech,116615,USD,Monthly,14.5,2024-03-16,payroll,1399380.0
11609,GlobalTech,120198,USD,Monthly,7.8,2024-05-23,payroll,1442376.0
10630,GlobalTech,100388,GBP,Bi-Weekly,27.9,2023-10-08,payroll,3314811.7600000002
12329,GlobalTech,121604,EUR,Monthly,25.8,2023-11-01,payroll,1575987.84
14682,GlobalTech,140811,USD,Bi-Weekly,28.0,2023-12-08,payroll,3661086.0
11728,GlobalTech,146648,EUR,Monthly,7.4,2023-04-20,payroll,1900558.08
13327,GlobalTech,87304,GBP,Monthly,29.0,2024-09-20,payroll,1330512.96
12039,GlobalTech,130276,EUR,Annual,0.0,2023-07-30,payroll,140698.08000000002
12855,GlobalTech,"£51,337",GBP,Bi-Weekly,17.6,2023-06-12,payroll,1695147.74
14249,GlobalTech,42153,GBP,Annual,17.5,2023-07-03,payroll,53534.31
13307,GlobalTech,76527,USD,Annual,10.7,2023-11-14,payroll,76527.0
2005,GlobalTech,64308,EUR,Monthly,27.5,2024-03-16,payroll,833431.68
11191,GlobalTech,60184,GBP,Annual,19.9,2023-05-02,payroll,76433.68000000001
14543,GlobalTech,91188,USD,Annual,16.4,2024-08-15,payroll,91188.0
9263,GlobalTech,55975,GBP,Annual,18.1,2024-04-29,payroll,71088.25
13340,GlobalTech,58976,GBP,Annual,17.7,2024-03-21,payroll,74899.52
4154,GlobalTech,99243,GBP,Monthly,12.0,2024-02-06,payroll,1512463.32
14271,GlobalTech,114842,USD,Annual,28.9,2024-12-09,payroll,114842.0
1997,GlobalTech,"€126,555",EUR,Bi-Weekly,24.4,2023-01-13,payroll,3553664.4000000004
7921,GlobalTech,63918,EUR,Annual,22.5,2023-07-30,payroll,69031.44
4135,GlobalTech,113848,GBP,Monthly,4.8,2024-03-15,payroll,1735043.52
4434,GlobalTech,133408,EUR,Monthly,17.4,2023-11-11,payroll,1728967.6800000002
13147,GlobalTech,74740,USD,Bi-Weekly,21.5,2024-10-29,payroll,1943240.0
6493,GlobalTech,57400,EUR,Bi-Weekly,22.6,2024-12-06,payroll,1611792.0
7797,GlobalTech,98500,USD,Monthly,16.2,2023-10-06,payroll,1182000.0
6337,GlobalTech,88595,GBP,Bi-Weekly,2.8,2023-01-03,payroll,2925406.9
13351,GlobalTech,54721,EUR,Annual,17.8,2023-03-16,payroll,59098.68
6120,GlobalTech,55617,GBP,Annual,5.0,2023-02-21,payroll,70633.59
8741,GlobalTech,"£85,963",GBP,Bi-Weekly,11.8,2023-01-24,payroll,2838498.2600000002
6971,GlobalTech,114051,USD,Annual,17.2,2023-08-12,payroll,114051.0
5959,GlobalTech,"$150,931",USD,Bi-Weekly,11.4,2024-07-14,payroll,3924206.0
14557,GlobalTech,47013,GBP,Bi-Weekly,2.9,2024-03-16,payroll,1552369.26
9970,GlobalTech,59280,EUR,Bi-Weekly,23.7,2024-04-11,payroll,1664582.4000000001
12720,GlobalTech,98867,EUR,Annual,13.1,2023-10-02,payroll,106776.36
13625,GlobalTech,145730,USD,Monthly,11.5,2023-11-01,payroll,1748760.0
13355,GlobalTech,101480,EUR,Annual,20.8,2024-04-05,payroll,109598.40000000001
1971,GlobalTech,68780,GBP,Bi-Weekly,7.7,2024-03-16,payroll,2271115.6
7866,GlobalTech,111497,EUR,Monthly,24.2,2023-08-21,payroll,1445001.12
12892,GlobalTech,131510,EUR,Bi-Weekly,18.6,2024-01-28,payroll,3692800.8000000003
7086,GlobalTech,95869,GBP,Monthly,27.9,2024-10-29,payroll,1461043.56
12847,GlobalTech,67938,USD,Monthly,5.9,2024-12-31,payroll,815256.0
13287,GlobalTech,61658,EUR,Bi-Weekly,24.7,2023-10-13,payroll,1731356.6400000001
12842,GlobalTech,87283,EUR,Annual,16.4,2024-10-05,payroll,94265.64
12164,GlobalTech,65631,GBP,Bi-Weekly,3.6,2024-07-19,payroll,2167135.62
13516,GlobalTech,79673,EUR,Annual,14.0,2023-06-23,payroll,86046.84000000001
10077,GlobalTech,89692,GBP,Bi-Weekly,1.5,2024-05-17,payroll,2961629.84
10269,GlobalTech,87779,EUR,Monthly,6.7,2024-07-16,payroll,1137615.84
7973,GlobalTech,111378,EUR,Annual,22.1,2023-11-04,payroll,120288.24
8776,GlobalTech,50384,GBP,Bi-Weekly,20.6,2024-06-18,payroll,1663679.68
13471,GlobalTech,61060,GBP,Annual,13.8,2023-01-03,payroll,77546.2
4021,GlobalTech,44218,GBP,Monthly,3.4,2023-11-26,payroll,673882.3200000001
5324,GlobalTech,46708,GBP,Monthly,0.3,2024-01-21,payroll,711829.92
12776,GlobalTech,177512,USD,Monthly,10.0,2023-08-30,payroll,2130144.0
13235,GlobalTech,104693,GBP,Bi-Weekly,23.7,2024-03-15,payroll,3456962.86
9537,GlobalTech,42022,GBP,Bi-Weekly,18.4,2024-03-17,payroll,1387566.44
2324,GlobalTech,87195,GBP,Bi-Weekly,19.1,2023-06-14,payroll,2879178.9
7062,GlobalTech,98118,EUR,Annual,29.1,2024-10-19,payroll,105967.44
10695,GlobalTech,115313,USD,Annual,1.8,2023-01-28,payroll,115313.0
8989,GlobalTech,107612,GBP,Annual,12.1,2023-04-07,payroll,136667.24
6267,GlobalTech,110984,EUR,Monthly,0.8,2024-10-21,payroll,1438352.6400000001
11133,GlobalTech,81844,EUR,Annual,7.9,2024-11-20,payroll,88391.52
7746,GlobalTech,95311,GBP,Bi-Weekly,17.5,2024-10-20,payroll,3147169.22
13534,GlobalTech,74934,GBP,Annual,29.4,2023-09-25,payroll,95166.18000000001
13725,GlobalTech,113767,GBP,Annual,15.6,2024-10-27,payroll,144484.09
12287,GlobalTech,66389,EUR,Monthly,12.3,2024-09-16,payroll,860401.4400000001
4341,GlobalTech,77252,GBP,Annual,5.2,2023-03-04,payroll,98110.04000000001
14674,GlobalTech,69106,EUR,Monthly,2.0,2024-03-17,payroll,895613.76
10705,GlobalTech,53397,GBP,Annual,13.2,2024-07-09,payroll,67814.19
6536,GlobalTech,117850,USD,Annual,15.9,2023-08-30,payroll,117850.0
10625,GlobalTech,89777,GBP,Bi-Weekly,8.6,2023-02-01,payroll,2964436.54
9550,GlobalTech,126112,EUR,Annual,10.3,2023-01-25,payroll,136200.96000000002
6598,GlobalTech,121636,GBP,Bi-Weekly,17.8,2024-04-16,payroll,4016420.72
12769,GlobalTech,117926,USD,Annual,23.2,2023-07-03,payroll,117926.0
7664,GlobalTech,104504,EUR,Annual,17.2,2023-02-26,payroll,112864.32
9390,GlobalTech,"£80,468",GBP,Annual,24.3,2023-12-31,payroll,102194.36
13207,GlobalTech,115284,USD,Annual,21.2,2023-10-15,payroll,115284.0
4972,GlobalTech,143513,USD,Annual,24.3,2024-03-11,payroll,143513.0
14006,GlobalTech,99909,EUR,Monthly,15.6,2023-11-08,payroll,1294820.6400000001
14020,GlobalTech,61918,EUR,Bi-Weekly,9.4,2024-10-09,payroll,1738657.4400000002
3976,GlobalTech,82242,GBP,Bi-Weekly,28.7,2023-01-19,payroll,2715630.84
7757,GlobalTech,123266,USD,Monthly,12.6,2023-12-31,payroll,1479192.0
4309,GlobalTech,85013,USD,Bi-Weekly,17.9,2023-06-07,payroll,2210338.0
12223,GlobalTech,73505,EUR,Annual,16.8,2024-07-06,payroll,79385.40000000001
14059,GlobalTech,76221,USD,Annual,13.6,2023-02-14,payroll,76221.0
6850,GlobalTech,91404,GBP,Monthly,25.3,2023-03-06,payroll,1392996.96
11906,GlobalTech,117512,GBP,Annual,20.7,2023-09-12,payroll,149240.24
3980,GlobalTech,240077,USD,Monthly,8.9,2024-08-19,payroll,2880924.0
14937,GlobalTech,125785,USD,Annual,24.1,2024-02-19,payroll,125785.0
1658,GlobalTech,95849,USD,Monthly,15.0,2023-06-04,payroll,1150188.0
8236,GlobalTech,90701,EUR,Annual,24.3,2024-09-23,payroll,97957.08
11439,GlobalTech,95546,USD,Annual,19.3,2023-07-24,payroll,95546.0
14960,GlobalTech,52405,GBP,Annual,15.6,2023-01-20,payroll,66554.35
10841,GlobalTech,123135,EUR,Annual,4.6,2023-11-27,payroll,132985.80000000002
9415,GlobalTech,60447,GBP,Bi-Weekly,14.8,2023-06-30,payroll,1995959.94
7688,GlobalTech,"$134,445",USD,Annual,1.5,2023-04-08,payroll,134445.0
8486,GlobalTech,94789,USD,Annual,23.5,2024-10-03,payroll,94789.0
13449,GlobalTech,133248,USD,Annual,1.3,2023-08-11,payroll,133248.0
8970,GlobalTech,53201,EUR,Annual,14.4,2024-09-02,payroll,57457.08
1311,GlobalTech,58948,USD,Monthly,19.2,2023-01-16,payroll,707376.0
9147,GlobalTech,133738,USD,Monthly,6.9,2024-04-10,payroll,1604856.0
12650,GlobalTech,120890,USD,Annual,24.8,2024-04-06,payroll,120890.0
8393,GlobalTech,144355,USD,Bi-Weekly,3.3,2024-05-03,payroll,3753230.0
13986,GlobalTech,94674,USD,Annual,26.9,2024-09-12,payroll,94674.0
1824,GlobalTech,43123,GBP,Annual,8.0,2023-05-09,payroll,54766.21
11026,GlobalTech,81314,GBP,Bi-Weekly,7.9,2023-03-03,payroll,2684988.2800000003
8867,GlobalTech,92847,GBP,Annual,23.6,2024-10-07,payroll,117915.69
12174,GlobalTech,70080,GBP,Bi-Weekly,20.5,2024-07-24,payroll,2314041.6
3440,GlobalTech,107002,EUR,Monthly,2.9,2024-01-25,payroll,1386745.9200000002
14811,GlobalTech,100541,EUR,Annual,9.5,2023-12-22,payroll,108584.28000000001
8258,GlobalTech,130868,EUR,Bi-Weekly,6.7,2024-06-21,payroll,3674773.4400000004
9523,GlobalTech,124783,USD,Monthly,28.9,2023-10-13,payroll,1497396.0
12753,GlobalTech,107340,USD,Bi-Weekly,0.1,2023-09-22,payroll,2790840.0
10589,GlobalTech,53190,USD,Monthly,16.5,2023-07-14,payroll,638280.0
2020,GlobalTech,108002,GBP,Monthly,15.0,2023-03-12,payroll,1645950.48
11430,GlobalTech,137331,USD,Monthly,22.3,2024-07-28,payroll,1647972.0
10601,GlobalTech,94182,GBP,Bi-Weekly,20.4,2023-04-28,payroll,3109889.64
6523,GlobalTech,113606,EUR,Annual,12.9,2023-07-18,payroll,122694.48000000001
12598,GlobalTech,56861,EUR,Bi-Weekly,1.0,2024-11-03,payroll,1596656.8800000001
13425,GlobalTech,98239,GBP,Monthly,11.7,2024-01-26,payroll,1497162.36
13199,GlobalTech,135581,USD,Bi-Weekly,17.5,2024-09-07,payroll,3525106.0
10472,GlobalTech,99330,EUR,Monthly,15.6,2023-11-11,payroll,1287316.8
8838,GlobalTech,105224,GBP,Monthly,21.2,2023-01-30,payroll,1603613.76
13010,GlobalTech,108215,EUR,Bi-Weekly,16.4,2023-07-03,payroll,3038677.2
2958,GlobalTech,123946,EUR,Monthly,28.4,2024-05-02,payroll,1606340.1600000001
6909,GlobalTech,108112,USD,Annual,6.3,2023-11-17,payroll,108112.0
6455,GlobalTech,62016,EUR,Annual,18.1,2024-02-06,payroll,66977.28
1368,GlobalTech,110563,GBP,Bi-Weekly,1.6,2023-04-24,payroll,3650790.2600000002
9099,GlobalTech,"£47,788",GBP,Bi-Weekly,13.2,2023-08-20,payroll,1577959.76
11332,GlobalTech,61536,GBP,Annual,16.1,2024-03-07,payroll,78150.72
5321,GlobalTech,88328,EUR,Annual,12.6,2023-05-16,payroll,95394.24
10492,GlobalTech,48226,EUR,Annual,25.8,2024-03-18,payroll,52084.08
7548,GlobalTech,167115,EUR,Monthly,2.5,2024-07-30,payroll,2165810.4000000004
7166,GlobalTech,94492,GBP,Monthly,10.8,2023-03-19,payroll,1440058.08
9683,GlobalTech,103817,USD,Bi-Weekly,2.5,2024-02-26,payroll,2699242.0
5417,GlobalTech,147268,USD,Annual,24.0,2023-02-03,payroll,147268.0
11040,GlobalTech,79878,USD,Bi-Weekly,29.6,2023-09-27,payroll,2076828.0
6362,GlobalTech,97263,GBP,Annual,12.1,2024-09-28,payroll,123524.01
14873,GlobalTech,86921,USD,Monthly,13.0,2023-04-16,payroll,1043052.0
8108,GlobalTech,104077,USD,Monthly,23.4,2023-08-30,payroll,1248924.0
12401,GlobalTech,113946,EUR,Monthly,20.6,2024-09-13,payroll,1476740.1600000001
12692,GlobalTech,113738,GBP,Monthly,4.8,2024-10-05,payroll,1733367.12
10718,GlobalTech,47691,EUR,Bi-Weekly,18.4,2024-07-12,payroll,1339163.28
5252,GlobalTech,114325,EUR,Bi-Weekly,29.9,2024-03-28,payroll,3210246.0
5448,GlobalTech,"£93,624",GBP,Bi-Weekly,24.6,2024-02-29,payroll,3091464.48
10785,GlobalTech,83481,GBP,Bi-Weekly,11.7,2023-08-26,payroll,2756542.62
5495,GlobalTech,85682,USD,Bi-Weekly,21.2,2024-08-31,payroll,2227732.0
8629,GlobalTech,86928,GBP,Bi-Weekly,24.7,2024-07-26,payroll,2870362.56
12217,GlobalTech,127937,EUR,Annual,26.4,2023-06-09,payroll,138171.96000000002
11630,GlobalTech,80088,GBP,Annual,24.7,2024-12-04,payroll,101711.76
10591,GlobalTech,103849,USD,Monthly,8.8,2024-11-08,payroll,1246188.0
10344,GlobalTech,116181,GBP,Monthly,27.0,2023-03-07,payroll,1770598.44
8967,GlobalTech,177175,USD,Annual,7.3,2023-10-30,payroll,177175.0
5716,GlobalTech,111330,EUR,Bi-Weekly,11.5,2024-03-26,payroll,3126146.4000000004
11819,GlobalTech,105219,EUR,Bi-Weekly,16.2,2024-02-13,payroll,2954549.52
13413,GlobalTech,113279,GBP,Annual,25.0,2024-02-15,payroll,143864.33000000002
6293,GlobalTech,64339,EUR,Annual,26.8,2024-09-06,payroll,69486.12000000001
10411,GlobalTech,59050,USD,Annual,24.5,2024-01-08,payroll,59050.0
8196,GlobalTech,78563,EUR,Monthly,2.3,2023-07-17,payroll,1018176.4800000001
12832,GlobalTech,88859,USD,Annual,9.7,2023-09-10,payroll,88859.0
12697,GlobalTech,74826,GBP,Bi-Weekly,14.9,2023-06-22,payroll,2470754.52
1822,GlobalTech,132887,GBP,Monthly,16.3,2023-10-04,payroll,2025197.8800000001
11451,GlobalTech,70380,USD,Annual,27.8,2024-10-07,payroll,70380.0
9052,GlobalTech,109706,EUR,Annual,8.8,2023-06-23,payroll,118482.48000000001
11667,GlobalTech,42334,GBP,Bi-Weekly,9.5,2024-08-07,payroll,1397868.68
1236,GlobalTech,105584,EUR,Monthly,5.2,2024-08-04,payroll,1368368.6400000001
10878,GlobalTech,72475,USD,Annual,2.7,2023-08-05,payroll,72475.0
9690,GlobalTech,63891,USD,Annual,17.4,2024-10-07,payroll,63891.0
10685,GlobalTech,89548,GBP,Bi-Weekly,5.3,2024-02-20,payroll,2956874.96
5345,GlobalTech,115195,GBP,Annual,18.1,2023-05-21,payroll,146297.65
8906,GlobalTech,64566,GBP,Annual,22.4,2024-11-14,payroll,81998.82
14301,GlobalTech,121930,GBP,Annual,8.5,2023-08-03,payroll,154851.1
11293,GlobalTech,63290,USD,Bi-Weekly,29.1,2023-10-08,payroll,1645540.0
13821,GlobalTech,90947,EUR,Bi-Weekly,17.6,2024-09-01,payroll,2553791.7600000002
5063,GlobalTech,98933,USD,Monthly,23.3,2024-12-06,payroll,1187196.0
14780,GlobalTech,"$104,007",USD,Monthly,11.3,2023-01-18,payroll,1248084.0
9056,GlobalTech,91815,USD,Bi-Weekly,10.1,2024-03-28,payroll,2387190.0
9981,GlobalTech,130695,EUR,Bi-Weekly,18.9,2023-05-07,payroll,3669915.6
5397,GlobalTech,121463,EUR,Annual,26.2,2024-06-25,payroll,131180.04
8031,GlobalTech,85553,GBP,Bi-Weekly,2.9,2023-09-25,payroll,2824960.06
12297,GlobalTech,100637,USD,Bi-Weekly,12.1,2023-08-25,payroll,2616562.0
14298,GlobalTech,48206,EUR,Annual,5.2,2024-08-30,payroll,52062.48
12443,GlobalTech,109245,USD,Bi-Weekly,19.6,2023-07-26,payroll,2840370.0
13300,GlobalTech,68274,GBP,Monthly,17.5,2024-09-13,payroll,1040495.76
5495,GlobalTech,74979,GBP,Bi-Weekly,5.4,2024-04-28,payroll,2475806.58
7891,GlobalTech,119866,GBP,Annual,1.4,2024-08-18,payroll,152229.82
8061,GlobalTech,104929,EUR,Annual,28.4,2023-08-03,payroll,113323.32
7446,GlobalTech,99036,EUR,Monthly,21.4,2023-03-20,payroll,1283506.56
7833,GlobalTech,79099,GBP,Annual,12.3,2023-05-07,payroll,100455.73
4354,GlobalTech,125593,USD,Annual,12.4,2024-04-07,payroll,125593.0
13417,GlobalTech,136832,EUR,Bi-Weekly,24.5,2023-08-16,payroll,3842242.56
9145,GlobalTech,68667,GBP,Annual,22.3,2023-04-09,payroll,87207.09
14160,GlobalTech,110078,USD,Bi-Weekly,10.9,2024-07-31,payroll,2862028.0
14334,GlobalTech,78130,GBP,Monthly,11.5,2023-09-21,payroll,1190701.2
10355,GlobalTech,87914,USD,Monthly,26.6,2023-07-13,payroll,1054968.0
11843,GlobalTech,81880,GBP,Bi-Weekly,28.7,2024-12-21,payroll,2703677.6
12637,GlobalTech,123532,GBP,Annual,0.5,2024-11-05,payroll,156885.64
2931,GlobalTech,83898,USD,Monthly,24.3,2024-01-13,payroll,1006776.0
13114,GlobalTech,56794,GBP,Bi-Weekly,3.1,2023-11-15,payroll,1875337.8800000001
12038,GlobalTech,84953,EUR,Annual,29.3,2023-09-27,payroll,91749.24
12366,GlobalTech,206172,USD,Bi-Weekly,14.1,2024-12-26,payroll,5360472.0
14210,GlobalTech,92489,USD,Monthly,0.3,2024-04-18,payroll,1109868.0
14047,GlobalTech,126902,EUR,Bi-Weekly,7.0,2024-12-31,payroll,3563408.16
13072,GlobalTech,"$56,491",USD,Bi-Weekly,22.4,2024-04-15,payroll,1468766.0
2454,GlobalTech,113971,USD,Annual,7.5,2023-07-03,payroll,113971.0
11319,GlobalTech,87724,USD,Monthly,17.3,2023-07-08,payroll,1052688.0
5678,GlobalTech,108784,GBP,Monthly,16.0,2024-07-27,payroll,1657868.16
1202,GlobalTech,118257,GBP,Bi-Weekly,23.7,2023-03-05,payroll,3904846.14
8684,GlobalTech,119019,USD,Monthly,8.1,2024-07-04,payroll,1428228.0
12739,GlobalTech,73469,USD,Monthly,14.7,2023-05-25,payroll,881628.0
14389,GlobalTech,141290,GBP,Monthly,15.7,2023-03-27,payroll,2153259.6
8119,GlobalTech,136984,EUR,Bi-Weekly,4.8,2023-11-23,payroll,3846510.72
8307,GlobalTech,88814,EUR,Bi-Weekly,5.0,2024-06-24,payroll,2493897.12
3905,GlobalTech,"€59,217",EUR,Bi-Weekly,28.7,2024-08-02,payroll,1662813.36
4775,GlobalTech,111197,GBP,Bi-Weekly,23.9,2024-03-07,payroll,3671724.94
3912,GlobalTech,59476,GBP,Monthly,7.1,2024-08-10,payroll,906414.24
9410,GlobalTech,106467,EUR,Annual,21.3,2024-05-29,payroll,114984.36
11712,GlobalTech,130696,USD,Bi-Weekly,30.0,2023-03-01,payroll,3398096.0
5035,GlobalTech,98136,GBP,Bi-Weekly,23.2,2024-02-05,payroll,3240450.72
2874,GlobalTech,118320,EUR,Monthly,20.8,2024-09-07,payroll,1533427.2000000002
5546,GlobalTech,54465,EUR,Annual,14.1,2024-09-10,payroll,58822.200000000004
3347,GlobalTech,83563,EUR,Bi-Weekly,26.2,2023-03-31,payroll,2346449.04
13975,GlobalTech,83645,GBP,Annual,0.4,2023-09-25,payroll,106229.15000000001
4579,GlobalTech,152491,USD,Monthly,15.6,2024-07-15,payroll,1829892.0
2728,GlobalTech,99321,GBP,Monthly,11.7,2024-08-31,payroll,1513652.04
14904,GlobalTech,81009,GBP,Bi-Weekly,14.9,2023-01-21,payroll,2674917.18
6528,GlobalTech,72417,GBP,Monthly,4.9,2024-06-07,payroll,1103635.08
11780,GlobalTech,77489,USD,Bi-Weekly,18.8,2023-10-23,payroll,2014714.0
6161,GlobalTech,176795,USD,Monthly,4.8,2023-01-04,payroll,2121540.0
8623,GlobalTech,59038,EUR,Bi-Weekly,19.3,2024-06-08,payroll,1657787.04
9733,GlobalTech,138736,EUR,Annual,3.6,2023-07-13,payroll,149834.88
9558,GlobalTech,112231,EUR,Bi-Weekly,7.2,2023-07-31,payroll,3151446.48
9091,GlobalTech,105535,EUR,Bi-Weekly,18.7,2024-03-18,payroll,2963422.8000000003
14883,GlobalTech,144966,USD,Monthly,15.7,2023-10-21,payroll,1739592.0
1937,GlobalTech,151609,EUR,Annual,11.0,2023-05-08,payroll,163737.72
8038,GlobalTech,"$103,945",USD,Monthly,18.2,2023-08-08,payroll,1247340.0
5715,GlobalTech,"£62,535",GBP,Annual,20.7,2024-07-12,payroll,79419.45
6535,GlobalTech,132346,USD,Annual,20.2,2024-02-22,payroll,132346.0
11353,GlobalTech,69154,GBP,Bi-Weekly,15.2,2024-02-29,payroll,2283465.08
7485,GlobalTech,57516,USD,Bi-Weekly,13.2,2024-12-10,payroll,1495416.0
207,GlobalTech,113613,USD,Annual,21.8,2024-06-25,payroll,113613.0
8195,GlobalTech,97636,EUR,Annual,16.9,2024-03-30,payroll,105446.88
8157,GlobalTech,104328,EUR,Annual,22.8,2024-09-21,payroll,112674.24
11126,GlobalTech,75763,GBP,Monthly,20.7,2023-06-03,payroll,1154628.12
14877,GlobalTech,76145,USD,Monthly,6.5,2023-07-25,payroll,913740.0
14251,GlobalTech,90532,GBP,Bi-Weekly,12.7,2024-07-21,payroll,2989366.64
8805,GlobalTech,129877,USD,Monthly,20.5,2024-12-12,payroll,1558524.0
8579,GlobalTech,120360,USD,Bi-Weekly,1.7,2023-06-06,payroll,3129360.0
1892,GlobalTech,107088,GBP,Monthly,5.4,2023-08-31,payroll,1632021.12
12741,GlobalTech,161516,EUR,Monthly,21.2,2024-10-16,payroll,2093247.36
6330,GlobalTech,136315,GBP,Bi-Weekly,13.2,2023-07-04,payroll,4501121.3
12828,GlobalTech,124040,GBP,Bi-Weekly,6.8,2023-10-27,payroll,4095800.8000000003
6984,GlobalTech,136677,EUR,Monthly,6.5,2023-01-18,payroll,1771333.9200000002
4989,GlobalTech,50334,EUR,Monthly,8.9,2024-06-09,payroll,652328.64
7105,GlobalTech,101049,GBP,Annual,17.5,2024-08-19,payroll,128332.23
11438,GlobalTech,101334,EUR,Monthly,17.8,2023-09-30,payroll,1313288.6400000001
11745,GlobalTech,98532,GBP,Annual,29.9,2023-06-11,payroll,125135.64
10580,GlobalTech,107716,GBP,Annual,4.2,2023-09-07,payroll,136799.32
7659,GlobalTech,123004,EUR,Annual,16.5,2024-05-17,payroll,132844.32
12481,GlobalTech,128419,USD,Bi-Weekly,28.5,2024-10-19,payroll,3338894.0
7516,GlobalTech,116996,USD,Annual,12.2,2024-09-09,payroll,116996.0
14439,GlobalTech,60490,GBP,Monthly,13.8,2023-08-19,payroll,921867.6
11443,GlobalTech,97524,EUR,Monthly,20.7,2023-01-06,payroll,1263911.04
5757,GlobalTech,48264,EUR,Monthly,26.0,2024-12-29,payroll,625501.4400000001
9256,GlobalTech,73644,GBP,Annual,12.0,2023-10-16,payroll,93527.88
11654,GlobalTech,109152,GBP,Bi-Weekly,9.7,2023-03-27,payroll,3604199.04
9788,GlobalTech,112359,GBP,Monthly,19.9,2023-01-08,payroll,1712351.16
6594,GlobalTech,97690,USD,Annual,24.6,2023-10-30,payroll,97690.0
6569,GlobalTech,43388,GBP,Bi-Weekly,23.2,2023-10-06,payroll,1432671.76
5381,GlobalTech,"£139,829",GBP,Annual,29.4,2024-08-06,payroll,177582.83000000002
8268,GlobalTech,53440,EUR,Bi-Weekly,18.5,2023-08-06,payroll,1500595.2000000002
10766,GlobalTech,105733,EUR,Monthly,16.6,2023-07-27,payroll,1370299.6800000002
8685,GlobalTech,40474,GBP,Annual,19.1,2024-07-27,payroll,51401.98
2357,GlobalTech,90789,EUR,Monthly,9.3,2024-04-24,payroll,1176625.4400000002
12513,GlobalTech,96082,EUR,Monthly,17.1,2024-06-24,payroll,1245222.72
5850,GlobalTech,47918,EUR,Bi-Weekly,0.8,2023-02-08,payroll,1345537.4400000002
12192,GlobalTech,138846,USD,Monthly,23.0,2024-07-02,payroll,1666152.0
5336,GlobalTech,127588,USD,Monthly,9.3,2024-11-24,payroll,1531056.0
14930,GlobalTech,121431,USD,Monthly,17.9,2023-07-26,payroll,1457172.0
1597,GlobalTech,67847,EUR,Monthly,25.7,2023-07-08,payroll,879297.1200000001
6749,GlobalTech,64580,GBP,Annual,10.0,2024-06-26,payroll,82016.6
9704,GlobalTech,68117,EUR,Annual,10.0,2023-05-15,payroll,73566.36
14706,GlobalTech,147614,EUR,Monthly,14.0,2024-10-09,payroll,1913077.4400000002
11488,GlobalTech,74280,GBP,Annual,5.6,2023-06-27,payroll,94335.6
7971,GlobalTech,108009,EUR,Monthly,8.2,2024-05-27,payroll,1399796.6400000001
455,GlobalTech,160341,EUR,Annual,19.3,2024-05-31,payroll,173168.28
3822,GlobalTech,57374,USD,Monthly,28.1,2023-07-21,payroll,688488.0
5362,GlobalTech,126502,USD,Monthly,23.3,2023-05-13,payroll,1518024.0
10703,GlobalTech,65824,USD,Monthly,19.4,2024-02-25,payroll,789888.0
14673,GlobalTech,90569,USD,Monthly,29.5,2023-05-28,payroll,1086828.0
13383,GlobalTech,96600,EUR,Monthly,27.3,2024-12-08,payroll,1251936.0
9785,GlobalTech,87006,GBP,Annual,20.5,2023-09-28,payroll,110497.62
12823,GlobalTech,"€114,193",EUR,Bi-Weekly,3.5,2024-03-20,payroll,3206539.4400000004
10238,GlobalTech,75992,GBP,Bi-Weekly,25.8,2023-04-13,payroll,2509255.84
13989,GlobalTech,64644,USD,Annual,27.7,2024-10-04,payroll,64644.0
11001,GlobalTech,116089,GBP,Monthly,12.7,2023-08-18,payroll,1769196.36
10788,GlobalTech,112188,GBP,Bi-Weekly,10.0,2024-06-13,payroll,3704447.7600000002
8997,GlobalTech,111822,USD,Monthly,28.0,2024-05-01,payroll,1341864.0
10890,GlobalTech,"€48,436",EUR,Annual,6.2,2024-03-14,payroll,52310.880000000005
10382,GlobalTech,109440,USD,Bi-Weekly,15.8,2023-07-15,payroll,2845440.0
4052,GlobalTech,73100,GBP,Monthly,3.1,2023-06-13,payroll,1114044.0
9584,GlobalTech,116385,EUR,Annual,16.6,2023-10-07,payroll,125695.8
11062,GlobalTech,212194,USD,Annual,18.2,2024-10-26,payroll,212194.0
14893,GlobalTech,135828,USD,Monthly,11.2,2024-12-19,payroll,1629936.0
4210,GlobalTech,168247,USD,Monthly,20.5,2024-11-09,payroll,2018964.0
5637,GlobalTech,51772,GBP,Monthly,4.1,2023-07-26,payroll,789005.28
4399,GlobalTech,108300,EUR,Annual,15.7,2023-09-24,payroll,116964.00000000001
8086,GlobalTech,122943,GBP,Annual,9.7,2024-03-31,payroll,156137.61000000002
9060,GlobalTech,127342,EUR,Annual,24.6,2023-01-02,payroll,137529.36000000002
9209,GlobalTech,134784,USD,Monthly,25.6,2023-04-08,payroll,1617408.0
10074,GlobalTech,77002,USD,Annual,15.3,2023-01-07,payroll,77002.0
10070,GlobalTech,89736,EUR,Annual,22.0,2024-05-25,payroll,96914.88
8559,GlobalTech,86425,USD,Monthly,15.3,2024-08-02,payroll,1037100.0
6856,GlobalTech,98513,EUR,Bi-Weekly,14.8,2023-06-21,payroll,2766245.04
10129,GlobalTech,45296,GBP,Bi-Weekly,26.1,2023-03-14,payroll,1495673.92
1629,GlobalTech,110229,EUR,Monthly,7.4,2024-01-21,payroll,1428567.84
2944,GlobalTech,61957,GBP,Annual,6.1,2024-03-12,payroll,78685.39
13882,GlobalTech,105392,USD,Bi-Weekly,23.2,2024-09-01,payroll,2740192.0
14353,GlobalTech,61990,USD,Bi-Weekly,19.4,2023-06-28,payroll,1611740.0
12450,GlobalTech,87037,USD,Monthly,25.2,2024-01-22,payroll,1044444.0
1405,GlobalTech,74700,USD,Annual,24.6,2023-04-26,payroll,74700.0
11352,GlobalTech,96974,EUR,Bi-Weekly,3.0,2024-02-10,payroll,2723029.9200000004
5843,GlobalTech,117995,USD,Annual,15.8,2024-12-14,payroll,117995.0
7048,GlobalTech,108671,EUR,Bi-Weekly,4.2,2024-04-10,payroll,3051481.68
2980,GlobalTech,95459,USD,Annual,0.9,2023-09-13,payroll,95459.0
1376,GlobalTech,51520,EUR,Annual,25.0,2024-09-22,payroll,55641.600000000006
12933,GlobalTech,129987,USD,Monthly,21.8,2023-06-29,payroll,1559844.0
12938,GlobalTech,117923,USD,Annual,28.3,2024-10-06,payroll,117923.0
13434,GlobalTech,64290,GBP,Bi-Weekly,1.5,2023-01-16,payroll,2122855.8
12091,GlobalTech,128786,EUR,Annual,0.5,2023-08-07,payroll,139088.88
3442,GlobalTech,75330,GBP,Bi-Weekly,19.9,2023-06-26,payroll,2487396.6
8646,GlobalTech,58209,EUR,Annual,21.0,2024-08-13,payroll,62865.72
6072,GlobalTech,50623,EUR,Monthly,13.1,2023-02-13,payroll,656074.0800000001
6685,GlobalTech,120815,EUR,Annual,23.2,2023-03-18,payroll,130480.20000000001
13621,GlobalTech,68939,USD,Annual,4.7,2024-12-02,payroll,68939.0
11623,GlobalTech,130815,EUR,Monthly,5.7,2024-09-20,payroll,1695362.4000000001
7753,GlobalTech,86194,USD,Bi-Weekly,19.9,2024-09-19,payroll,2241044.0
10478,GlobalTech,48344,EUR,Bi-Weekly,11.4,2023-07-04,payroll,1357499.52
13657,GlobalTech,102655,GBP,Annual,18.0,2024-10-01,payroll,130371.85
1400,GlobalTech,89064,GBP,Monthly,1.5,2023-12-14,payroll,1357335.36
7431,GlobalTech,91390,EUR,Annual,16.3,2023-12-07,payroll,98701.20000000001
2257,GlobalTech,86989,USD,Annual,11.4,2024-12-02,payroll,86989.0
14587,GlobalTech,57126,GBP,Bi-Weekly,16.5,2024-05-29,payroll,1886300.52
13712,GlobalTech,110579,GBP,Monthly,1.2,2023-10-31,payroll,1685223.96
11169,GlobalTech,152785,GBP,Bi-Weekly,20.1,2023-07-10,payroll,5044960.7
14370,GlobalTech,84196,USD,Bi-Weekly,23.1,2024-10-18,payroll,2189096.0
10240,GlobalTech,54254,GBP,Bi-Weekly,17.4,2023-03-20,payroll,1791467.08
9586,GlobalTech,88418,EUR,Bi-Weekly,19.3,2024-07-20,payroll,2482777.44
5441,GlobalTech,74484,USD,Annual,6.4,2024-05-05,payroll,74484.0
9448,GlobalTech,130624,EUR,Monthly,15.7,2023-02-04,payroll,1692887.04
6586,GlobalTech,141310,USD,Bi-Weekly,8.0,2024-07-22,payroll,3674060.0
10848,GlobalTech,59419,EUR,Monthly,25.4,2023-10-10,payroll,770070.2400000001
3641,GlobalTech,128313,EUR,Annual,26.0,2024-05-17,payroll,138578.04
10630,GlobalTech,93642,EUR,Monthly,9.9,2023-09-29,payroll,1213600.32
12426,GlobalTech,88518,GBP,Monthly,8.1,2023-01-08,payroll,1349014.32
7508,GlobalTech,97835,USD,Monthly,10.4,2023-09-15,payroll,1174020.0
13375,GlobalTech,74172,USD,Monthly,15.3,2023-05-22,payroll,890064.0
14317,GlobalTech,94742,GBP,Annual,20.5,2023-08-15,payroll,120322.34
5667,GlobalTech,125046,USD,Annual,14.6,2024-07-06,payroll,125046.0
6807,GlobalTech,53558,GBP,Monthly,11.3,2023-05-26,payroll,816223.92
13422,GlobalTech,142380,USD,Annual,22.9,2024-03-30,payroll,142380.0
6056,GlobalTech,123381,EUR,Bi-Weekly,8.5,2023-01-24,payroll,3464538.4800000004
9565,GlobalTech,79176,GBP,Bi-Weekly,29.2,2023-10-29,payroll,2614391.52
4049,GlobalTech,76440,GBP,Annual,6.6,2023-06-14,payroll,97078.8
10245,GlobalTech,50040,GBP,Monthly,25.9,2023-05-29,payroll,762609.6
14688,GlobalTech,76378,EUR,Bi-Weekly,19.1,2024-11-09,payroll,2144694.24
9689,GlobalTech,77282,EUR,Monthly,24.7,2023-11-17,payroll,1001574.7200000001
12986,GlobalTech,53307,EUR,Annual,12.4,2024-10-29,payroll,57571.560000000005
10125,GlobalTech,105940,EUR,Monthly,18.9,2024-10-13,payroll,1372982.4000000001
9285,GlobalTech,127204,GBP,Monthly,22.4,2023-07-23,payroll,1938588.96
12982,GlobalTech,49433,GBP,Annual,23.9,2024-01-24,payroll,62779.91
4779,GlobalTech,"€204,569",EUR,Annual,22.0,2024-10-08,payroll,220934.52000000002
5181,GlobalTech,54548,USD,Bi-Weekly,10.6,2023-07-28,payroll,1418248.0
13520,GlobalTech,116612,GBP,Monthly,26.0,2024-03-29,payroll,1777166.8800000001
13103,GlobalTech,72065,GBP,Annual,12.3,2024-10-02,payroll,91522.55
9703,GlobalTech,112966,EUR,Monthly,3.6,2023-08-02,payroll,1464039.36
8363,GlobalTech,67579,USD,Annual,9.4,2023-01-04,payroll,67579.0
4314,GlobalTech,149614,USD,Annual,4.8,2024-02-04,payroll,149614.0
8440,GlobalTech,72913,GBP,Bi-Weekly,25.1,2024-01-07,payroll,2407587.2600000002
7524,GlobalTech,82560,GBP,Bi-Weekly,29.8,2024-03-01,payroll,2726131.2
14927,GlobalTech,122803,USD,Annual,1.8,2024-06-15,payroll,122803.0
12379,GlobalTech,94949,USD,Bi-Weekly,10.6,2023-06-13,payroll,2468674.0
11890,GlobalTech,62892,EUR,Monthly,22.7,2023-12-13,payroll,815080.3200000001
14899,GlobalTech,111157,EUR,Annual,14.5,2024-08-10,payroll,120049.56000000001
12382,GlobalTech,75218,GBP,Bi-Weekly,9.2,2024-01-15,payroll,2483698.36
2725,GlobalTech,107260,GBP,Monthly,6.6,2024-12-20,payroll,1634642.4
8244,GlobalTech,60620,EUR,Bi-Weekly,3.8,2024-02-05,payroll,1702209.6
11943,GlobalTech,87204,EUR,Bi-Weekly,11.8,2023-12-07,payroll,2448688.3200000003
12847,GlobalTech,100719,USD,Monthly,9.5,2024-06-25,payroll,1208628.0
14406,GlobalTech,"£112,156",GBP,Monthly,10.0,2024-09-01,payroll,1709257.44
13989,GlobalTech,104117,GBP,Annual,16.9,2024-04-16,payroll,132228.59
11459,GlobalTech,85685,USD,Monthly,16.3,2024-11-05,payroll,1028220.0
10911,GlobalTech,78621,EUR,Monthly,3.2,2023-05-10,payroll,1018928.16
6545,GlobalTech,93338,EUR,Monthly,28.6,2024-03-21,payroll,1209660.48
6827,GlobalTech,98647,GBP,Annual,27.8,2024-11-12,payroll,125281.69
14925,GlobalTech,69081,GBP,Annual,11.0,2023-06-09,payroll,87732.87
3039,GlobalTech,55611,USD,Annual,16.3,2023-10-03,payroll,55611.0
9945,GlobalTech,75161,EUR,Annual,10.1,2023-01-09,payroll,81173.88
10036,GlobalTech,98881,USD,Annual,9.6,2024-11-26,payroll,98881.0
7520,GlobalTech,"€84,751",EUR,Annual,2.8,2024-06-03,payroll,91531.08
11693,GlobalTech,91948,GBP,Bi-Weekly,6.8,2023-10-14,payroll,3036122.96
10005,GlobalTech,93385,USD,Bi-Weekly,5.3,2023-08-26,payroll,2428010.0
6613,GlobalTech,135733,GBP,Bi-Weekly,27.2,2024-12-12,payroll,4481903.66
14721,GlobalTech,61291,EUR,Monthly,0.6,2024-09-12,payroll,794331.3600000001
2463,GlobalTech,98342,GBP,Annual,12.9,2023-09-01,payroll,124894.34
4174,GlobalTech,"£119,512",GBP,Annual,6.5,2024-12-15,payroll,151780.24
4743,GlobalTech,106228,USD,Monthly,6.1,2023-07-25,payroll,1274736.0
12375,GlobalTech,83774,EUR,Annual,16.8,2023-09-11,payroll,90475.92000000001
13439,GlobalTech,106678,USD,Annual,8.2,2023-02-12,payroll,106678.0
14621,GlobalTech,49193,EUR,Monthly,23.2,2024-09-12,payroll,637541.28
3190,GlobalTech,86950,GBP,Annual,20.5,2024-09-16,payroll,110426.5
6507,GlobalTech,123808,EUR,Bi-Weekly,9.2,2023-10-08,payroll,3476528.64
14530,GlobalTech,68932,GBP,Bi-Weekly,11.6,2024-02-03,payroll,2276134.64
7257,GlobalTech,59160,GBP,Monthly,22.8,2024-09-29,payroll,901598.4
4719,GlobalTech,65972,USD,Bi-Weekly,18.7,2023-11-24,payroll,1715272.0
12347,GlobalTech,61375,EUR,Bi-Weekly,2.5,2024-08-17,payroll,1723410.0
3013,GlobalTech,115577,EUR,Monthly,23.7,2024-07-31,payroll,1497877.9200000002
13494,GlobalTech,88239,EUR,Monthly,22.0,2024-06-11,payroll,1143577.4400000002
14502,GlobalTech,"$67,655",USD,Bi-Weekly,4.1,2023-09-23,payroll,1759030.0
6763,GlobalTech,99606,EUR,Monthly,25.8,2023-12-10,payroll,1290893.76
11486,GlobalTech,203077,USD,Annual,7.7,2023-08-05,payroll,203077.0
2638,GlobalTech,50914,EUR,Bi-Weekly,12.5,2023-01-27,payroll,1429665.12
6870,GlobalTech,130963,EUR,Annual,26.1,2024-08-20,payroll,141440.04
8119,GlobalTech,67399,USD,Annual,25.7,2023-03-22,payroll,67399.0
7188,GlobalTech,76639,GBP,Bi-Weekly,2.4,2024-11-17,payroll,2530619.7800000003
12580,GlobalTech,127067,EUR,Monthly,24.7,2023-08-03,payroll,1646788.32
12338,GlobalTech,47044,EUR,Annual,4.4,2023-10-20,payroll,50807.520000000004
5790,GlobalTech,100157,GBP,Annual,0.4,2024-07-19,payroll,127199.39
2429,GlobalTech,114076,EUR,Annual,5.2,2024-10-28,payroll,123202.08
14674,GlobalTech,75846,USD,Monthly,4.5,2023-02-14,payroll,910152.0
3263,GlobalTech,120552,EUR,Annual,20.8,2023-06-01,payroll,130196.16
12697,GlobalTech,82583,EUR,Bi-Weekly,11.5,2023-02-15,payroll,2318930.64
12868,GlobalTech,73886,EUR,Annual,12.4,2024-01-31,payroll,79796.88
4950,GlobalTech,130853,EUR,Monthly,8.0,2024-09-20,payroll,1695854.8800000001
9973,GlobalTech,87479,EUR,Annual,21.0,2023-11-08,payroll,94477.32
7180,GlobalTech,89358,GBP,Monthly,6.5,2024-05-22,payroll,1361815.92
5560,GlobalTech,66753,GBP,Monthly,1.5,2023-05-02,payroll,1017315.72
14496,GlobalTech,91184,GBP,Bi-Weekly,15.9,2023-11-05,payroll,3010895.68
8964,GlobalTech,75555,USD,Annual,24.9,2023-08-11,payroll,75555.0
10521,GlobalTech,114925,USD,Annual,15.5,2023-08-30,payroll,114925.0
7734,GlobalTech,101952,GBP,Monthly,17.8,2024-09-06,payroll,1553748.48
14321,GlobalTech,"$181,348",USD,Monthly,9.1,2024-11-22,payroll,2176176.0
6692,GlobalTech,93320,USD,Monthly,16.7,2024-12-10,payroll,1119840.0
6004,GlobalTech,63292,USD,Monthly,21.9,2023-04-01,payroll,759504.0
9427,GlobalTech,220288,USD,Annual,24.2,2023-10-28,payroll,220288.0
10789,GlobalTech,80701,GBP,Bi-Weekly,10.5,2024-12-04,payroll,2664747.02
12780,GlobalTech,62285,USD,Bi-Weekly,19.8,2023-09-15,payroll,1619410.0
4482,GlobalTech,103442,GBP,Annual,19.7,2024-05-19,payroll,131371.34
4826,GlobalTech,96125,USD,Monthly,10.1,2024-04-08,payroll,1153500.0
8046,GlobalTech,70877,USD,Annual,8.0,2023-12-31,payroll,70877.0
6817,GlobalTech,97320,GBP,Annual,7.9,2024-03-26,payroll,123596.40000000001
9137,GlobalTech,51735,EUR,Monthly,4.3,2024-04-28,payroll,670485.6000000001
13238,GlobalTech,74647,GBP,Bi-Weekly,10.0,2024-09-15,payroll,2464843.94
13645,GlobalTech,158734,GBP,Annual,1.3,2024-07-07,payroll,201592.18
11802,GlobalTech,139825,EUR,Bi-Weekly,23.4,2024-07-03,payroll,3926286.0000000005
12932,GlobalTech,85054,GBP,Bi-Weekly,16.6,2023-05-28,payroll,2808483.08
8988,GlobalTech,70318,GBP,Bi-Weekly,21.3,2023-03-17,payroll,2321900.36
9448,GlobalTech,97538,GBP,Bi-Weekly,15.7,2024-03-20,payroll,3220704.7600000002
10574,GlobalTech,68986,USD,Annual,5.0,2024-05-11,payroll,68986.0
13421,GlobalTech,45760,GBP,Bi-Weekly,7.2,2023-12-12,payroll,1510995.2
7927,GlobalTech,53044,GBP,Annual,0.3,2023-11-22,payroll,67365.88
8207,GlobalTech,122056,USD,Bi-Weekly,15.8,2024-04-03,payroll,3173456.0
7679,GlobalTech,216033,EUR,Annual,1.9,2023-06-30,payroll,233315.64
12298,GlobalTech,63273,EUR,Bi-Weekly,24.1,2024-07-12,payroll,1776705.84
6824,GlobalTech,98380,GBP,Bi-Weekly,1.1,2024-10-09,payroll,3248507.6
2465,GlobalTech,108762,USD,Monthly,9.3,2023-01-08,payroll,1305144.0
7954,GlobalTech,101863,EUR,Annual,17.6,2023-03-12,payroll,110012.04000000001
13778,GlobalTech,103905,EUR,Annual,22.2,2024-07-05,payroll,112217.40000000001
3382,GlobalTech,50767,GBP,Bi-Weekly,13.0,2024-10-10,payroll,1676326.34
14051,GlobalTech,96452,EUR,Monthly,20.2,2023-11-10,payroll,1250017.9200000002
9036,GlobalTech,65545,USD,Annual,0.6,2024-10-25,payroll,65545.0
11832,GlobalTech,123352,EUR,Monthly,20.2,2023-09-09,payroll,1598641.9200000002
12205,GlobalTech,45600,GBP,Monthly,4.1,2023-04-14,payroll,694944.0
9655,GlobalTech,88689,USD,Bi-Weekly,7.0,2023-12-12,payroll,2305914.0
13225,GlobalTech,64464,GBP,Annual,18.3,2023-02-06,payroll,81869.28
7491,GlobalTech,65993,GBP,Bi-Weekly,2.3,2024-08-05,payroll,2179088.86
12083,GlobalTech,"£91,664",GBP,Monthly,14.2,2024-01-16,payroll,1396959.36
10818,GlobalTech,112088,USD,Bi-Weekly,19.9,2023-01-30,payroll,2914288.0
13897,GlobalTech,65827,EUR,Annual,2.9,2024-08-27,payroll,71093.16
3454,GlobalTech,80839,GBP,Monthly,27.5,2023-07-17,payroll,1231986.36
14718,GlobalTech,87047,GBP,Bi-Weekly,27.0,2024-08-08,payroll,2874291.94
5479,GlobalTech,56141,GBP,Annual,11.4,2024-07-16,payroll,71299.07
14988,GlobalTech,56500,GBP,Annual,15.2,2024-09-21,payroll,71755.0
9488,GlobalTech,99764,GBP,Monthly,21.5,2024-09-09,payroll,1520403.36
3238,GlobalTech,91962,GBP,Annual,18.1,2024-03-15,payroll,116791.74
12772,GlobalTech,78332,EUR,Monthly,0.6,2024-05-18,payroll,1015182.7200000001
11597,GlobalTech,78079,EUR,Annual,0.0,2023-05-18,payroll,84325.32
14685,GlobalTech,115731,USD,Monthly,29.9,2024-04-13,payroll,1388772.0
10988,GlobalTech,133346,EUR,Bi-Weekly,7.1,2024-03-14,payroll,3744355.68
3359,GlobalTech,129889,EUR,Annual,0.2,2023-08-22,payroll,140280.12
8788,GlobalTech,106717,EUR,Bi-Weekly,3.2,2024-02-07,payroll,2996613.3600000003
10453,GlobalTech,104247,EUR,Annual,6.6,2024-08-08,payroll,112586.76000000001
6147,GlobalTech,99297,EUR,Annual,29.1,2024-06-06,payroll,107240.76000000001
9053,GlobalTech,70266,EUR,Bi-Weekly,1.9,2024-09-29,payroll,1973069.28
12640,GlobalTech,70145,USD,Annual,15.9,2024-03-05,payroll,70145.0
9323,GlobalTech,93560,GBP,Annual,10.9,2024-10-04,payroll,118821.2
2926,GlobalTech,56644,GBP,Annual,29.7,2024-04-14,payroll,71937.88
4810,GlobalTech,101811,EUR,Annual,3.4,2024-09-18,payroll,109955.88
14063,GlobalTech,107743,USD,Monthly,11.8,2024-05-28,payroll,1292916.0
8272,GlobalTech,102357,USD,Monthly,25.0,2023-01-23,payroll,1228284.0
10472,GlobalTech,51795,GBP,Annual,23.1,2023-03-26,payroll,65779.65
8283,GlobalTech,"€61,659",EUR,Monthly,22.0,2023-02-10,payroll,799100.64
10451,GlobalTech,109156,EUR,Annual,20.4,2023-11-07,payroll,117888.48000000001
7202,GlobalTech,83474,GBP,Bi-Weekly,17.7,2023-01-19,payroll,2756311.48
8025,GlobalTech,98021,GBP,Monthly,2.0,2023-05-03,payroll,1493840.04
3784,GlobalTech,111574,EUR,Bi-Weekly,22.4,2023-06-19,payroll,3132997.9200000004
14381,GlobalTech,102952,USD,Annual,21.9,2023-02-19,payroll,102952.0
8769,GlobalTech,107987,EUR,Bi-Weekly,26.3,2023-11-03,payroll,3032274.9600000004
14940,GlobalTech,202630,EUR,Annual,17.4,2024-10-25,payroll,218840.40000000002
5196,GlobalTech,140219,EUR,Annual,3.7,2024-03-17,payroll,151436.52000000002
11708,GlobalTech,50807,EUR,Monthly,12.9,2024-07-08,payroll,658458.7200000001
8790,GlobalTech,137110,EUR,Monthly,7.2,2024-07-05,payroll,1776945.6
14349,GlobalTech,138331,USD,Monthly,7.9,2023-10-22,payroll,1659972.0
8336,GlobalTech,"£156,511",GBP,Bi-Weekly,19.8,2023-08-25,payroll,5167993.22
13466,GlobalTech,158938,USD,Annual,1.1,2024-07-03,payroll,158938.0
14210,GlobalTech,104591,USD,Bi-Weekly,3.6,2023-05-18,payroll,2719366.0
14751,GlobalTech,45773,GBP,Bi-Weekly,25.1,2024-03-24,payroll,1511424.46
14597,GlobalTech,70744,USD,Bi-Weekly,11.4,2023-06-27,payroll,1839344.0
6977,GlobalTech,79432,GBP,Annual,29.6,2023-12-20,payroll,100878.64
11127,GlobalTech,93795,GBP,Annual,11.0,2024-06-12,payroll,119119.65000000001
5682,GlobalTech,85273,EUR,Bi-Weekly,24.8,2023-04-12,payroll,2394465.8400000003
2936,GlobalTech,87847,GBP,Monthly,16.0,2024-06-23,payroll,1338788.28
14873,GlobalTech,102006,USD,Annual,22.6,2023-08-30,payroll,102006.0
2759,GlobalTech,72691,GBP,Annual,0.1,2023-08-10,payroll,92317.57
11582,GlobalTech,110390,USD,Bi-Weekly,17.6,2023-04-13,payroll,2870140.0
9471,GlobalTech,197952,USD,Bi-Weekly,7.3,2024-05-13,payroll,5146752.0
9655,GlobalTech,78335,GBP,Monthly,9.4,2024-12-20,payroll,1193825.4
6568,GlobalTech,76470,USD,Bi-Weekly,20.5,2023-02-16,payroll,1988220.0
3241,GlobalTech,115641,EUR,Monthly,18.7,2023-02-01,payroll,1498707.36
13467,GlobalTech,128878,USD,Annual,18.1,2023-06-12,payroll,128878.0
2740,GlobalTech,51924,GBP,Monthly,17.9,2023-03-24,payroll,791321.76
13547,GlobalTech,101527,EUR,Bi-Weekly,3.6,2023-10-26,payroll,2850878.16
12124,GlobalTech,153901,EUR,Monthly,22.9,2024-10-28,payroll,1994556.9600000002
5078,GlobalTech,86085,USD,Monthly,18.8,2023-03-06,payroll,1033020.0
10879,GlobalTech,47294,GBP,Annual,24.8,2023-02-10,payroll,60063.38
12497,GlobalTech,184256,GBP,Monthly,18.2,2023-10-14,payroll,2808061.44
9100,GlobalTech,107920,GBP,Monthly,4.4,2024-09-16,payroll,1644700.8
4340,GlobalTech,118184,EUR,Monthly,2.0,2023-04-09,payroll,1531664.6400000001
14971,GlobalTech,97600,EUR,Bi-Weekly,1.5,2024-07-05,payroll,2740608.0
4971,GlobalTech,102998,EUR,Bi-Weekly,19.7,2024-07-22,payroll,2892183.8400000003
10796,GlobalTech,91653,EUR,Bi-Weekly,20.2,2023-01-14,payroll,2573616.24
7874,GlobalTech,169038,USD,Bi-Weekly,10.2,2024-05-02,payroll,4394988.0
9068,GlobalTech,56896,USD,Monthly,29.6,2023-04-13,payroll,682752.0
3470,GlobalTech,97973,GBP,Bi-Weekly,12.1,2023-01-05,payroll,3235068.46
4031,GlobalTech,57373,EUR,Bi-Weekly,20.8,2023-04-29,payroll,1611033.84
12405,GlobalTech,92665,USD,Annual,9.2,2024-11-23,payroll,92665.0
2265,GlobalTech,120775,EUR,Monthly,21.0,2023-02-06,payroll,1565244.0
10168,GlobalTech,78197,USD,Bi-Weekly,2.0,2024-03-28,payroll,2033122.0
9254,GlobalTech,139518,EUR,Monthly,19.7,2024-05-15,payroll,1808153.28
13590,GlobalTech,55418,EUR,Monthly,17.4,2024-05-25,payroll,718217.28
10716,GlobalTech,45513,GBP,Monthly,8.7,2023-06-01,payroll,693618.12
11775,GlobalTech,166772,EUR,Bi-Weekly,18.6,2024-06-17,payroll,4682957.760000001
7524,GlobalTech,"£114,691",GBP,Annual,19.9,2023-10-07,payroll,145657.57
5821,GlobalTech,95676,USD,Annual,27.1,2024-04-26,payroll,95676.0
6013,GlobalTech,125880,EUR,Monthly,15.3,2023-12-14,payroll,1631404.8
2515,GlobalTech,72382,GBP,Annual,21.0,2024-05-08,payroll,91925.14
9577,GlobalTech,59175,EUR,Annual,13.5,2023-05-09,payroll,63909.00000000001
10855,GlobalTech,49434,EUR,Annual,5.1,2023-02-10,payroll,53388.72
10456,GlobalTech,102856,GBP,Monthly,23.4,2024-01-19,payroll,1567525.44
10167,GlobalTech,124147,USD,Bi-Weekly,9.4,2024-10-03,payroll,3227822.0
5257,GlobalTech,104343,GBP,Bi-Weekly,19.2,2024-08-26,payroll,3445405.86
13325,GlobalTech,50831,EUR,Monthly,6.9,2024-11-13,payroll,658769.76
8590,GlobalTech,112866,GBP,Monthly,14.4,2024-08-02,payroll,1720077.84
14175,GlobalTech,49968,GBP,Monthly,11.3,2024-08-13,payroll,761512.3200000001
12702,GlobalTech,101844,EUR,Monthly,13.0,2024-10-16,payroll,1319898.24
14679,GlobalTech,107578,EUR,Monthly,12.3,2024-02-28,payroll,1394210.8800000001
11214,GlobalTech,84792,GBP,Annual,17.3,2024-10-07,payroll,107685.84
8539,GlobalTech,46942,EUR,Monthly,3.6,2023-08-12,payroll,608368.3200000001
12824,GlobalTech,126228,GBP,Annual,9.6,2023-05-09,payroll,160309.56
9222,GlobalTech,131035,EUR,Annual,21.0,2023-06-20,payroll,141517.80000000002
8531,GlobalTech,132155,USD,Monthly,2.3,2023-02-06,payroll,1585860.0
12142,GlobalTech,151757,USD,Annual,17.2,2023-11-01,payroll,151757.0
4335,GlobalTech,53107,EUR,Monthly,10.7,2024-03-30,payroll,688266.7200000001
10319,GlobalTech,111464,EUR,Monthly,9.7,2024-11-12,payroll,1444573.4400000002
11962,GlobalTech,86852,GBP,Annual,29.3,2023-03-10,payroll,110302.04000000001
9113,GlobalTech,101521,GBP,Monthly,8.2,2024-08-19,payroll,1547180.04
7052,GlobalTech,102194,EUR,Annual,9.0,2024-12-24,payroll,110369.52
8513,GlobalTech,"$131,107",USD,Bi-Weekly,10.6,2023-04-01,payroll,3408782.0
8965,GlobalTech,129895,USD,Annual,26.8,2024-05-07,payroll,129895.0
11032,GlobalTech,98686,USD,Bi-Weekly,3.7,2023-07-07,payroll,2565836.0
12761,GlobalTech,130728,EUR,Annual,12.6,2024-05-19,payroll,141186.24000000002
14302,GlobalTech,95991,USD,Annual,1.8,2024-01-22,payroll,95991.0
14801,GlobalTech,130652,USD,Monthly,0.9,2024-10-23,payroll,1567824.0
10890,GlobalTech,118090,USD,Annual,19.3,2024-08-20,payroll,118090.0
3637,GlobalTech,131435,EUR,Monthly,19.6,2024-01-18,payroll,1703397.6
8774,GlobalTech,130033,EUR,Annual,7.0,2024-01-03,payroll,140435.64
6156,GlobalTech,50017,GBP,Monthly,13.3,2023-11-07,payroll,762259.08
7405,GlobalTech,60034,GBP,Bi-Weekly,25.5,2023-03-09,payroll,1982322.68
7207,GlobalTech,89092,USD,Monthly,29.6,2023-07-21,payroll,1069104.0
12659,GlobalTech,118683,EUR,Bi-Weekly,13.7,2023-10-06,payroll,3332618.64
14512,GlobalTech,108539,USD,Annual,14.3,2023-12-21,payroll,108539.0
3658,GlobalTech,74792,GBP,Annual,15.3,2023-08-03,payroll,94985.84
4273,GlobalTech,71531,EUR,Annual,11.2,2023-07-03,payroll,77253.48000000001
2658,GlobalTech,48924,EUR,Bi-Weekly,21.6,2023-11-24,payroll,1373785.9200000002
14508,GlobalTech,85479,EUR,Bi-Weekly,19.1,2023-01-18,payroll,2400250.3200000003
6888,GlobalTech,"£77,571",GBP,Bi-Weekly,12.6,2024-04-19,payroll,2561394.42
10257,GlobalTech,59772,EUR,Monthly,7.5,2023-01-12,payroll,774645.12
11105,GlobalTech,131852,EUR,Annual,17.2,2023-10-27,payroll,142400.16
7137,GlobalTech,75809,EUR,Bi-Weekly,24.4,2024-12-27,payroll,2128716.72
8413,GlobalTech,101610,GBP,Annual,7.0,2024-10-12,payroll,129044.7
2020,GlobalTech,113485,GBP,Bi-Weekly,20.0,2023-03-31,payroll,3747274.7
5311,GlobalTech,55043,EUR,Annual,20.8,2023-07-10,payroll,59446.44
4442,GlobalTech,97224,USD,Bi-Weekly,21.0,2023-03-19,payroll,2527824.0
6964,GlobalTech,121360,USD,Bi-Weekly,2.8,2024-06-29,payroll,3155360.0
8549,GlobalTech,87381,EUR,Annual,18.4,2023-08-05,payroll,94371.48000000001
6968,GlobalTech,55524,GBP,Annual,16.5,2023-09-05,payroll,70515.48
2513,GlobalTech,121593,EUR,Annual,15.3,2023-11-25,payroll,131320.44
10497,GlobalTech,106731,EUR,Monthly,20.5,2023-08-10,payroll,1383233.76
12835,GlobalTech,65071,EUR,Bi-Weekly,5.8,2023-03-06,payroll,1827193.6800000002
2606,GlobalTech,86608,EUR,Monthly,26.0,2024-07-16,payroll,1122439.6800000002
9176,GlobalTech,110816,GBP,Monthly,27.3,2023-04-19,payroll,1688835.84
8445,GlobalTech,80922,EUR,Annual,7.6,2023-07-08,payroll,87395.76000000001
3614,GlobalTech,104919,GBP,Monthly,24.7,2024-08-02,payroll,1598965.56
4404,GlobalTech,"$124,435",USD,Monthly,6.8,2024-05-30,payroll,1493220.0
10071,GlobalTech,56616,GBP,Annual,21.2,2023-09-15,payroll,71902.32
8627,GlobalTech,77002,EUR,Annual,26.2,2024-02-26,payroll,83162.16
5252,GlobalTech,99463,EUR,Annual,27.2,2024-06-28,payroll,107420.04000000001
10198,GlobalTech,55572,USD,Bi-Weekly,24.9,2023-09-22,payroll,1444872.0
13915,GlobalTech,114012,USD,Monthly,0.9,2024-04-18,payroll,1368144.0
8544,GlobalTech,111288,GBP,Bi-Weekly,12.0,2024-08-05,payroll,3674729.7600000002
7363,GlobalTech,153782,EUR,Bi-Weekly,0.7,2024-07-07,payroll,4318198.5600000005
14480,GlobalTech,143278,USD,Monthly,7.5,2024-10-09,payroll,1719336.0
13434,GlobalTech,136417,EUR,Annual,18.8,2024-05-30,payroll,147330.36000000002
11977,GlobalTech,102036,EUR,Bi-Weekly,12.1,2024-09-11,payroll,2865170.8800000004
14766,GlobalTech,95263,USD,Monthly,3.0,2024-04-16,payroll,1143156.0
14186,GlobalTech,43176,GBP,Annual,26.5,2023-11-17,payroll,54833.520000000004
12845,GlobalTech,106092,USD,Monthly,7.0,2023-08-31,payroll,1273104.0
12365,GlobalTech,118245,GBP,Monthly,20.2,2023-03-04,payroll,1802053.8
11058,GlobalTech,102423,USD,Bi-Weekly,8.4,2023-07-25,payroll,2662998.0
4762,GlobalTech,132397,USD,Annual,24.9,2024-11-15,payroll,132397.0
11131,GlobalTech,"£74,135",GBP,Monthly,11.8,2024-01-01,payroll,1129817.4
13856,GlobalTech,91595,USD,Bi-Weekly,12.5,2024-04-28,payroll,2381470.0
13900,GlobalTech,124915,GBP,Bi-Weekly,27.8,2024-02-12,payroll,4124693.3000000003
12549,GlobalTech,105444,EUR,Bi-Weekly,9.0,2023-12-23,payroll,2960867.52
10238,GlobalTech,107331,GBP,Annual,29.1,2023-02-26,payroll,136310.37
9033,GlobalTech,114712,GBP,Annual,24.3,2023-11-10,payroll,145684.24
14801,GlobalTech,99560,GBP,Bi-Weekly,25.3,2024-10-19,payroll,3287471.2
14673,GlobalTech,76000,GBP,Bi-Weekly,13.5,2024-08-07,payroll,2509520.0
13602,GlobalTech,"€122,370",EUR,Monthly,25.3,2024-05-06,payroll,1585915.2000000002
11998,GlobalTech,136849,USD,Annual,20.8,2024-12-01,payroll,136849.0
11269,GlobalTech,112812,USD,Monthly,18.1,2024-07-12,payroll,1353744.0
12314,GlobalTech,55068,EUR,Monthly,8.0,2024-05-15,payroll,713681.28
13048,GlobalTech,166010,EUR,Annual,16.6,2023-01-09,payroll,179290.80000000002
5248,GlobalTech,64279,EUR,Monthly,10.2,2023-08-31,payroll,833055.8400000001
13144,GlobalTech,85031,EUR,Monthly,14.2,2024-10-25,payroll,1102001.76
10084,GlobalTech,56609,USD,Monthly,27.8,2024-09-22,payroll,679308.0
10612,GlobalTech,"€79,148",EUR,Monthly,3.8,2023-06-03,payroll,1025758.0800000001
1473,GlobalTech,41364,GBP,Bi-Weekly,1.2,2024-11-28,payroll,1365839.28
14406,GlobalTech,95481,GBP,Monthly,5.6,2023-04-02,payroll,1455130.44
8959,GlobalTech,105782,USD,Annual,11.3,2023-05-02,payroll,105782.0
11331,GlobalTech,174288,USD,Annual,22.4,2023-02-20,payroll,174288.0
3864,GlobalTech,46865,GBP,Monthly,16.2,2023-05-28,payroll,714222.6
9351,GlobalTech,49138,EUR,Bi-Weekly,26.3,2023-10-28,payroll,1379795.04
7395,GlobalTech,104677,GBP,Monthly,23.6,2024-08-01,payroll,1595277.48
10647,GlobalTech,90008,GBP,Annual,24.2,2023-01-14,payroll,114310.16
13120,GlobalTech,148896,USD,Annual,12.7,2023-05-20,payroll,148896.0
7053,GlobalTech,74238,USD,Annual,21.4,2023-03-18,payroll,74238.0
5134,GlobalTech,57937,EUR,Monthly,21.3,2023-08-17,payroll,750863.52
12606,GlobalTech,"£87,366",GBP,Annual,1.0,2024-01-27,payroll,110954.82
14014,GlobalTech,51125,GBP,Monthly,17.0,2023-12-25,payroll,779145.0
7924,GlobalTech,121950,EUR,Monthly,24.9,2024-10-08,payroll,1580472.0
6750,GlobalTech,102508,EUR,Monthly,26.5,2024-12-22,payroll,1328503.6800000002
6160,GlobalTech,124298,EUR,Monthly,24.5,2024-10-23,payroll,1610902.08
11906,GlobalTech,73236,GBP,Bi-Weekly,8.4,2024-04-26,payroll,2418252.72
11729,GlobalTech,50943,GBP,Bi-Weekly,22.2,2023-06-03,payroll,1682137.86
5160,GlobalTech,139661,USD,Annual,21.9,2023-02-06,payroll,139661.0
10705,GlobalTech,57728,EUR,Monthly,18.2,2024-09-30,payroll,748154.88
8912,GlobalTech,113345,USD,Monthly,25.8,2024-09-15,payroll,1360140.0
12325,GlobalTech,73438,EUR,Monthly,22.9,2023-04-01,payroll,951756.4800000001
11680,GlobalTech,"$73,028",USD,Annual,11.9,2024-06-04,payroll,73028.0
9439,GlobalTech,84658,USD,Annual,5.2,2023-08-10,payroll,84658.0
12041,GlobalTech,137393,EUR,Monthly,28.4,2023-11-29,payroll,1780613.28
11748,GlobalTech,174944,EUR,Bi-Weekly,11.7,2024-05-26,payroll,4912427.5200000005
6706,GlobalTech,99192,GBP,Monthly,24.0,2023-11-26,payroll,1511686.08
7870,GlobalTech,153075,GBP,Monthly,23.5,2023-07-15,payroll,2332863.0
14607,GlobalTech,71086,USD,Annual,12.5,2024-08-29,payroll,71086.0
8574,GlobalTech,127211,EUR,Annual,13.0,2023-04-10,payroll,137387.88
14808,GlobalTech,56182,EUR,Annual,1.4,2023-02-22,payroll,60676.560000000005
14595,GlobalTech,104716,GBP,Monthly,17.2,2024-09-03,payroll,1595871.84
3655,GlobalTech,107823,EUR,Bi-Weekly,25.5,2024-05-25,payroll,3027669.8400000003
7515,GlobalTech,"£75,589",GBP,Bi-Weekly,9.8,2023-05-31,payroll,2495948.7800000003
9824,GlobalTech,92892,USD,Bi-Weekly,24.5,2023-10-05,payroll,2415192.0
8190,GlobalTech,108321,USD,Annual,7.2,2024-11-06,payroll,108321.0
6137,GlobalTech,86192,EUR,Monthly,17.1,2023-11-15,payroll,1117048.32
6723,GlobalTech,49800,GBP,Annual,24.5,2024-04-09,payroll,63246.0
14484,GlobalTech,83760,GBP,Annual,22.5,2023-06-01,payroll,106375.2
10451,GlobalTech,"£117,448",GBP,Monthly,0.6,2023-04-04,payroll,1789907.52
9440,GlobalTech,134371,GBP,Bi-Weekly,17.1,2024-07-14,payroll,4436930.42
14263,GlobalTech,135937,GBP,Annual,21.9,2023-01-15,payroll,172639.99
14942,GlobalTech,93937,GBP,Annual,19.1,2023-03-06,payroll,119299.99
12353,GlobalTech,90654,EUR,Bi-Weekly,13.4,2024-08-02,payroll,2545564.3200000003
3017,GlobalTech,69624,EUR,Annual,13.6,2023-10-30,payroll,75193.92
11113,GlobalTech,"£110,228",GBP,Annual,28.4,2024-11-10,payroll,139989.56
5823,GlobalTech,48375,EUR,Annual,20.5,2023-07-08,payroll,52245.0
14370,GlobalTech,67066,USD,Bi-Weekly,13.8,2024-12-09,payroll,1743716.0
8790,GlobalTech,101675,USD,Bi-Weekly,28.7,2023-08-02,payroll,2643550.0
12454,GlobalTech,70112,GBP,Bi-Weekly,19.8,2024-12-24,payroll,2315098.24
13713,GlobalTech,48901,EUR,Monthly,20.1,2024-05-24,payroll,633756.9600000001
1513,GlobalTech,107151,USD,Monthly,19.9,2023-03-05,payroll,1285812.0
9040,GlobalTech,124182,EUR,Monthly,18.2,2024-01-06,payroll,1609398.7200000002
11436,GlobalTech,106420,USD,Bi-Weekly,1.6,2024-08-14,payroll,2766920.0
13141,GlobalTech,137533,USD,Monthly,19.4,2023-04-14,payroll,1650396.0
4886,GlobalTech,137946,USD,Monthly,11.5,2023-01-09,payroll,1655352.0
9246,GlobalTech,61056,GBP,Annual,28.3,2023-11-28,payroll,77541.12
9412,GlobalTech,93801,EUR,Annual,19.0,2023-05-24,payroll,101305.08
5801,GlobalTech,117651,USD,Bi-Weekly,0.5,2023-03-06,payroll,3058926.0
14111,GlobalTech,92079,GBP,Monthly,8.5,2024-08-15,payroll,1403283.96
13297,GlobalTech,95126,GBP,Annual,12.7,2023-07-24,payroll,120810.02
8638,GlobalTech,62240,GBP,Bi-Weekly,10.8,2024-06-12,payroll,2055164.8
9424,GlobalTech,119716,EUR,Bi-Weekly,25.0,2023-01-06,payroll,3361625.2800000003
11207,GlobalTech,52585,USD,Monthly,29.1,2024-10-28,payroll,631020.0
8249,GlobalTech,71944,USD,Bi-Weekly,13.4,2023-08-18,payroll,1870544.0
2840,GlobalTech,70853,USD,Bi-Weekly,9.0,2023-01-22,payroll,1842178.0
12208,GlobalTech,"$79,058",USD,Bi-Weekly,18.1,2024-03-28,payroll,2055508.0
11811,GlobalTech,89529,GBP,Bi-Weekly,23.4,2024-12-22,payroll,2956247.58
13850,GlobalTech,94154,EUR,Annual,26.9,2024-04-27,payroll,101686.32
10480,GlobalTech,61656,GBP,Bi-Weekly,0.2,2023-04-21,payroll,2035881.12
11292,GlobalTech,"€84,505",EUR,Monthly,12.2,2023-12-27,payroll,1095184.8
8270,GlobalTech,106475,GBP,Monthly,27.9,2024-02-07,payroll,1622679.0
9810,GlobalTech,62866,USD,Monthly,21.5,2024-03-06,payroll,754392.0
5247,GlobalTech,41487,GBP,Annual,22.5,2024-01-28,payroll,52688.49
6989,GlobalTech,148958,USD,Bi-Weekly,4.1,2023-06-02,payroll,3872908.0
7464,GlobalTech,82412,GBP,Bi-Weekly,17.1,2023-08-14,payroll,2721244.24
14767,GlobalTech,96952,GBP,Annual,22.4,2023-05-05,payroll,123129.04000000001
4495,GlobalTech,157946,EUR,Bi-Weekly,6.1,2024-05-09,payroll,4435123.680000001
5588,GlobalTech,54752,GBP,Monthly,29.1,2024-08-21,payroll,834420.48
8090,GlobalTech,115339,USD,Monthly,11.3,2023-09-05,payroll,1384068.0
7668,GlobalTech,130698,EUR,Annual,10.4,2023-10-02,payroll,141153.84
9589,GlobalTech,156963,EUR,Bi-Weekly,12.3,2024-03-07,payroll,4407521.04
6548,GlobalTech,70894,GBP,Bi-Weekly,20.6,2023-07-02,payroll,2340919.88
12868,GlobalTech,136172,EUR,Annual,6.0,2023-04-24,payroll,147065.76
8188,GlobalTech,189086,GBP,Monthly,27.2,2024-06-06,payroll,2881670.64
14635,GlobalTech,56743,EUR,Monthly,11.5,2023-08-13,payroll,735389.28
9414,GlobalTech,75945,USD,Monthly,25.7,2024-10-24,payroll,911340.0
12412,GlobalTech,66360,EUR,Annual,29.7,2024-08-31,payroll,71668.8
11397,GlobalTech,102487,EUR,Bi-Weekly,29.6,2023-05-28,payroll,2877834.96
8730,GlobalTech,98771,GBP,Bi-Weekly,2.2,2023-08-01,payroll,3261418.42
5992,GlobalTech,65620,GBP,Annual,26.4,2023-01-07,payroll,83337.4
8859,GlobalTech,108830,EUR,Monthly,3.2,2024-01-21,payroll,1410436.8
8530,GlobalTech,102807,USD,Monthly,27.6,2023-11-28,payroll,1233684.0
14588,GlobalTech,111058,EUR,Annual,0.4,2023-09-04,payroll,119942.64000000001
14031,GlobalTech,99600,EUR,Monthly,1.0,2024-05-03,payroll,1290816.0
8808,GlobalTech,"€162,159",EUR,Monthly,22.5,2023-07-14,payroll,2101580.64
8213,GlobalTech,102031,USD,Bi-Weekly,22.5,2023-01-27,payroll,2652806.0
5825,GlobalTech,95421,GBP,Bi-Weekly,11.7,2024-06-28,payroll,3150801.42
11574,GlobalTech,113264,EUR,Monthly,2.0,2024-09-29,payroll,1467901.4400000002
12089,GlobalTech,189719,USD,Annual,1.8,2024-12-12,payroll,189719.0
4185,GlobalTech,124275,EUR,Annual,28.2,2023-03-30,payroll,134217.0
3292,GlobalTech,99826,EUR,Annual,29.0,2023-08-21,payroll,107812.08
14458,GlobalTech,156851,GBP,Annual,6.0,2024-01-22,payroll,199200.77
1473,GlobalTech,112173,EUR,Monthly,11.8,2023-12-01,payroll,1453762.08
5287,GlobalTech,91607,USD,Annual,11.6,2023-03-26,payroll,91607.0
4637,GlobalTech,65309,EUR,Annual,18.0,2023-06-14,payroll,70533.72
11188,GlobalTech,96373,USD,Monthly,9.4,2023-07-08,payroll,1156476.0
11820,GlobalTech,116794,EUR,Bi-Weekly,14.8,2023-01-01,payroll,3279575.52
10512,GlobalTech,158649,USD,Bi-Weekly,16.3,2023-05-09,payroll,4124874.0
4559,GlobalTech,92022,EUR,Annual,2.7,2023-03-11,payroll,99383.76000000001
4164,GlobalTech,90025,EUR,Annual,14.6,2024-05-07,payroll,97227.0
10335,GlobalTech,66136,GBP,Bi-Weekly,2.0,2023-09-08,payroll,2183810.72
11002,GlobalTech,138439,EUR,Monthly,0.6,2023-10-14,payroll,1794169.4400000002
7842,GlobalTech,64351,EUR,Monthly,5.6,2024-10-06,payroll,833988.9600000001
12840,GlobalTech,130686,EUR,Bi-Weekly,27.7,2023-08-14,payroll,3669662.8800000004
6230,GlobalTech,56005,GBP,Annual,22.1,2023-05-14,payroll,71126.35
10977,GlobalTech,54528,GBP,Bi-Weekly,24.8,2023-09-28,payroll,1800514.56
11710,GlobalTech,89579,EUR,Monthly,19.8,2023-11-05,payroll,1160943.84
4909,GlobalTech,120227,EUR,Bi-Weekly,17.7,2023-10-29,payroll,3375974.16
14508,GlobalTech,102761,USD,Monthly,17.2,2024-01-15,payroll,1233132.0
12102,GlobalTech,83268,EUR,Bi-Weekly,10.2,2023-09-12,payroll,2338165.44
14707,GlobalTech,88601,GBP,Annual,27.6,2024-08-27,payroll,112523.27
4935,GlobalTech,131360,EUR,Monthly,24.6,2023-02-21,payroll,1702425.6
14894,GlobalTech,91103,USD,Bi-Weekly,16.2,2024-03-13,payroll,2368678.0
9838,GlobalTech,62196,USD,Annual,15.3,2023-08-31,payroll,62196.0
11901,GlobalTech,"£83,718",GBP,Monthly,7.6,2024-12-31,payroll,1275862.32
8955,GlobalTech,134589,EUR,Annual,12.2,2023-04-04,payroll,145356.12
12164,GlobalTech,108037,USD,Monthly,11.1,2024-11-22,payroll,1296444.0
3988,GlobalTech,146032,USD,Annual,25.8,2023-04-26,payroll,146032.0
6294,GlobalTech,135814,USD,Monthly,4.1,2024-04-13,payroll,1629768.0
7823,GlobalTech,79349,EUR,Annual,10.7,2024-11-01,payroll,85696.92000000001
11108,GlobalTech,132271,EUR,Bi-Weekly,29.7,2023-06-13,payroll,3714169.68
2395,GlobalTech,88740,EUR,Monthly,1.7,2024-10-13,payroll,1150070.4000000001
6874,GlobalTech,114689,USD,Annual,21.6,2024-09-30,payroll,114689.0
14387,GlobalTech,95366,EUR,Annual,10.6,2023-10-29,payroll,102995.28000000001
12642,GlobalTech,157838,EUR,Monthly,16.4,2023-03-26,payroll,2045580.4800000002
5840,GlobalTech,79583,GBP,Monthly,9.5,2023-07-23,payroll,1212844.92
9795,GlobalTech,83981,GBP,Monthly,28.4,2024-01-20,payroll,1279870.44
13603,GlobalTech,84524,EUR,Annual,8.6,2024-10-17,payroll,91285.92000000001
13166,GlobalTech,46991,GBP,Annual,22.6,2023-10-31,payroll,59678.57
4163,GlobalTech,82498,USD,Bi-Weekly,7.2,2024-08-14,payroll,2144948.0
4455,GlobalTech,55061,EUR,Bi-Weekly,2.2,2023-02-14,payroll,1546112.8800000001
3635,GlobalTech,98353,GBP,Bi-Weekly,28.6,2023-06-13,payroll,3247616.06
8957,GlobalTech,101355,USD,Monthly,23.7,2024-05-31,payroll,1216260.0
8162,GlobalTech,100276,USD,Monthly,18.1,2024-11-15,payroll,1203312.0
2051,GlobalTech,70254,EUR,Annual,6.5,2024-03-20,payroll,75874.32
13181,GlobalTech,83140,GBP,Bi-Weekly,14.2,2024-05-17,payroll,2745282.8
13754,GlobalTech,57274,EUR,Monthly,17.5,2023-09-17,payroll,742271.04
5479,GlobalTech,96548,GBP,Bi-Weekly,12.9,2023-05-11,payroll,3188014.96
6210,GlobalTech,98173,GBP,Bi-Weekly,17.4,2023-06-11,payroll,3241672.46
6834,GlobalTech,82375,EUR,Annual,2.2,2024-02-17,payroll,88965.0
13760,GlobalTech,"£100,060",GBP,Annual,7.5,2024-07-23,payroll,127076.2
7111,GlobalTech,145057,USD,Monthly,13.4,2023-03-22,payroll,1740684.0
7935,GlobalTech,"€107,283",EUR,Annual,26.5,2023-08-15,payroll,115865.64000000001
10468,GlobalTech,129867,USD,Bi-Weekly,12.7,2023-02-19,payroll,3376542.0
14114,GlobalTech,127644,USD,Annual,20.1,2023-05-28,payroll,127644.0
3687,GlobalTech,70775,GBP,Monthly,17.1,2024-12-29,payroll,1078611.0
4244,GlobalTech,126193,USD,Monthly,13.0,2024-01-26,payroll,1514316.0
13696,GlobalTech,102356,GBP,Annual,24.0,2023-08-09,payroll,129992.12
1356,GlobalTech,112343,EUR,Monthly,28.8,2023-07-12,payroll,1455965.28
11710,GlobalTech,72702,GBP,Bi-Weekly,25.2,2023-02-04,payroll,2400620.04
7120,GlobalTech,97120,USD,Annual,0.6,2023-12-16,payroll,97120.0
7320,GlobalTech,"€126,241",EUR,Bi-Weekly,10.5,2023-03-22,payroll,3544847.2800000003
14460,GlobalTech,105787,EUR,Monthly,12.5,2024-03-17,payroll,1370999.52
7394,GlobalTech,148891,USD,Monthly,27.7,2024-05-01,payroll,1786692.0
12861,GlobalTech,97693,EUR,Annual,2.3,2024-04-07,payroll,105508.44
14767,GlobalTech,136337,USD,Monthly,26.9,2024-10-02,payroll,1636044.0
5135,GlobalTech,52965,GBP,Monthly,5.1,2024-08-29,payroll,807186.6
11258,GlobalTech,142933,USD,Monthly,24.9,2023-08-14,payroll,1715196.0
11156,GlobalTech,112678,EUR,Bi-Weekly,15.7,2023-01-13,payroll,3163998.24
8132,GlobalTech,139650,GBP,Monthly,28.7,2023-08-23,payroll,2128266.0
7369,GlobalTech,40464,GBP,Bi-Weekly,22.8,2023-12-16,payroll,1336121.28
1981,GlobalTech,56557,EUR,Bi-Weekly,4.9,2024-02-24,payroll,1588120.56
6633,GlobalTech,128702,EUR,Annual,12.6,2024-02-22,payroll,138998.16
10096,GlobalTech,100550,EUR,Monthly,25.7,2024-10-12,payroll,1303128.0
4945,GlobalTech,220627,EUR,Annual,27.6,2024-04-04,payroll,238277.16
5505,GlobalTech,118200,GBP,Annual,30.0,2024-03-09,payroll,150114.0
12298,GlobalTech,75491,USD,Monthly,14.2,2024-06-25,payroll,905892.0
3556,GlobalTech,69470,EUR,Monthly,26.1,2024-04-20,payroll,900331.2000000001
5325,GlobalTech,52744,EUR,Annual,23.8,2023-03-21,payroll,56963.520000000004
3814,GlobalTech,42744,GBP,Annual,22.4,2024-06-06,payroll,54284.88
12531,GlobalTech,72024,EUR,Monthly,12.0,2023-07-31,payroll,933431.04
5057,GlobalTech,137472,EUR,Bi-Weekly,0.2,2023-04-04,payroll,3860213.7600000002
5430,GlobalTech,"£100,172",GBP,Bi-Weekly,23.5,2024-11-20,payroll,3307679.44
4925,GlobalTech,53157,GBP,Annual,2.7,2024-05-23,payroll,67509.39
7554,GlobalTech,134351,EUR,Bi-Weekly,5.8,2024-05-08,payroll,3772576.08
4891,GlobalTech,149304,USD,Bi-Weekly,21.7,2024-10-23,payroll,3881904.0
10367,GlobalTech,116644,EUR,Bi-Weekly,24.1,2023-07-04,payroll,3275363.52
13553,GlobalTech,134140,USD,Monthly,18.4,2023-02-04,payroll,1609680.0
13588,GlobalTech,72245,USD,Bi-Weekly,20.9,2024-12-14,payroll,1878370.0
7395,GlobalTech,128607,EUR,Monthly,12.4,2024-02-27,payroll,1666746.7200000002
4990,GlobalTech,108282,EUR,Annual,18.1,2023-02-06,payroll,116944.56000000001
10341,GlobalTech,52071,EUR,Monthly,19.8,2024-10-13,payroll,674840.16
10843,GlobalTech,105479,USD,Annual,22.3,2024-03-13,payroll,105479.0
6614,GlobalTech,111020,EUR,Annual,21.8,2023-01-07,payroll,119901.6
10208,GlobalTech,58746,EUR,Bi-Weekly,9.1,2023-12-30,payroll,1649587.6800000002
13662,GlobalTech,105882,EUR,Bi-Weekly,9.8,2023-12-21,payroll,2973166.56
9663,GlobalTech,74593,USD,Bi-Weekly,19.8,2024-11-17,payroll,1939418.0
13091,GlobalTech,129317,EUR,Annual,16.3,2024-12-21,payroll,139662.36000000002
11317,GlobalTech,115326,USD,Monthly,20.0,2023-01-19,payroll,1383912.0
4567,GlobalTech,115633,USD,Bi-Weekly,19.2,2024-06-23,payroll,3006458.0
13796,GlobalTech,67533,EUR,Bi-Weekly,11.0,2024-04-19,payroll,1896326.6400000001
9638,GlobalTech,77824,USD,Annual,3.2,2023-06-02,payroll,77824.0
8179,GlobalTech,92004,EUR,Monthly,21.0,2024-11-07,payroll,1192371.84
12711,GlobalTech,115615,GBP,Annual,8.5,2024-03-04,payroll,146831.05
6785,GlobalTech,"$58,731",USD,Monthly,15.7,2024-10-02,payroll,704772.0
7779,GlobalTech,62528,GBP,Bi-Weekly,6.2,2024-08-12,payroll,2064674.56
3570,GlobalTech,189552,GBP,Annual,13.8,2024-03-17,payroll,240731.04
6465,GlobalTech,178820,EUR,Bi-Weekly,18.9,2023-04-25,payroll,5021265.600000001
8636,GlobalTech,81123,USD,Bi-Weekly,6.2,2024-03-27,payroll,2109198.0
3231,GlobalTech,129638,EUR,Bi-Weekly,29.1,2023-05-08,payroll,3640235.04
5502,GlobalTech,127619,GBP,Annual,29.6,2024-12-09,payroll,162076.13
9242,GlobalTech,120543,USD,Monthly,15.1,2023-08-20,payroll,1446516.0
9281,GlobalTech,"€133,224",EUR,Monthly,25.1,2023-12-27,payroll,1726583.04
9831,GlobalTech,133372,USD,Bi-Weekly,0.3,2023-03-01,payroll,3467672.0
11188,GlobalTech,120582,EUR,Monthly,25.8,2023-01-31,payroll,1562742.7200000002
4255,GlobalTech,"$76,951",USD,Bi-Weekly,15.8,2023-12-19,payroll,2000726.0
3026,GlobalTech,56196,GBP,Bi-Weekly,22.7,2023-04-02,payroll,1855591.92
10708,GlobalTech,91088,EUR,Bi-Weekly,11.5,2024-03-09,payroll,2557751.04
12342,GlobalTech,122751,USD,Bi-Weekly,6.5,2024-06-26,payroll,3191526.0
11345,GlobalTech,104407,USD,Annual,9.0,2024-05-23,payroll,104407.0
8836,GlobalTech,42161,GBP,Annual,15.4,2023-03-03,payroll,53544.47
10649,GlobalTech,121581,GBP,Monthly,25.5,2023-06-14,payroll,1852894.44
3761,GlobalTech,157511,USD,Monthly,26.6,2024-03-15,payroll,1890132.0
6756,GlobalTech,97544,USD,Bi-Weekly,26.7,2024-06-11,payroll,2536144.0
8419,GlobalTech,51879,GBP,Bi-Weekly,28.0,2023-08-07,payroll,1713044.58
12925,GlobalTech,106616,GBP,Annual,4.4,2024-03-19,payroll,135402.32
12990,GlobalTech,51223,USD,Bi-Weekly,5.1,2023-02-02,payroll,1331798.0
9866,GlobalTech,88651,GBP,Annual,19.2,2024-07-30,payroll,112586.77
8137,GlobalTech,"€67,238",EUR,Annual,21.9,2024-12-10,payroll,72617.04000000001
14511,GlobalTech,"$71,756",USD,Bi-Weekly,11.0,2024-02-05,payroll,1865656.0
7517,GlobalTech,90963,EUR,Annual,8.2,2023-08-10,payroll,98240.04000000001
14746,GlobalTech,66145,EUR,Annual,3.2,2024-05-28,payroll,71436.6
12153,GlobalTech,88568,EUR,Monthly,30.0,2024-11-06,payroll,1147841.28
11994,GlobalTech,95809,GBP,Monthly,17.4,2023-04-24,payroll,1460129.16
11669,GlobalTech,111258,EUR,Annual,17.2,2023-04-16,payroll,120158.64000000001
13936,GlobalTech,97855,EUR,Monthly,25.1,2024-12-16,payroll,1268200.8
6126,GlobalTech,83702,USD,Bi-Weekly,8.1,2024-08-06,payroll,2176252.0
9667,GlobalTech,147513,USD,Annual,18.4,2024-11-25,payroll,147513.0
5460,GlobalTech,124516,EUR,Bi-Weekly,11.3,2023-12-05,payroll,3496409.2800000003
11887,GlobalTech,71011,USD,Monthly,13.9,2023-03-29,payroll,852132.0
5619,GlobalTech,231100,USD,Monthly,18.7,2023-01-16,payroll,2773200.0
10230,GlobalTech,53123,EUR,Monthly,20.5,2024-03-17,payroll,688474.0800000001
8258,GlobalTech,59612,USD,Bi-Weekly,3.4,2024-02-12,payroll,1549912.0
8196,GlobalTech,111007,USD,Annual,28.4,2024-05-10,payroll,111007.0
5995,GlobalTech,59370,USD,Annual,4.8,2024-06-05,payroll,59370.0
12369,GlobalTech,109795,EUR,Monthly,13.3,2023-02-01,payroll,1422943.2000000002
9321,GlobalTech,66980,GBP,Monthly,16.1,2023-11-28,payroll,1020775.2000000001
9353,GlobalTech,115680,GBP,Monthly,5.3,2023-06-07,payroll,1762963.2
5835,GlobalTech,130418,EUR,Annual,0.7,2023-03-07,payroll,140851.44
4767,GlobalTech,97144,GBP,Bi-Weekly,15.9,2024-10-26,payroll,3207694.88
8538,GlobalTech,154374,EUR,Monthly,1.7,2023-10-17,payroll,2000687.04
8679,GlobalTech,100412,GBP,Annual,11.9,2023-07-23,payroll,127523.24
12886,GlobalTech,149491,USD,Bi-Weekly,27.7,2024-10-31,payroll,3886766.0
12124,GlobalTech,64639,GBP,Annual,21.9,2024-01-30,payroll,82091.53
8790,GlobalTech,"€136,653",EUR,Monthly,11.0,2023-05-08,payroll,1771022.8800000001
3263,GlobalTech,60497,EUR,Annual,17.5,2023-12-08,payroll,65336.76
10369,GlobalTech,72103,EUR,Bi-Weekly,14.9,2023-09-03,payroll,2024652.2400000002
10629,GlobalTech,140842,EUR,Annual,4.9,2023-04-10,payroll,152109.36000000002
13588,GlobalTech,75486,GBP,Bi-Weekly,23.0,2024-08-17,payroll,2492547.72
5125,GlobalTech,87030,EUR,Monthly,11.0,2024-10-01,payroll,1127908.8
3912,GlobalTech,84579,EUR,Bi-Weekly,5.3,2023-07-11,payroll,2374978.3200000003
12111,GlobalTech,56304,GBP,Annual,22.8,2024-08-28,payroll,71506.08
3614,GlobalTech,112669,USD,Bi-Weekly,4.1,2024-04-07,payroll,2929394.0
13623,GlobalTech,65386,GBP,Annual,4.0,2024-03-24,payroll,83040.22
7249,GlobalTech,108680,GBP,Bi-Weekly,9.1,2023-03-11,payroll,3588613.6
6357,GlobalTech,127225,USD,Monthly,1.8,2023-04-11,payroll,1526700.0
9455,GlobalTech,120129,EUR,Monthly,1.8,2023-02-09,payroll,1556871.84
4006,GlobalTech,88302,GBP,Bi-Weekly,2.2,2024-06-12,payroll,2915732.04
14148,GlobalTech,131612,EUR,Bi-Weekly,2.5,2024-06-10,payroll,3695664.9600000004
2926,GlobalTech,97688,GBP,Bi-Weekly,13.4,2024-04-17,payroll,3225657.7600000002
3115,GlobalTech,99680,EUR,Bi-Weekly,24.2,2023-12-02,payroll,2799014.4000000004
1154,GlobalTech,166166,USD,Annual,15.6,2023-04-22,payroll,166166.0
14992,GlobalTech,115286,USD,Bi-Weekly,21.8,2023-09-23,payroll,2997436.0
10848,GlobalTech,103657,USD,Monthly,18.8,2023-08-16,payroll,1243884.0
3644,GlobalTech,100879,EUR,Monthly,9.9,2023-11-12,payroll,1307391.84
3847,GlobalTech,145020,USD,Bi-Weekly,28.0,2024-05-30,payroll,3770520.0
1436,GlobalTech,52887,GBP,Bi-Weekly,20.2,2024-07-10,payroll,1746328.74
14761,GlobalTech,78576,GBP,Annual,29.3,2024-12-23,payroll,99791.52
14464,GlobalTech,103927,GBP,Bi-Weekly,0.1,2024-03-15,payroll,3431669.54
11385,GlobalTech,93402,EUR,Monthly,2.8,2024-01-23,payroll,1210489.9200000002
12200,GlobalTech,50307,USD,Bi-Weekly,20.4,2024-07-14,payroll,1307982.0
14767,GlobalTech,"£45,440",GBP,Monthly,11.7,2024-05-07,payroll,692505.6
14005,GlobalTech,41228,GBP,Annual,24.2,2024-03-24,payroll,52359.56
5695,GlobalTech,150765,EUR,Annual,8.5,2024-09-11,payroll,162826.2
4563,GlobalTech,158981,EUR,Bi-Weekly,3.7,2023-06-23,payroll,4464186.48
6761,GlobalTech,91374,EUR,Monthly,15.2,2024-11-18,payroll,1184207.04
14262,GlobalTech,138886,USD,Monthly,16.3,2023-11-05,payroll,1666632.0
9005,GlobalTech,40249,GBP,Bi-Weekly,14.7,2023-07-17,payroll,1329021.98
12932,GlobalTech,109400,GBP,Annual,17.0,2023-01-27,payroll,138938.0
7085,GlobalTech,78041,EUR,Bi-Weekly,26.3,2024-04-07,payroll,2191391.2800000003
5576,GlobalTech,57744,EUR,Monthly,28.9,2024-11-03,payroll,748362.2400000001
5890,GlobalTech,154746,GBP,Annual,11.5,2024-01-31,payroll,196527.42
14687,GlobalTech,91509,EUR,Bi-Weekly,11.7,2023-08-15,payroll,2569572.72
10890,GlobalTech,121239,EUR,Annual,1.8,2023-10-05,payroll,130938.12000000001
7494,GlobalTech,134995,USD,Bi-Weekly,2.1,2023-01-23,payroll,3509870.0
11625,GlobalTech,121589,EUR,Annual,14.6,2024-05-26,payroll,131316.12
9014,GlobalTech,136616,GBP,Monthly,1.6,2023-05-06,payroll,2082027.84
3852,GlobalTech,70957,EUR,Bi-Weekly,5.2,2024-03-02,payroll,1992472.56
8046,GlobalTech,58479,USD,Annual,29.6,2023-03-20,payroll,58479.0
5814,GlobalTech,137961,USD,Annual,22.8,2023-07-18,payroll,137961.0
13235,GlobalTech,"€67,264",EUR,Bi-Weekly,27.4,2024-10-10,payroll,1888773.12
3847,GlobalTech,87067,GBP,Annual,10.3,2023-01-19,payroll,110575.09
7574,GlobalTech,46035,GBP,Monthly,6.4,2024-03-27,payroll,701573.4
2285,GlobalTech,74056,GBP,Monthly,20.6,2024-11-15,payroll,1128613.44
2638,GlobalTech,72647,EUR,Annual,7.0,2024-09-26,payroll,78458.76000000001
13732,GlobalTech,81235,EUR,Annual,28.1,2023-12-09,payroll,87733.8
13826,GlobalTech,113801,USD,Bi-Weekly,11.8,2023-04-08,payroll,2958826.0
6152,GlobalTech,"$58,177",USD,Annual,27.7,2023-07-06,payroll,58177.0
7907,GlobalTech,53774,USD,Bi-Weekly,13.7,2023-01-20,payroll,1398124.0
6285,GlobalTech,118179,USD,Annual,2.8,2023-04-22,payroll,118179.0
10679,GlobalTech,109520,USD,Annual,23.9,2024-06-02,payroll,109520.0
1776,GlobalTech,111721,EUR,Bi-Weekly,6.0,2023-12-10,payroll,3137125.68
1158,GlobalTech,136266,USD,Annual,19.7,2023-06-18,payroll,136266.0
3703,GlobalTech,84963,GBP,Bi-Weekly,4.8,2023-09-30,payroll,2805478.2600000002
8097,GlobalTech,111536,GBP,Bi-Weekly,4.9,2023-07-01,payroll,3682918.72
12956,GlobalTech,58647,EUR,Annual,14.6,2024-12-02,payroll,63338.76
6925,GlobalTech,73978,EUR,Annual,4.9,2023-12-15,payroll,79896.24
11677,GlobalTech,102468,EUR,Monthly,8.5,2024-04-10,payroll,1327985.28
10634,GlobalTech,108272,GBP,Monthly,3.4,2023-01-13,payroll,1650065.28
1388,GlobalTech,180166,USD,Monthly,26.8,2024-01-04,payroll,2161992.0
3574,GlobalTech,119869,USD,Monthly,30.0,2024-02-04,payroll,1438428.0
13350,GlobalTech,63429,EUR,Annual,22.0,2023-09-12,payroll,68503.32
4018,GlobalTech,113843,GBP,Bi-Weekly,8.9,2023-07-03,payroll,3759095.86
8147,GlobalTech,112118,EUR,Bi-Weekly,11.5,2023-11-01,payroll,3148273.4400000004
11769,GlobalTech,102576,USD,Annual,9.4,2023-12-06,payroll,102576.0
9337,GlobalTech,116931,GBP,Monthly,17.4,2024-05-08,payroll,1782028.44
10566,GlobalTech,86534,EUR,Monthly,8.6,2023-03-08,payroll,1121480.6400000001
11443,GlobalTech,112234,GBP,Monthly,6.0,2023-11-08,payroll,1710446.16
4237,GlobalTech,"£89,868",GBP,Bi-Weekly,17.9,2023-01-23,payroll,2967441.36
13576,GlobalTech,"€104,714",EUR,Annual,18.5,2024-11-19,payroll,113091.12000000001
2996,GlobalTech,132945,USD,Bi-Weekly,24.8,2024-02-15,payroll,3456570.0
5648,GlobalTech,73247,USD,Bi-Weekly,22.9,2023-11-03,payroll,1904422.0
12111,GlobalTech,120405,USD,Bi-Weekly,9.4,2023-03-15,payroll,3130530.0
12728,GlobalTech,122126,EUR,Bi-Weekly,12.5,2023-08-12,payroll,3429298.08
7593,GlobalTech,87805,GBP,Bi-Weekly,9.8,2023-01-09,payroll,2899321.1
6763,GlobalTech,132215,EUR,Annual,11.1,2024-01-09,payroll,142792.2
10013,GlobalTech,86148,GBP,Bi-Weekly,28.0,2024-07-18,payroll,2844606.96
1578,GlobalTech,80813,EUR,Bi-Weekly,20.1,2023-05-20,payroll,2269229.04
11507,GlobalTech,97772,GBP,Annual,25.4,2023-09-02,payroll,124170.44
4128,GlobalTech,128714,EUR,Monthly,27.4,2023-03-08,payroll,1668133.4400000002
13711,GlobalTech,94752,EUR,Monthly,0.8,2023-03-28,payroll,1227985.9200000002
11667,GlobalTech,91053,GBP,Bi-Weekly,25.6,2023-07-15,payroll,3006570.06
13337,GlobalTech,74015,USD,Annual,21.3,2024-07-18,payroll,74015.0
3948,GlobalTech,161656,GBP,Monthly,21.7,2024-02-17,payroll,2463637.44
7650,GlobalTech,59321,GBP,Bi-Weekly,29.3,2024-11-03,payroll,1958779.42
10944,GlobalTech,72747,GBP,Bi-Weekly,3.5,2024-05-10,payroll,2402105.94
6224,GlobalTech,68508,GBP,Annual,4.7,2023-01-14,payroll,87005.16
9780,GlobalTech,113814,USD,Annual,23.7,2023-12-24,payroll,113814.0
2629,GlobalTech,99577,USD,Bi-Weekly,26.2,2023-05-20,payroll,2589002.0
11067,GlobalTech,111107,GBP,Annual,17.1,2023-06-29,payroll,141105.89
10461,GlobalTech,92019,GBP,Monthly,21.2,2024-01-11,payroll,1402369.56
12530,GlobalTech,87466,USD,Bi-Weekly,17.7,2023-06-08,payroll,2274116.0
9044,GlobalTech,94592,GBP,Annual,8.2,2024-04-17,payroll,120131.84
9499,GlobalTech,"€91,357",EUR,Annual,15.1,2024-07-04,payroll,98665.56000000001
7341,GlobalTech,170027,USD,Annual,18.9,2023-03-02,payroll,170027.0
9776,GlobalTech,50102,GBP,Monthly,1.4,2023-12-12,payroll,763554.48
7493,GlobalTech,61798,GBP,Monthly,4.4,2024-09-05,payroll,941801.52
12654,GlobalTech,97021,USD,Monthly,21.4,2023-01-18,payroll,1164252.0
7574,GlobalTech,109399,EUR,Monthly,9.0,2023-02-28,payroll,1417811.04
12186,GlobalTech,97926,GBP,Bi-Weekly,4.4,2024-02-13,payroll,3233516.52
8147,GlobalTech,62834,EUR,Annual,23.0,2023-12-26,payroll,67860.72
4870,GlobalTech,93567,USD,Annual,29.2,2024-06-07,payroll,93567.0
5943,GlobalTech,132802,EUR,Monthly,21.2,2024-08-22,payroll,1721113.9200000002
14232,GlobalTech,139150,USD,Bi-Weekly,4.1,2024-07-21,payroll,3617900.0
14077,GlobalTech,63012,GBP,Annual,0.8,2023-02-01,payroll,80025.24
5047,GlobalTech,77936,GBP,Bi-Weekly,21.3,2024-01-16,payroll,2573446.72
10525,GlobalTech,58500,GBP,Annual,21.3,2024-03-19,payroll,74295.0
14394,GlobalTech,"$137,809",USD,Annual,19.1,2023-03-15,payroll,137809.0
6237,GlobalTech,150396,USD,Annual,10.0,2024-07-05,payroll,150396.0
10015,GlobalTech,146031,USD,Monthly,10.9,2024-10-16,payroll,1752372.0
5260,GlobalTech,155252,GBP,Annual,22.8,2023-01-09,payroll,197170.04
13482,GlobalTech,123906,USD,Bi-Weekly,17.9,2023-09-26,payroll,3221556.0
8006,GlobalTech,56780,GBP,Monthly,6.6,2024-02-04,payroll,865327.2000000001
6156,GlobalTech,67490,USD,Bi-Weekly,9.6,2023-05-23,payroll,1754740.0
11139,GlobalTech,113426,EUR,Annual,6.2,2023-10-02,payroll,122500.08
10614,GlobalTech,73975,USD,Annual,12.9,2023-09-07,payroll,73975.0
750,GlobalTech,"€105,015",EUR,Monthly,6.0,2024-09-19,payroll,1360994.4000000001
8644,GlobalTech,148216,USD,Bi-Weekly,17.5,2023-02-16,payroll,3853616.0
2763,GlobalTech,"€121,663",EUR,Monthly,12.6,2024-10-09,payroll,1576752.4800000002
11668,GlobalTech,57695,GBP,Annual,18.8,2023-02-11,payroll,73272.65
5380,GlobalTech,52765,GBP,Monthly,0.2,2024-12-23,payroll,804138.6
8388,GlobalTech,189793,GBP,Annual,19.1,2023-02-15,payroll,241037.11000000002
9052,GlobalTech,54158,USD,Annual,23.1,2023-01-31,payroll,54158.0
14608,GlobalTech,141752,GBP,Annual,7.3,2024-11-12,payroll,180025.04
10188,GlobalTech,91215,USD,Monthly,23.7,2024-05-22,payroll,1094580.0
1199,GlobalTech,114439,USD,Annual,10.2,2024-10-29,payroll,114439.0
11251,GlobalTech,78450,EUR,Bi-Weekly,14.8,2023-12-29,payroll,2202876.0
10039,GlobalTech,106672,GBP,Bi-Weekly,7.7,2023-09-13,payroll,3522309.44
11823,GlobalTech,"€52,067",EUR,Monthly,13.5,2024-09-11,payroll,674788.3200000001
8481,GlobalTech,126100,GBP,Bi-Weekly,26.1,2023-01-08,payroll,4163822.0
11984,GlobalTech,128565,USD,Bi-Weekly,5.0,2023-02-16,payroll,3342690.0
11718,GlobalTech,49483,GBP,Annual,12.7,2023-12-26,payroll,62843.41
13742,GlobalTech,115334,GBP,Bi-Weekly,10.5,2023-09-03,payroll,3808328.68
12105,GlobalTech,82085,USD,Annual,24.6,2024-10-03,payroll,82085.0
1027,GlobalTech,68955,EUR,Annual,25.7,2024-02-19,payroll,74471.40000000001
11708,GlobalTech,137138,USD,Annual,4.9,2024-07-21,payroll,137138.0
11606,GlobalTech,71584,GBP,Monthly,19.0,2024-10-27,payroll,1090940.16
10044,GlobalTech,69013,EUR,Annual,18.5,2023-07-07,payroll,74534.04000000001
7582,GlobalTech,135840,EUR,Monthly,25.9,2023-08-06,payroll,1760486.4000000001
3975,GlobalTech,58053,GBP,Bi-Weekly,11.6,2023-12-15,payroll,1916910.06
7313,GlobalTech,103533,GBP,Monthly,1.6,2023-01-13,payroll,1577842.92
9871,GlobalTech,89118,USD,Monthly,20.9,2024-05-11,payroll,1069416.0
11478,GlobalTech,43265,GBP,Bi-Weekly,27.2,2024-01-20,payroll,1428610.3
13352,GlobalTech,"€80,170",EUR,Monthly,18.9,2023-09-03,payroll,1039003.2000000001
12878,GlobalTech,118645,EUR,Annual,15.8,2024-10-08,payroll,128136.6
9359,GlobalTech,59041,EUR,Bi-Weekly,20.9,2023-10-05,payroll,1657871.28
9103,GlobalTech,67351,GBP,Monthly,10.5,2023-09-08,payroll,1026429.24
6805,GlobalTech,119594,GBP,Annual,13.4,2023-03-22,payroll,151884.38
12809,GlobalTech,106956,GBP,Monthly,24.5,2023-10-07,payroll,1630009.44
7312,GlobalTech,114728,GBP,Annual,6.6,2024-09-12,payroll,145704.56
2023,GlobalTech,138711,USD,Annual,15.8,2023-06-23,payroll,138711.0
15000,GlobalTech,145199,EUR,Bi-Weekly,1.2,2023-06-24,payroll,4077187.9200000004
3649,GlobalTech,127719,EUR,Monthly,20.4,2024-03-09,payroll,1655238.2400000002
8720,GlobalTech,136272,GBP,Bi-Weekly,20.6,2023-11-07,payroll,4499701.44
8307,GlobalTech,100206,EUR,Bi-Weekly,13.4,2023-11-06,payroll,2813784.48
3310,GlobalTech,108040,USD,Monthly,6.7,2024-05-20,payroll,1296480.0
9026,GlobalTech,"$140,191",USD,Bi-Weekly,8.5,2023-12-24,payroll,3644966.0
14527,GlobalTech,209022,EUR,Annual,9.1,2024-07-09,payroll,225743.76
12841,GlobalTech,107286,EUR,Monthly,6.9,2023-02-19,payroll,1390426.56
10053,GlobalTech,107684,EUR,Bi-Weekly,15.2,2024-11-06,payroll,3023766.72
11963,GlobalTech,134508,USD,Annual,1.7,2023-07-01,payroll,134508.0
10539,GlobalTech,130106,EUR,Annual,22.5,2023-05-10,payroll,140514.48
9380,GlobalTech,"€79,198",EUR,Bi-Weekly,0.2,2023-03-08,payroll,2223879.8400000003
13300,GlobalTech,119793,EUR,Monthly,26.8,2024-11-23,payroll,1552517.28
11878,GlobalTech,70241,USD,Annual,13.0,2024-09-07,payroll,70241.0
5738,GlobalTech,113268,GBP,Bi-Weekly,15.9,2024-05-17,payroll,3740109.36
10490,GlobalTech,136910,USD,Monthly,1.1,2023-06-20,payroll,1642920.0
4403,GlobalTech,52295,EUR,Bi-Weekly,8.4,2023-11-27,payroll,1468443.6
14332,GlobalTech,108142,USD,Annual,25.4,2024-03-23,payroll,108142.0
10532,GlobalTech,87734,GBP,Annual,0.2,2024-03-25,payroll,111422.18000000001
1293,GlobalTech,133427,EUR,Monthly,0.8,2023-05-13,payroll,1729213.9200000002
14181,GlobalTech,117992,EUR,Monthly,15.5,2024-03-27,payroll,1529176.32
7714,GlobalTech,"£105,180",GBP,Annual,3.5,2024-05-13,payroll,133578.6
13516,GlobalTech,"£53,865",GBP,Annual,18.8,2023-06-30,payroll,68408.55
8411,GlobalTech,85562,USD,Bi-Weekly,29.5,2023-12-13,payroll,2224612.0
14213,GlobalTech,"$128,264",USD,Monthly,13.5,2023-08-27,payroll,1539168.0
6136,GlobalTech,47837,GBP,Bi-Weekly,19.0,2023-03-04,payroll,1579577.74
8053,GlobalTech,96566,GBP,Annual,24.5,2023-07-21,payroll,122638.82
9276,GlobalTech,94708,GBP,Monthly,2.0,2023-05-07,payroll,1443349.92
8767,GlobalTech,104614,EUR,Bi-Weekly,14.6,2024-04-23,payroll,2937561.12
8914,GlobalTech,93802,GBP,Monthly,15.9,2024-05-24,payroll,1429542.48
12385,GlobalTech,127089,EUR,Bi-Weekly,1.1,2023-02-14,payroll,3568659.12
6875,GlobalTech,86157,EUR,Annual,23.6,2023-03-15,payroll,93049.56000000001
10127,GlobalTech,67465,EUR,Bi-Weekly,16.2,2024-09-08,payroll,1894417.2000000002
5020,GlobalTech,132485,EUR,Annual,29.7,2023-01-17,payroll,143083.80000000002
8061,GlobalTech,63703,USD,Bi-Weekly,29.2,2023-01-07,payroll,1656278.0
13378,GlobalTech,103717,GBP,Monthly,29.8,2023-01-10,payroll,1580647.08
11684,GlobalTech,71112,EUR,Annual,6.0,2023-03-26,payroll,76800.96
11232,GlobalTech,75580,EUR,Bi-Weekly,11.4,2024-04-15,payroll,2122286.4
11447,GlobalTech,74221,USD,Bi-Weekly,2.5,2024-03-24,payroll,1929746.0
4387,GlobalTech,74053,USD,Bi-Weekly,4.5,2024-01-11,payroll,1925378.0
11046,GlobalTech,62580,GBP,Bi-Weekly,26.2,2023-02-12,payroll,2066391.6
10602,GlobalTech,137617,EUR,Bi-Weekly,16.8,2023-09-30,payroll,3864285.3600000003
13790,GlobalTech,127428,GBP,Bi-Weekly,29.6,2023-05-04,payroll,4207672.5600000005
11202,GlobalTech,"£108,196",GBP,Bi-Weekly,2.8,2023-07-10,payroll,3572631.92
4499,GlobalTech,60459,EUR,Monthly,0.6,2024-11-23,payroll,783548.64
4280,GlobalTech,80775,EUR,Bi-Weekly,0.9,2023-02-25,payroll,2268162.0
4757,GlobalTech,114990,EUR,Monthly,12.1,2023-06-23,payroll,1490270.4000000001
2716,GlobalTech,61201,EUR,Monthly,1.6,2023-05-20,payroll,793164.9600000001
3996,GlobalTech,143219,USD,Annual,17.9,2024-01-28,payroll,143219.0
13701,GlobalTech,107706,GBP,Monthly,21.1,2024-06-15,payroll,1641439.44
13653,GlobalTech,65960,EUR,Annual,8.9,2023-05-31,payroll,71236.8
2595,GlobalTech,74070,EUR,Monthly,23.0,2023-07-21,payroll,959947.2000000001
6833,GlobalTech,101717,GBP,Annual,4.4,2023-11-18,payroll,129180.59
12404,GlobalTech,91220,GBP,Monthly,0.9,2024-04-16,payroll,1390192.8
14274,GlobalTech,135879,EUR,Annual,21.1,2024-12-07,payroll,146749.32
10108,GlobalTech,69173,EUR,Bi-Weekly,21.5,2023-12-28,payroll,1942377.84
6547,GlobalTech,147786,EUR,Bi-Weekly,28.3,2024-11-07,payroll,4149830.8800000004
2939,GlobalTech,107980,USD,Monthly,7.1,2023-02-16,payroll,1295760.0
3905,GlobalTech,51822,GBP,Monthly,20.1,2024-10-24,payroll,789767.28
13204,GlobalTech,79343,GBP,Monthly,23.2,2023-12-25,payroll,1209187.32
3891,GlobalTech,100982,USD,Bi-Weekly,1.8,2024-06-14,payroll,2625532.0
9454,GlobalTech,74834,GBP,Bi-Weekly,25.0,2023-06-04,payroll,2471018.68
10055,GlobalTech,142188,GBP,Monthly,23.5,2023-07-13,payroll,2166945.12
10870,GlobalTech,114848,EUR,Monthly,28.7,2024-05-04,payroll,1488430.08
10510,GlobalTech,87940,GBP,Bi-Weekly,1.1,2024-02-14,payroll,2903778.8
8793,GlobalTech,67973,GBP,Bi-Weekly,2.1,2023-01-16,payroll,2244468.46
12295,GlobalTech,56844,GBP,Monthly,0.1,2023-02-20,payroll,866302.56
5957,GlobalTech,71346,EUR,Bi-Weekly,0.1,2023-06-13,payroll,2003395.6800000002
12352,GlobalTech,170202,EUR,Annual,3.0,2024-11-08,payroll,183818.16
12868,GlobalTech,106198,GBP,Annual,3.6,2023-06-12,payroll,134871.46
11832,GlobalTech,75320,GBP,Bi-Weekly,8.7,2023-05-23,payroll,2487066.4
7035,GlobalTech,123021,USD,Monthly,6.5,2024-08-02,payroll,1476252.0
14779,GlobalTech,135903,EUR,Monthly,5.3,2023-03-20,payroll,1761302.8800000001
13524,GlobalTech,65293,GBP,Annual,15.8,2023-01-09,payroll,82922.11
2845,GlobalTech,147523,EUR,Monthly,7.0,2024-02-06,payroll,1911898.08
294,GlobalTech,"£87,738",GBP,Bi-Weekly,15.9,2024-01-04,payroll,2897108.7600000002
11605,GlobalTech,90502,USD,Monthly,11.0,2023-08-04,payroll,1086024.0
9002,GlobalTech,108476,EUR,Monthly,3.0,2023-11-27,payroll,1405848.9600000002
11621,GlobalTech,62773,USD,Monthly,21.6,2023-09-11,payroll,753276.0
6087,GlobalTech,86514,GBP,Monthly,11.1,2024-01-30,payroll,1318473.36
10179,GlobalTech,193496,USD,Bi-Weekly,11.9,2023-02-16,payroll,5030896.0
10078,GlobalTech,109609,USD,Annual,29.9,2024-03-13,payroll,109609.0
9644,GlobalTech,174031,EUR,Monthly,20.9,2023-06-10,payroll,2255441.7600000002
8698,GlobalTech,110217,EUR,Annual,13.8,2024-12-21,payroll,119034.36
8654,GlobalTech,57446,USD,Bi-Weekly,23.6,2024-06-29,payroll,1493596.0
10127,GlobalTech,194782,USD,Monthly,7.6,2024-06-08,payroll,2337384.0
12820,GlobalTech,123008,USD,Annual,19.4,2024-06-20,payroll,123008.0
5687,GlobalTech,72742,EUR,Bi-Weekly,5.5,2023-02-22,payroll,2042595.36
14531,GlobalTech,144566,EUR,Annual,24.8,2024-07-22,payroll,156131.28
6469,GlobalTech,45834,GBP,Bi-Weekly,27.3,2023-02-05,payroll,1513438.68
11869,GlobalTech,69738,USD,Bi-Weekly,11.0,2024-09-23,payroll,1813188.0
12295,GlobalTech,"£118,723",GBP,Bi-Weekly,19.5,2024-12-23,payroll,3920233.46
7332,GlobalTech,100554,EUR,Monthly,21.1,2023-07-20,payroll,1303179.84
7917,GlobalTech,136623,EUR,Bi-Weekly,12.4,2023-01-20,payroll,3836373.8400000003
11487,GlobalTech,130641,GBP,Bi-Weekly,27.4,2023-07-23,payroll,4313765.82
3231,GlobalTech,51672,GBP,Monthly,12.6,2023-07-16,payroll,787481.28
14925,GlobalTech,122939,EUR,Bi-Weekly,0.9,2024-06-03,payroll,3452127.12
2781,GlobalTech,78799,EUR,Bi-Weekly,0.7,2024-10-27,payroll,2212675.92
7162,GlobalTech,128074,EUR,Annual,9.6,2024-08-14,payroll,138319.92
2985,GlobalTech,57730,GBP,Monthly,11.4,2023-02-16,payroll,879805.2000000001
9841,GlobalTech,41184,GBP,Monthly,25.7,2024-04-05,payroll,627644.16
1726,GlobalTech,111793,USD,Monthly,9.1,2024-02-05,payroll,1341516.0
10796,GlobalTech,69952,GBP,Bi-Weekly,2.5,2023-11-05,payroll,2309815.04
11108,GlobalTech,91131,USD,Bi-Weekly,20.5,2024-10-02,payroll,2369406.0
9614,GlobalTech,130459,USD,Annual,22.2,2023-09-12,payroll,130459.0
14835,GlobalTech,148682,EUR,Annual,25.2,2024-01-09,payroll,160576.56
8640,GlobalTech,"£60,024",GBP,Monthly,9.6,2023-10-16,payroll,914765.76
14882,GlobalTech,66385,USD,Monthly,27.6,2024-01-31,payroll,796620.0
11005,GlobalTech,112817,USD,Monthly,28.9,2024-09-24,payroll,1353804.0
9036,GlobalTech,84852,USD,Bi-Weekly,10.9,2024-01-19,payroll,2206152.0
8698,GlobalTech,97576,EUR,Bi-Weekly,25.8,2024-07-25,payroll,2739934.08
10512,GlobalTech,47938,GBP,Bi-Weekly,9.2,2024-12-31,payroll,1582912.76
5956,GlobalTech,72300,USD,Bi-Weekly,5.2,2023-08-23,payroll,1879800.0
10191,GlobalTech,53266,EUR,Monthly,18.5,2023-03-08,payroll,690327.3600000001
7848,GlobalTech,155113,USD,Monthly,9.9,2023-05-23,payroll,1861356.0
12177,GlobalTech,56006,USD,Annual,3.0,2024-04-30,payroll,56006.0
3449,GlobalTech,94080,USD,Bi-Weekly,5.2,2023-11-22,payroll,2446080.0
10352,GlobalTech,88607,USD,Annual,24.3,2024-10-22,payroll,88607.0
596,GlobalTech,"£118,508",GBP,Monthly,29.7,2024-07-20,payroll,1806061.92
2412,GlobalTech,115128,GBP,Annual,20.5,2023-09-19,payroll,146212.56
14773,GlobalTech,140422,USD,Monthly,12.8,2024-03-17,payroll,1685064.0
1023,GlobalTech,45922,GBP,Monthly,24.9,2024-05-17,payroll,699851.28
10684,GlobalTech,116924,USD,Bi-Weekly,4.6,2023-05-17,payroll,3040024.0
6284,GlobalTech,99957,USD,Bi-Weekly,21.4,2024-12-25,payroll,2598882.0
12329,GlobalTech,"£77,834",GBP,Annual,26.4,2023-05-30,payroll,98849.18000000001
1159,GlobalTech,60582,GBP,Annual,16.6,2024-04-06,payroll,76939.14
12309,GlobalTech,98752,EUR,Monthly,5.0,2023-03-08,payroll,1279825.9200000002
5695,GlobalTech,87107,USD,Bi-Weekly,0.7,2023-07-30,payroll,2264782.0
790,GlobalTech,102582,USD,Annual,20.9,2023-04-18,payroll,102582.0
14181,GlobalTech,117952,EUR,Bi-Weekly,2.7,2023-08-06,payroll,3312092.16
7400,GlobalTech,71959,USD,Monthly,20.6,2024-09-13,payroll,863508.0
5734,GlobalTech,"£47,028",GBP,Annual,0.5,2024-04-14,payroll,59725.56
13460,GlobalTech,"£112,561",GBP,Annual,11.2,2023-07-27,payroll,142952.47
12104,GlobalTech,111889,EUR,Bi-Weekly,9.9,2023-05-05,payroll,3141843.12
7380,GlobalTech,59702,USD,Monthly,2.2,2023-03-07,payroll,716424.0
11506,GlobalTech,113543,USD,Bi-Weekly,5.1,2023-08-21,payroll,2952118.0
10471,GlobalTech,100213,GBP,Bi-Weekly,19.8,2024-07-20,payroll,3309033.2600000002
482,GlobalTech,70883,EUR,Bi-Weekly,20.5,2024-05-30,payroll,1990394.6400000001
1112,GlobalTech,114358,USD,Annual,25.8,2023-10-22,payroll,114358.0
13734,GlobalTech,88374,GBP,Bi-Weekly,22.3,2023-06-20,payroll,2918109.48
4120,GlobalTech,131158,GBP,Bi-Weekly,16.5,2023-02-17,payroll,4330837.16
14996,GlobalTech,137991,USD,Monthly,5.1,2024-10-15,payroll,1655892.0
10936,GlobalTech,"$76,476",USD,Monthly,15.2,2024-12-06,payroll,917712.0
9345,GlobalTech,76828,EUR,Annual,20.7,2023-07-03,payroll,82974.24
7263,GlobalTech,149450,USD,Monthly,1.1,2024-11-22,payroll,1793400.0
8440,GlobalTech,69866,EUR,Monthly,11.0,2023-09-11,payroll,905463.3600000001
4121,GlobalTech,141318,USD,Monthly,7.3,2023-09-09,payroll,1695816.0
11830,GlobalTech,59083,GBP,Monthly,19.6,2023-06-12,payroll,900424.92
13266,GlobalTech,80451,GBP,Monthly,10.7,2023-12-02,payroll,1226073.24
10682,GlobalTech,"£64,512",GBP,Bi-Weekly,12.0,2023-10-29,payroll,2130186.24
12431,GlobalTech,141469,EUR,Annual,22.0,2023-02-12,payroll,152786.52000000002
9341,GlobalTech,105369,EUR,Bi-Weekly,20.4,2023-05-19,payroll,2958761.52
9829,GlobalTech,72600,GBP,Monthly,22.3,2023-09-21,payroll,1106424.0
4688,GlobalTech,"£125,534",GBP,Annual,15.3,2024-11-08,payroll,159428.18
10337,GlobalTech,72633,EUR,Bi-Weekly,0.8,2024-11-03,payroll,2039534.6400000001
8136,GlobalTech,62120,GBP,Monthly,3.0,2023-10-04,payroll,946708.8
6210,GlobalTech,140970,USD,Annual,23.7,2023-04-12,payroll,140970.0
5580,GlobalTech,138888,USD,Annual,8.7,2023-07-02,payroll,138888.0
5936,GlobalTech,"$61,012",USD,Bi-Weekly,1.2,2023-08-02,payroll,1586312.0
10491,GlobalTech,154380,GBP,Monthly,23.1,2024-06-23,payroll,2352751.2
14177,GlobalTech,234546,USD,Bi-Weekly,9.9,2023-09-03,payroll,6098196.0
13083,GlobalTech,78128,GBP,Bi-Weekly,9.7,2024-01-03,payroll,2579786.56
10830,GlobalTech,85029,GBP,Bi-Weekly,11.3,2024-07-01,payroll,2807657.58
5429,GlobalTech,83621,EUR,Bi-Weekly,16.2,2024-02-17,payroll,2348077.68
11872,GlobalTech,86819,GBP,Monthly,14.8,2023-03-06,payroll,1323121.56
12147,GlobalTech,107872,EUR,Bi-Weekly,4.2,2024-04-13,payroll,3029045.7600000002
11876,GlobalTech,146127,USD,Bi-Weekly,7.2,2024-07-24,payroll,3799302.0
14478,GlobalTech,131016,GBP,Bi-Weekly,9.8,2023-10-02,payroll,4326148.32
8958,GlobalTech,95607,GBP,Bi-Weekly,19.3,2023-11-19,payroll,3156943.14
12348,GlobalTech,50662,EUR,Monthly,9.6,2023-06-03,payroll,656579.52
10718,GlobalTech,113725,GBP,Bi-Weekly,4.3,2023-02-11,payroll,3755199.5
10129,GlobalTech,98344,EUR,Bi-Weekly,10.1,2024-12-15,payroll,2761499.52
5020,GlobalTech,112742,EUR,Bi-Weekly,0.5,2023-02-16,payroll,3165795.3600000003
14682,GlobalTech,118508,EUR,Annual,22.4,2023-05-13,payroll,127988.64000000001
3014,GlobalTech,96172,GBP,Bi-Weekly,9.2,2023-04-16,payroll,3175599.44
8242,GlobalTech,89457,USD,Bi-Weekly,5.4,2024-06-28,payroll,2325882.0
12438,GlobalTech,79764,GBP,Monthly,26.3,2023-03-28,payroll,1215603.36
14726,GlobalTech,61492,EUR,Bi-Weekly,10.0,2024-11-06,payroll,1726695.36
11594,GlobalTech,114798,GBP,Annual,26.4,2023-07-19,payroll,145793.46
5422,GlobalTech,55370,EUR,Annual,24.5,2024-06-03,payroll,59799.600000000006
11206,GlobalTech,87252,USD,Monthly,3.5,2023-02-01,payroll,1047024.0
3523,GlobalTech,90317,GBP,Monthly,11.0,2024-01-29,payroll,1376431.08
11656,GlobalTech,171158,GBP,Annual,12.4,2023-11-05,payroll,217370.66
11916,GlobalTech,213385,USD,Bi-Weekly,14.0,2023-11-28,payroll,5548010.0
7552,GlobalTech,117264,USD,Annual,18.9,2024-07-30,payroll,117264.0
11054,GlobalTech,49424,EUR,Annual,7.4,2024-12-23,payroll,53377.920000000006
5446,GlobalTech,98909,USD,Annual,0.0,2024-11-14,payroll,98909.0
8372,GlobalTech,95378,USD,Annual,5.8,2023-09-18,payroll,95378.0
7366,GlobalTech,220769,USD,Annual,23.8,2023-12-30,payroll,220769.0
3976,GlobalTech,89511,GBP,Annual,16.9,2024-07-03,payroll,113678.97
10898,GlobalTech,70677,EUR,Monthly,0.1,2024-03-04,payroll,915973.92
14932,GlobalTech,120939,EUR,Annual,21.9,2024-07-26,payroll,130614.12000000001
4876,GlobalTech,"£73,638",GBP,Annual,11.0,2023-04-11,payroll,93520.26
13800,GlobalTech,74388,USD,Bi-Weekly,9.1,2024-10-25,payroll,1934088.0
4112,GlobalTech,132846,EUR,Monthly,8.2,2024-03-09,payroll,1721684.1600000001
8842,GlobalTech,133965,USD,Bi-Weekly,7.4,2023-07-26,payroll,3483090.0
11174,GlobalTech,128742,EUR,Bi-Weekly,10.3,2023-01-26,payroll,3615075.3600000003
13372,GlobalTech,118715,USD,Annual,19.8,2024-09-24,payroll,118715.0
10875,GlobalTech,50274,USD,Monthly,22.9,2023-03-11,payroll,603288.0
11131,GlobalTech,59776,USD,Monthly,27.6,2024-05-30,payroll,717312.0
11812,GlobalTech,168372,USD,Annual,2.5,2023-03-07,payroll,168372.0
8638,GlobalTech,82827,GBP,Annual,28.0,2024-04-11,payroll,105190.29000000001
8584,GlobalTech,43691,GBP,Bi-Weekly,8.2,2024-12-12,payroll,1442676.82
8272,GlobalTech,94458,USD,Monthly,14.3,2024-10-27,payroll,1133496.0
13975,GlobalTech,63709,EUR,Bi-Weekly,2.0,2023-01-06,payroll,1788948.7200000002
14812,GlobalTech,88880,EUR,Monthly,13.3,2023-08-21,payroll,1151884.8
7704,GlobalTech,63611,USD,Bi-Weekly,19.1,2023-05-27,payroll,1653886.0
3019,GlobalTech,55351,USD,Bi-Weekly,28.4,2023-11-08,payroll,1439126.0
8575,GlobalTech,127148,USD,Bi-Weekly,8.0,2024-05-16,payroll,3305848.0
3438,GlobalTech,79298,GBP,Bi-Weekly,12.9,2024-12-26,payroll,2618419.96
1533,GlobalTech,131546,USD,Monthly,11.1,2024-07-14,payroll,1578552.0
2202,GlobalTech,92282,EUR,Monthly,0.5,2024-09-26,payroll,1195974.72
10596,GlobalTech,52896,GBP,Monthly,23.9,2023-10-26,payroll,806135.04
12029,GlobalTech,46322,GBP,Bi-Weekly,19.2,2024-12-18,payroll,1529552.44
6054,GlobalTech,113992,USD,Monthly,18.2,2024-09-16,payroll,1367904.0
11949,GlobalTech,76149,EUR,Annual,13.1,2023-01-28,payroll,82240.92
8176,GlobalTech,116547,EUR,Monthly,11.4,2023-01-11,payroll,1510449.12
12291,GlobalTech,59118,GBP,Annual,0.0,2024-05-02,payroll,75079.86
9401,GlobalTech,65178,EUR,Monthly,3.9,2023-06-22,payroll,844706.88
12255,GlobalTech,103165,GBP,Monthly,29.0,2023-07-04,payroll,1572234.6
2553,GlobalTech,52407,USD,Bi-Weekly,28.4,2024-06-09,payroll,1362582.0
9137,GlobalTech,58962,USD,Bi-Weekly,28.3,2023-07-29,payroll,1533012.0
13241,GlobalTech,"€82,207",EUR,Monthly,26.2,2023-09-22,payroll,1065402.72
4385,GlobalTech,60247,GBP,Annual,29.6,2024-07-03,payroll,76513.69
9206,GlobalTech,56296,USD,Monthly,1.8,2024-05-03,payroll,675552.0
13229,GlobalTech,116067,USD,Monthly,8.8,2023-04-09,payroll,1392804.0
10067,GlobalTech,76266,USD,Annual,14.3,2023-06-13,payroll,76266.0
9172,GlobalTech,119132,USD,Monthly,14.0,2024-03-15,payroll,1429584.0
8932,GlobalTech,149166,USD,Bi-Weekly,17.7,2023-07-26,payroll,3878316.0
14571,GlobalTech,74726,GBP,Bi-Weekly,21.3,2023-03-08,payroll,2467452.52
12925,GlobalTech,111955,EUR,Bi-Weekly,10.9,2023-10-02,payroll,3143696.4000000004
6160,GlobalTech,82056,GBP,Annual,28.2,2023-02-11,payroll,104211.12
10776,GlobalTech,91840,GBP,Monthly,19.7,2024-04-11,payroll,1399641.6
1017,GlobalTech,95652,GBP,Annual,10.2,2024-04-24,payroll,121478.04000000001
3406,GlobalTech,183715,EUR,Annual,2.6,2024-11-02,payroll,198412.2
6238,GlobalTech,114318,USD,Annual,29.6,2024-12-14,payroll,114318.0
2257,GlobalTech,144693,USD,Annual,20.3,2024-03-16,payroll,144693.0
12223,GlobalTech,56898,GBP,Monthly,20.3,2024-03-28,payroll,867125.52
7007,GlobalTech,68160,EUR,Annual,21.8,2024-09-02,payroll,73612.8
10796,GlobalTech,79142,USD,Annual,18.5,2024-10-28,payroll,79142.0
14727,GlobalTech,148271,GBP,Annual,13.1,2023-01-29,payroll,188304.17
6598,GlobalTech,81997,EUR,Annual,0.3,2023-11-18,payroll,88556.76000000001
13611,GlobalTech,47759,GBP,Monthly,16.5,2023-11-02,payroll,727847.16
11698,GlobalTech,109732,EUR,Annual,11.9,2024-06-28,payroll,118510.56000000001
4508,GlobalTech,113250,USD,Monthly,14.7,2023-01-07,payroll,1359000.0
10208,GlobalTech,"€58,058",EUR,Monthly,5.0,2024-10-10,payroll,752431.68
8792,GlobalTech,77679,USD,Annual,19.1,2023-11-24,payroll,77679.0
6146,GlobalTech,67227,USD,Bi-Weekly,18.1,2023-05-11,payroll,1747902.0
8638,GlobalTech,58416,EUR,Annual,10.1,2024-03-18,payroll,63089.280000000006
9603,GlobalTech,118993,EUR,Annual,19.5,2023-06-25,payroll,128512.44
5943,GlobalTech,73761,EUR,Annual,5.6,2023-02-22,payroll,79661.88
5564,GlobalTech,92261,EUR,Annual,5.8,2024-08-19,payroll,99641.88
14376,GlobalTech,103206,USD,Monthly,18.6,2023-04-26,payroll,1238472.0
14394,GlobalTech,51420,GBP,Bi-Weekly,16.9,2024-12-09,payroll,1697888.4000000001
12351,GlobalTech,85128,EUR,Monthly,16.8,2023-04-07,payroll,1103258.8800000001
14096,GlobalTech,"$128,368",USD,Monthly,28.2,2024-09-28,payroll,1540416.0
2231,GlobalTech,125624,EUR,Bi-Weekly,23.1,2024-06-03,payroll,3527521.9200000004
14192,GlobalTech,102766,EUR,Annual,22.5,2024-09-30,payroll,110987.28000000001
4616,GlobalTech,118675,GBP,Annual,0.5,2024-07-12,payroll,150717.25
9455,GlobalTech,77218,GBP,Monthly,7.1,2024-05-24,payroll,1176802.32
10104,GlobalTech,115130,GBP,Annual,28.8,2023-06-09,payroll,146215.1
10643,GlobalTech,123879,EUR,Annual,2.9,2023-03-25,payroll,133789.32
11686,GlobalTech,92492,USD,Annual,5.0,2023-06-19,payroll,92492.0
10428,GlobalTech,102097,EUR,Annual,11.9,2024-09-27,payroll,110264.76000000001
14287,GlobalTech,83012,EUR,Bi-Weekly,27.3,2024-02-04,payroll,2330976.96
2144,GlobalTech,51258,USD,Bi-Weekly,4.5,2023-09-30,payroll,1332708.0
11104,GlobalTech,103914,GBP,Bi-Weekly,22.7,2023-06-18,payroll,3431240.2800000003
13495,GlobalTech,86211,USD,Monthly,12.1,2024-12-24,payroll,1034532.0
13114,GlobalTech,51040,GBP,Monthly,22.0,2023-06-01,payroll,777849.6
8684,GlobalTech,148151,EUR,Annual,11.4,2024-04-24,payroll,160003.08000000002
13438,GlobalTech,50292,USD,Monthly,25.9,2024-09-02,payroll,603504.0
14428,GlobalTech,73295,EUR,Bi-Weekly,22.3,2023-12-07,payroll,2058123.6
8537,GlobalTech,47622,EUR,Annual,24.1,2023-10-09,payroll,51431.76
7517,GlobalTech,89664,GBP,Annual,24.6,2024-11-11,payroll,113873.28
10390,GlobalTech,59171,USD,Annual,15.8,2023-07-23,payroll,59171.0
8533,GlobalTech,75854,USD,Monthly,24.2,2024-02-07,payroll,910248.0
5347,GlobalTech,140601,EUR,Monthly,21.9,2024-06-26,payroll,1822188.9600000002
8632,GlobalTech,111388,GBP,Monthly,13.5,2024-02-12,payroll,1697553.12
3950,GlobalTech,69067,GBP,Annual,29.5,2023-04-19,payroll,87715.09
8271,GlobalTech,143631,USD,Annual,15.9,2024-10-10,payroll,143631.0
11099,GlobalTech,89051,USD,Annual,13.2,2024-10-17,payroll,89051.0
5199,GlobalTech,137083,EUR,Bi-Weekly,29.8,2024-01-07,payroll,3849290.64
14042,GlobalTech,54499,EUR,Bi-Weekly,5.6,2024-06-29,payroll,1530331.9200000002
8053,GlobalTech,68514,GBP,Monthly,7.2,2024-11-14,payroll,1044153.36
7078,GlobalTech,101025,GBP,Monthly,13.9,2024-09-22,payroll,1539621.0
12942,GlobalTech,40949,GBP,Annual,13.2,2023-04-08,payroll,52005.23
6715,GlobalTech,94723,USD,Bi-Weekly,17.1,2023-11-04,payroll,2462798.0
7544,GlobalTech,107825,USD,Monthly,26.9,2024-06-19,payroll,1293900.0
13616,GlobalTech,96921,EUR,Bi-Weekly,22.8,2024-07-03,payroll,2721541.68
12830,GlobalTech,93680,EUR,Annual,9.6,2023-04-02,payroll,101174.40000000001
12753,GlobalTech,92738,USD,Monthly,10.9,2023-07-25,payroll,1112856.0
8788,GlobalTech,92966,GBP,Monthly,0.1,2023-07-30,payroll,1416801.84
9076,GlobalTech,127849,USD,Annual,16.5,2023-12-17,payroll,127849.0
7862,GlobalTech,"£60,753",GBP,Monthly,1.2,2023-06-20,payroll,925875.72
12569,GlobalTech,123188,USD,Monthly,22.8,2024-10-11,payroll,1478256.0
1820,GlobalTech,60836,EUR,Bi-Weekly,10.4,2023-02-22,payroll,1708274.8800000001
6596,GlobalTech,62094,USD,Bi-Weekly,6.6,2024-06-26,payroll,1614444.0
7688,GlobalTech,"£81,532",GBP,Monthly,6.6,2023-05-26,payroll,1242547.68
12567,GlobalTech,112690,EUR,Monthly,12.2,2024-12-25,payroll,1460462.4000000001
14244,GlobalTech,102231,GBP,Monthly,6.2,2023-02-05,payroll,1558000.44
4588,GlobalTech,100631,USD,Bi-Weekly,7.7,2023-03-19,payroll,2616406.0
10913,GlobalTech,136469,GBP,Annual,23.7,2023-06-30,payroll,173315.63
9993,GlobalTech,80117,GBP,Annual,23.2,2024-02-10,payroll,101748.59
10572,GlobalTech,54443,GBP,Annual,1.8,2023-06-23,payroll,69142.61
14027,GlobalTech,113626,GBP,Annual,12.3,2024-06-07,payroll,144305.02
12713,GlobalTech,108755,EUR,Annual,7.1,2024-02-15,payroll,117455.40000000001
10862,GlobalTech,60628,EUR,Annual,27.5,2024-11-16,payroll,65478.240000000005
4396,GlobalTech,"$90,276",USD,Monthly,28.1,2024-06-07,payroll,1083312.0
8592,GlobalTech,128026,USD,Bi-Weekly,4.0,2024-03-21,payroll,3328676.0
11688,GlobalTech,97360,USD,Annual,23.9,2023-11-07,payroll,97360.0
14539,GlobalTech,132145,USD,Bi-Weekly,24.4,2024-12-09,payroll,3435770.0
8253,GlobalTech,97756,EUR,Bi-Weekly,19.2,2023-07-18,payroll,2744988.48
14862,GlobalTech,130565,EUR,Bi-Weekly,18.1,2023-05-21,payroll,3666265.2
3594,GlobalTech,123422,EUR,Bi-Weekly,18.9,2024-09-11,payroll,3465689.7600000002
8035,GlobalTech,55664,GBP,Annual,21.7,2023-10-05,payroll,70693.28
11242,GlobalTech,168537,EUR,Monthly,3.7,2024-05-02,payroll,2184239.52
14638,GlobalTech,140449,USD,Monthly,8.5,2024-07-06,payroll,1685388.0
14806,GlobalTech,95139,EUR,Annual,25.2,2023-04-11,payroll,102750.12000000001
3324,GlobalTech,95429,EUR,Bi-Weekly,5.0,2023-05-22,payroll,2679646.3200000003
7627,GlobalTech,141334,USD,Monthly,4.3,2023-05-30,payroll,1696008.0
2493,GlobalTech,72729,EUR,Monthly,10.6,2023-03-03,payroll,942567.8400000001
7045,GlobalTech,134174,EUR,Monthly,29.7,2023-01-30,payroll,1738895.04
8686,GlobalTech,85549,USD,Monthly,18.0,2023-04-17,payroll,1026588.0
13641,GlobalTech,106587,EUR,Annual,19.9,2024-06-17,payroll,115113.96
6227,GlobalTech,95445,GBP,Monthly,13.1,2023-12-05,payroll,1454581.8
4198,GlobalTech,57117,GBP,Monthly,21.5,2023-07-22,payroll,870463.08
13807,GlobalTech,136212,GBP,Bi-Weekly,25.0,2024-10-12,payroll,4497720.24
13248,GlobalTech,105799,USD,Annual,4.7,2023-09-05,payroll,105799.0
13897,GlobalTech,109393,USD,Monthly,28.9,2024-02-13,payroll,1312716.0
11492,GlobalTech,"£95,446",GBP,Monthly,28.9,2024-04-25,payroll,1454597.04
14635,GlobalTech,97316,USD,Bi-Weekly,2.6,2023-09-27,payroll,2530216.0
13919,GlobalTech,75963,USD,Annual,7.7,2023-09-09,payroll,75963.0
2598,GlobalTech,57380,GBP,Bi-Weekly,24.2,2024-12-01,payroll,1894687.6
2110,GlobalTech,106550,GBP,Monthly,15.0,2024-01-18,payroll,1623822.0
7188,GlobalTech,53353,USD,Monthly,26.5,2023-06-13,payroll,640236.0
10078,GlobalTech,80592,EUR,Bi-Weekly,17.3,2023-07-21,payroll,2263023.3600000003
13472,GlobalTech,70186,GBP,Monthly,17.7,2023-12-26,payroll,1069634.6400000001
14936,GlobalTech,75287,USD,Bi-Weekly,16.2,2023-03-02,payroll,1957462.0
12650,GlobalTech,72552,USD,Monthly,5.0,2023-03-18,payroll,870624.0
13750,GlobalTech,46540,EUR,Bi-Weekly,15.7,2024-04-07,payroll,1306843.2000000002
5417,GlobalTech,117126,USD,Bi-Weekly,11.6,2023-08-22,payroll,3045276.0
12580,GlobalTech,90396,USD,Annual,8.4,2024-10-20,payroll,90396.0
11055,GlobalTech,120280,EUR,Annual,26.7,2023-03-06,payroll,129902.40000000001
2385,GlobalTech,72876,USD,Bi-Weekly,8.7,2023-02-10,payroll,1894776.0
9134,GlobalTech,122652,EUR,Monthly,24.1,2023-07-15,payroll,1589569.9200000002
4689,GlobalTech,114043,EUR,Annual,26.4,2024-02-02,payroll,123166.44
8388,GlobalTech,107574,GBP,Bi-Weekly,16.2,2023-07-30,payroll,3552093.48
13000,GlobalTech,87114,EUR,Bi-Weekly,3.9,2023-07-24,payroll,2446161.12
11942,GlobalTech,81459,GBP,Monthly,21.0,2024-03-28,payroll,1241435.16
9902,GlobalTech,74008,GBP,Annual,25.6,2023-06-12,payroll,93990.16
13626,GlobalTech,91363,EUR,Annual,6.6,2023-04-20,payroll,98672.04000000001
11984,GlobalTech,78281,GBP,Monthly,19.0,2023-08-30,payroll,1193002.44
7431,GlobalTech,83392,GBP,Bi-Weekly,15.0,2024-08-11,payroll,2753603.84
7853,GlobalTech,93656,EUR,Monthly,7.9,2023-08-09,payroll,1213781.76
10572,GlobalTech,56473,GBP,Monthly,5.8,2023-12-31,payroll,860648.52
10520,GlobalTech,110974,EUR,Monthly,9.4,2024-02-04,payroll,1438223.04
3308,GlobalTech,70232,EUR,Monthly,0.4,2023-05-02,payroll,910206.7200000001
11165,GlobalTech,58163,GBP,Monthly,27.3,2023-10-03,payroll,886404.12
2341,GlobalTech,114866,EUR,Monthly,13.2,2024-08-11,payroll,1488663.36
4739,GlobalTech,97644,GBP,Annual,1.5,2024-06-10,payroll,124007.88
3749,GlobalTech,133219,EUR,Monthly,3.7,2024-02-23,payroll,1726518.2400000002
11076,GlobalTech,144769,USD,Bi-Weekly,15.2,2023-08-14,payroll,3763994.0
1487,GlobalTech,53814,USD,Annual,19.3,2024-12-27,payroll,53814.0
10017,GlobalTech,90845,EUR,Bi-Weekly,1.4,2023-11-22,payroll,2550927.6
13723,GlobalTech,50933,EUR,Monthly,5.0,2023-11-05,payroll,660091.68
4152,GlobalTech,76839,GBP,Monthly,9.0,2023-11-24,payroll,1171026.36
9797,GlobalTech,82172,EUR,Annual,5.1,2023-07-17,payroll,88745.76000000001
2812,GlobalTech,128459,EUR,Bi-Weekly,3.1,2024-09-06,payroll,3607128.72
11789,GlobalTech,103107,EUR,Bi-Weekly,5.2,2024-12-14,payroll,2895244.56
6559,GlobalTech,126469,EUR,Monthly,24.8,2024-06-25,payroll,1639038.2400000002
10753,GlobalTech,123465,EUR,Bi-Weekly,27.2,2024-12-27,payroll,3466897.2
1436,GlobalTech,133641,EUR,Monthly,18.2,2024-04-16,payroll,1731987.36
5389,GlobalTech,77950,USD,Monthly,29.2,2023-10-18,payroll,935400.0
6137,GlobalTech,159008,EUR,Bi-Weekly,3.4,2023-04-03,payroll,4464944.640000001
6653,GlobalTech,73652,USD,Bi-Weekly,5.3,2023-12-27,payroll,1914952.0
10406,GlobalTech,57814,USD,Monthly,2.9,2023-03-20,payroll,693768.0
5414,GlobalTech,67423,USD,Monthly,3.6,2023-06-09,payroll,809076.0
11751,GlobalTech,52207,EUR,Bi-Weekly,25.0,2024-12-27,payroll,1465972.56
8130,GlobalTech,51095,USD,Monthly,19.3,2023-03-18,payroll,613140.0
12292,GlobalTech,62536,USD,Monthly,22.8,2023-05-17,payroll,750432.0
11683,GlobalTech,111331,EUR,Annual,7.8,2023-03-22,payroll,120237.48000000001
13561,GlobalTech,109462,EUR,Annual,12.1,2024-08-22,payroll,118218.96
8632,GlobalTech,172032,GBP,Monthly,0.0,2024-01-20,payroll,2621767.68
4207,GlobalTech,139248,USD,Monthly,23.4,2024-06-25,payroll,1670976.0
3114,GlobalTech,86436,USD,Bi-Weekly,28.4,2024-10-06,payroll,2247336.0
11715,GlobalTech,123475,USD,Bi-Weekly,2.7,2024-04-27,payroll,3210350.0
3934,GlobalTech,120146,USD,Monthly,12.6,2023-11-30,payroll,1441752.0
7950,GlobalTech,84705,GBP,Annual,17.0,2023-07-09,payroll,107575.35
14706,GlobalTech,72530,EUR,Annual,2.7,2024-07-03,payroll,78332.40000000001
8244,GlobalTech,67206,EUR,Annual,20.0,2024-05-12,payroll,72582.48000000001
9246,GlobalTech,76361,GBP,Monthly,10.5,2024-12-23,payroll,1163741.6400000001
11683,GlobalTech,103771,USD,Bi-Weekly,19.4,2024-02-11,payroll,2698046.0
3496,GlobalTech,118680,USD,Annual,7.2,2024-10-23,payroll,118680.0
1416,GlobalTech,51623,EUR,Monthly,21.6,2024-08-21,payroll,669034.0800000001
14673,GlobalTech,40715,GBP,Monthly,15.7,2023-04-09,payroll,620496.6
14543,GlobalTech,46493,EUR,Monthly,10.3,2024-07-19,payroll,602549.28
565,GlobalTech,40241,GBP,Annual,22.7,2024-06-16,payroll,51106.07
14449,GlobalTech,100814,EUR,Annual,20.7,2024-08-28,payroll,108879.12000000001
5823,GlobalTech,69407,EUR,Monthly,17.4,2023-04-22,payroll,899514.7200000001
14573,GlobalTech,46943,GBP,Annual,10.0,2023-10-12,payroll,59617.61
13057,GlobalTech,"€132,197",EUR,Bi-Weekly,23.7,2024-01-17,payroll,3712091.7600000002
5407,GlobalTech,"$91,176",USD,Bi-Weekly,1.3,2023-06-24,payroll,2370576.0
14955,GlobalTech,67629,GBP,Annual,14.3,2024-02-27,payroll,85888.83
14822,GlobalTech,84305,GBP,Bi-Weekly,30.0,2023-11-10,payroll,2783751.1
13212,GlobalTech,55480,GBP,Bi-Weekly,21.2,2023-07-15,payroll,1831949.6
1621,GlobalTech,85107,EUR,Annual,14.7,2023-11-22,payroll,91915.56000000001
8232,GlobalTech,123182,EUR,Bi-Weekly,21.4,2023-08-27,payroll,3458950.56
6575,GlobalTech,67786,EUR,Monthly,1.7,2023-11-06,payroll,878506.56
4686,GlobalTech,115820,USD,Monthly,13.0,2024-04-26,payroll,1389840.0
6571,GlobalTech,115460,GBP,Monthly,27.1,2023-12-17,payroll,1759610.4000000001
7464,GlobalTech,65370,EUR,Monthly,25.2,2023-11-21,payroll,847195.2000000001
4712,GlobalTech,76105,GBP,Bi-Weekly,19.6,2024-04-15,payroll,2512987.1
12684,GlobalTech,105890,EUR,Annual,14.8,2024-06-18,payroll,114361.20000000001
10605,GlobalTech,118068,GBP,Bi-Weekly,6.5,2024-01-24,payroll,3898605.36
12637,GlobalTech,124565,EUR,Monthly,1.8,2024-12-30,payroll,1614362.4000000001
14985,GlobalTech,94628,EUR,Monthly,23.8,2023-01-08,payroll,1226378.8800000001
11893,GlobalTech,118836,USD,Monthly,20.2,2024-02-16,payroll,1426032.0
1833,GlobalTech,76109,USD,Annual,21.1,2023-03-17,payroll,76109.0
5141,GlobalTech,53244,USD,Monthly,14.5,2024-04-28,payroll,638928.0
13084,GlobalTech,"€174,649",EUR,Bi-Weekly,16.5,2023-11-11,payroll,4904143.92
10553,GlobalTech,"$75,531",USD,Bi-Weekly,20.6,2024-01-31,payroll,1963806.0
14903,GlobalTech,139392,USD,Bi-Weekly,6.4,2023-06-23,payroll,3624192.0
14840,GlobalTech,73738,USD,Monthly,6.7,2024-03-02,payroll,884856.0
4870,GlobalTech,75294,EUR,Bi-Weekly,21.2,2023-08-14,payroll,2114255.52
10101,GlobalTech,65442,GBP,Bi-Weekly,16.9,2023-04-03,payroll,2160894.84
9705,GlobalTech,96848,USD,Annual,23.3,2024-07-03,payroll,96848.0
11964,GlobalTech,88747,GBP,Bi-Weekly,23.3,2024-01-14,payroll,2930425.94
5517,GlobalTech,137546,GBP,Bi-Weekly,7.6,2023-06-17,payroll,4541768.92
11909,GlobalTech,96588,EUR,Bi-Weekly,15.3,2023-04-27,payroll,2712191.04
3544,GlobalTech,93150,EUR,Monthly,11.5,2024-11-15,payroll,1207224.0
6217,GlobalTech,128443,EUR,Bi-Weekly,2.6,2023-04-02,payroll,3606679.4400000004
13671,GlobalTech,82704,GBP,Monthly,17.8,2024-01-09,payroll,1260408.96
3394,GlobalTech,110606,EUR,Bi-Weekly,14.9,2023-05-20,payroll,3105816.48
3758,GlobalTech,122833,GBP,Bi-Weekly,13.6,2024-05-21,payroll,4055945.66
14862,GlobalTech,111904,USD,Monthly,19.8,2023-01-02,payroll,1342848.0
13817,GlobalTech,54860,USD,Annual,23.0,2024-04-24,payroll,54860.0
1823,GlobalTech,161154,USD,Monthly,6.7,2024-09-14,payroll,1933848.0
13698,GlobalTech,69676,USD,Monthly,13.8,2024-11-11,payroll,836112.0
9619,GlobalTech,93046,GBP,Annual,11.9,2023-01-28,payroll,118168.42
8783,GlobalTech,94381,EUR,Bi-Weekly,19.0,2023-01-11,payroll,2650218.48
4752,GlobalTech,111615,USD,Bi-Weekly,9.8,2023-10-25,payroll,2901990.0
10482,GlobalTech,58855,GBP,Bi-Weekly,10.3,2024-08-26,payroll,1943392.1
5438,GlobalTech,95953,USD,Annual,2.3,2024-01-05,payroll,95953.0
13438,GlobalTech,164302,USD,Monthly,7.4,2024-04-30,payroll,1971624.0
10728,GlobalTech,49655,EUR,Monthly,17.1,2024-12-16,payroll,643528.8
14668,GlobalTech,71243,EUR,Monthly,9.0,2024-12-16,payroll,923309.28
13304,GlobalTech,151195,USD,Bi-Weekly,20.8,2023-05-31,payroll,3931070.0
7291,GlobalTech,74992,GBP,Monthly,15.9,2024-01-26,payroll,1142878.08
3814,GlobalTech,119152,GBP,Annual,8.7,2023-03-09,payroll,151323.04
10127,GlobalTech,102504,GBP,Bi-Weekly,16.6,2023-07-09,payroll,3384682.08
7541,GlobalTech,98135,EUR,Bi-Weekly,6.2,2024-04-23,payroll,2755630.8000000003
9620,GlobalTech,102800,USD,Bi-Weekly,22.3,2024-04-08,payroll,2672800.0
7686,GlobalTech,139954,USD,Annual,15.1,2024-06-22,payroll,139954.0
4806,GlobalTech,"$104,580",USD,Monthly,4.6,2024-03-15,payroll,1254960.0
5950,GlobalTech,88795,EUR,Bi-Weekly,27.5,2023-04-02,payroll,2493363.6
9938,GlobalTech,60052,GBP,Bi-Weekly,14.6,2024-02-23,payroll,1982917.04
14158,GlobalTech,104564,EUR,Annual,20.1,2023-09-23,payroll,112929.12000000001
6970,GlobalTech,115047,GBP,Bi-Weekly,24.5,2024-01-15,payroll,3798851.94
4273,GlobalTech,105620,GBP,Monthly,1.0,2024-07-20,payroll,1609648.8
12084,GlobalTech,"£92,276",GBP,Annual,13.6,2024-02-17,payroll,117190.52
1949,GlobalTech,107427,GBP,Bi-Weekly,24.8,2024-03-09,payroll,3547239.54
9592,GlobalTech,113263,GBP,Bi-Weekly,9.8,2023-10-07,payroll,3739944.2600000002
2357,GlobalTech,101407,USD,Monthly,14.5,2024-03-08,payroll,1216884.0
8558,GlobalTech,112300,GBP,Monthly,25.4,2023-03-09,payroll,1711452.0
11164,GlobalTech,60830,GBP,Bi-Weekly,7.1,2024-07-25,payroll,2008606.6
11061,GlobalTech,95782,USD,Annual,13.3,2023-04-14,payroll,95782.0
10998,GlobalTech,149108,USD,Monthly,7.4,2023-10-08,payroll,1789296.0
7969,GlobalTech,120975,USD,Annual,3.5,2024-02-20,payroll,120975.0
7761,GlobalTech,95177,GBP,Annual,24.1,2023-01-03,payroll,120874.79000000001
6895,GlobalTech,53110,USD,Bi-Weekly,5.1,2023-12-20,payroll,1380860.0
11258,GlobalTech,43650,GBP,Monthly,22.0,2023-03-23,payroll,665226.0
9677,GlobalTech,105589,GBP,Bi-Weekly,12.0,2023-03-11,payroll,3486548.7800000003
6703,GlobalTech,165674,USD,Annual,21.2,2024-11-21,payroll,165674.0
11461,GlobalTech,101900,GBP,Annual,21.9,2024-07-15,payroll,129413.0
14849,GlobalTech,97431,GBP,Bi-Weekly,25.7,2024-04-08,payroll,3217171.62
4393,GlobalTech,139259,GBP,Annual,24.7,2024-10-14,payroll,176858.93
12860,GlobalTech,85214,EUR,Monthly,29.6,2024-05-13,payroll,1104373.4400000002
4087,GlobalTech,53481,GBP,Annual,9.5,2024-05-19,payroll,67920.87
13321,GlobalTech,82221,EUR,Annual,18.2,2024-03-30,payroll,88798.68000000001
13154,GlobalTech,190335,GBP,Annual,14.7,2023-05-31,payroll,241725.45
12680,GlobalTech,117859,USD,Bi-Weekly,19.0,2024-05-09,payroll,3064334.0
2901,GlobalTech,128202,EUR,Monthly,29.6,2023-10-16,payroll,1661497.9200000002
13392,GlobalTech,83011,USD,Bi-Weekly,26.2,2024-04-10,payroll,2158286.0
11443,GlobalTech,172933,USD,Annual,6.0,2023-05-18,payroll,172933.0
1725,GlobalTech,139605,GBP,Monthly,18.3,2023-05-25,payroll,2127580.2
11820,GlobalTech,74812,EUR,Monthly,5.5,2023-08-01,payroll,969563.52
6275,GlobalTech,58585,EUR,Monthly,24.4,2023-07-10,payroll,759261.6000000001
7390,GlobalTech,105503,USD,Monthly,24.7,2024-05-31,payroll,1266036.0
10982,GlobalTech,89137,GBP,Annual,21.4,2023-09-21,payroll,113203.99
12347,GlobalTech,60153,EUR,Monthly,12.3,2023-01-05,payroll,779582.88
5507,GlobalTech,125957,EUR,Bi-Weekly,16.8,2024-05-15,payroll,3536872.56
3426,GlobalTech,116308,USD,Bi-Weekly,10.6,2024-08-08,payroll,3024008.0
10269,GlobalTech,125486,USD,Annual,28.7,2023-04-27,payroll,125486.0
5778,GlobalTech,234129,USD,Annual,9.7,2024-04-05,payroll,234129.0
12681,GlobalTech,110880,EUR,Bi-Weekly,2.2,2024-08-01,payroll,3113510.4000000004
6239,GlobalTech,112795,USD,Monthly,20.2,2023-05-16,payroll,1353540.0
9546,GlobalTech,102686,EUR,Bi-Weekly,3.0,2023-11-21,payroll,2883422.8800000004
14329,GlobalTech,141337,USD,Monthly,4.3,2024-05-19,payroll,1696044.0
12173,GlobalTech,123307,EUR,Monthly,3.9,2023-12-12,payroll,1598058.7200000002
11106,GlobalTech,78257,EUR,Bi-Weekly,15.5,2023-02-16,payroll,2197456.56
14548,GlobalTech,176076,EUR,Annual,12.8,2024-12-17,payroll,190162.08000000002
11677,GlobalTech,175229,EUR,Monthly,27.7,2023-02-14,payroll,2270967.8400000003
7530,GlobalTech,73315,USD,Bi-Weekly,23.8,2024-10-24,payroll,1906190.0
12582,GlobalTech,94355,USD,Bi-Weekly,29.2,2024-09-14,payroll,2453230.0
10774,GlobalTech,66523,GBP,Annual,24.8,2024-02-07,payroll,84484.21
12396,GlobalTech,58578,USD,Bi-Weekly,14.4,2024-05-10,payroll,1523028.0
11099,GlobalTech,48556,EUR,Bi-Weekly,3.7,2024-10-13,payroll,1363452.48
5870,GlobalTech,99032,GBP,Monthly,24.5,2024-03-19,payroll,1509247.68
9995,GlobalTech,70800,GBP,Annual,20.0,2023-07-01,payroll,89916.0
6114,GlobalTech,40868,GBP,Annual,28.9,2023-12-13,payroll,51902.36
3271,GlobalTech,103486,EUR,Annual,22.6,2024-12-23,payroll,111764.88
4153,GlobalTech,103514,GBP,Annual,12.1,2023-01-22,payroll,131462.78
10503,GlobalTech,75704,USD,Monthly,14.0,2023-03-09,payroll,908448.0
8869,GlobalTech,52072,EUR,Bi-Weekly,11.8,2023-04-11,payroll,1462181.76
9685,GlobalTech,128246,USD,Monthly,5.8,2023-04-11,payroll,1538952.0
7710,GlobalTech,111325,USD,Annual,0.9,2023-12-20,payroll,111325.0
13574,GlobalTech,96774,USD,Monthly,12.8,2023-11-15,payroll,1161288.0
8100,GlobalTech,76600,GBP,Annual,15.1,2023-11-17,payroll,97282.0
10604,GlobalTech,116459,USD,Annual,17.7,2024-02-07,payroll,116459.0
13003,GlobalTech,143223,USD,Annual,28.9,2023-01-10,payroll,143223.0
12692,GlobalTech,"$121,945",USD,Monthly,5.4,2024-09-18,payroll,1463340.0
6770,GlobalTech,94723,EUR,Bi-Weekly,7.6,2024-08-16,payroll,2659821.8400000003
1658,GlobalTech,72507,EUR,Annual,29.0,2024-05-17,payroll,78307.56000000001
7249,GlobalTech,140316,USD,Annual,10.9,2024-11-30,payroll,140316.0
8436,GlobalTech,94924,GBP,Monthly,16.0,2024-09-18,payroll,1446641.76
2740,GlobalTech,75732,GBP,Annual,13.4,2024-04-21,payroll,96179.64
7345,GlobalTech,42111,GBP,Bi-Weekly,17.5,2024-04-29,payroll,1390505.22
1423,GlobalTech,128868,USD,Bi-Weekly,21.7,2024-03-28,payroll,3350568.0
5106,GlobalTech,102339,USD,Annual,3.4,2024-03-21,payroll,102339.0
11839,GlobalTech,"$52,351",USD,Bi-Weekly,13.1,2023-03-05,payroll,1361126.0
12542,GlobalTech,178558,USD,Annual,16.5,2023-12-08,payroll,178558.0
8285,GlobalTech,118408,USD,Monthly,20.0,2023-09-28,payroll,1420896.0
13420,GlobalTech,75066,USD,Bi-Weekly,20.6,2023-01-13,payroll,1951716.0
5953,GlobalTech,116069,USD,Monthly,3.8,2023-10-06,payroll,1392828.0
13788,GlobalTech,152593,GBP,Bi-Weekly,12.6,2023-03-29,payroll,5038620.86
1560,GlobalTech,82322,GBP,Annual,25.1,2024-08-11,payroll,104548.94
14295,GlobalTech,91832,EUR,Annual,30.0,2024-01-18,payroll,99178.56000000001
1714,GlobalTech,121356,EUR,Bi-Weekly,4.2,2023-07-25,payroll,3407676.4800000004
11126,GlobalTech,123135,GBP,Monthly,6.7,2024-03-23,payroll,1876577.4000000001
3761,GlobalTech,50145,GBP,Bi-Weekly,8.4,2024-12-06,payroll,1655787.9
10899,GlobalTech,65833,EUR,Bi-Weekly,9.9,2023-05-22,payroll,1848590.6400000001
13547,GlobalTech,128208,EUR,Monthly,0.2,2024-08-25,payroll,1661575.6800000002
6247,GlobalTech,134202,GBP,Bi-Weekly,3.9,2024-03-19,payroll,4431350.04
12792,GlobalTech,65591,EUR,Bi-Weekly,4.1,2024-12-18,payroll,1841795.28
12300,GlobalTech,88997,EUR,Bi-Weekly,10.4,2024-11-09,payroll,2499035.7600000002
11107,GlobalTech,96095,EUR,Monthly,1.9,2023-11-17,payroll,1245391.2000000002
10956,GlobalTech,68449,USD,Annual,7.5,2023-10-30,payroll,68449.0
7203,GlobalTech,193567,USD,Annual,10.1,2024-04-22,payroll,193567.0
13588,GlobalTech,84588,USD,Annual,6.4,2024-05-29,payroll,84588.0
8867,GlobalTech,66852,GBP,Annual,3.3,2024-07-28,payroll,84902.04000000001
11975,GlobalTech,58654,EUR,Annual,17.5,2024-08-28,payroll,63346.32000000001
13553,GlobalTech,143453,EUR,Bi-Weekly,7.6,2024-10-15,payroll,4028160.24
12148,GlobalTech,66798,USD,Annual,0.0,2024-07-10,payroll,66798.0
14360,GlobalTech,70852,GBP,Annual,5.1,2023-06-12,payroll,89982.04000000001
1999,GlobalTech,52660,GBP,Bi-Weekly,16.5,2023-11-22,payroll,1738833.2
11932,GlobalTech,53394,GBP,Annual,17.4,2024-02-05,payroll,67810.38
8280,GlobalTech,93687,EUR,Bi-Weekly,1.0,2023-10-25,payroll,2630730.96
11697,GlobalTech,"£56,624",GBP,Annual,3.1,2024-08-19,payroll,71912.48
11235,GlobalTech,91173,GBP,Monthly,27.6,2024-08-02,payroll,1389476.52
7007,GlobalTech,65381,GBP,Bi-Weekly,3.3,2024-02-01,payroll,2158880.62
9524,GlobalTech,73249,USD,Monthly,6.0,2024-06-04,payroll,878988.0
4254,GlobalTech,88252,GBP,Bi-Weekly,2.4,2023-04-24,payroll,2914081.04
11035,GlobalTech,134238,GBP,Annual,25.7,2024-03-15,payroll,170482.26
2808,GlobalTech,98127,EUR,Bi-Weekly,22.4,2023-07-22,payroll,2755406.16
10858,GlobalTech,51742,GBP,Bi-Weekly,0.9,2023-03-08,payroll,1708520.84
14540,GlobalTech,51444,GBP,Bi-Weekly,14.9,2023-03-18,payroll,1698680.8800000001
11476,GlobalTech,105838,EUR,Annual,2.8,2024-06-26,payroll,114305.04000000001
3825,GlobalTech,72231,EUR,Annual,29.2,2024-08-06,payroll,78009.48000000001
12478,GlobalTech,68062,GBP,Monthly,13.4,2023-12-26,payroll,1037264.88
9679,GlobalTech,128760,EUR,Bi-Weekly,23.2,2024-02-23,payroll,3615580.8000000003
12072,GlobalTech,47475,EUR,Bi-Weekly,22.0,2024-02-27,payroll,1333098.0
5850,GlobalTech,106885,USD,Bi-Weekly,20.2,2023-02-09,payroll,2779010.0
10115,GlobalTech,70930,USD,Annual,0.4,2023-05-27,payroll,70930.0
9485,GlobalTech,80148,GBP,Bi-Weekly,1.1,2024-01-26,payroll,2646486.96
11151,GlobalTech,62028,GBP,Annual,13.0,2023-01-17,payroll,78775.56
13235,GlobalTech,58236,EUR,Annual,5.1,2023-08-29,payroll,62894.880000000005
13815,GlobalTech,93727,USD,Annual,15.0,2024-03-18,payroll,93727.0
4495,GlobalTech,109072,EUR,Monthly,7.5,2024-04-07,payroll,1413573.12
5485,GlobalTech,101028,EUR,Bi-Weekly,1.7,2023-10-27,payroll,2836866.24
4859,GlobalTech,104021,EUR,Monthly,18.9,2024-11-26,payroll,1348112.1600000001
2686,GlobalTech,85526,USD,Annual,16.0,2024-12-18,payroll,85526.0
11878,GlobalTech,78572,USD,Annual,11.9,2023-05-01,payroll,78572.0
7525,GlobalTech,48898,EUR,Annual,8.4,2024-01-03,payroll,52809.840000000004
6856,GlobalTech,104715,EUR,Annual,26.5,2024-11-09,payroll,113092.20000000001
14571,GlobalTech,51549,USD,Bi-Weekly,6.8,2023-04-17,payroll,1340274.0
9978,GlobalTech,58678,USD,Bi-Weekly,22.0,2023-03-20,payroll,1525628.0
2964,GlobalTech,124265,USD,Bi-Weekly,19.8,2024-07-14,payroll,3230890.0
7207,GlobalTech,118075,GBP,Bi-Weekly,14.4,2024-10-01,payroll,3898836.5
5821,GlobalTech,71403,GBP,Monthly,20.1,2023-10-29,payroll,1088181.72
7946,GlobalTech,101421,USD,Annual,20.3,2024-09-17,payroll,101421.0
13865,GlobalTech,107242,GBP,Monthly,21.1,2024-05-24,payroll,1634368.08
11678,GlobalTech,69872,GBP,Annual,17.3,2023-02-09,payroll,88737.44
12369,GlobalTech,177336,GBP,Bi-Weekly,21.5,2024-02-07,payroll,5855634.72
12947,GlobalTech,50268,USD,Bi-Weekly,19.6,2024-02-03,payroll,1306968.0
10401,GlobalTech,107606,USD,Bi-Weekly,29.1,2023-04-03,payroll,2797756.0
13248,GlobalTech,104735,EUR,Bi-Weekly,23.2,2023-06-19,payroll,2940958.8000000003
6111,GlobalTech,101095,EUR,Annual,11.0,2023-07-23,payroll,109182.6
14609,GlobalTech,105130,GBP,Bi-Weekly,2.5,2023-04-24,payroll,3471392.6
14534,GlobalTech,87627,EUR,Bi-Weekly,24.1,2023-04-05,payroll,2460566.16
14976,GlobalTech,57291,GBP,Monthly,18.2,2023-12-24,payroll,873114.84
12588,GlobalTech,129143,EUR,Annual,23.6,2024-10-15,payroll,139474.44
12531,GlobalTech,102675,EUR,Bi-Weekly,18.0,2024-10-07,payroll,2883114.0
10167,GlobalTech,60375,GBP,Bi-Weekly,25.0,2024-04-06,payroll,1993582.5
12572,GlobalTech,63979,USD,Bi-Weekly,24.9,2024-08-20,payroll,1663454.0
11222,GlobalTech,77736,GBP,Annual,14.0,2023-06-29,payroll,98724.72
8526,GlobalTech,59850,USD,Monthly,7.4,2024-05-10,payroll,718200.0
10528,GlobalTech,"€64,621",EUR,Monthly,27.7,2023-03-01,payroll,837488.16
13347,GlobalTech,157837,EUR,Bi-Weekly,16.9,2023-08-08,payroll,4432062.96
4147,GlobalTech,80159,USD,Monthly,7.2,2023-03-08,payroll,961908.0
11348,GlobalTech,58631,EUR,Monthly,18.7,2023-01-27,payroll,759857.76
7842,GlobalTech,"€123,414",EUR,Monthly,29.1,2023-11-22,payroll,1599445.4400000002
9912,GlobalTech,66927,GBP,Annual,23.7,2024-05-04,payroll,84997.29000000001
13857,GlobalTech,91603,EUR,Bi-Weekly,13.4,2024-01-23,payroll,2572212.24
11300,GlobalTech,91021,USD,Monthly,15.1,2024-12-09,payroll,1092252.0
10948,GlobalTech,125845,USD,Annual,23.1,2023-08-18,payroll,125845.0
14288,GlobalTech,77582,USD,Bi-Weekly,23.0,2024-03-07,payroll,2017132.0
3123,GlobalTech,85843,USD,Monthly,4.3,2024-04-16,payroll,1030116.0
12326,GlobalTech,110655,USD,Monthly,17.8,2024-09-19,payroll,1327860.0
11373,GlobalTech,94190,GBP,Annual,13.1,2024-09-06,payroll,119621.3
5353,GlobalTech,45618,GBP,Bi-Weekly,4.6,2023-07-23,payroll,1506306.36
14722,GlobalTech,120129,USD,Bi-Weekly,9.6,2024-07-28,payroll,3123354.0
6908,GlobalTech,136541,EUR,Bi-Weekly,24.5,2024-10-13,payroll,3834071.2800000003
5078,GlobalTech,48175,EUR,Bi-Weekly,16.3,2024-11-15,payroll,1352754.0
14482,GlobalTech,"$106,461",USD,Monthly,20.3,2024-03-23,payroll,1277532.0
13382,GlobalTech,98642,USD,Bi-Weekly,22.3,2023-01-29,payroll,2564692.0
6239,GlobalTech,129520,USD,Bi-Weekly,18.5,2024-02-17,payroll,3367520.0
5312,GlobalTech,46761,GBP,Monthly,22.6,2023-03-25,payroll,712637.64
11195,GlobalTech,71944,GBP,Bi-Weekly,21.3,2023-02-04,payroll,2375590.88
8195,GlobalTech,44682,GBP,Annual,12.0,2024-05-10,payroll,56746.14
14279,GlobalTech,116899,GBP,Bi-Weekly,5.1,2023-01-21,payroll,3860004.98
14840,GlobalTech,77487,EUR,Bi-Weekly,5.3,2023-10-10,payroll,2175834.96
8966,GlobalTech,81600,USD,Monthly,10.1,2024-10-13,payroll,979200.0
7601,GlobalTech,115388,EUR,Bi-Weekly,13.3,2023-11-24,payroll,3240095.04
4495,GlobalTech,110468,USD,Monthly,26.3,2024-01-30,payroll,1325616.0
8636,GlobalTech,222708,EUR,Annual,28.3,2024-07-02,payroll,240524.64
14672,GlobalTech,184499,USD,Bi-Weekly,8.4,2024-08-26,payroll,4796974.0
8112,GlobalTech,120940,EUR,Annual,5.6,2023-08-17,payroll,130615.20000000001
11438,GlobalTech,89140,GBP,Annual,19.8,2023-05-14,payroll,113207.8
13689,GlobalTech,157379,USD,Monthly,1.8,2023-08-30,payroll,1888548.0
6174,GlobalTech,113754,EUR,Monthly,24.6,2024-04-15,payroll,1474251.84
5391,GlobalTech,84594,EUR,Monthly,24.9,2023-10-08,payroll,1096338.24
11295,GlobalTech,80749,USD,Annual,8.3,2024-12-07,payroll,80749.0
8651,GlobalTech,73386,EUR,Annual,1.0,2024-11-10,payroll,79256.88
6433,GlobalTech,93316,GBP,Annual,10.1,2023-07-11,payroll,118511.32
294,GlobalTech,91769,USD,Annual,10.7,2023-06-01,payroll,91769.0
4721,GlobalTech,"$92,519",USD,Annual,5.3,2024-11-09,payroll,92519.0
10996,GlobalTech,64788,GBP,Annual,10.0,2023-08-01,payroll,82280.76
8271,GlobalTech,114274,USD,Annual,18.4,2023-06-29,payroll,114274.0
4564,GlobalTech,117588,GBP,Monthly,14.8,2023-05-23,payroll,1792041.12
7130,GlobalTech,116119,GBP,Monthly,25.8,2024-03-25,payroll,1769653.56
14253,GlobalTech,61197,GBP,Monthly,12.7,2023-06-15,payroll,932642.28
12809,GlobalTech,54165,GBP,Bi-Weekly,9.7,2024-05-02,payroll,1788528.3
11845,GlobalTech,93924,EUR,Annual,25.3,2024-04-01,payroll,101437.92000000001
5914,GlobalTech,49707,EUR,Annual,10.7,2024-11-15,payroll,53683.560000000005
10624,GlobalTech,174335,USD,Monthly,24.5,2023-04-24,payroll,2092020.0
11733,GlobalTech,84916,USD,Annual,29.7,2023-09-22,payroll,84916.0
8052,GlobalTech,77961,EUR,Monthly,12.3,2024-10-11,payroll,1010374.56
10321,GlobalTech,55843,USD,Annual,23.1,2023-08-09,payroll,55843.0
10887,GlobalTech,78968,USD,Annual,16.8,2024-09-02,payroll,78968.0
9109,GlobalTech,106630,EUR,Annual,29.0,2023-07-31,payroll,115160.40000000001
10840,GlobalTech,114820,EUR,Monthly,17.6,2023-10-25,payroll,1488067.2000000002
13202,GlobalTech,130084,EUR,Monthly,7.7,2024-06-05,payroll,1685888.6400000001
4842,GlobalTech,126426,EUR,Monthly,17.5,2023-07-29,payroll,1638480.9600000002
4140,GlobalTech,198997,EUR,Monthly,10.1,2023-05-13,payroll,2579001.12
11356,GlobalTech,97423,USD,Bi-Weekly,8.1,2024-11-06,payroll,2532998.0
2849,GlobalTech,72859,EUR,Annual,20.0,2024-01-12,payroll,78687.72
8243,GlobalTech,83040,GBP,Monthly,7.0,2024-10-25,payroll,1265529.6
13068,GlobalTech,86297,GBP,Monthly,3.8,2023-07-24,payroll,1315166.28
11149,GlobalTech,88448,EUR,Bi-Weekly,20.8,2024-01-20,payroll,2483619.8400000003
3748,GlobalTech,69856,GBP,Bi-Weekly,12.9,2023-10-27,payroll,2306645.12
5096,GlobalTech,107489,GBP,Annual,22.0,2023-04-17,payroll,136511.03
11901,GlobalTech,195086,GBP,Monthly,26.1,2024-03-23,payroll,2973110.64
13520,GlobalTech,80276,GBP,Bi-Weekly,24.6,2023-10-17,payroll,2650713.52
9101,GlobalTech,73984,USD,Monthly,2.8,2023-05-11,payroll,887808.0
11738,GlobalTech,81490,USD,Annual,4.8,2023-05-02,payroll,81490.0
4039,GlobalTech,77227,EUR,Bi-Weekly,1.2,2023-05-28,payroll,2168534.16
12172,GlobalTech,86044,GBP,Annual,22.4,2024-04-25,payroll,109275.88
11815,GlobalTech,131254,EUR,Bi-Weekly,6.1,2024-03-23,payroll,3685612.3200000003
12030,GlobalTech,108809,EUR,Bi-Weekly,25.9,2023-05-03,payroll,3055356.72
2020,GlobalTech,96236,EUR,Bi-Weekly,6.9,2024-04-28,payroll,2702306.8800000004
13972,GlobalTech,65836,EUR,Monthly,18.9,2023-07-25,payroll,853234.56
5253,GlobalTech,86292,GBP,Annual,11.7,2023-01-22,payroll,109590.84
14243,GlobalTech,74874,GBP,Monthly,14.5,2024-10-17,payroll,1141079.76
11486,GlobalTech,100421,USD,Bi-Weekly,6.3,2023-06-21,payroll,2610946.0
14127,GlobalTech,43752,GBP,Monthly,2.6,2023-07-04,payroll,666780.48
10057,GlobalTech,"£43,696",GBP,Annual,14.7,2023-08-11,payroll,55493.92
10081,GlobalTech,83106,EUR,Annual,12.6,2024-09-04,payroll,89754.48000000001
11859,GlobalTech,145437,GBP,Annual,27.4,2023-12-20,payroll,184704.99
10168,GlobalTech,67589,USD,Annual,21.5,2024-05-25,payroll,67589.0
11235,GlobalTech,89829,EUR,Monthly,16.8,2023-07-19,payroll,1164183.84
3990,GlobalTech,97678,USD,Bi-Weekly,25.6,2024-08-30,payroll,2539628.0
6788,GlobalTech,177219,EUR,Bi-Weekly,24.8,2024-09-21,payroll,4976309.5200000005
12919,GlobalTech,94941,USD,Bi-Weekly,2.7,2024-09-27,payroll,2468466.0
13816,GlobalTech,98462,GBP,Monthly,20.4,2023-08-22,payroll,1500560.8800000001
11448,GlobalTech,45374,GBP,Monthly,4.1,2024-01-01,payroll,691499.76
11426,GlobalTech,181919,EUR,Bi-Weekly,3.6,2023-03-09,payroll,5108285.5200000005
6455,GlobalTech,108741,EUR,Bi-Weekly,3.0,2024-07-07,payroll,3053447.2800000003
10863,GlobalTech,174063,USD,Annual,18.2,2023-01-19,payroll,174063.0
2179,GlobalTech,137344,USD,Bi-Weekly,5.6,2024-03-21,payroll,3570944.0
10785,GlobalTech,154128,GBP,Annual,20.8,2024-09-06,payroll,195742.56
7138,GlobalTech,97692,EUR,Bi-Weekly,20.0,2023-07-21,payroll,2743191.3600000003
10501,GlobalTech,106228,GBP,Bi-Weekly,12.2,2024-05-20,payroll,3507648.56
11208,GlobalTech,81956,USD,Bi-Weekly,20.4,2024-03-25,payroll,2130856.0
6818,GlobalTech,83737,USD,Annual,8.8,2024-10-16,payroll,83737.0
3446,GlobalTech,111096,GBP,Bi-Weekly,19.6,2024-12-24,payroll,3668389.92
6307,GlobalTech,68952,EUR,Bi-Weekly,29.3,2024-04-23,payroll,1936172.1600000001
13908,GlobalTech,72604,USD,Monthly,25.1,2023-01-30,payroll,871248.0
5997,GlobalTech,145180,USD,Bi-Weekly,24.5,2023-04-07,payroll,3774680.0
9878,GlobalTech,52348,GBP,Monthly,29.9,2023-06-29,payroll,797783.52
11991,GlobalTech,117789,GBP,Annual,1.3,2024-06-14,payroll,149592.03
6583,GlobalTech,118611,GBP,Bi-Weekly,13.1,2024-07-26,payroll,3916535.22
12519,GlobalTech,100011,USD,Annual,21.9,2023-12-05,payroll,100011.0
14996,GlobalTech,69238,GBP,Bi-Weekly,14.1,2024-02-11,payroll,2286238.7600000002
13123,GlobalTech,116144,EUR,Monthly,27.4,2023-09-30,payroll,1505226.24
9699,GlobalTech,137816,EUR,Monthly,9.7,2024-04-22,payroll,1786095.36
6913,GlobalTech,117599,EUR,Monthly,23.3,2023-01-02,payroll,1524083.04
13828,GlobalTech,98655,USD,Annual,0.3,2024-12-13,payroll,98655.0
11165,GlobalTech,50772,GBP,Bi-Weekly,29.9,2023-02-09,payroll,1676491.44
14589,GlobalTech,"€136,161",EUR,Monthly,28.6,2023-08-05,payroll,1764646.56
14989,GlobalTech,134619,EUR,Bi-Weekly,0.3,2024-12-29,payroll,3780101.52
12916,GlobalTech,130040,USD,Monthly,21.7,2024-01-07,payroll,1560480.0
5440,GlobalTech,73981,GBP,Monthly,0.9,2023-07-17,payroll,1127470.44
7626,GlobalTech,86314,USD,Monthly,9.7,2023-12-04,payroll,1035768.0
4458,GlobalTech,89276,GBP,Monthly,7.3,2024-02-28,payroll,1360566.24
6114,GlobalTech,55567,GBP,Bi-Weekly,20.9,2023-11-25,payroll,1834822.34
5801,GlobalTech,48606,GBP,Bi-Weekly,24.5,2023-12-28,payroll,1604970.12
9803,GlobalTech,84895,EUR,Monthly,18.6,2023-08-03,payroll,1100239.2000000002
4567,GlobalTech,144520,EUR,Annual,11.1,2024-05-22,payroll,156081.6
4673,GlobalTech,78134,EUR,Monthly,11.8,2024-01-08,payroll,1012616.64
3133,GlobalTech,96680,EUR,Bi-Weekly,18.0,2024-03-21,payroll,2714774.4000000004
6649,GlobalTech,90240,GBP,Monthly,15.6,2023-08-12,payroll,1375257.6
9658,GlobalTech,46499,GBP,Bi-Weekly,9.2,2024-07-02,payroll,1535396.98
8817,GlobalTech,71694,GBP,Bi-Weekly,8.7,2024-07-09,payroll,2367335.88
5381,GlobalTech,92019,GBP,Monthly,28.7,2024-06-16,payroll,1402369.56
11009,GlobalTech,142220,USD,Bi-Weekly,9.6,2024-02-02,payroll,3697720.0
6504,GlobalTech,95012,GBP,Monthly,18.2,2023-10-03,payroll,1447982.8800000001
8284,GlobalTech,68190,GBP,Monthly,17.7,2023-08-20,payroll,1039215.6
13311,GlobalTech,221086,USD,Bi-Weekly,29.6,2024-02-24,payroll,5748236.0
1565,GlobalTech,118976,GBP,Monthly,10.3,2023-03-24,payroll,1813194.24
3184,GlobalTech,118400,EUR,Bi-Weekly,16.7,2024-06-27,payroll,3324672.0
12404,GlobalTech,172436,USD,Monthly,11.6,2023-11-04,payroll,2069232.0
14247,GlobalTech,109270,EUR,Bi-Weekly,11.0,2023-09-15,payroll,3068301.6
10686,GlobalTech,"€113,649",EUR,Bi-Weekly,14.6,2024-07-30,payroll,3191263.9200000004
7990,GlobalTech,91260,EUR,Annual,28.3,2024-01-16,payroll,98560.8
14286,GlobalTech,43345,GBP,Monthly,14.0,2023-10-04,payroll,660577.8
3492,GlobalTech,109701,EUR,Bi-Weekly,26.4,2023-05-21,payroll,3080404.08
3357,GlobalTech,40800,GBP,Annual,15.0,2023-09-03,payroll,51816.0
12262,GlobalTech,110016,GBP,Annual,7.0,2024-09-16,payroll,139720.32
7645,GlobalTech,77532,GBP,Annual,17.4,2023-08-20,payroll,98465.64
11563,GlobalTech,"€94,048",EUR,Annual,4.0,2023-04-10,payroll,101571.84000000001
14271,GlobalTech,"€117,403",EUR,Monthly,17.8,2024-06-29,payroll,1521542.8800000001
14778,GlobalTech,89148,GBP,Monthly,15.3,2024-10-06,payroll,1358615.52
12932,GlobalTech,83898,EUR,Annual,2.8,2023-01-06,payroll,90609.84000000001
12607,GlobalTech,98792,USD,Annual,14.7,2023-05-01,payroll,98792.0
11709,GlobalTech,73167,USD,Annual,15.4,2024-10-18,payroll,73167.0
14357,GlobalTech,82992,USD,Annual,27.4,2023-07-28,payroll,82992.0
8853,GlobalTech,97526,GBP,Bi-Weekly,21.9,2023-09-08,payroll,3220308.52
7914,GlobalTech,112157,EUR,Bi-Weekly,8.5,2024-10-18,payroll,3149368.56
5086,GlobalTech,54326,USD,Monthly,28.4,2023-12-06,payroll,651912.0
9686,GlobalTech,138503,USD,Annual,11.4,2023-09-16,payroll,138503.0
11905,GlobalTech,67888,USD,Monthly,5.5,2024-12-16,payroll,814656.0
13776,GlobalTech,69966,USD,Bi-Weekly,25.6,2024-10-03,payroll,1819116.0
9264,GlobalTech,81003,USD,Bi-Weekly,25.6,2023-05-05,payroll,2106078.0
1793,GlobalTech,129336,EUR,Monthly,3.4,2023-08-04,payroll,1676194.56
13298,GlobalTech,134999,USD,Bi-Weekly,9.1,2024-04-27,payroll,3509974.0
7748,GlobalTech,135271,USD,Annual,14.5,2024-09-17,payroll,135271.0
7541,GlobalTech,75822,USD,Bi-Weekly,4.6,2024-05-26,payroll,1971372.0
14094,GlobalTech,131960,USD,Bi-Weekly,23.8,2023-09-27,payroll,3430960.0
14104,GlobalTech,84655,EUR,Bi-Weekly,23.2,2024-03-30,payroll,2377112.4000000004
4820,GlobalTech,183198,EUR,Annual,20.9,2023-02-07,payroll,197853.84000000003
10520,GlobalTech,197853,GBP,Monthly,20.5,2023-04-30,payroll,3015279.72
9369,GlobalTech,163840,GBP,Monthly,14.6,2024-12-03,payroll,2496921.6
13570,GlobalTech,94612,USD,Monthly,5.0,2024-02-05,payroll,1135344.0
8734,GlobalTech,60160,GBP,Monthly,22.6,2023-01-15,payroll,916838.4
5682,GlobalTech,74230,EUR,Annual,26.8,2023-07-11,payroll,80168.40000000001
12278,GlobalTech,157306,EUR,Monthly,15.5,2023-03-17,payroll,2038685.7600000002
5374,GlobalTech,117590,GBP,Bi-Weekly,2.6,2023-04-29,payroll,3882821.8000000003
13006,GlobalTech,"$75,863",USD,Monthly,16.5,2024-10-15,payroll,910356.0
10543,GlobalTech,65663,USD,Annual,7.4,2023-01-29,payroll,65663.0
773,GlobalTech,90693,EUR,Bi-Weekly,30.0,2023-06-26,payroll,2546659.44
14296,GlobalTech,58556,EUR,Bi-Weekly,27.5,2024-12-19,payroll,1644252.4800000002
12363,GlobalTech,108905,GBP,Bi-Weekly,4.9,2024-09-09,payroll,3596043.1
14762,GlobalTech,57440,EUR,Annual,20.4,2023-05-24,payroll,62035.200000000004
7648,GlobalTech,74065,USD,Annual,26.5,2023-09-10,payroll,74065.0
8100,GlobalTech,82320,GBP,Monthly,23.4,2023-08-15,payroll,1254556.8
9975,GlobalTech,132389,USD,Bi-Weekly,2.0,2024-04-27,payroll,3442114.0
10650,GlobalTech,83908,GBP,Monthly,12.3,2023-11-17,payroll,1278757.92
3905,GlobalTech,46093,GBP,Monthly,9.1,2024-05-07,payroll,702457.3200000001
7995,GlobalTech,90895,EUR,Monthly,2.0,2023-07-10,payroll,1177999.2000000002
13994,GlobalTech,140929,USD,Monthly,26.8,2024-11-04,payroll,1691148.0
14353,GlobalTech,143845,GBP,Monthly,17.7,2024-06-12,payroll,2192197.8
8675,GlobalTech,82879,EUR,Monthly,24.7,2023-01-27,payroll,1074111.84
1184,GlobalTech,67523,EUR,Annual,17.2,2024-09-25,payroll,72924.84000000001
13284,GlobalTech,45938,GBP,Annual,10.7,2024-08-31,payroll,58341.26
799,GlobalTech,110838,GBP,Monthly,21.7,2024-04-11,payroll,1689171.12
8977,GlobalTech,46615,EUR,Bi-Weekly,18.8,2024-01-13,payroll,1308949.2000000002
9473,GlobalTech,61405,GBP,Annual,15.6,2023-09-11,payroll,77984.35
1444,GlobalTech,74733,GBP,Annual,9.9,2024-04-28,payroll,94910.91
7965,GlobalTech,118127,EUR,Bi-Weekly,23.6,2024-01-09,payroll,3317006.16
13306,GlobalTech,107609,USD,Monthly,5.1,2024-04-22,payroll,1291308.0
2290,GlobalTech,121326,EUR,Bi-Weekly,24.0,2024-10-24,payroll,3406834.08
10582,GlobalTech,126848,USD,Annual,20.6,2024-11-05,payroll,126848.0
5474,GlobalTech,56239,GBP,Monthly,4.5,2023-02-19,payroll,857082.36
2408,GlobalTech,105348,USD,Annual,29.8,2023-05-11,payroll,105348.0
5818,GlobalTech,70814,USD,Bi-Weekly,27.3,2024-10-19,payroll,1841164.0
13617,GlobalTech,122279,EUR,Bi-Weekly,2.8,2023-03-24,payroll,3433594.3200000003
5422,GlobalTech,151411,EUR,Bi-Weekly,5.0,2023-10-11,payroll,4251620.88
12650,GlobalTech,61149,USD,Bi-Weekly,0.9,2024-04-28,payroll,1589874.0
4123,GlobalTech,64846,EUR,Monthly,10.0,2024-10-04,payroll,840404.16
7279,GlobalTech,51377,USD,Monthly,20.9,2023-09-19,payroll,616524.0
7669,GlobalTech,98204,GBP,Annual,28.4,2024-08-25,payroll,124719.08
14365,GlobalTech,102502,GBP,Bi-Weekly,13.1,2023-11-06,payroll,3384616.04
11332,GlobalTech,57579,GBP,Monthly,2.0,2024-07-06,payroll,877503.96
9808,GlobalTech,67352,USD,Bi-Weekly,23.3,2023-07-17,payroll,1751152.0
14029,GlobalTech,51380,EUR,Bi-Weekly,19.3,2024-07-11,payroll,1442750.4000000001
9649,GlobalTech,70145,EUR,Bi-Weekly,3.9,2024-03-28,payroll,1969671.6
2654,GlobalTech,110774,EUR,Bi-Weekly,22.6,2024-09-11,payroll,3110533.9200000004
11800,GlobalTech,110654,USD,Annual,13.5,2023-12-01,payroll,110654.0
6685,GlobalTech,67136,EUR,Bi-Weekly,18.9,2024-08-04,payroll,1885178.8800000001
12180,GlobalTech,71900,GBP,Annual,16.3,2024-08-28,payroll,91313.0
12181,GlobalTech,"$119,516",USD,Monthly,2.7,2024-07-13,payroll,1434192.0
8413,GlobalTech,100160,GBP,Monthly,27.4,2024-07-15,payroll,1526438.4
6501,GlobalTech,118736,GBP,Annual,10.7,2023-11-12,payroll,150794.72
12917,GlobalTech,143415,USD,Bi-Weekly,14.0,2023-07-04,payroll,3728790.0
12798,GlobalTech,"£89,534",GBP,Monthly,7.1,2023-11-19,payroll,1364498.16
11600,GlobalTech,76630,USD,Monthly,19.5,2024-12-01,payroll,919560.0
10849,GlobalTech,77107,EUR,Bi-Weekly,22.3,2024-02-28,payroll,2165164.56
11084,GlobalTech,102560,USD,Bi-Weekly,17.6,2024-05-01,payroll,2666560.0
13463,GlobalTech,101385,USD,Bi-Weekly,22.0,2024-08-03,payroll,2636010.0
6014,GlobalTech,98428,EUR,Annual,13.7,2024-10-29,payroll,106302.24
10367,GlobalTech,128400,GBP,Monthly,10.4,2023-05-18,payroll,1956816.0
11150,GlobalTech,115562,EUR,Annual,28.6,2024-03-06,payroll,124806.96
8803,GlobalTech,57039,GBP,Annual,28.0,2024-07-01,payroll,72439.53
10889,GlobalTech,95605,EUR,Monthly,26.2,2023-03-14,payroll,1239040.8
8123,GlobalTech,117771,GBP,Bi-Weekly,25.4,2023-07-08,payroll,3888798.42
13462,GlobalTech,148386,EUR,Annual,10.8,2023-02-23,payroll,160256.88
4708,GlobalTech,102250,GBP,Monthly,29.2,2023-11-19,payroll,1558290.0
11989,GlobalTech,115568,EUR,Annual,28.8,2024-03-17,payroll,124813.44
12685,GlobalTech,117829,EUR,Bi-Weekly,5.9,2024-03-12,payroll,3308638.3200000003
9236,GlobalTech,68526,GBP,Monthly,25.7,2024-03-14,payroll,1044336.24
8759,GlobalTech,92669,GBP,Annual,14.8,2024-01-26,payroll,117689.63
12635,GlobalTech,68277,GBP,Monthly,10.7,2024-07-22,payroll,1040541.48
6871,GlobalTech,61066,USD,Annual,1.1,2024-08-25,payroll,61066.0
12222,GlobalTech,85017,EUR,Bi-Weekly,11.2,2024-09-02,payroll,2387277.3600000003
14137,GlobalTech,82793,GBP,Annual,25.7,2024-08-26,payroll,105147.11
9922,GlobalTech,66588,USD,Bi-Weekly,1.2,2023-03-22,payroll,1731288.0
6140,GlobalTech,77634,GBP,Bi-Weekly,14.4,2024-05-16,payroll,2563474.68
8518,GlobalTech,88500,GBP,Annual,19.0,2024-07-09,payroll,112395.0
9399,GlobalTech,143133,USD,Monthly,25.7,2024-02-26,payroll,1717596.0
7253,GlobalTech,86271,GBP,Monthly,24.4,2024-04-25,payroll,1314770.04
11985,GlobalTech,92049,USD,Bi-Weekly,24.8,2023-02-02,payroll,2393274.0
6528,GlobalTech,56908,USD,Annual,7.3,2023-08-20,payroll,56908.0
5838,GlobalTech,121782,GBP,Annual,16.9,2024-07-02,payroll,154663.14
8591,GlobalTech,113506,USD,Bi-Weekly,24.6,2023-05-09,payroll,2951156.0
8824,GlobalTech,82443,EUR,Monthly,13.6,2023-11-22,payroll,1068461.28
4164,GlobalTech,108043,USD,Bi-Weekly,15.7,2024-04-11,payroll,2809118.0
14797,GlobalTech,97005,GBP,Annual,23.9,2024-09-17,payroll,123196.35
11324,GlobalTech,140165,USD,Annual,1.3,2024-10-14,payroll,140165.0
5678,GlobalTech,106620,USD,Bi-Weekly,16.9,2024-09-13,payroll,2772120.0
8622,GlobalTech,64206,EUR,Bi-Weekly,7.6,2024-12-13,payroll,1802904.4800000002
10671,GlobalTech,49650,EUR,Monthly,23.2,2024-07-21,payroll,643464.0
4739,GlobalTech,134372,EUR,Annual,13.7,2023-07-17,payroll,145121.76
9452,GlobalTech,52185,USD,Bi-Weekly,29.7,2023-01-01,payroll,1356810.0
10603,GlobalTech,83198,EUR,Annual,10.0,2023-06-04,payroll,89853.84000000001
528,GlobalTech,123538,EUR,Annual,16.0,2024-10-16,payroll,133421.04
4750,GlobalTech,62664,USD,Annual,5.8,2023-08-02,payroll,62664.0
2709,GlobalTech,108537,EUR,Annual,27.9,2023-04-29,payroll,117219.96
8264,GlobalTech,66960,USD,Annual,20.0,2024-01-19,payroll,66960.0
7030,GlobalTech,141052,USD,Annual,21.7,2023-11-20,payroll,141052.0
5894,GlobalTech,71925,USD,Annual,27.7,2023-08-11,payroll,71925.0
9260,GlobalTech,148533,USD,Monthly,19.5,2024-06-22,payroll,1782396.0
9052,GlobalTech,143169,USD,Annual,16.4,2023-04-20,payroll,143169.0
5678,GlobalTech,65190,EUR,Monthly,3.2,2023-04-14,payroll,844862.4
13295,GlobalTech,78191,USD,Bi-Weekly,8.4,2024-02-14,payroll,2032966.0
2499,GlobalTech,125489,USD,Annual,8.0,2023-04-14,payroll,125489.0
5695,GlobalTech,81827,EUR,Annual,18.8,2023-09-09,payroll,88373.16
11942,GlobalTech,45389,GBP,Annual,17.0,2024-01-16,payroll,57644.03
4581,GlobalTech,63976,EUR,Bi-Weekly,24.8,2024-08-26,payroll,1796446.08
7418,GlobalTech,76632,EUR,Monthly,12.1,2023-12-24,payroll,993150.7200000001
7898,GlobalTech,48568,GBP,Monthly,13.7,2023-05-26,payroll,740176.3200000001
7759,GlobalTech,103712,GBP,Monthly,5.2,2023-04-26,payroll,1580570.8800000001
4515,GlobalTech,52319,EUR,Monthly,7.7,2024-11-19,payroll,678054.24
10054,GlobalTech,117667,GBP,Bi-Weekly,9.4,2023-02-24,payroll,3885364.34
8707,GlobalTech,53061,EUR,Bi-Weekly,2.2,2023-11-20,payroll,1489952.8800000001
10079,GlobalTech,112100,EUR,Bi-Weekly,20.5,2023-07-05,payroll,3147768.0
11543,GlobalTech,"£56,058",GBP,Bi-Weekly,8.5,2024-09-22,payroll,1851035.16
12110,GlobalTech,"€90,775",EUR,Annual,12.6,2024-12-10,payroll,98037.0
7751,GlobalTech,109953,USD,Monthly,26.7,2024-09-21,payroll,1319436.0
12048,GlobalTech,135949,USD,Bi-Weekly,1.0,2023-06-16,payroll,3534674.0
12478,GlobalTech,89079,EUR,Monthly,15.9,2023-04-05,payroll,1154463.84
1934,GlobalTech,128440,GBP,Annual,29.3,2024-05-14,payroll,163118.8
12972,GlobalTech,135282,EUR,Monthly,1.9,2024-04-24,payroll,1753254.7200000002
12232,GlobalTech,118469,USD,Monthly,26.3,2023-07-26,payroll,1421628.0
9452,GlobalTech,68885,EUR,Bi-Weekly,8.4,2024-11-01,payroll,1934290.8
13340,GlobalTech,52375,GBP,Annual,18.2,2023-03-13,payroll,66516.25
10016,GlobalTech,112700,EUR,Monthly,9.5,2024-08-01,payroll,1460592.0
1066,GlobalTech,65800,USD,Bi-Weekly,6.8,2024-07-21,payroll,1710800.0
10357,GlobalTech,48566,GBP,Monthly,13.0,2023-08-25,payroll,740145.84
8999,GlobalTech,110923,EUR,Annual,10.0,2023-01-11,payroll,119796.84000000001
3863,GlobalTech,99487,EUR,Annual,5.3,2023-11-01,payroll,107445.96
14888,GlobalTech,89963,GBP,Bi-Weekly,26.0,2024-08-28,payroll,2970578.2600000002
5285,GlobalTech,60752,GBP,Bi-Weekly,12.3,2023-12-08,payroll,2006031.04
9939,GlobalTech,79662,GBP,Annual,30.0,2023-02-26,payroll,101170.74
7048,GlobalTech,136885,EUR,Monthly,13.6,2023-05-13,payroll,1774029.6
14514,GlobalTech,123910,EUR,Annual,18.1,2024-02-25,payroll,133822.80000000002
12395,GlobalTech,89790,EUR,Annual,16.7,2023-06-29,payroll,96973.20000000001
3789,GlobalTech,77334,GBP,Monthly,7.5,2023-11-18,payroll,1178570.16
13069,GlobalTech,79091,GBP,Annual,4.0,2023-03-01,payroll,100445.57
8602,GlobalTech,84304,EUR,Bi-Weekly,2.3,2024-04-09,payroll,2367256.3200000003
14489,GlobalTech,179901,USD,Monthly,27.3,2023-10-07,payroll,2158812.0
6658,GlobalTech,51102,GBP,Bi-Weekly,16.8,2023-05-08,payroll,1687388.04
13904,GlobalTech,82576,EUR,Annual,9.0,2023-03-28,payroll,89182.08
11645,GlobalTech,152271,EUR,Monthly,29.3,2024-08-05,payroll,1973432.1600000001
14812,GlobalTech,85666,GBP,Annual,29.8,2023-04-26,payroll,108795.82
4638,GlobalTech,126761,USD,Monthly,20.6,2023-02-22,payroll,1521132.0
7094,GlobalTech,149136,USD,Annual,28.7,2023-09-27,payroll,149136.0
13099,GlobalTech,99138,EUR,Monthly,23.2,2023-06-27,payroll,1284828.48
7394,GlobalTech,77098,USD,Annual,8.1,2024-07-29,payroll,77098.0
14204,GlobalTech,90474,EUR,Monthly,19.2,2024-04-30,payroll,1172543.04
4662,GlobalTech,73029,EUR,Monthly,20.6,2023-05-15,payroll,946455.8400000001
6493,GlobalTech,69803,EUR,Monthly,4.3,2023-05-11,payroll,904646.88
9478,GlobalTech,112268,EUR,Bi-Weekly,8.8,2024-02-15,payroll,3152485.4400000004
14876,GlobalTech,80720,USD,Monthly,22.4,2023-08-09,payroll,968640.0
9350,GlobalTech,85132,GBP,Annual,2.1,2024-12-21,payroll,108117.64
9617,GlobalTech,70364,USD,Bi-Weekly,29.9,2024-02-23,payroll,1829464.0
1837,GlobalTech,148017,USD,Bi-Weekly,23.8,2023-10-04,payroll,3848442.0
12208,GlobalTech,45956,GBP,Monthly,16.8,2024-08-26,payroll,700369.4400000001
7343,GlobalTech,160476,GBP,Bi-Weekly,9.6,2024-02-23,payroll,5298917.5200000005
8183,GlobalTech,84928,GBP,Monthly,10.2,2023-07-11,payroll,1294302.72
4802,GlobalTech,87824,USD,Bi-Weekly,19.0,2024-09-04,payroll,2283424.0
13327,GlobalTech,217183,EUR,Monthly,27.2,2023-10-13,payroll,2814691.68
4456,GlobalTech,137531,USD,Annual,14.8,2023-02-09,payroll,137531.0
12142,GlobalTech,66092,EUR,Annual,25.8,2023-12-23,payroll,71379.36
11506,GlobalTech,73948,GBP,Monthly,22.8,2023-03-20,payroll,1126967.52
8053,GlobalTech,80356,GBP,Annual,15.7,2024-07-03,payroll,102052.12
12313,GlobalTech,72399,USD,Monthly,3.4,2024-12-30,payroll,868788.0
4935,GlobalTech,134303,USD,Annual,11.4,2023-07-17,payroll,134303.0
5517,GlobalTech,"£49,811",GBP,Annual,13.7,2024-10-10,payroll,63259.97
11561,GlobalTech,"$132,862",USD,Annual,28.0,2023-07-25,payroll,132862.0
9263,GlobalTech,149320,USD,Annual,23.9,2024-10-10,payroll,149320.0
2321,GlobalTech,108901,EUR,Bi-Weekly,27.3,2023-01-22,payroll,3057940.08
11352,GlobalTech,64089,EUR,Bi-Weekly,3.1,2024-07-13,payroll,1799619.12
12361,GlobalTech,69815,GBP,Bi-Weekly,27.3,2023-09-07,payroll,2305291.3
13979,GlobalTech,67350,GBP,Bi-Weekly,6.1,2024-01-24,payroll,2223897.0
13026,GlobalTech,126065,USD,Annual,7.8,2024-08-12,payroll,126065.0
1046,GlobalTech,79508,GBP,Annual,15.4,2024-07-18,payroll,100975.16
11723,GlobalTech,128524,EUR,Bi-Weekly,10.4,2023-08-31,payroll,3608953.9200000004
10888,GlobalTech,126342,EUR,Annual,8.6,2024-12-12,payroll,136449.36000000002
13781,GlobalTech,52636,USD,Annual,18.8,2024-08-23,payroll,52636.0
5446,GlobalTech,120564,EUR,Bi-Weekly,0.4,2024-11-17,payroll,3385437.12
14145,GlobalTech,189306,USD,Monthly,4.4,2023-11-10,payroll,2271672.0
1412,GlobalTech,"£62,694",GBP,Annual,2.8,2024-08-21,payroll,79621.38
7328,GlobalTech,112573,GBP,Annual,20.1,2024-05-31,payroll,142967.71
11500,GlobalTech,49900,GBP,Annual,22.6,2024-07-28,payroll,63373.0
6548,GlobalTech,40716,GBP,Bi-Weekly,14.4,2023-07-28,payroll,1344442.32
7669,GlobalTech,67516,EUR,Bi-Weekly,11.4,2024-08-19,payroll,1895849.28
9430,GlobalTech,129501,USD,Bi-Weekly,3.5,2024-06-16,payroll,3367026.0
4343,GlobalTech,116688,EUR,Annual,9.1,2024-12-20,payroll,126023.04000000001
7603,GlobalTech,"$87,639",USD,Annual,29.8,2024-11-17,payroll,87639.0
11838,GlobalTech,76453,GBP,Monthly,29.4,2023-09-01,payroll,1165143.72
7404,GlobalTech,94140,EUR,Monthly,22.9,2023-09-12,payroll,1220054.4000000001
10393,GlobalTech,53881,USD,Bi-Weekly,23.8,2024-04-01,payroll,1400906.0
10560,GlobalTech,133653,EUR,Bi-Weekly,18.2,2023-07-15,payroll,3752976.24
7895,GlobalTech,140577,EUR,Bi-Weekly,6.5,2024-04-11,payroll,3947402.16
11272,GlobalTech,72554,EUR,Bi-Weekly,22.6,2024-03-04,payroll,2037316.32
4210,GlobalTech,80749,USD,Monthly,26.1,2024-12-09,payroll,968988.0
11756,GlobalTech,96207,EUR,Bi-Weekly,17.7,2024-08-02,payroll,2701492.56
13304,GlobalTech,134926,EUR,Monthly,11.8,2024-07-07,payroll,1748640.9600000002
11312,GlobalTech,112849,GBP,Bi-Weekly,4.5,2024-11-09,payroll,3726273.98
6882,GlobalTech,124860,USD,Annual,28.8,2023-04-10,payroll,124860.0
4667,GlobalTech,62104,GBP,Bi-Weekly,5.0,2024-07-30,payroll,2050674.08
4017,GlobalTech,"$70,055",USD,Bi-Weekly,21.6,2024-04-13,payroll,1821430.0
7920,GlobalTech,83901,GBP,Bi-Weekly,9.5,2024-04-25,payroll,2770411.02
6314,GlobalTech,46511,GBP,Annual,22.8,2024-05-27,payroll,59068.97
6943,GlobalTech,211983,USD,Annual,6.3,2023-09-25,payroll,211983.0
13652,GlobalTech,103383,GBP,Bi-Weekly,4.3,2024-10-23,payroll,3413706.66
8782,GlobalTech,66068,GBP,Monthly,23.8,2024-06-17,payroll,1006876.3200000001
14396,GlobalTech,69363,USD,Annual,27.0,2023-05-14,payroll,69363.0
10077,GlobalTech,101780,GBP,Monthly,9.0,2023-01-12,payroll,1551127.2
9728,GlobalTech,82403,EUR,Annual,9.7,2024-11-04,payroll,88995.24
11859,GlobalTech,131158,EUR,Bi-Weekly,19.8,2024-09-24,payroll,3682916.64
9639,GlobalTech,86815,EUR,Bi-Weekly,9.6,2024-04-27,payroll,2437765.2
5814,GlobalTech,70888,GBP,Bi-Weekly,15.6,2023-09-19,payroll,2340721.7600000002
13729,GlobalTech,92541,EUR,Annual,25.7,2024-08-08,payroll,99944.28000000001
14324,GlobalTech,117273,EUR,Bi-Weekly,5.5,2024-06-04,payroll,3293025.8400000003
8698,GlobalTech,49232,GBP,Bi-Weekly,3.7,2023-01-03,payroll,1625640.6400000001
11951,GlobalTech,73376,EUR,Annual,3.6,2023-10-10,payroll,79246.08
7825,GlobalTech,74444,GBP,Bi-Weekly,22.8,2024-12-25,payroll,2458140.88
6965,GlobalTech,121973,USD,Monthly,8.1,2024-03-03,payroll,1463676.0
12722,GlobalTech,103582,USD,Bi-Weekly,2.9,2023-04-06,payroll,2693132.0
8819,GlobalTech,48387,EUR,Bi-Weekly,26.5,2024-07-10,payroll,1358706.9600000002
14167,GlobalTech,128728,EUR,Bi-Weekly,14.6,2024-03-15,payroll,3614682.24
7494,GlobalTech,63581,USD,Bi-Weekly,3.8,2024-10-23,payroll,1653106.0
8443,GlobalTech,108312,GBP,Bi-Weekly,28.1,2023-06-21,payroll,3576462.24
5716,GlobalTech,96954,EUR,Annual,20.5,2023-04-13,payroll,104710.32
13068,GlobalTech,61137,EUR,Monthly,28.8,2024-09-03,payroll,792335.52
13895,GlobalTech,144833,USD,Monthly,3.4,2024-10-08,payroll,1737996.0
12150,GlobalTech,50497,USD,Bi-Weekly,6.2,2024-10-16,payroll,1312922.0
14075,GlobalTech,134359,EUR,Annual,18.8,2023-06-28,payroll,145107.72
14761,GlobalTech,111544,GBP,Bi-Weekly,5.6,2023-09-04,payroll,3683182.88
14315,GlobalTech,61306,GBP,Bi-Weekly,16.2,2024-11-25,payroll,2024324.12
2296,GlobalTech,69255,GBP,Annual,10.3,2023-09-19,payroll,87953.85
13715,GlobalTech,138977,USD,Monthly,6.8,2023-07-08,payroll,1667724.0
12224,GlobalTech,"£187,240",GBP,Annual,24.4,2024-09-21,payroll,237794.80000000002
13668,GlobalTech,137493,USD,Monthly,2.0,2023-07-06,payroll,1649916.0
934,GlobalTech,167749,GBP,Bi-Weekly,23.0,2023-03-29,payroll,5539071.98
8478,GlobalTech,56510,EUR,Bi-Weekly,10.2,2023-11-11,payroll,1586800.8
7562,GlobalTech,112979,USD,Bi-Weekly,17.4,2024-07-03,payroll,2937454.0
14279,GlobalTech,63604,EUR,Monthly,21.7,2024-04-05,payroll,824307.8400000001
4870,GlobalTech,64290,EUR,Bi-Weekly,29.4,2023-02-14,payroll,1805263.2000000002
9426,GlobalTech,98464,GBP,Monthly,22.2,2023-07-20,payroll,1500591.36
6847,GlobalTech,86687,EUR,Bi-Weekly,3.7,2023-05-18,payroll,2434170.96
1892,GlobalTech,105780,GBP,Bi-Weekly,14.6,2023-05-07,payroll,3492855.6
12068,GlobalTech,58834,EUR,Monthly,5.1,2024-05-10,payroll,762488.64
12751,GlobalTech,63809,EUR,Annual,9.8,2024-04-02,payroll,68913.72
5654,GlobalTech,41880,GBP,Annual,15.3,2024-04-15,payroll,53187.6
6650,GlobalTech,164468,EUR,Annual,5.7,2023-07-07,payroll,177625.44
1400,GlobalTech,55738,USD,Annual,21.2,2024-08-12,payroll,55738.0
10925,GlobalTech,130785,EUR,Bi-Weekly,24.1,2024-03-06,payroll,3672442.8000000003
12149,GlobalTech,60104,GBP,Annual,23.8,2024-03-16,payroll,76332.08
12763,GlobalTech,50150,EUR,Bi-Weekly,22.2,2023-12-17,payroll,1408212.0
11609,GlobalTech,"€97,478",EUR,Annual,22.2,2024-07-21,payroll,105276.24
6605,GlobalTech,58259,GBP,Annual,25.9,2023-09-26,payroll,73988.93000000001
14446,GlobalTech,54106,USD,Annual,7.0,2024-03-16,payroll,54106.0
14280,GlobalTech,50048,EUR,Bi-Weekly,24.0,2024-05-21,payroll,1405347.84
8874,GlobalTech,62476,USD,Bi-Weekly,21.8,2024-03-20,payroll,1624376.0
12788,GlobalTech,149983,EUR,Annual,6.5,2024-07-19,payroll,161981.64
9039,GlobalTech,57521,EUR,Bi-Weekly,9.2,2023-05-09,payroll,1615189.6800000002
1896,GlobalTech,131013,USD,Monthly,19.5,2024-02-29,payroll,1572156.0
6741,GlobalTech,49022,GBP,Annual,17.2,2024-07-03,payroll,62257.94
8976,GlobalTech,89756,USD,Annual,20.0,2024-12-26,payroll,89756.0
10574,GlobalTech,130433,EUR,Monthly,23.2,2023-01-20,payroll,1690411.6800000002
9088,GlobalTech,54224,USD,Monthly,8.5,2024-03-10,payroll,650688.0
7604,GlobalTech,68942,USD,Monthly,8.8,2024-02-21,payroll,827304.0
5757,GlobalTech,78222,EUR,Annual,4.0,2024-02-18,payroll,84479.76000000001
6548,GlobalTech,81530,USD,Monthly,6.6,2024-12-08,payroll,978360.0
5591,GlobalTech,157824,GBP,Annual,3.8,2024-09-07,payroll,200436.48
8271,GlobalTech,100193,USD,Bi-Weekly,7.9,2024-02-23,payroll,2605018.0
7972,GlobalTech,129365,USD,Annual,18.1,2024-01-30,payroll,129365.0
10308,GlobalTech,146773,USD,Bi-Weekly,18.1,2024-04-02,payroll,3816098.0
8999,GlobalTech,73728,GBP,Annual,25.4,2024-04-01,payroll,93634.56
13400,GlobalTech,120341,USD,Monthly,6.3,2023-07-15,payroll,1444092.0
790,GlobalTech,110610,EUR,Monthly,10.2,2024-05-25,payroll,1433505.6
8194,GlobalTech,63007,USD,Monthly,12.4,2023-07-30,payroll,756084.0
6472,GlobalTech,128972,EUR,Bi-Weekly,7.3,2024-12-11,payroll,3621533.7600000002
6410,GlobalTech,69842,USD,Bi-Weekly,16.2,2023-12-26,payroll,1815892.0
11568,GlobalTech,123298,EUR,Annual,7.6,2023-07-19,payroll,133161.84
11967,GlobalTech,77142,EUR,Monthly,27.5,2023-10-16,payroll,999760.3200000001
5657,GlobalTech,60332,EUR,Annual,14.6,2024-11-24,payroll,65158.560000000005
13251,GlobalTech,95524,GBP,Annual,16.6,2024-09-12,payroll,121315.48
9606,GlobalTech,126451,USD,Monthly,23.1,2023-10-04,payroll,1517412.0
13342,GlobalTech,75989,USD,Annual,5.4,2023-09-12,payroll,75989.0
1425,GlobalTech,68600,GBP,Annual,3.7,2024-06-12,payroll,87122.0
14955,GlobalTech,78891,USD,Bi-Weekly,1.3,2023-11-05,payroll,2051166.0
4563,GlobalTech,79525,EUR,Bi-Weekly,7.6,2023-09-09,payroll,2233062.0
7211,GlobalTech,72869,EUR,Monthly,11.8,2024-12-04,payroll,944382.2400000001
5116,GlobalTech,74116,GBP,Bi-Weekly,8.5,2023-07-23,payroll,2447310.32
6675,GlobalTech,86771,USD,Monthly,7.6,2023-02-21,payroll,1041252.0
6684,GlobalTech,52244,USD,Annual,9.1,2024-07-10,payroll,52244.0
10899,GlobalTech,40580,GBP,Monthly,6.8,2023-06-01,payroll,618439.2
3085,GlobalTech,94794,GBP,Bi-Weekly,3.7,2023-05-03,payroll,3130097.88
6036,GlobalTech,"$54,356",USD,Monthly,27.2,2023-10-07,payroll,652272.0
13918,GlobalTech,62380,USD,Annual,0.3,2024-11-21,payroll,62380.0
11851,GlobalTech,92503,GBP,Monthly,0.2,2023-11-04,payroll,1409745.72
9097,GlobalTech,57955,GBP,Annual,6.3,2023-02-26,payroll,73602.85
14708,GlobalTech,95692,USD,Bi-Weekly,2.7,2024-11-24,payroll,2487992.0
1642,GlobalTech,155793,GBP,Annual,13.3,2024-02-03,payroll,197857.11000000002
9549,GlobalTech,100120,EUR,Bi-Weekly,7.6,2024-08-10,payroll,2811369.6
14665,GlobalTech,136008,EUR,Bi-Weekly,8.6,2024-05-22,payroll,3819104.64
8398,GlobalTech,132175,USD,Monthly,4.6,2024-01-22,payroll,1586100.0
7039,GlobalTech,84976,GBP,Annual,17.1,2024-02-10,payroll,107919.52
10524,GlobalTech,82424,EUR,Annual,9.4,2023-02-23,payroll,89017.92000000001
5429,GlobalTech,107282,USD,Monthly,1.2,2023-06-06,payroll,1287384.0
10995,GlobalTech,"$124,475",USD,Annual,0.8,2023-07-29,payroll,124475.0
7332,GlobalTech,126513,GBP,Bi-Weekly,1.4,2024-09-30,payroll,4177459.2600000002
12569,GlobalTech,104622,EUR,Monthly,10.7,2023-07-31,payroll,1355901.12
6559,GlobalTech,109983,EUR,Monthly,5.6,2024-03-08,payroll,1425379.6800000002
8478,GlobalTech,71933,USD,Annual,25.7,2024-08-23,payroll,71933.0
3938,GlobalTech,143267,USD,Bi-Weekly,26.5,2023-08-08,payroll,3724942.0
13345,GlobalTech,118559,USD,Annual,17.9,2023-07-29,payroll,118559.0
2112,GlobalTech,121629,USD,Monthly,4.8,2023-05-12,payroll,1459548.0
14768,GlobalTech,149439,USD,Monthly,9.1,2024-12-15,payroll,1793268.0
14227,GlobalTech,161789,USD,Monthly,19.7,2023-01-01,payroll,1941468.0
13272,GlobalTech,133000,GBP,Monthly,14.4,2023-01-30,payroll,2026920.0
7286,GlobalTech,106480,EUR,Bi-Weekly,24.1,2023-12-31,payroll,2989958.4000000004
13037,GlobalTech,"£92,328",GBP,Annual,17.0,2024-10-29,payroll,117256.56
12300,GlobalTech,81112,USD,Bi-Weekly,14.4,2024-11-06,payroll,2108912.0
13113,GlobalTech,166481,USD,Monthly,13.9,2023-12-27,payroll,1997772.0
11256,GlobalTech,69812,EUR,Monthly,2.8,2024-06-12,payroll,904763.52
10344,GlobalTech,"$101,309",USD,Bi-Weekly,10.8,2023-04-02,payroll,2634034.0
10846,GlobalTech,65385,USD,Annual,5.6,2024-06-21,payroll,65385.0
13594,GlobalTech,136654,EUR,Bi-Weekly,24.6,2024-01-21,payroll,3837244.3200000003
11482,GlobalTech,89133,USD,Bi-Weekly,27.1,2024-09-28,payroll,2317458.0
11928,GlobalTech,"$52,803",USD,Annual,17.6,2024-12-17,payroll,52803.0
12034,GlobalTech,96524,USD,Bi-Weekly,8.2,2024-07-28,payroll,2509624.0
10548,GlobalTech,69136,EUR,Bi-Weekly,11.5,2024-03-24,payroll,1941338.8800000001
9213,GlobalTech,62456,EUR,Bi-Weekly,13.6,2023-01-29,payroll,1753764.4800000002
13882,GlobalTech,85774,USD,Annual,19.1,2024-04-21,payroll,85774.0
11593,GlobalTech,124780,GBP,Monthly,22.8,2023-01-27,payroll,1901647.2
9670,GlobalTech,111826,EUR,Annual,28.3,2024-12-10,payroll,120772.08
6146,GlobalTech,179928,USD,Monthly,14.6,2024-11-21,payroll,2159136.0
14165,GlobalTech,112032,USD,Monthly,25.5,2024-08-08,payroll,1344384.0
12120,GlobalTech,61068,EUR,Annual,23.1,2023-05-26,payroll,65953.44
7434,GlobalTech,76435,GBP,Monthly,5.2,2024-08-22,payroll,1164869.4
4692,GlobalTech,125103,GBP,Annual,5.9,2023-03-10,payroll,158880.81
10635,GlobalTech,105324,USD,Monthly,24.6,2024-11-24,payroll,1263888.0
3637,GlobalTech,101823,USD,Monthly,24.8,2024-10-23,payroll,1221876.0
7448,GlobalTech,87341,GBP,Annual,14.3,2024-05-19,payroll,110923.07
6772,GlobalTech,47833,EUR,Monthly,22.9,2024-10-03,payroll,619915.68
12780,GlobalTech,124091,USD,Bi-Weekly,11.0,2024-02-03,payroll,3226366.0
8493,GlobalTech,104934,USD,Monthly,23.9,2023-05-22,payroll,1259208.0
9883,GlobalTech,57942,EUR,Monthly,24.3,2023-10-10,payroll,750928.3200000001
8036,GlobalTech,167773,USD,Monthly,6.9,2024-12-10,payroll,2013276.0
14344,GlobalTech,151332,GBP,Annual,2.2,2024-08-18,payroll,192191.64
10132,GlobalTech,48708,GBP,Monthly,2.1,2024-08-21,payroll,742309.92
13062,GlobalTech,128662,EUR,Bi-Weekly,24.0,2023-03-29,payroll,3612828.9600000004
8973,GlobalTech,75164,EUR,Bi-Weekly,10.0,2024-07-06,payroll,2110605.12
13489,GlobalTech,121126,USD,Bi-Weekly,2.2,2023-08-26,payroll,3149276.0
12352,GlobalTech,73991,USD,Annual,11.2,2024-02-13,payroll,73991.0
5429,GlobalTech,78200,USD,Bi-Weekly,26.8,2024-12-31,payroll,2033200.0
12575,GlobalTech,89799,GBP,Bi-Weekly,9.4,2024-08-18,payroll,2965162.98
5934,GlobalTech,"$71,399",USD,Monthly,4.0,2024-09-12,payroll,856788.0
12844,GlobalTech,71221,USD,Annual,28.8,2024-01-24,payroll,71221.0
14106,GlobalTech,90941,USD,Bi-Weekly,19.6,2023-04-17,payroll,2364466.0
12161,GlobalTech,67420,USD,Monthly,26.8,2024-12-10,payroll,809040.0
10280,GlobalTech,55001,GBP,Annual,9.5,2024-02-26,payroll,69851.27
11939,GlobalTech,109274,USD,Monthly,11.5,2023-04-29,payroll,1311288.0
12448,GlobalTech,"£55,253",GBP,Annual,14.3,2024-10-15,payroll,70171.31
6270,GlobalTech,92139,EUR,Monthly,17.6,2024-10-19,payroll,1194121.4400000002
13611,GlobalTech,116050,EUR,Annual,10.8,2023-11-11,payroll,125334.00000000001
10878,GlobalTech,106772,USD,Monthly,27.0,2024-02-22,payroll,1281264.0
13195,GlobalTech,84807,GBP,Annual,15.8,2024-05-18,payroll,107704.89
14902,GlobalTech,56754,GBP,Monthly,25.3,2023-04-25,payroll,864930.96
8644,GlobalTech,114028,USD,Annual,25.1,2024-09-17,payroll,114028.0
6710,GlobalTech,103044,GBP,Annual,18.8,2024-04-11,payroll,130865.88
11163,GlobalTech,"€98,938",EUR,Monthly,27.3,2023-05-02,payroll,1282236.48
9572,GlobalTech,139968,GBP,Monthly,13.8,2024-02-10,payroll,2133112.32
13400,GlobalTech,49013,EUR,Bi-Weekly,17.5,2024-02-08,payroll,1376285.04
4606,GlobalTech,97867,USD,Monthly,19.3,2024-09-28,payroll,1174404.0
4950,GlobalTech,97318,GBP,Monthly,11.6,2023-05-08,payroll,1483126.32
4457,GlobalTech,62858,USD,Annual,28.7,2024-01-16,payroll,62858.0
8883,GlobalTech,48336,GBP,Annual,14.1,2024-11-15,payroll,61386.72
14747,GlobalTech,120292,EUR,Bi-Weekly,4.4,2024-01-21,payroll,3377799.3600000003
6243,GlobalTech,137474,USD,Annual,27.5,2023-06-26,payroll,137474.0
14668,GlobalTech,"€73,156",EUR,Annual,23.2,2023-11-01,payroll,79008.48000000001
2128,GlobalTech,102552,USD,Bi-Weekly,29.7,2023-05-31,payroll,2666352.0
8717,GlobalTech,111149,GBP,Annual,0.1,2023-04-03,payroll,141159.23
1442,GlobalTech,88853,GBP,Bi-Weekly,28.8,2024-03-14,payroll,2933926.06
2321,GlobalTech,136400,EUR,Annual,7.5,2023-12-22,payroll,147312.0
11980,GlobalTech,139677,USD,Annual,24.3,2023-11-28,payroll,139677.0
13921,GlobalTech,94064,USD,Monthly,22.4,2024-11-20,payroll,1128768.0
9863,GlobalTech,199665,USD,Annual,21.4,2023-09-23,payroll,199665.0
8357,GlobalTech,79758,GBP,Bi-Weekly,11.1,2024-07-11,payroll,2633609.16
8603,GlobalTech,135531,EUR,Bi-Weekly,26.9,2024-07-02,payroll,3805710.4800000004
7101,GlobalTech,73252,GBP,Bi-Weekly,27.8,2024-03-12,payroll,2418781.04
5220,GlobalTech,46917,EUR,Monthly,1.6,2024-08-21,payroll,608044.3200000001
10664,GlobalTech,73456,GBP,Bi-Weekly,9.0,2024-10-20,payroll,2425517.12
12425,GlobalTech,133213,USD,Annual,12.2,2023-04-20,payroll,133213.0
6338,GlobalTech,111042,USD,Annual,20.7,2023-10-08,payroll,111042.0
2110,GlobalTech,82754,GBP,Annual,8.3,2024-10-16,payroll,105097.58
11249,GlobalTech,58792,EUR,Bi-Weekly,11.2,2024-12-04,payroll,1650879.36
5870,GlobalTech,102511,EUR,Annual,0.7,2024-03-17,payroll,110711.88
12834,GlobalTech,53647,GBP,Monthly,3.1,2024-06-22,payroll,817580.28
4396,GlobalTech,108066,USD,Bi-Weekly,0.1,2023-12-13,payroll,2809716.0
14296,GlobalTech,104315,USD,Monthly,10.0,2024-06-23,payroll,1251780.0
12142,GlobalTech,87162,USD,Annual,17.0,2023-10-04,payroll,87162.0
9700,GlobalTech,140928,USD,Annual,9.9,2023-07-09,payroll,140928.0
5546,GlobalTech,182834,USD,Monthly,5.0,2023-03-07,payroll,2194008.0
13411,GlobalTech,98516,GBP,Annual,13.9,2024-04-21,payroll,125115.32
8631,GlobalTech,104910,USD,Bi-Weekly,16.4,2024-04-15,payroll,2727660.0
11829,GlobalTech,65851,GBP,Bi-Weekly,18.5,2023-03-03,payroll,2174400.02
11967,GlobalTech,78552,EUR,Monthly,23.4,2024-08-26,payroll,1018033.92
14689,GlobalTech,57201,GBP,Monthly,4.0,2023-08-12,payroll,871743.24
4287,GlobalTech,97220,EUR,Annual,29.1,2024-09-12,payroll,104997.6
4671,GlobalTech,108584,EUR,Monthly,28.5,2023-11-27,payroll,1407248.6400000001
8324,GlobalTech,120810,USD,Annual,21.4,2024-06-27,payroll,120810.0
11648,GlobalTech,146003,USD,Annual,22.2,2023-08-24,payroll,146003.0
12285,GlobalTech,64126,GBP,Bi-Weekly,16.2,2024-12-17,payroll,2117440.52
6252,GlobalTech,86159,GBP,Bi-Weekly,14.2,2024-04-15,payroll,2844970.18
6355,GlobalTech,112679,USD,Monthly,12.4,2023-05-18,payroll,1352148.0
13557,GlobalTech,68103,USD,Annual,17.7,2024-06-15,payroll,68103.0
7141,GlobalTech,59068,USD,Annual,3.0,2024-09-21,payroll,59068.0
13351,GlobalTech,109412,GBP,Annual,16.3,2024-03-27,payroll,138953.24
9221,GlobalTech,93219,EUR,Monthly,18.6,2023-10-11,payroll,1208118.24
10612,GlobalTech,82685,EUR,Annual,4.0,2023-08-18,payroll,89299.8
7039,GlobalTech,93414,EUR,Monthly,21.7,2024-07-26,payroll,1210645.4400000002
8564,GlobalTech,50894,GBP,Annual,28.9,2024-11-21,payroll,64635.38
13291,GlobalTech,105444,GBP,Bi-Weekly,27.5,2024-06-19,payroll,3481760.88
13026,GlobalTech,61469,USD,Monthly,27.9,2023-04-17,payroll,737628.0
14507,GlobalTech,76174,EUR,Bi-Weekly,0.5,2024-12-30,payroll,2138965.92
12554,GlobalTech,73313,USD,Annual,25.7,2024-04-27,payroll,73313.0
8196,GlobalTech,81901,GBP,Monthly,11.5,2024-01-08,payroll,1248171.24
10003,GlobalTech,45639,GBP,Monthly,6.4,2024-09-19,payroll,695538.36
14104,GlobalTech,68283,GBP,Monthly,19.4,2024-05-28,payroll,1040632.92
10247,GlobalTech,96222,EUR,Monthly,2.2,2023-02-16,payroll,1247037.12
13909,GlobalTech,99340,USD,Bi-Weekly,13.7,2024-10-24,payroll,2582840.0
8309,GlobalTech,60619,GBP,Monthly,0.6,2024-11-22,payroll,923833.56
8981,GlobalTech,70296,GBP,Monthly,18.2,2024-07-20,payroll,1071311.04
11944,GlobalTech,156782,EUR,Monthly,5.4,2024-07-21,payroll,2031894.7200000002
14699,GlobalTech,52014,EUR,Bi-Weekly,7.2,2023-07-17,payroll,1460553.12
5150,GlobalTech,54768,USD,Annual,28.9,2024-07-09,payroll,54768.0
12784,GlobalTech,59422,EUR,Bi-Weekly,7.1,2024-04-04,payroll,1668569.76
6204,GlobalTech,45819,GBP,Monthly,26.2,2023-07-15,payroll,698281.56
14069,GlobalTech,105837,GBP,Annual,2.2,2024-11-26,payroll,134412.99
8210,GlobalTech,162613,USD,Bi-Weekly,25.7,2023-08-30,payroll,4227938.0
6460,GlobalTech,188086,USD,Monthly,13.8,2023-08-17,payroll,2257032.0
4163,GlobalTech,91828,EUR,Monthly,25.6,2024-03-26,payroll,1190090.8800000001
12223,GlobalTech,89262,GBP,Annual,12.1,2023-11-10,payroll,113362.74
14908,GlobalTech,"£89,755",GBP,Bi-Weekly,8.7,2023-09-15,payroll,2963710.1
9167,GlobalTech,116228,GBP,Bi-Weekly,12.6,2023-06-11,payroll,3837848.56
5937,GlobalTech,52813,EUR,Bi-Weekly,17.7,2023-09-16,payroll,1482989.04
4518,GlobalTech,107637,EUR,Monthly,11.0,2024-05-13,payroll,1394975.52
8639,GlobalTech,176057,EUR,Bi-Weekly,17.0,2024-09-19,payroll,4943680.5600000005
10128,GlobalTech,113719,USD,Annual,7.2,2023-09-16,payroll,113719.0
9806,GlobalTech,44162,GBP,Bi-Weekly,10.3,2023-08-03,payroll,1458229.24
11680,GlobalTech,63071,GBP,Monthly,24.8,2023-08-19,payroll,961202.04
10735,GlobalTech,96262,USD,Monthly,10.8,2024-05-24,payroll,1155144.0
10869,GlobalTech,133383,USD,Annual,21.3,2023-04-14,payroll,133383.0
11693,GlobalTech,66437,GBP,Bi-Weekly,2.4,2023-02-14,payroll,2193749.74
2545,GlobalTech,115090,USD,Annual,2.0,2023-05-11,payroll,115090.0
5602,GlobalTech,184453,EUR,Monthly,18.1,2023-02-11,payroll,2390510.8800000004
13941,GlobalTech,118814,EUR,Annual,14.8,2024-06-18,payroll,128319.12000000001
5915,GlobalTech,99675,GBP,Monthly,21.1,2023-03-30,payroll,1519047.0
8656,GlobalTech,70780,EUR,Bi-Weekly,28.1,2024-03-18,payroll,1987502.4000000001
3654,GlobalTech,121078,USD,Annual,1.5,2023-02-04,payroll,121078.0
14091,GlobalTech,59352,EUR,Annual,13.3,2024-11-07,payroll,64100.16
5892,GlobalTech,60886,GBP,Bi-Weekly,20.0,2023-05-09,payroll,2010455.72
14251,GlobalTech,125282,USD,Monthly,2.2,2023-03-20,payroll,1503384.0
11607,GlobalTech,107302,USD,Annual,18.0,2023-01-07,payroll,107302.0
14522,GlobalTech,138365,USD,Monthly,28.9,2023-12-19,payroll,1660380.0
7006,GlobalTech,58871,USD,Bi-Weekly,19.7,2024-09-13,payroll,1530646.0
8914,GlobalTech,88628,GBP,Monthly,2.1,2023-12-20,payroll,1350690.72
10601,GlobalTech,68399,USD,Bi-Weekly,10.4,2023-10-04,payroll,1778374.0
4385,GlobalTech,135544,EUR,Annual,8.9,2023-12-20,payroll,146387.52000000002
9699,GlobalTech,"£115,099",GBP,Bi-Weekly,25.2,2023-04-27,payroll,3800568.98
12083,GlobalTech,134079,EUR,Monthly,6.1,2023-09-01,payroll,1737663.84
6968,GlobalTech,83932,EUR,Bi-Weekly,21.2,2024-11-11,payroll,2356810.56
10044,GlobalTech,69832,GBP,Monthly,20.5,2023-07-17,payroll,1064239.68
9596,GlobalTech,87445,EUR,Annual,18.9,2023-09-14,payroll,94440.6
9867,GlobalTech,97991,EUR,Monthly,20.9,2024-04-21,payroll,1269963.36
10433,GlobalTech,69594,GBP,Annual,12.6,2024-08-15,payroll,88384.38
7545,GlobalTech,76763,EUR,Bi-Weekly,5.0,2023-06-07,payroll,2155505.04
12481,GlobalTech,122215,EUR,Bi-Weekly,11.5,2024-02-11,payroll,3431797.2
8908,GlobalTech,151052,GBP,Bi-Weekly,1.6,2023-11-15,payroll,4987737.04
13053,GlobalTech,77747,EUR,Bi-Weekly,20.3,2024-02-13,payroll,2183135.7600000002
11306,GlobalTech,85646,USD,Bi-Weekly,4.2,2023-05-15,payroll,2226796.0
5535,GlobalTech,83086,GBP,Bi-Weekly,18.9,2023-07-26,payroll,2743499.72
12649,GlobalTech,85601,GBP,Bi-Weekly,20.2,2023-01-14,payroll,2826545.02
10197,GlobalTech,56409,USD,Bi-Weekly,24.0,2024-08-05,payroll,1466634.0
10618,GlobalTech,49866,EUR,Bi-Weekly,13.8,2024-05-19,payroll,1400237.28
8035,GlobalTech,51801,USD,Annual,28.3,2023-10-30,payroll,51801.0
11103,GlobalTech,53483,EUR,Annual,10.7,2023-08-28,payroll,57761.64000000001
5027,GlobalTech,91137,USD,Annual,17.1,2023-09-23,payroll,91137.0
3307,GlobalTech,80282,USD,Monthly,21.1,2024-02-08,payroll,963384.0
12270,GlobalTech,76780,EUR,Monthly,26.5,2023-12-16,payroll,995068.8
4403,GlobalTech,110906,USD,Monthly,14.7,2024-01-05,payroll,1330872.0
7204,GlobalTech,94664,EUR,Monthly,7.5,2023-12-23,payroll,1226845.4400000002
6888,GlobalTech,118671,EUR,Bi-Weekly,2.4,2024-08-30,payroll,3332281.68
7279,GlobalTech,51119,EUR,Monthly,10.9,2024-11-10,payroll,662502.24
8819,GlobalTech,56368,GBP,Bi-Weekly,24.1,2023-09-03,payroll,1861271.36
13660,GlobalTech,160630,GBP,Monthly,15.8,2024-01-18,payroll,2448001.2
13145,GlobalTech,117708,EUR,Annual,21.6,2024-07-07,payroll,127124.64000000001
14897,GlobalTech,95109,GBP,Bi-Weekly,23.5,2024-08-13,payroll,3140499.18
14440,GlobalTech,111890,USD,Bi-Weekly,10.4,2024-05-20,payroll,2909140.0
4573,GlobalTech,"€47,986",EUR,Bi-Weekly,10.9,2023-04-29,payroll,1347446.8800000001
1825,GlobalTech,61277,EUR,Annual,7.3,2023-10-21,payroll,66179.16
11331,GlobalTech,89152,GBP,Annual,13.5,2024-12-18,payroll,113223.04000000001
11801,GlobalTech,128561,USD,Bi-Weekly,8.4,2023-06-21,payroll,3342586.0
11985,GlobalTech,96972,GBP,Bi-Weekly,6.6,2023-04-05,payroll,3202015.44
3866,GlobalTech,"£67,328",GBP,Monthly,19.7,2023-07-31,payroll,1026078.72
3449,GlobalTech,89806,GBP,Monthly,13.8,2023-12-10,payroll,1368643.44
13096,GlobalTech,58334,EUR,Bi-Weekly,12.1,2024-07-25,payroll,1638018.7200000002
8291,GlobalTech,105813,EUR,Bi-Weekly,3.9,2024-02-22,payroll,2971229.04
11057,GlobalTech,149977,USD,Annual,25.4,2024-09-13,payroll,149977.0
2610,GlobalTech,74436,GBP,Monthly,10.2,2023-07-11,payroll,1134404.6400000001
14453,GlobalTech,189912,GBP,Annual,21.8,2023-05-31,payroll,241188.24
12171,GlobalTech,113803,GBP,Bi-Weekly,10.3,2024-04-27,payroll,3757775.06
11843,GlobalTech,106022,EUR,Annual,29.6,2023-09-23,payroll,114503.76000000001
8584,GlobalTech,53904,GBP,Annual,2.4,2023-12-07,payroll,68458.08
5379,GlobalTech,79089,EUR,Monthly,5.9,2024-10-26,payroll,1024993.4400000001
3831,GlobalTech,46680,GBP,Bi-Weekly,12.0,2024-06-07,payroll,1541373.6
8081,GlobalTech,77296,USD,Annual,21.6,2024-03-23,payroll,77296.0
7957,GlobalTech,123071,EUR,Monthly,4.1,2024-03-25,payroll,1595000.1600000001
7176,GlobalTech,116874,GBP,Annual,21.3,2024-01-07,payroll,148429.98
11708,GlobalTech,119547,USD,Annual,10.5,2024-05-06,payroll,119547.0
4823,GlobalTech,132764,EUR,Bi-Weekly,11.9,2023-01-15,payroll,3728013.12
8184,GlobalTech,117962,EUR,Annual,25.2,2024-08-29,payroll,127398.96
10687,GlobalTech,96439,GBP,Bi-Weekly,2.3,2023-03-30,payroll,3184415.7800000003
12068,GlobalTech,79248,GBP,Monthly,29.2,2024-12-05,payroll,1207739.52
1630,GlobalTech,140072,GBP,Annual,0.3,2024-04-12,payroll,177891.44
6147,GlobalTech,"$114,142",USD,Monthly,4.9,2024-12-07,payroll,1369704.0
8603,GlobalTech,80192,GBP,Annual,4.9,2024-05-14,payroll,101843.84
13478,GlobalTech,68984,EUR,Bi-Weekly,7.0,2023-03-19,payroll,1937070.7200000002
12447,GlobalTech,129831,USD,Annual,19.5,2023-06-24,payroll,129831.0
4713,GlobalTech,"$207,733",USD,Monthly,17.8,2024-02-23,payroll,2492796.0
5483,GlobalTech,58978,GBP,Bi-Weekly,4.7,2023-09-30,payroll,1947453.56
12064,GlobalTech,135221,EUR,Bi-Weekly,20.6,2024-06-03,payroll,3797005.68
10052,GlobalTech,43692,GBP,Monthly,2.1,2023-04-21,payroll,665866.08
6049,GlobalTech,94125,EUR,Bi-Weekly,6.9,2024-09-19,payroll,2643030.0
7711,GlobalTech,80991,USD,Monthly,23.8,2024-12-23,payroll,971892.0
4207,GlobalTech,"€87,126",EUR,Bi-Weekly,4.0,2024-02-11,payroll,2446498.08
11099,GlobalTech,96680,USD,Bi-Weekly,20.7,2023-03-26,payroll,2513680.0
11150,GlobalTech,117646,GBP,Bi-Weekly,5.8,2023-11-28,payroll,3884670.92
12319,GlobalTech,78850,EUR,Annual,6.4,2024-02-22,payroll,85158.0
10840,GlobalTech,127138,GBP,Bi-Weekly,22.0,2024-11-28,payroll,4198096.76
12680,GlobalTech,117076,GBP,Annual,27.2,2023-03-25,payroll,148686.52
11579,GlobalTech,40436,GBP,Annual,26.2,2024-03-17,payroll,51353.72
12674,GlobalTech,71361,USD,Bi-Weekly,6.5,2024-08-04,payroll,1855386.0
14623,GlobalTech,47878,EUR,Bi-Weekly,28.2,2023-09-25,payroll,1344414.24
7200,GlobalTech,77778,GBP,Annual,21.5,2023-04-26,payroll,98778.06
14247,GlobalTech,137252,USD,Bi-Weekly,23.7,2024-10-18,payroll,3568552.0
3657,GlobalTech,108362,EUR,Annual,23.2,2023-09-29,payroll,117030.96
13978,GlobalTech,119264,GBP,Bi-Weekly,29.2,2024-05-09,payroll,3938097.2800000003
6100,GlobalTech,85904,GBP,Bi-Weekly,18.3,2023-07-13,payroll,2836550.08
4359,GlobalTech,47140,GBP,Monthly,9.6,2023-04-01,payroll,718413.6
11741,GlobalTech,80276,EUR,Monthly,20.3,2024-08-03,payroll,1040376.9600000001
10944,GlobalTech,51572,EUR,Bi-Weekly,6.8,2023-05-15,payroll,1448141.76
5396,GlobalTech,90453,GBP,Bi-Weekly,14.3,2023-01-29,payroll,2986758.06
13438,GlobalTech,83327,GBP,Annual,25.0,2023-03-15,payroll,105825.29000000001
9351,GlobalTech,112960,GBP,Bi-Weekly,16.1,2023-04-06,payroll,3729939.2
7387,GlobalTech,79963,EUR,Bi-Weekly,25.0,2024-02-21,payroll,2245361.04
8827,GlobalTech,75262,USD,Monthly,24.1,2023-07-22,payroll,903144.0
1431,GlobalTech,131262,EUR,Bi-Weekly,18.2,2024-08-18,payroll,3685836.9600000004
14706,GlobalTech,77365,EUR,Bi-Weekly,20.8,2023-05-06,payroll,2172409.2
5816,GlobalTech,137050,EUR,Monthly,3.3,2023-01-14,payroll,1776168.0000000002
13561,GlobalTech,76617,USD,Annual,12.8,2024-05-10,payroll,76617.0
2085,GlobalTech,92109,GBP,Annual,12.0,2024-01-07,payroll,116978.43000000001
4087,GlobalTech,132301,GBP,Bi-Weekly,17.5,2023-01-05,payroll,4368579.0200000005
7927,GlobalTech,51720,EUR,Annual,18.3,2023-11-24,payroll,55857.600000000006
7564,GlobalTech,45032,GBP,Annual,17.7,2023-07-10,payroll,57190.64
3058,GlobalTech,108689,GBP,Monthly,17.1,2024-05-02,payroll,1656420.36
11691,GlobalTech,123031,EUR,Bi-Weekly,19.3,2023-02-13,payroll,3454710.4800000004
1321,GlobalTech,117852,USD,Annual,1.5,2024-04-21,payroll,117852.0
11101,GlobalTech,83100,USD,Bi-Weekly,11.3,2024-01-04,payroll,2160600.0
5696,GlobalTech,86477,GBP,Annual,25.3,2023-02-14,payroll,109825.79000000001
8485,GlobalTech,64611,USD,Annual,22.2,2023-07-27,payroll,64611.0
10970,GlobalTech,101931,GBP,Bi-Weekly,6.5,2024-06-05,payroll,3365761.62
6964,GlobalTech,128123,USD,Bi-Weekly,3.0,2023-07-11,payroll,3331198.0
9714,GlobalTech,77585,EUR,Annual,27.1,2023-02-17,payroll,83791.8
6744,GlobalTech,84610,GBP,Bi-Weekly,21.4,2024-11-25,payroll,2793822.2
13773,GlobalTech,80582,USD,Monthly,19.2,2023-07-28,payroll,966984.0
14373,GlobalTech,122134,GBP,Bi-Weekly,7.6,2023-10-30,payroll,4032864.68
4062,GlobalTech,97246,EUR,Monthly,16.9,2023-04-07,payroll,1260308.1600000001
11844,GlobalTech,139147,USD,Monthly,0.7,2023-04-06,payroll,1669764.0
11098,GlobalTech,83252,USD,Monthly,29.8,2024-07-21,payroll,999024.0
14912,GlobalTech,191544,EUR,Monthly,22.7,2024-08-28,payroll,2482410.24
10895,GlobalTech,91151,USD,Monthly,20.8,2024-12-22,payroll,1093812.0
7755,GlobalTech,101657,EUR,Monthly,25.5,2024-01-18,payroll,1317474.72
7795,GlobalTech,40356,GBP,Monthly,19.1,2024-02-20,payroll,615025.4400000001
2740,GlobalTech,83242,USD,Monthly,18.6,2023-05-29,payroll,998904.0
14723,GlobalTech,137753,EUR,Monthly,7.9,2023-07-10,payroll,1785278.8800000001
12040,GlobalTech,109068,EUR,Annual,18.7,2023-11-24,payroll,117793.44
11551,GlobalTech,"€133,569",EUR,Bi-Weekly,15.7,2023-04-20,payroll,3750617.52
7598,GlobalTech,118370,USD,Monthly,0.2,2024-09-21,payroll,1420440.0
12384,GlobalTech,74442,GBP,Annual,24.0,2024-07-08,payroll,94541.34
5345,GlobalTech,105591,EUR,Annual,11.8,2024-12-24,payroll,114038.28000000001
7321,GlobalTech,61200,GBP,Annual,20.3,2024-04-16,payroll,77724.0
10754,GlobalTech,77284,EUR,Annual,7.7,2024-02-11,payroll,83466.72
7954,GlobalTech,56386,GBP,Annual,19.1,2024-01-04,payroll,71610.22
10276,GlobalTech,49077,GBP,Bi-Weekly,8.1,2024-03-13,payroll,1620522.54
1466,GlobalTech,137173,USD,Annual,30.0,2023-06-19,payroll,137173.0
12525,GlobalTech,69225,GBP,Annual,20.7,2023-04-21,payroll,87915.75
14099,GlobalTech,127670,EUR,Monthly,3.6,2024-11-19,payroll,1654603.2000000002
12368,GlobalTech,117804,EUR,Bi-Weekly,13.5,2024-11-01,payroll,3307936.3200000003
10956,GlobalTech,55086,USD,Annual,5.9,2023-12-22,payroll,55086.0
14368,GlobalTech,102350,USD,Monthly,18.5,2023-05-26,payroll,1228200.0
6020,GlobalTech,184770,GBP,Bi-Weekly,10.5,2024-08-02,payroll,6101105.4
4132,GlobalTech,84150,USD,Monthly,8.3,2024-07-07,payroll,1009800.0
14674,GlobalTech,95615,EUR,Bi-Weekly,1.8,2024-12-21,payroll,2684869.2
11820,GlobalTech,86381,USD,Monthly,20.6,2023-09-14,payroll,1036572.0
6870,GlobalTech,67705,USD,Annual,3.6,2024-05-04,payroll,67705.0
9686,GlobalTech,54788,GBP,Bi-Weekly,11.1,2024-12-16,payroll,1809099.76
10841,GlobalTech,124889,GBP,Bi-Weekly,25.8,2023-06-19,payroll,4123834.7800000003
205,GlobalTech,51912,GBP,Annual,21.4,2024-04-17,payroll,65928.24
2285,GlobalTech,97244,EUR,Bi-Weekly,18.2,2024-11-16,payroll,2730611.52
13043,GlobalTech,108900,EUR,Monthly,23.3,2023-01-17,payroll,1411344.0
10919,GlobalTech,89348,GBP,Annual,23.7,2023-09-06,payroll,113471.96
5675,GlobalTech,109697,GBP,Annual,28.6,2024-10-22,payroll,139315.19
13374,GlobalTech,103364,USD,Monthly,16.6,2024-11-13,payroll,1240368.0
5791,GlobalTech,112506,EUR,Annual,23.4,2024-12-19,payroll,121506.48000000001
11648,GlobalTech,66848,GBP,Monthly,20.3,2024-08-20,payroll,1018763.52
7183,GlobalTech,57916,GBP,Monthly,15.1,2024-09-18,payroll,882639.84
12170,GlobalTech,96813,GBP,Bi-Weekly,20.8,2024-12-02,payroll,3196765.2600000002
11753,GlobalTech,87360,GBP,Monthly,22.7,2023-10-22,payroll,1331366.4
7853,GlobalTech,130291,EUR,Monthly,3.7,2024-11-11,payroll,1688571.36
6829,GlobalTech,159334,EUR,Annual,17.9,2023-03-02,payroll,172080.72
10386,GlobalTech,58255,EUR,Annual,23.9,2023-12-21,payroll,62915.4
5960,GlobalTech,110315,EUR,Monthly,15.1,2024-10-23,payroll,1429682.4000000001
11056,GlobalTech,69256,GBP,Monthly,22.9,2024-10-17,payroll,1055461.44
7663,GlobalTech,143271,EUR,Annual,6.5,2023-09-27,payroll,154732.68000000002
8775,GlobalTech,124168,EUR,Monthly,13.7,2024-12-01,payroll,1609217.28
10385,GlobalTech,"$86,251",USD,Bi-Weekly,14.5,2023-01-11,payroll,2242526.0
13426,GlobalTech,54948,EUR,Bi-Weekly,21.2,2023-03-01,payroll,1542939.84
14192,GlobalTech,149506,USD,Monthly,29.5,2024-10-06,payroll,1794072.0
8784,GlobalTech,93274,EUR,Monthly,21.3,2023-11-11,payroll,1208831.04
7709,GlobalTech,124783,GBP,Annual,25.0,2024-03-30,payroll,158474.41
11492,GlobalTech,49875,EUR,Bi-Weekly,25.7,2024-01-27,payroll,1400490.0
6176,GlobalTech,117999,USD,Monthly,22.5,2023-01-30,payroll,1415988.0
6252,GlobalTech,73617,EUR,Annual,23.7,2023-10-06,payroll,79506.36
12753,GlobalTech,81226,USD,Monthly,20.4,2023-01-24,payroll,974712.0
11263,GlobalTech,75377,GBP,Annual,27.3,2023-05-02,payroll,95728.79000000001
14211,GlobalTech,55660,GBP,Monthly,4.6,2024-04-16,payroll,848258.4
2296,GlobalTech,130119,EUR,Monthly,26.2,2024-05-30,payroll,1686342.2400000002
9850,GlobalTech,90534,EUR,Bi-Weekly,7.8,2023-02-04,payroll,2542194.72
14230,GlobalTech,113066,GBP,Monthly,3.3,2024-09-13,payroll,1723125.84
14290,GlobalTech,63598,USD,Bi-Weekly,29.8,2023-02-17,payroll,1653548.0
7064,GlobalTech,92806,EUR,Annual,16.7,2024-07-13,payroll,100230.48000000001
3152,GlobalTech,48315,GBP,Monthly,25.7,2024-05-04,payroll,736320.6
2782,GlobalTech,122761,USD,Monthly,12.8,2023-10-08,payroll,1473132.0
4389,GlobalTech,163189,EUR,Monthly,27.8,2024-12-22,payroll,2114929.44
2875,GlobalTech,129392,USD,Annual,11.0,2024-06-24,payroll,129392.0
13695,GlobalTech,156511,EUR,Monthly,9.4,2024-09-18,payroll,2028382.56
14025,GlobalTech,101845,USD,Annual,3.0,2024-06-10,payroll,101845.0
11625,GlobalTech,102956,GBP,Annual,18.4,2024-07-04,payroll,130754.12
ACQ_01179,AcquiredCo,50716,GBP,Annual,5.5,2024-11-08,payroll,64409.32
ACQ_02356,AcquiredCo,98295,GBP,Monthly,27.5,2023-06-15,payroll,1498015.8
ACQ_02229,AcquiredCo,66916,GBP,Bi-Weekly,21.6,2023-04-12,payroll,2209566.32
ACQ_02834,AcquiredCo,92985,EUR,Monthly,22.6,2024-11-04,payroll,1205085.6
ACQ_02497,AcquiredCo,"$146,057",USD,Bi-Weekly,17.8,2023-09-09,payroll,3797482.0
ACQ_02703,AcquiredCo,75137,USD,Bi-Weekly,8.7,2024-11-18,payroll,1953562.0
ACQ_00563,AcquiredCo,69705,GBP,Bi-Weekly,11.8,2024-10-07,payroll,2301659.1
ACQ_02545,AcquiredCo,139881,USD,Annual,20.0,2023-02-11,payroll,139881.0
ACQ_02831,AcquiredCo,55390,USD,Monthly,4.8,2024-12-07,payroll,664680.0
ACQ_02091,AcquiredCo,60788,GBP,Monthly,11.4,2024-01-18,payroll,926409.12
ACQ_00918,AcquiredCo,141659,USD,Bi-Weekly,16.9,2024-04-13,payroll,3683134.0
ACQ_01469,AcquiredCo,118013,EUR,Annual,5.5,2023-09-10,payroll,127454.04000000001
ACQ_02538,AcquiredCo,118178,USD,Monthly,7.3,2023-11-22,payroll,1418136.0
ACQ_01860,AcquiredCo,"$97,687",USD,Annual,23.2,2024-09-30,payroll,97687.0
ACQ_01561,AcquiredCo,105094,GBP,Annual,26.7,2024-12-15,payroll,133469.38
ACQ_01370,AcquiredCo,108279,GBP,Monthly,6.7,2024-06-05,payroll,1650171.96
ACQ_02482,AcquiredCo,101626,USD,Monthly,28.2,2024-04-07,payroll,1219512.0
ACQ_02810,AcquiredCo,"£82,693",GBP,Annual,18.6,2024-03-07,payroll,105020.11
ACQ_02863,AcquiredCo,156259,EUR,Bi-Weekly,19.2,2024-12-23,payroll,4387752.720000001
ACQ_01667,AcquiredCo,"€67,487",EUR,Annual,20.3,2023-05-14,payroll,72885.96
ACQ_01288,AcquiredCo,144810,USD,Bi-Weekly,26.7,2023-03-31,payroll,3765060.0
ACQ_02340,AcquiredCo,115229,GBP,Annual,21.6,2023-06-27,payroll,146340.83000000002
ACQ_02898,AcquiredCo,59591,USD,Monthly,3.4,2023-07-19,payroll,715092.0
ACQ_02863,AcquiredCo,65972,EUR,Bi-Weekly,8.8,2023-06-12,payroll,1852493.76
ACQ_02594,AcquiredCo,101245,GBP,Bi-Weekly,13.9,2023-01-13,payroll,3343109.9
ACQ_01018,AcquiredCo,71037,GBP,Monthly,23.0,2024-01-03,payroll,1082603.8800000001
ACQ_02430,AcquiredCo,57062,EUR,Bi-Weekly,7.8,2024-12-03,payroll,1602300.9600000002
ACQ_02688,AcquiredCo,201508,USD,Bi-Weekly,17.4,2023-09-14,payroll,5239208.0
ACQ_02271,AcquiredCo,96920,USD,Monthly,19.6,2024-06-04,payroll,1163040.0
ACQ_01681,AcquiredCo,"£41,484",GBP,Bi-Weekly,0.9,2024-12-18,payroll,1369801.68
ACQ_02662,AcquiredCo,109283,EUR,Monthly,11.5,2024-10-22,payroll,1416307.6800000002
ACQ_02757,AcquiredCo,97277,USD,Bi-Weekly,28.5,2023-03-06,payroll,2529202.0
ACQ_02877,AcquiredCo,125706,USD,Bi-Weekly,20.7,2023-06-19,payroll,3268356.0
ACQ_02079,AcquiredCo,69088,USD,Annual,11.4,2023-01-18,payroll,69088.0
ACQ_02942,AcquiredCo,115191,USD,Annual,2.0,2024-07-26,payroll,115191.0
ACQ_02392,AcquiredCo,155099,EUR,Bi-Weekly,7.1,2023-11-16,payroll,4355179.92
ACQ_02256,AcquiredCo,71692,GBP,Monthly,29.9,2023-04-03,payroll,1092586.08
ACQ_02346,AcquiredCo,111935,GBP,Monthly,18.3,2024-09-24,payroll,1705889.4000000001
ACQ_00404,AcquiredCo,72772,GBP,Bi-Weekly,20.7,2024-01-03,payroll,2402931.44
ACQ_01401,AcquiredCo,98863,USD,Annual,2.6,2024-04-29,payroll,98863.0
ACQ_00666,AcquiredCo,66223,USD,Bi-Weekly,2.3,2024-09-09,payroll,1721798.0
ACQ_00784,AcquiredCo,101251,EUR,Annual,22.9,2024-11-18,payroll,109351.08
ACQ_01478,AcquiredCo,130116,GBP,Monthly,4.2,2023-02-06,payroll,1982967.84
ACQ_00281,AcquiredCo,57007,GBP,Annual,25.7,2023-06-04,payroll,72398.89
ACQ_02197,AcquiredCo,169778,USD,Monthly,24.8,2024-06-04,payroll,2037336.0
ACQ_01092,AcquiredCo,178803,USD,Bi-Weekly,9.9,2023-06-11,payroll,4648878.0
ACQ_02356,AcquiredCo,74210,GBP,Annual,6.6,2023-11-09,payroll,94246.7
ACQ_02309,AcquiredCo,171836,EUR,Bi-Weekly,19.4,2024-08-30,payroll,4825154.88
ACQ_02595,AcquiredCo,118221,EUR,Annual,21.6,2024-10-21,payroll,127678.68000000001
ACQ_00437,AcquiredCo,128966,EUR,Annual,27.3,2024-05-13,payroll,139283.28
ACQ_00666,AcquiredCo,69649,GBP,Bi-Weekly,7.4,2023-04-11,payroll,2299809.98
ACQ_02093,AcquiredCo,126900,EUR,Bi-Weekly,2.2,2023-05-30,payroll,3563352.0000000005
ACQ_01723,AcquiredCo,133788,EUR,Monthly,25.3,2023-10-29,payroll,1733892.4800000002
ACQ_02434,AcquiredCo,98985,USD,Annual,22.8,2023-04-27,payroll,98985.0
ACQ_00918,AcquiredCo,64552,GBP,Bi-Weekly,10.1,2024-04-04,payroll,2131507.04
ACQ_00707,AcquiredCo,85878,EUR,Bi-Weekly,10.9,2023-03-17,payroll,2411454.24
ACQ_02430,AcquiredCo,76533,EUR,Annual,15.3,2024-08-21,payroll,82655.64
ACQ_02053,AcquiredCo,128683,USD,Monthly,17.2,2023-04-20,payroll,1544196.0
ACQ_02256,AcquiredCo,80554,EUR,Bi-Weekly,18.4,2024-02-23,payroll,2261956.3200000003
ACQ_02455,AcquiredCo,138191,USD,Bi-Weekly,7.9,2024-02-25,payroll,3592966.0
ACQ_01890,AcquiredCo,97202,EUR,Bi-Weekly,9.1,2023-12-17,payroll,2729432.16
ACQ_02161,AcquiredCo,69750,GBP,Monthly,20.1,2023-06-05,payroll,1062990.0
ACQ_02869,AcquiredCo,128893,EUR,Annual,24.7,2024-11-22,payroll,139204.44
ACQ_02448,AcquiredCo,128137,USD,Monthly,10.4,2024-07-19,payroll,1537644.0
ACQ_02770,AcquiredCo,125132,EUR,Monthly,3.2,2024-04-16,payroll,1621710.7200000002
ACQ_01527,AcquiredCo,120327,GBP,Monthly,4.8,2023-10-29,payroll,1833783.48
ACQ_02524,AcquiredCo,92280,USD,Bi-Weekly,19.7,2023-04-15,payroll,2399280.0
ACQ_02512,AcquiredCo,113292,GBP,Monthly,28.7,2023-05-11,payroll,1726570.08
ACQ_02762,AcquiredCo,115370,GBP,Monthly,25.1,2024-12-21,payroll,1758238.8
ACQ_02044,AcquiredCo,59375,USD,Annual,15.4,2024-04-25,payroll,59375.0
ACQ_02353,AcquiredCo,88188,USD,Monthly,27.5,2024-11-04,payroll,1058256.0
ACQ_01769,AcquiredCo,81117,EUR,Monthly,18.3,2023-05-28,payroll,1051276.32
ACQ_00776,AcquiredCo,60049,USD,Bi-Weekly,13.1,2023-10-18,payroll,1561274.0
ACQ_02791,AcquiredCo,121777,EUR,Bi-Weekly,17.7,2024-08-03,payroll,3419498.16
ACQ_01144,AcquiredCo,197615,EUR,Annual,28.1,2023-08-31,payroll,213424.2
ACQ_01686,AcquiredCo,45672,GBP,Monthly,8.6,2024-10-14,payroll,696041.28
ACQ_02852,AcquiredCo,93234,EUR,Bi-Weekly,17.8,2024-01-27,payroll,2618010.72
ACQ_01946,AcquiredCo,116539,EUR,Bi-Weekly,2.3,2024-12-08,payroll,3272415.12
ACQ_02845,AcquiredCo,83928,EUR,Annual,14.3,2023-03-22,payroll,90642.24
ACQ_02524,AcquiredCo,66771,EUR,Monthly,15.9,2023-02-02,payroll,865352.16
ACQ_01775,AcquiredCo,68574,EUR,Annual,19.9,2024-12-02,payroll,74059.92
ACQ_02434,AcquiredCo,54650,EUR,Monthly,22.4,2024-08-10,payroll,708264.0
ACQ_02185,AcquiredCo,139948,EUR,Monthly,29.7,2023-02-06,payroll,1813726.08
ACQ_00937,AcquiredCo,118979,EUR,Monthly,22.9,2024-08-04,payroll,1541967.84
ACQ_02866,AcquiredCo,86027,USD,Annual,21.9,2024-06-24,payroll,86027.0
ACQ_02942,AcquiredCo,52293,USD,Annual,14.8,2024-08-30,payroll,52293.0
ACQ_02079,AcquiredCo,125921,USD,Bi-Weekly,16.8,2024-10-09,payroll,3273946.0
ACQ_01869,AcquiredCo,76970,GBP,Bi-Weekly,27.9,2024-09-05,payroll,2541549.4
ACQ_02616,AcquiredCo,108945,GBP,Annual,15.0,2023-05-05,payroll,138360.15
ACQ_02785,AcquiredCo,87780,GBP,Bi-Weekly,22.6,2023-12-25,payroll,2898495.6
ACQ_02392,AcquiredCo,178661,USD,Monthly,14.0,2024-04-22,payroll,2143932.0
ACQ_02845,AcquiredCo,43368,GBP,Bi-Weekly,13.7,2023-07-29,payroll,1432011.36
ACQ_02448,AcquiredCo,128076,EUR,Annual,23.2,2024-12-04,payroll,138322.08000000002
ACQ_02978,AcquiredCo,85734,EUR,Monthly,18.2,2024-05-15,payroll,1111112.6400000001
ACQ_01555,AcquiredCo,162260,EUR,Bi-Weekly,12.3,2023-05-03,payroll,4556260.800000001
ACQ_02680,AcquiredCo,95261,GBP,Monthly,7.2,2023-04-07,payroll,1451777.6400000001
ACQ_00889,AcquiredCo,134345,USD,Annual,10.2,2023-06-04,payroll,134345.0
ACQ_02805,AcquiredCo,64402,USD,Monthly,13.5,2024-08-27,payroll,772824.0
ACQ_01492,AcquiredCo,100877,GBP,Monthly,21.3,2024-01-14,payroll,1537365.48
ACQ_01533,AcquiredCo,82238,GBP,Annual,24.2,2024-05-28,payroll,104442.26
ACQ_01209,AcquiredCo,187774,GBP,Monthly,10.2,2023-08-15,payroll,2861675.7600000002
ACQ_01085,AcquiredCo,92032,EUR,Monthly,5.3,2023-09-02,payroll,1192734.72
ACQ_02314,AcquiredCo,116774,GBP,Bi-Weekly,28.8,2024-11-08,payroll,3855877.48
ACQ_01199,AcquiredCo,143843,USD,Annual,28.9,2023-01-23,payroll,143843.0
ACQ_01878,AcquiredCo,87750,GBP,Bi-Weekly,24.4,2024-06-07,payroll,2897505.0
ACQ_01495,AcquiredCo,80827,EUR,Monthly,14.9,2023-12-14,payroll,1047517.92
ACQ_00761,AcquiredCo,122766,USD,Bi-Weekly,9.2,2023-11-27,payroll,3191916.0
ACQ_02545,AcquiredCo,54039,EUR,Bi-Weekly,24.9,2023-01-28,payroll,1517415.12
ACQ_02608,AcquiredCo,75208,EUR,Annual,22.6,2023-11-12,payroll,81224.64
ACQ_02585,AcquiredCo,116284,GBP,Monthly,21.7,2024-01-25,payroll,1772168.16
ACQ_01978,AcquiredCo,140159,USD,Bi-Weekly,19.7,2024-10-08,payroll,3644134.0
ACQ_02657,AcquiredCo,50977,USD,Monthly,5.5,2024-08-21,payroll,611724.0
ACQ_02883,AcquiredCo,98295,USD,Bi-Weekly,7.4,2023-06-29,payroll,2555670.0
ACQ_02188,AcquiredCo,64967,EUR,Bi-Weekly,1.7,2023-04-15,payroll,1824273.36
ACQ_01453,AcquiredCo,41713,GBP,Bi-Weekly,11.9,2023-02-03,payroll,1377363.26
ACQ_00784,AcquiredCo,145548,USD,Annual,24.6,2023-12-28,payroll,145548.0
ACQ_02666,AcquiredCo,99701,EUR,Bi-Weekly,11.6,2024-02-02,payroll,2799604.08
ACQ_02365,AcquiredCo,41128,GBP,Annual,1.3,2023-12-23,payroll,52232.56
ACQ_02843,AcquiredCo,95435,GBP,Monthly,3.6,2023-06-15,payroll,1454429.4
ACQ_02809,AcquiredCo,109702,EUR,Annual,15.1,2024-01-22,payroll,118478.16
ACQ_01191,AcquiredCo,"€79,338",EUR,Annual,27.4,2024-10-18,payroll,85685.04000000001
ACQ_02965,AcquiredCo,90781,EUR,Annual,28.5,2024-03-09,payroll,98043.48000000001
ACQ_02199,AcquiredCo,97715,USD,Monthly,18.6,2023-10-19,payroll,1172580.0
ACQ_02721,AcquiredCo,99532,USD,Annual,20.2,2023-08-07,payroll,99532.0
ACQ_02702,AcquiredCo,202389,USD,Annual,6.5,2024-11-30,payroll,202389.0
ACQ_02521,AcquiredCo,70579,EUR,Monthly,10.6,2024-09-17,payroll,914703.8400000001
ACQ_02710,AcquiredCo,95476,GBP,Annual,13.2,2024-10-01,payroll,121254.52
ACQ_01401,AcquiredCo,129041,EUR,Bi-Weekly,23.6,2024-09-21,payroll,3623471.2800000003
ACQ_00917,AcquiredCo,103903,USD,Annual,24.2,2024-09-07,payroll,103903.0
ACQ_00281,AcquiredCo,97085,GBP,Monthly,13.3,2024-12-26,payroll,1479575.4
ACQ_01946,AcquiredCo,"£108,927",GBP,Annual,17.4,2023-04-01,payroll,138337.29
ACQ_02952,AcquiredCo,99586,USD,Bi-Weekly,21.1,2023-08-16,payroll,2589236.0
ACQ_00947,AcquiredCo,94301,GBP,Bi-Weekly,3.8,2023-08-28,payroll,3113819.02
ACQ_02348,AcquiredCo,46894,GBP,Annual,27.0,2024-04-04,payroll,59555.38
ACQ_02053,AcquiredCo,96662,EUR,Monthly,3.1,2023-09-20,payroll,1252739.52
ACQ_02424,AcquiredCo,81346,USD,Monthly,15.5,2023-02-04,payroll,976152.0
ACQ_00252,AcquiredCo,109325,GBP,Bi-Weekly,7.9,2024-11-13,payroll,3609911.5
ACQ_00281,AcquiredCo,116303,GBP,Monthly,5.5,2024-04-22,payroll,1772457.72
ACQ_02394,AcquiredCo,107868,EUR,Monthly,18.6,2023-01-07,payroll,1397969.28
ACQ_01424,AcquiredCo,113809,EUR,Monthly,23.7,2024-06-23,payroll,1474964.6400000001
ACQ_02314,AcquiredCo,169208,EUR,Bi-Weekly,4.9,2023-04-15,payroll,4751360.640000001
ACQ_01122,AcquiredCo,121782,USD,Annual,19.0,2023-09-12,payroll,121782.0
ACQ_02780,AcquiredCo,79080,GBP,Bi-Weekly,18.0,2023-07-01,payroll,2611221.6
ACQ_00448,AcquiredCo,97876,EUR,Monthly,4.9,2024-09-10,payroll,1268472.9600000002
ACQ_02391,AcquiredCo,77806,EUR,Monthly,28.2,2024-06-12,payroll,1008365.76
ACQ_00656,AcquiredCo,53716,GBP,Bi-Weekly,29.1,2024-02-27,payroll,1773702.32
ACQ_02272,AcquiredCo,119241,GBP,Monthly,8.2,2024-06-10,payroll,1817232.84
ACQ_01667,AcquiredCo,148267,USD,Annual,18.3,2024-02-15,payroll,148267.0
ACQ_01124,AcquiredCo,"£82,088",GBP,Annual,5.9,2023-09-20,payroll,104251.76
ACQ_00776,AcquiredCo,121227,EUR,Annual,9.7,2024-10-28,payroll,130925.16
ACQ_01298,AcquiredCo,101445,EUR,Annual,26.5,2023-12-14,payroll,109560.6
ACQ_01638,AcquiredCo,128116,EUR,Annual,22.2,2023-12-18,payroll,138365.28
ACQ_02272,AcquiredCo,59880,EUR,Monthly,9.1,2023-12-31,payroll,776044.8
ACQ_02848,AcquiredCo,83427,GBP,Bi-Weekly,6.3,2023-03-24,payroll,2754759.54
ACQ_01851,AcquiredCo,56933,USD,Annual,19.1,2023-09-28,payroll,56933.0
ACQ_02057,AcquiredCo,133679,EUR,Bi-Weekly,25.7,2023-04-11,payroll,3753706.3200000003
ACQ_02536,AcquiredCo,101959,EUR,Bi-Weekly,6.7,2024-04-15,payroll,2863008.72
ACQ_02078,AcquiredCo,143800,GBP,Monthly,20.4,2023-03-14,payroll,2191512.0
ACQ_02829,AcquiredCo,59485,USD,Monthly,29.4,2024-08-14,payroll,713820.0
ACQ_02732,AcquiredCo,128843,USD,Monthly,19.0,2023-11-22,payroll,1546116.0
ACQ_01456,AcquiredCo,114290,USD,Annual,11.3,2023-01-28,payroll,114290.0
ACQ_02887,AcquiredCo,108850,USD,Monthly,6.8,2024-11-12,payroll,1306200.0
ACQ_01698,AcquiredCo,139427,USD,Monthly,18.7,2024-11-09,payroll,1673124.0
ACQ_02727,AcquiredCo,60413,EUR,Bi-Weekly,16.7,2024-07-16,payroll,1696397.04
ACQ_01637,AcquiredCo,100347,EUR,Bi-Weekly,15.0,2023-10-16,payroll,2817743.7600000002
ACQ_02424,AcquiredCo,118783,USD,Annual,13.5,2023-10-14,payroll,118783.0
ACQ_02630,AcquiredCo,94411,GBP,Bi-Weekly,27.3,2024-05-08,payroll,3117451.22
ACQ_01388,AcquiredCo,125223,USD,Annual,24.2,2023-02-22,payroll,125223.0
ACQ_01577,AcquiredCo,126711,USD,Annual,23.1,2023-11-12,payroll,126711.0
ACQ_02024,AcquiredCo,71222,GBP,Monthly,29.9,2024-06-05,payroll,1085423.28
ACQ_02649,AcquiredCo,56398,EUR,Annual,19.2,2023-11-05,payroll,60909.840000000004
ACQ_02688,AcquiredCo,136645,EUR,Monthly,28.6,2023-03-12,payroll,1770919.2000000002
ACQ_00889,AcquiredCo,109119,GBP,Bi-Weekly,17.4,2024-09-15,payroll,3603109.38
ACQ_02208,AcquiredCo,114577,EUR,Annual,19.3,2023-09-15,payroll,123743.16
ACQ_01945,AcquiredCo,95721,GBP,Monthly,1.6,2024-03-19,payroll,1458788.04
ACQ_01667,AcquiredCo,56585,EUR,Bi-Weekly,14.6,2024-12-17,payroll,1588906.8
ACQ_01525,AcquiredCo,118156,GBP,Bi-Weekly,2.4,2023-07-29,payroll,3901511.12
ACQ_01092,AcquiredCo,70437,EUR,Bi-Weekly,13.0,2024-03-18,payroll,1977870.9600000002
ACQ_02542,AcquiredCo,61743,GBP,Annual,17.5,2023-06-12,payroll,78413.61
ACQ_02266,AcquiredCo,103436,GBP,Annual,25.0,2024-03-17,payroll,131363.72
ACQ_02386,AcquiredCo,119858,USD,Annual,19.3,2024-12-28,payroll,119858.0
ACQ_02986,AcquiredCo,94404,GBP,Bi-Weekly,2.1,2024-02-10,payroll,3117220.08
ACQ_01276,AcquiredCo,81138,GBP,Annual,6.0,2024-02-06,payroll,103045.26
ACQ_01091,AcquiredCo,77982,USD,Monthly,20.1,2024-05-10,payroll,935784.0
ACQ_02412,AcquiredCo,46661,GBP,Monthly,5.0,2024-03-07,payroll,711113.64
ACQ_02608,AcquiredCo,102408,USD,Monthly,20.5,2023-11-29,payroll,1228896.0
ACQ_02070,AcquiredCo,113409,EUR,Bi-Weekly,14.7,2023-02-17,payroll,3184524.72
ACQ_01890,AcquiredCo,51669,GBP,Annual,27.7,2023-02-16,payroll,65619.63
ACQ_02986,AcquiredCo,118153,USD,Monthly,25.1,2024-06-02,payroll,1417836.0
ACQ_01945,AcquiredCo,"€135,643",EUR,Bi-Weekly,10.3,2023-09-30,payroll,3808855.4400000004
ACQ_02843,AcquiredCo,77597,GBP,Bi-Weekly,16.1,2024-09-24,payroll,2562252.94
ACQ_01869,AcquiredCo,92862,EUR,Annual,28.0,2023-10-09,payroll,100290.96
ACQ_00977,AcquiredCo,116627,USD,Monthly,1.0,2024-09-20,payroll,1399524.0
ACQ_02677,AcquiredCo,110144,GBP,Annual,0.9,2024-02-25,payroll,139882.88
ACQ_01890,AcquiredCo,90652,GBP,Annual,1.4,2024-06-04,payroll,115128.04000000001
ACQ_01122,AcquiredCo,130338,USD,Monthly,21.8,2023-08-11,payroll,1564056.0
ACQ_01677,AcquiredCo,54923,EUR,Bi-Weekly,22.5,2024-02-28,payroll,1542237.84
ACQ_01715,AcquiredCo,64913,GBP,Monthly,25.2,2023-03-01,payroll,989274.12
ACQ_02785,AcquiredCo,55148,GBP,Bi-Weekly,8.6,2024-06-05,payroll,1820986.96
ACQ_01102,AcquiredCo,99102,EUR,Bi-Weekly,21.8,2024-07-10,payroll,2782784.16
ACQ_02020,AcquiredCo,65922,USD,Annual,8.8,2023-08-08,payroll,65922.0
ACQ_02144,AcquiredCo,55548,GBP,Annual,29.5,2023-08-01,payroll,70545.96
ACQ_02321,AcquiredCo,84109,GBP,Bi-Weekly,5.7,2023-03-15,payroll,2777279.18
ACQ_02394,AcquiredCo,128302,EUR,Bi-Weekly,26.1,2023-08-25,payroll,3602720.16
ACQ_01911,AcquiredCo,134797,USD,Bi-Weekly,9.9,2024-10-05,payroll,3504722.0
ACQ_00222,AcquiredCo,73849,USD,Monthly,16.2,2023-05-22,payroll,886188.0
ACQ_02081,AcquiredCo,109066,USD,Bi-Weekly,24.6,2023-02-13,payroll,2835716.0
ACQ_02230,AcquiredCo,"$84,356",USD,Monthly,11.4,2023-01-15,payroll,1012272.0
ACQ_00962,AcquiredCo,46238,EUR,Monthly,22.6,2024-11-19,payroll,599244.48
ACQ_02883,AcquiredCo,131929,EUR,Annual,27.9,2023-11-18,payroll,142483.32
ACQ_01401,AcquiredCo,126456,EUR,Bi-Weekly,10.3,2024-06-16,payroll,3550884.4800000004
ACQ_01953,AcquiredCo,84319,USD,Bi-Weekly,29.4,2023-07-19,payroll,2192294.0
ACQ_02448,AcquiredCo,142260,USD,Annual,27.4,2024-05-20,payroll,142260.0
ACQ_02430,AcquiredCo,69587,USD,Bi-Weekly,0.8,2024-05-15,payroll,1809262.0
ACQ_01885,AcquiredCo,150618,EUR,Monthly,13.9,2023-05-27,payroll,1952009.28
ACQ_02688,AcquiredCo,"$145,849",USD,Monthly,16.7,2023-11-21,payroll,1750188.0
ACQ_02543,AcquiredCo,137761,USD,Annual,24.5,2024-10-06,payroll,137761.0
ACQ_02024,AcquiredCo,59945,GBP,Bi-Weekly,9.5,2024-02-27,payroll,1979383.9000000001
ACQ_02050,AcquiredCo,40616,GBP,Annual,15.3,2023-10-19,payroll,51582.32
ACQ_01406,AcquiredCo,59040,GBP,Monthly,1.0,2023-09-15,payroll,899769.6
ACQ_02845,AcquiredCo,126833,USD,Annual,26.7,2024-04-02,payroll,126833.0
ACQ_02219,AcquiredCo,165356,GBP,Annual,11.3,2024-12-06,payroll,210002.12
ACQ_02070,AcquiredCo,"€75,688",EUR,Monthly,3.9,2023-06-12,payroll,980916.4800000001
ACQ_01577,AcquiredCo,232496,USD,Monthly,1.0,2023-11-15,payroll,2789952.0
ACQ_01735,AcquiredCo,92677,GBP,Monthly,21.3,2024-01-01,payroll,1412397.48
ACQ_01842,AcquiredCo,65733,USD,Monthly,13.1,2023-10-14,payroll,788796.0
ACQ_02924,AcquiredCo,110798,GBP,Bi-Weekly,23.5,2023-07-19,payroll,3658549.96
ACQ_02019,AcquiredCo,78510,EUR,Bi-Weekly,8.0,2024-03-18,payroll,2204560.8000000003
ACQ_01492,AcquiredCo,111020,GBP,Annual,12.6,2023-08-08,payroll,140995.4
ACQ_00514,AcquiredCo,134450,EUR,Monthly,11.6,2024-07-29,payroll,1742472.0
ACQ_02839,AcquiredCo,"$115,563",USD,Bi-Weekly,23.6,2024-02-25,payroll,3004638.0
ACQ_02122,AcquiredCo,60652,GBP,Annual,7.8,2024-12-11,payroll,77028.04000000001
ACQ_01945,AcquiredCo,55276,EUR,Bi-Weekly,12.0,2024-11-03,payroll,1552150.08
ACQ_02066,AcquiredCo,121485,USD,Bi-Weekly,8.7,2023-09-18,payroll,3158610.0
ACQ_02252,AcquiredCo,131506,GBP,Monthly,21.1,2024-01-25,payroll,2004151.44
ACQ_02486,AcquiredCo,72174,EUR,Monthly,21.3,2024-11-28,payroll,935375.04
ACQ_02141,AcquiredCo,104231,USD,Monthly,14.6,2024-09-26,payroll,1250772.0
ACQ_02331,AcquiredCo,134192,GBP,Annual,11.1,2024-06-07,payroll,170423.84
ACQ_02745,AcquiredCo,122004,EUR,Monthly,2.7,2024-07-19,payroll,1581171.84
ACQ_00311,AcquiredCo,106481,GBP,Annual,7.0,2024-08-13,payroll,135230.87
ACQ_01206,AcquiredCo,111212,USD,Monthly,11.5,2023-06-14,payroll,1334544.0
ACQ_02967,AcquiredCo,82977,GBP,Bi-Weekly,11.0,2023-02-18,payroll,2739900.54
ACQ_02657,AcquiredCo,51057,EUR,Annual,19.5,2023-06-23,payroll,55141.560000000005
ACQ_02853,AcquiredCo,184864,USD,Monthly,19.6,2023-03-24,payroll,2218368.0
ACQ_02505,AcquiredCo,114592,USD,Monthly,0.5,2023-07-26,payroll,1375104.0
ACQ_02924,AcquiredCo,100551,USD,Bi-Weekly,19.6,2024-03-24,payroll,2614326.0
ACQ_01424,AcquiredCo,97364,USD,Monthly,7.7,2024-12-27,payroll,1168368.0
ACQ_02512,AcquiredCo,69912,GBP,Annual,23.4,2024-10-13,payroll,88788.24
ACQ_02733,AcquiredCo,72077,GBP,Monthly,8.5,2024-10-18,payroll,1098453.48
ACQ_01951,AcquiredCo,113582,EUR,Monthly,3.2,2024-02-03,payroll,1472022.7200000002
ACQ_00514,AcquiredCo,94377,EUR,Monthly,14.7,2023-10-25,payroll,1223125.9200000002
ACQ_02346,AcquiredCo,"$110,523",USD,Annual,26.9,2023-11-12,payroll,110523.0
ACQ_02224,AcquiredCo,93221,GBP,Bi-Weekly,7.0,2024-03-05,payroll,3078157.42
ACQ_02434,AcquiredCo,51274,USD,Annual,19.4,2024-05-21,payroll,51274.0
ACQ_01497,AcquiredCo,120474,EUR,Bi-Weekly,27.0,2024-02-19,payroll,3382909.9200000004
ACQ_02020,AcquiredCo,86713,USD,Monthly,27.3,2023-05-21,payroll,1040556.0
ACQ_02583,AcquiredCo,58014,EUR,Annual,12.4,2024-03-22,payroll,62655.12
ACQ_01191,AcquiredCo,61257,EUR,Annual,0.3,2023-11-12,payroll,66157.56
ACQ_01652,AcquiredCo,87575,GBP,Annual,13.7,2023-11-21,payroll,111220.25
ACQ_02721,AcquiredCo,69138,USD,Annual,20.5,2024-07-17,payroll,69138.0
ACQ_00512,AcquiredCo,63032,USD,Bi-Weekly,29.3,2023-06-08,payroll,1638832.0
ACQ_01878,AcquiredCo,98748,GBP,Bi-Weekly,27.2,2023-11-18,payroll,3260658.96
ACQ_02112,AcquiredCo,94172,GBP,Annual,1.1,2024-08-31,payroll,119598.44
ACQ_01124,AcquiredCo,70033,GBP,Monthly,24.4,2024-02-14,payroll,1067302.92
ACQ_01038,AcquiredCo,87201,GBP,Bi-Weekly,20.9,2024-11-05,payroll,2879377.02
ACQ_00222,AcquiredCo,78232,GBP,Bi-Weekly,10.3,2024-02-13,payroll,2583220.64
ACQ_01406,AcquiredCo,149994,EUR,Annual,7.6,2024-03-05,payroll,161993.52000000002
ACQ_01503,AcquiredCo,87733,USD,Bi-Weekly,20.2,2023-01-13,payroll,2281058.0
ACQ_01715,AcquiredCo,135649,EUR,Annual,5.9,2024-04-07,payroll,146500.92
ACQ_00693,AcquiredCo,113599,EUR,Monthly,24.8,2023-05-09,payroll,1472243.04
ACQ_01734,AcquiredCo,121259,GBP,Bi-Weekly,7.0,2023-05-01,payroll,4003972.18
ACQ_02224,AcquiredCo,82836,USD,Bi-Weekly,2.3,2024-09-30,payroll,2153736.0
ACQ_01577,AcquiredCo,65623,EUR,Annual,13.7,2023-08-20,payroll,70872.84000000001
ACQ_02892,AcquiredCo,157454,USD,Annual,28.2,2024-09-11,payroll,157454.0
ACQ_02309,AcquiredCo,76221,EUR,Bi-Weekly,3.6,2024-10-13,payroll,2140285.68
ACQ_00947,AcquiredCo,73436,GBP,Monthly,25.8,2024-02-03,payroll,1119164.6400000001
ACQ_02495,AcquiredCo,174245,GBP,Annual,29.4,2024-05-29,payroll,221291.15
ACQ_02261,AcquiredCo,"$62,804",USD,Bi-Weekly,10.8,2023-04-03,payroll,1632904.0
ACQ_02344,AcquiredCo,84032,GBP,Monthly,3.0,2023-04-17,payroll,1280647.68
ACQ_02326,AcquiredCo,57897,USD,Monthly,20.3,2024-12-09,payroll,694764.0
ACQ_02538,AcquiredCo,134563,USD,Bi-Weekly,18.6,2023-11-28,payroll,3498638.0
ACQ_02521,AcquiredCo,52484,GBP,Annual,19.9,2024-11-20,payroll,66654.68000000001
ACQ_02853,AcquiredCo,87954,EUR,Bi-Weekly,7.6,2024-09-24,payroll,2469748.3200000003
ACQ_01048,AcquiredCo,46461,EUR,Annual,20.0,2024-05-23,payroll,50177.880000000005
ACQ_01402,AcquiredCo,84521,USD,Bi-Weekly,11.3,2023-12-26,payroll,2197546.0
ACQ_02185,AcquiredCo,137986,EUR,Annual,17.5,2023-11-05,payroll,149024.88
ACQ_02051,AcquiredCo,65725,USD,Annual,16.7,2023-09-04,payroll,65725.0
ACQ_01514,AcquiredCo,94737,USD,Monthly,9.6,2024-10-18,payroll,1136844.0
ACQ_02753,AcquiredCo,74025,GBP,Monthly,12.5,2023-03-26,payroll,1128141.0
ACQ_02266,AcquiredCo,114078,USD,Monthly,2.6,2024-03-26,payroll,1368936.0
ACQ_01734,AcquiredCo,142050,USD,Annual,15.6,2024-07-11,payroll,142050.0
ACQ_02344,AcquiredCo,117868,EUR,Annual,8.9,2024-07-10,payroll,127297.44
ACQ_01206,AcquiredCo,84546,GBP,Bi-Weekly,8.6,2023-10-19,payroll,2791708.92
ACQ_02630,AcquiredCo,102815,EUR,Annual,22.6,2023-09-27,payroll,111040.20000000001
ACQ_02768,AcquiredCo,59260,GBP,Bi-Weekly,6.7,2024-03-02,payroll,1956765.2
ACQ_02042,AcquiredCo,149624,USD,Monthly,2.7,2024-03-09,payroll,1795488.0
ACQ_02608,AcquiredCo,57944,EUR,Monthly,27.5,2024-12-15,payroll,750954.2400000001
ACQ_00281,AcquiredCo,71242,GBP,Bi-Weekly,27.4,2024-03-07,payroll,2352410.84
ACQ_01763,AcquiredCo,61692,GBP,Annual,23.0,2024-09-16,payroll,78348.84
ACQ_02638,AcquiredCo,124029,GBP,Annual,8.1,2023-08-01,payroll,157516.83000000002
ACQ_02560,AcquiredCo,115506,GBP,Monthly,20.1,2024-02-26,payroll,1760311.44
ACQ_01534,AcquiredCo,81822,EUR,Annual,28.8,2023-06-27,payroll,88367.76000000001
ACQ_02195,AcquiredCo,148622,USD,Monthly,7.9,2024-08-05,payroll,1783464.0
ACQ_00938,AcquiredCo,153556,USD,Annual,11.5,2024-07-12,payroll,153556.0
ACQ_00937,AcquiredCo,99636,EUR,Bi-Weekly,13.9,2024-09-09,payroll,2797778.8800000004
ACQ_00822,AcquiredCo,63791,GBP,Monthly,12.5,2024-02-18,payroll,972174.84
ACQ_02003,AcquiredCo,62762,EUR,Annual,10.8,2023-06-03,payroll,67782.96
ACQ_00937,AcquiredCo,115740,GBP,Bi-Weekly,5.7,2024-06-28,payroll,3821734.8000000003
ACQ_02226,AcquiredCo,73347,EUR,Bi-Weekly,18.9,2023-04-23,payroll,2059583.7600000002
ACQ_02103,AcquiredCo,173196,EUR,Monthly,25.5,2023-06-13,payroll,2244620.16
ACQ_02630,AcquiredCo,85583,USD,Bi-Weekly,13.3,2024-10-22,payroll,2225158.0
ACQ_01700,AcquiredCo,74177,EUR,Annual,15.7,2023-09-17,payroll,80111.16
ACQ_02093,AcquiredCo,78284,USD,Annual,20.2,2024-03-17,payroll,78284.0
ACQ_02163,AcquiredCo,80276,USD,Monthly,21.6,2023-02-07,payroll,963312.0
ACQ_02677,AcquiredCo,135329,USD,Bi-Weekly,26.0,2023-10-17,payroll,3518554.0
ACQ_02468,AcquiredCo,85164,GBP,Monthly,28.0,2023-01-01,payroll,1297899.36
ACQ_02975,AcquiredCo,110169,EUR,Monthly,11.1,2024-08-19,payroll,1427790.24
ACQ_01546,AcquiredCo,113864,GBP,Annual,27.0,2023-10-17,payroll,144607.28
ACQ_01533,AcquiredCo,129379,EUR,Monthly,15.0,2023-03-24,payroll,1676751.84
ACQ_02601,AcquiredCo,119179,USD,Annual,19.1,2023-03-18,payroll,119179.0
ACQ_02656,AcquiredCo,130496,USD,Bi-Weekly,2.0,2023-06-06,payroll,3392896.0
ACQ_01723,AcquiredCo,82681,USD,Annual,1.8,2024-09-12,payroll,82681.0
ACQ_02930,AcquiredCo,128457,EUR,Monthly,25.1,2024-07-01,payroll,1664802.7200000002
ACQ_02252,AcquiredCo,202293,USD,Annual,13.1,2024-09-24,payroll,202293.0
ACQ_01326,AcquiredCo,55361,EUR,Bi-Weekly,17.5,2023-02-09,payroll,1554536.8800000001
ACQ_02858,AcquiredCo,97236,GBP,Annual,11.9,2023-07-18,payroll,123489.72
ACQ_02144,AcquiredCo,89338,EUR,Bi-Weekly,19.0,2023-09-22,payroll,2508611.04
ACQ_01013,AcquiredCo,95320,GBP,Monthly,20.9,2024-10-22,payroll,1452676.8
ACQ_02197,AcquiredCo,110674,EUR,Monthly,24.9,2024-06-01,payroll,1434335.04
ACQ_01734,AcquiredCo,96796,GBP,Bi-Weekly,15.7,2023-01-17,payroll,3196203.92
ACQ_02580,AcquiredCo,72951,GBP,Bi-Weekly,1.4,2023-03-26,payroll,2408842.02
ACQ_02143,AcquiredCo,82197,USD,Bi-Weekly,7.7,2024-09-27,payroll,2137122.0
ACQ_01018,AcquiredCo,109101,GBP,Monthly,24.1,2023-09-28,payroll,1662699.24
ACQ_02348,AcquiredCo,91167,EUR,Annual,12.0,2024-03-25,payroll,98460.36
ACQ_01652,AcquiredCo,95307,EUR,Monthly,26.4,2023-06-14,payroll,1235178.72
ACQ_02458,AcquiredCo,65724,EUR,Monthly,28.4,2023-05-30,payroll,851783.04
ACQ_01410,AcquiredCo,"£93,319",GBP,Annual,18.4,2023-08-30,payroll,118515.13
ACQ_00725,AcquiredCo,77289,GBP,Bi-Weekly,26.1,2023-12-20,payroll,2552082.7800000003
ACQ_02239,AcquiredCo,90819,EUR,Annual,3.8,2023-10-18,payroll,98084.52
ACQ_02521,AcquiredCo,99524,EUR,Annual,10.8,2024-04-11,payroll,107485.92000000001
ACQ_01885,AcquiredCo,125175,EUR,Annual,3.2,2023-09-30,payroll,135189.0
ACQ_00669,AcquiredCo,140623,USD,Bi-Weekly,20.3,2023-09-24,payroll,3656198.0
ACQ_02791,AcquiredCo,75629,EUR,Annual,16.9,2023-07-14,payroll,81679.32
ACQ_02353,AcquiredCo,107489,USD,Bi-Weekly,1.9,2023-08-25,payroll,2794714.0
ACQ_02732,AcquiredCo,72178,GBP,Monthly,3.2,2024-05-29,payroll,1099992.72
ACQ_00702,AcquiredCo,116715,USD,Bi-Weekly,6.2,2024-07-26,payroll,3034590.0
ACQ_02662,AcquiredCo,119386,EUR,Monthly,19.9,2024-10-20,payroll,1547242.56
ACQ_01686,AcquiredCo,83411,GBP,Bi-Weekly,11.9,2023-03-14,payroll,2754231.22
ACQ_01009,AcquiredCo,89400,GBP,Monthly,2.1,2024-11-04,payroll,1362456.0
ACQ_01677,AcquiredCo,56071,EUR,Annual,20.4,2023-10-27,payroll,60556.68000000001
ACQ_01899,AcquiredCo,105770,EUR,Annual,2.3,2024-01-10,payroll,114231.6
ACQ_01567,AcquiredCo,"€56,329",EUR,Monthly,23.2,2023-10-06,payroll,730023.8400000001
ACQ_02656,AcquiredCo,83320,GBP,Annual,6.4,2023-08-19,payroll,105816.40000000001
ACQ_00123,AcquiredCo,67506,EUR,Monthly,2.2,2023-09-13,payroll,874877.76
ACQ_00707,AcquiredCo,121196,EUR,Monthly,16.5,2023-04-12,payroll,1570700.1600000001
ACQ_02216,AcquiredCo,132539,EUR,Monthly,28.1,2024-09-14,payroll,1717705.4400000002
ACQ_02048,AcquiredCo,98141,EUR,Bi-Weekly,6.9,2024-08-25,payroll,2755799.2800000003
ACQ_02210,AcquiredCo,91666,USD,Annual,17.6,2023-11-03,payroll,91666.0
ACQ_01119,AcquiredCo,87766,EUR,Bi-Weekly,23.7,2024-02-16,payroll,2464469.2800000003
ACQ_01626,AcquiredCo,46826,EUR,Monthly,9.2,2024-12-28,payroll,606864.9600000001
ACQ_01471,AcquiredCo,111492,GBP,Annual,22.7,2023-03-18,payroll,141594.84
ACQ_02545,AcquiredCo,119236,EUR,Monthly,9.8,2023-06-09,payroll,1545298.56
ACQ_01038,AcquiredCo,64214,USD,Bi-Weekly,6.3,2023-06-09,payroll,1669564.0
ACQ_02152,AcquiredCo,81239,USD,Monthly,3.2,2023-03-02,payroll,974868.0
ACQ_02938,AcquiredCo,93014,USD,Bi-Weekly,27.3,2023-03-19,payroll,2418364.0
ACQ_02906,AcquiredCo,116214,GBP,Annual,19.9,2023-03-01,payroll,147591.78
ACQ_02997,AcquiredCo,118132,GBP,Annual,23.8,2023-01-14,payroll,150027.64
ACQ_01663,AcquiredCo,112144,EUR,Bi-Weekly,11.6,2023-01-20,payroll,3149003.52
ACQ_02892,AcquiredCo,112595,GBP,Monthly,29.5,2024-04-07,payroll,1715947.8
ACQ_01946,AcquiredCo,95092,GBP,Monthly,23.9,2024-11-26,payroll,1449202.08
ACQ_00284,AcquiredCo,103240,EUR,Annual,13.6,2023-03-01,payroll,111499.20000000001
ACQ_02825,AcquiredCo,68954,EUR,Monthly,14.0,2023-09-08,payroll,893643.8400000001
ACQ_01902,AcquiredCo,107080,GBP,Annual,24.8,2024-12-05,payroll,135991.6
ACQ_02125,AcquiredCo,43856,GBP,Annual,0.1,2024-01-31,payroll,55697.12
ACQ_02755,AcquiredCo,73996,EUR,Monthly,15.3,2023-11-30,payroll,958988.16
ACQ_01495,AcquiredCo,129784,GBP,Annual,23.1,2023-06-02,payroll,164825.68
ACQ_02367,AcquiredCo,85077,USD,Bi-Weekly,7.3,2023-10-04,payroll,2212002.0
ACQ_01400,AcquiredCo,66842,USD,Bi-Weekly,10.3,2024-03-27,payroll,1737892.0
ACQ_02512,AcquiredCo,107906,USD,Annual,12.5,2023-11-19,payroll,107906.0
ACQ_02512,AcquiredCo,84040,EUR,Monthly,13.8,2023-06-05,payroll,1089158.4000000001
ACQ_02780,AcquiredCo,157940,EUR,Monthly,12.3,2024-01-09,payroll,2046902.4000000001
ACQ_02727,AcquiredCo,61204,GBP,Monthly,15.4,2023-01-02,payroll,932748.96
ACQ_00284,AcquiredCo,97278,USD,Monthly,24.4,2023-10-01,payroll,1167336.0
ACQ_01038,AcquiredCo,136726,EUR,Annual,11.8,2024-08-29,payroll,147664.08000000002
ACQ_01952,AcquiredCo,113288,GBP,Annual,2.6,2024-01-24,payroll,143875.76
ACQ_02812,AcquiredCo,66917,USD,Bi-Weekly,9.6,2024-11-30,payroll,1739842.0
ACQ_02084,AcquiredCo,"€78,984",EUR,Bi-Weekly,7.9,2023-05-16,payroll,2217870.72
ACQ_01903,AcquiredCo,117916,GBP,Monthly,28.5,2024-11-02,payroll,1797039.84
ACQ_02688,AcquiredCo,117458,EUR,Annual,16.9,2024-04-25,payroll,126854.64000000001
ACQ_02081,AcquiredCo,104940,GBP,Annual,29.6,2024-12-07,payroll,133273.8
ACQ_02967,AcquiredCo,149754,USD,Monthly,17.2,2024-09-18,payroll,1797048.0
ACQ_02434,AcquiredCo,150642,EUR,Annual,20.1,2023-09-18,payroll,162693.36000000002
ACQ_02482,AcquiredCo,47040,GBP,Monthly,17.9,2023-08-30,payroll,716889.6
ACQ_02810,AcquiredCo,79956,EUR,Bi-Weekly,21.7,2023-11-02,payroll,2245164.48
ACQ_02159,AcquiredCo,106282,GBP,Annual,13.9,2024-12-23,payroll,134978.14
ACQ_00776,AcquiredCo,62019,USD,Bi-Weekly,10.2,2023-02-08,payroll,1612494.0
ACQ_00529,AcquiredCo,55946,EUR,Monthly,1.0,2024-03-20,payroll,725060.16
ACQ_01662,AcquiredCo,54281,GBP,Monthly,21.8,2024-08-03,payroll,827242.4400000001
ACQ_02198,AcquiredCo,93649,EUR,Annual,24.3,2023-11-12,payroll,101140.92000000001
ACQ_00921,AcquiredCo,115856,GBP,Monthly,3.7,2024-04-28,payroll,1765645.44
ACQ_01179,AcquiredCo,135734,GBP,Annual,4.4,2024-08-28,payroll,172382.18
ACQ_00979,AcquiredCo,54163,GBP,Monthly,2.6,2024-05-14,payroll,825444.12
ACQ_00707,AcquiredCo,104662,USD,Bi-Weekly,23.9,2023-07-10,payroll,2721212.0
ACQ_01952,AcquiredCo,102326,USD,Bi-Weekly,28.6,2023-05-25,payroll,2660476.0
ACQ_02486,AcquiredCo,124839,USD,Monthly,10.0,2024-10-26,payroll,1498068.0
ACQ_02512,AcquiredCo,70441,EUR,Annual,9.4,2023-05-15,payroll,76076.28
ACQ_02161,AcquiredCo,"$100,440",USD,Bi-Weekly,9.9,2023-11-20,payroll,2611440.0
ACQ_00643,AcquiredCo,236492,USD,Bi-Weekly,11.9,2024-10-17,payroll,6148792.0
ACQ_01889,AcquiredCo,85972,USD,Annual,11.8,2024-04-26,payroll,85972.0
ACQ_02458,AcquiredCo,47452,EUR,Monthly,22.7,2023-11-15,payroll,614977.92
ACQ_01561,AcquiredCo,105872,GBP,Monthly,29.0,2024-03-09,payroll,1613489.28
ACQ_01569,AcquiredCo,172981,USD,Monthly,15.2,2023-11-06,payroll,2075772.0
ACQ_02592,AcquiredCo,109075,USD,Annual,13.7,2023-09-16,payroll,109075.0
ACQ_02538,AcquiredCo,136377,GBP,Monthly,9.9,2023-01-29,payroll,2078385.48
ACQ_02149,AcquiredCo,97575,EUR,Bi-Weekly,11.9,2024-07-30,payroll,2739906.0
ACQ_02448,AcquiredCo,107096,EUR,Annual,14.3,2024-08-20,payroll,115663.68000000001
ACQ_02266,AcquiredCo,"€98,756",EUR,Bi-Weekly,11.2,2023-09-19,payroll,2773068.48
ACQ_02585,AcquiredCo,124139,EUR,Bi-Weekly,12.1,2024-03-19,payroll,3485823.12
ACQ_02367,AcquiredCo,73775,USD,Annual,0.7,2023-06-26,payroll,73775.0
ACQ_02631,AcquiredCo,45020,GBP,Annual,27.6,2024-05-28,payroll,57175.4
ACQ_01872,AcquiredCo,78498,GBP,Monthly,11.5,2024-03-06,payroll,1196309.52
ACQ_01009,AcquiredCo,59047,USD,Annual,9.6,2024-06-19,payroll,59047.0
ACQ_02953,AcquiredCo,128807,USD,Monthly,1.8,2023-03-04,payroll,1545684.0
ACQ_01092,AcquiredCo,90297,GBP,Bi-Weekly,5.1,2024-09-29,payroll,2981606.94
ACQ_01057,AcquiredCo,113777,USD,Annual,11.5,2023-11-20,payroll,113777.0
ACQ_01122,AcquiredCo,72651,EUR,Monthly,15.6,2024-12-21,payroll,941556.9600000001
ACQ_02623,AcquiredCo,99015,GBP,Annual,23.8,2023-04-17,payroll,125749.05
ACQ_02638,AcquiredCo,103217,EUR,Bi-Weekly,15.5,2024-05-23,payroll,2898333.3600000003
ACQ_02097,AcquiredCo,65362,GBP,Bi-Weekly,19.6,2023-03-03,payroll,2158253.24
ACQ_01735,AcquiredCo,81461,EUR,Annual,18.6,2023-06-10,payroll,87977.88
ACQ_00512,AcquiredCo,43315,GBP,Bi-Weekly,6.4,2024-03-05,payroll,1430261.3
ACQ_02149,AcquiredCo,95346,GBP,Annual,3.6,2024-06-12,payroll,121089.42
ACQ_02201,AcquiredCo,41000,GBP,Monthly,20.0,2023-05-22,payroll,624840.0
ACQ_00634,AcquiredCo,"$81,455",USD,Monthly,4.0,2024-03-28,payroll,977460.0
ACQ_01952,AcquiredCo,56585,USD,Annual,7.1,2024-11-13,payroll,56585.0
ACQ_02281,AcquiredCo,100701,GBP,Bi-Weekly,2.0,2023-11-24,payroll,3325147.02
ACQ_00996,AcquiredCo,97236,GBP,Bi-Weekly,5.8,2024-09-14,payroll,3210732.72
ACQ_02219,AcquiredCo,62826,EUR,Monthly,26.7,2024-05-20,payroll,814224.9600000001
ACQ_02616,AcquiredCo,49345,GBP,Annual,18.0,2024-03-08,payroll,62668.15
ACQ_00945,AcquiredCo,119599,EUR,Annual,8.3,2024-03-12,payroll,129166.92000000001
ACQ_02737,AcquiredCo,52181,USD,Bi-Weekly,24.0,2024-12-19,payroll,1356706.0
ACQ_01686,AcquiredCo,77356,USD,Annual,17.4,2023-03-15,payroll,77356.0
ACQ_02199,AcquiredCo,88535,USD,Monthly,12.9,2024-01-16,payroll,1062420.0
ACQ_00448,AcquiredCo,104258,GBP,Bi-Weekly,23.5,2023-04-18,payroll,3442599.16
ACQ_02497,AcquiredCo,63423,GBP,Annual,7.2,2024-12-07,payroll,80547.21
ACQ_01950,AcquiredCo,93643,GBP,Monthly,13.9,2023-07-13,payroll,1427119.32
ACQ_02394,AcquiredCo,131090,USD,Monthly,7.1,2024-10-26,payroll,1573080.0
ACQ_02781,AcquiredCo,58761,EUR,Monthly,26.9,2024-04-01,payroll,761542.56
ACQ_01102,AcquiredCo,128800,USD,Bi-Weekly,10.6,2023-06-12,payroll,3348800.0
ACQ_01546,AcquiredCo,98967,USD,Monthly,14.0,2023-04-04,payroll,1187604.0
ACQ_02496,AcquiredCo,"$198,876",USD,Monthly,6.7,2023-04-29,payroll,2386512.0
ACQ_02162,AcquiredCo,83703,USD,Annual,9.6,2024-07-08,payroll,83703.0
ACQ_02522,AcquiredCo,105626,USD,Bi-Weekly,26.0,2024-10-20,payroll,2746276.0
ACQ_00566,AcquiredCo,74467,GBP,Monthly,23.2,2023-05-31,payroll,1134877.08
ACQ_02122,AcquiredCo,54182,USD,Annual,27.8,2024-11-25,payroll,54182.0
ACQ_02272,AcquiredCo,122119,EUR,Bi-Weekly,8.3,2023-07-29,payroll,3429101.52
ACQ_02745,AcquiredCo,78768,GBP,Bi-Weekly,8.6,2023-07-10,payroll,2600919.36
ACQ_02657,AcquiredCo,173989,GBP,Monthly,21.4,2024-08-15,payroll,2651592.36
ACQ_00437,AcquiredCo,61534,GBP,Bi-Weekly,15.2,2023-02-25,payroll,2031852.68
ACQ_02887,AcquiredCo,45224,GBP,Annual,23.5,2023-06-16,payroll,57434.48
ACQ_02141,AcquiredCo,"$104,172",USD,Monthly,14.2,2023-01-16,payroll,1250064.0
ACQ_02914,AcquiredCo,99221,USD,Annual,8.2,2023-10-08,payroll,99221.0
ACQ_02809,AcquiredCo,105135,EUR,Monthly,3.8,2024-07-15,payroll,1362549.6
ACQ_01878,AcquiredCo,66972,GBP,Bi-Weekly,16.8,2024-08-27,payroll,2211415.44
ACQ_02608,AcquiredCo,68456,USD,Annual,3.2,2023-08-15,payroll,68456.0
ACQ_01288,AcquiredCo,111896,GBP,Annual,5.6,2023-12-09,payroll,142107.92
ACQ_02210,AcquiredCo,57810,USD,Bi-Weekly,27.4,2024-02-24,payroll,1503060.0
ACQ_02097,AcquiredCo,72809,EUR,Annual,16.9,2023-10-20,payroll,78633.72
ACQ_01552,AcquiredCo,95856,GBP,Bi-Weekly,12.9,2023-09-10,payroll,3165165.12
ACQ_01668,AcquiredCo,82417,USD,Monthly,0.3,2024-11-22,payroll,989004.0
ACQ_02091,AcquiredCo,"$121,715",USD,Bi-Weekly,12.0,2024-04-18,payroll,3164590.0
ACQ_02607,AcquiredCo,51493,USD,Bi-Weekly,13.6,2024-08-07,payroll,1338818.0
ACQ_02592,AcquiredCo,112220,EUR,Bi-Weekly,26.3,2023-10-02,payroll,3151137.6
ACQ_02197,AcquiredCo,112392,USD,Bi-Weekly,5.3,2023-04-13,payroll,2922192.0
ACQ_02959,AcquiredCo,87687,EUR,Monthly,0.9,2024-07-23,payroll,1136423.52
ACQ_02914,AcquiredCo,58560,GBP,Annual,22.2,2023-08-14,payroll,74371.2
ACQ_02975,AcquiredCo,127881,EUR,Annual,23.8,2024-05-25,payroll,138111.48
ACQ_02281,AcquiredCo,72869,USD,Monthly,15.1,2023-11-27,payroll,874428.0
ACQ_02482,AcquiredCo,104179,EUR,Bi-Weekly,27.8,2023-04-05,payroll,2925346.3200000003
ACQ_01700,AcquiredCo,74489,USD,Bi-Weekly,18.5,2023-12-23,payroll,1936714.0
ACQ_02041,AcquiredCo,146570,GBP,Monthly,22.7,2024-05-03,payroll,2233726.8
ACQ_02965,AcquiredCo,140203,USD,Annual,14.8,2023-05-23,payroll,140203.0
ACQ_01975,AcquiredCo,71006,GBP,Monthly,2.8,2024-12-18,payroll,1082131.44
ACQ_02812,AcquiredCo,112912,EUR,Bi-Weekly,28.0,2024-07-24,payroll,3170568.9600000004
ACQ_00463,AcquiredCo,90879,EUR,Annual,6.0,2024-09-02,payroll,98149.32
ACQ_02023,AcquiredCo,214397,EUR,Monthly,5.9,2024-10-18,payroll,2778585.12
ACQ_02841,AcquiredCo,68335,GBP,Annual,1.8,2023-06-19,payroll,86785.45
ACQ_01193,AcquiredCo,149325,USD,Bi-Weekly,1.9,2023-07-21,payroll,3882450.0
ACQ_01436,AcquiredCo,60380,EUR,Bi-Weekly,26.8,2023-07-30,payroll,1695470.4000000001
ACQ_01119,AcquiredCo,142764,GBP,Monthly,18.6,2023-06-16,payroll,2175723.36
ACQ_00725,AcquiredCo,97867,USD,Bi-Weekly,13.6,2023-03-24,payroll,2544542.0
ACQ_01686,AcquiredCo,110546,EUR,Annual,10.8,2024-08-15,payroll,119389.68000000001
ACQ_01393,AcquiredCo,60977,GBP,Monthly,26.4,2024-04-15,payroll,929289.48
ACQ_02781,AcquiredCo,62031,USD,Bi-Weekly,12.5,2024-03-24,payroll,1612806.0
ACQ_02616,AcquiredCo,70807,EUR,Annual,9.4,2023-04-11,payroll,76471.56000000001
ACQ_00375,AcquiredCo,139760,USD,Bi-Weekly,15.6,2024-06-24,payroll,3633760.0
ACQ_02845,AcquiredCo,69991,EUR,Bi-Weekly,22.5,2024-07-02,payroll,1965347.28
ACQ_00510,AcquiredCo,"£73,054",GBP,Monthly,25.5,2024-11-07,payroll,1113342.96
ACQ_02075,AcquiredCo,68084,GBP,Monthly,3.0,2024-12-09,payroll,1037600.16
ACQ_02160,AcquiredCo,113130,USD,Bi-Weekly,17.0,2023-07-03,payroll,2941380.0
ACQ_02536,AcquiredCo,92248,USD,Bi-Weekly,3.3,2023-11-05,payroll,2398448.0
ACQ_02412,AcquiredCo,95350,GBP,Monthly,2.0,2024-06-09,payroll,1453134.0
ACQ_01504,AcquiredCo,46990,EUR,Annual,23.3,2023-05-14,payroll,50749.200000000004
ACQ_00662,AcquiredCo,74446,EUR,Bi-Weekly,7.8,2024-02-07,payroll,2090443.6800000002
ACQ_01312,AcquiredCo,79747,EUR,Monthly,12.1,2023-02-18,payroll,1033521.1200000001
ACQ_01341,AcquiredCo,41294,GBP,Monthly,17.5,2023-06-23,payroll,629320.56
ACQ_01456,AcquiredCo,68986,USD,Monthly,27.7,2023-05-13,payroll,827832.0
ACQ_02937,AcquiredCo,146377,USD,Annual,29.4,2023-11-10,payroll,146377.0
ACQ_02457,AcquiredCo,73640,GBP,Monthly,21.9,2024-05-05,payroll,1122273.6
ACQ_02693,AcquiredCo,76979,USD,Bi-Weekly,6.8,2023-03-02,payroll,2001454.0
ACQ_02170,AcquiredCo,76254,GBP,Bi-Weekly,15.7,2023-03-12,payroll,2517907.08
ACQ_02805,AcquiredCo,87696,GBP,Bi-Weekly,13.1,2024-02-18,payroll,2895721.92
ACQ_01668,AcquiredCo,135656,EUR,Monthly,12.0,2023-05-07,payroll,1758101.76
ACQ_01546,AcquiredCo,82388,EUR,Annual,28.4,2023-01-18,payroll,88979.04000000001
ACQ_02848,AcquiredCo,100150,USD,Monthly,12.3,2023-01-29,payroll,1201800.0
ACQ_02309,AcquiredCo,158236,USD,Annual,5.9,2023-08-04,payroll,158236.0
ACQ_02657,AcquiredCo,"£45,664",GBP,Annual,28.5,2024-01-03,payroll,57993.28
ACQ_02402,AcquiredCo,63029,USD,Monthly,0.8,2024-06-15,payroll,756348.0
ACQ_01157,AcquiredCo,153460,USD,Monthly,1.8,2023-10-16,payroll,1841520.0
ACQ_01298,AcquiredCo,97572,EUR,Annual,22.8,2023-11-01,payroll,105377.76000000001
ACQ_02185,AcquiredCo,130698,EUR,Monthly,0.8,2023-10-27,payroll,1693846.08
ACQ_01119,AcquiredCo,63229,EUR,Monthly,11.7,2024-11-13,payroll,819447.8400000001
ACQ_02528,AcquiredCo,94231,GBP,Annual,24.5,2024-02-26,payroll,119673.37
ACQ_00512,AcquiredCo,133620,USD,Monthly,17.7,2023-01-08,payroll,1603440.0
ACQ_02020,AcquiredCo,98831,EUR,Bi-Weekly,27.3,2023-02-26,payroll,2775174.48
ACQ_00859,AcquiredCo,81168,GBP,Annual,26.4,2023-12-13,payroll,103083.36
ACQ_01888,AcquiredCo,126388,USD,Annual,22.1,2024-05-27,payroll,126388.0
ACQ_02159,AcquiredCo,90312,GBP,Bi-Weekly,2.1,2023-12-14,payroll,2982102.24
ACQ_02048,AcquiredCo,128322,USD,Monthly,1.9,2024-07-16,payroll,1539864.0
ACQ_01073,AcquiredCo,83740,USD,Monthly,0.3,2024-10-17,payroll,1004880.0
ACQ_02585,AcquiredCo,142694,USD,Monthly,7.5,2024-11-17,payroll,1712328.0
ACQ_01038,AcquiredCo,78715,USD,Bi-Weekly,2.1,2023-09-12,payroll,2046590.0
ACQ_02495,AcquiredCo,54191,EUR,Monthly,23.6,2023-05-08,payroll,702315.3600000001
ACQ_01927,AcquiredCo,103080,GBP,Annual,22.3,2024-03-24,payroll,130911.6
ACQ_01632,AcquiredCo,78831,USD,Monthly,21.6,2023-12-25,payroll,945972.0
ACQ_02402,AcquiredCo,52667,GBP,Bi-Weekly,25.7,2023-07-17,payroll,1739064.34
ACQ_01492,AcquiredCo,102338,EUR,Bi-Weekly,3.1,2023-04-16,payroll,2873651.04
ACQ_01178,AcquiredCo,76724,GBP,Annual,5.5,2023-01-06,payroll,97439.48
ACQ_02930,AcquiredCo,152340,EUR,Monthly,16.0,2024-07-26,payroll,1974326.4000000001
ACQ_02195,AcquiredCo,58240,EUR,Bi-Weekly,14.9,2023-12-16,payroll,1635379.2000000002
ACQ_00660,AcquiredCo,101499,EUR,Bi-Weekly,26.6,2024-05-04,payroll,2850091.9200000004
ACQ_02972,AcquiredCo,46889,GBP,Bi-Weekly,17.5,2023-08-05,payroll,1548274.78
ACQ_02188,AcquiredCo,58374,EUR,Monthly,18.0,2023-05-04,payroll,756527.04
ACQ_02978,AcquiredCo,76971,USD,Monthly,28.4,2023-08-19,payroll,923652.0
ACQ_01899,AcquiredCo,59120,EUR,Annual,15.9,2024-02-02,payroll,63849.600000000006
ACQ_00514,AcquiredCo,125403,USD,Monthly,25.7,2024-11-29,payroll,1504836.0
ACQ_02595,AcquiredCo,130477,EUR,Annual,3.0,2023-04-25,payroll,140915.16
ACQ_01504,AcquiredCo,44785,GBP,Bi-Weekly,9.1,2024-12-25,payroll,1478800.7
ACQ_02124,AcquiredCo,102048,GBP,Monthly,18.5,2023-04-17,payroll,1555211.52
ACQ_02720,AcquiredCo,"£77,859",GBP,Annual,5.6,2023-05-19,payroll,98880.93000000001
ACQ_01455,AcquiredCo,92880,USD,Annual,18.3,2023-07-01,payroll,92880.0
ACQ_02103,AcquiredCo,146899,USD,Bi-Weekly,17.7,2023-03-29,payroll,3819374.0
ACQ_02402,AcquiredCo,"£61,116",GBP,Bi-Weekly,26.2,2024-12-23,payroll,2018050.32
ACQ_02580,AcquiredCo,140188,USD,Monthly,20.0,2023-07-29,payroll,1682256.0
ACQ_02394,AcquiredCo,58282,USD,Bi-Weekly,0.3,2023-04-20,payroll,1515332.0
ACQ_01453,AcquiredCo,112157,GBP,Annual,2.6,2024-12-14,payroll,142439.39
ACQ_02872,AcquiredCo,81830,GBP,Annual,27.0,2023-06-07,payroll,103924.1
ACQ_01049,AcquiredCo,105590,USD,Annual,23.3,2024-01-20,payroll,105590.0
ACQ_02721,AcquiredCo,136997,EUR,Annual,22.4,2023-05-10,payroll,147956.76
ACQ_02341,AcquiredCo,51428,GBP,Annual,1.4,2024-01-04,payroll,65313.56
ACQ_01193,AcquiredCo,122793,EUR,Annual,1.3,2023-04-16,payroll,132616.44
ACQ_01927,AcquiredCo,91131,GBP,Monthly,26.9,2024-10-22,payroll,1388836.44
ACQ_00774,AcquiredCo,127170,USD,Monthly,18.4,2024-01-01,payroll,1526040.0
ACQ_00375,AcquiredCo,54012,GBP,Annual,11.4,2023-11-23,payroll,68595.24
ACQ_00566,AcquiredCo,153920,EUR,Annual,21.1,2024-08-01,payroll,166233.6
ACQ_01557,AcquiredCo,81122,GBP,Annual,4.9,2023-01-07,payroll,103024.94
ACQ_01782,AcquiredCo,148457,USD,Bi-Weekly,10.6,2023-10-30,payroll,3859882.0
ACQ_01577,AcquiredCo,98360,GBP,Monthly,8.3,2024-10-07,payroll,1499006.4
ACQ_02791,AcquiredCo,47492,GBP,Monthly,14.3,2023-05-20,payroll,723778.08
ACQ_02420,AcquiredCo,117116,GBP,Bi-Weekly,21.5,2024-10-15,payroll,3867170.32
ACQ_01423,AcquiredCo,78265,EUR,Bi-Weekly,0.1,2024-03-02,payroll,2197681.2
ACQ_02677,AcquiredCo,87677,GBP,Monthly,1.8,2024-02-13,payroll,1336197.48
ACQ_02112,AcquiredCo,82548,GBP,Annual,22.5,2023-12-14,payroll,104835.96
ACQ_02647,AcquiredCo,55820,GBP,Bi-Weekly,24.7,2023-04-17,payroll,1843176.4000000001
ACQ_02812,AcquiredCo,116610,USD,Monthly,1.1,2023-09-14,payroll,1399320.0
ACQ_01209,AcquiredCo,65380,GBP,Monthly,0.1,2024-07-04,payroll,996391.2000000001
ACQ_02831,AcquiredCo,89372,EUR,Monthly,16.8,2024-06-08,payroll,1158261.12
ACQ_02473,AcquiredCo,100181,GBP,Bi-Weekly,29.8,2024-03-15,payroll,3307976.62
ACQ_01079,AcquiredCo,79158,EUR,Monthly,10.0,2024-12-30,payroll,1025887.68
ACQ_02470,AcquiredCo,80557,USD,Monthly,22.5,2024-04-20,payroll,966684.0
ACQ_02794,AcquiredCo,91191,USD,Annual,2.1,2024-05-12,payroll,91191.0
ACQ_00448,AcquiredCo,86945,USD,Annual,22.2,2023-09-18,payroll,86945.0
ACQ_01492,AcquiredCo,90719,EUR,Monthly,10.1,2023-01-02,payroll,1175718.24
ACQ_00284,AcquiredCo,145062,USD,Annual,16.8,2024-05-12,payroll,145062.0
ACQ_01677,AcquiredCo,97851,EUR,Monthly,18.0,2023-09-05,payroll,1268148.9600000002
ACQ_02201,AcquiredCo,59280,GBP,Monthly,23.6,2023-09-15,payroll,903427.2000000001
ACQ_02592,AcquiredCo,143479,USD,Bi-Weekly,4.3,2024-04-04,payroll,3730454.0
ACQ_02512,AcquiredCo,65412,GBP,Annual,14.3,2023-02-13,payroll,83073.24
ACQ_01860,AcquiredCo,75911,EUR,Annual,12.2,2023-07-15,payroll,81983.88
ACQ_02085,AcquiredCo,61392,GBP,Bi-Weekly,10.8,2024-10-26,payroll,2027163.84
ACQ_02125,AcquiredCo,"€102,619",EUR,Annual,29.0,2023-05-09,payroll,110828.52
ACQ_02638,AcquiredCo,95113,USD,Monthly,24.5,2024-03-16,payroll,1141356.0
ACQ_02281,AcquiredCo,86797,USD,Annual,19.3,2024-05-07,payroll,86797.0
ACQ_01091,AcquiredCo,114948,USD,Monthly,16.3,2023-08-16,payroll,1379376.0
ACQ_00925,AcquiredCo,56882,GBP,Bi-Weekly,9.1,2024-10-09,payroll,1878243.6400000001
ACQ_01557,AcquiredCo,61325,USD,Annual,20.9,2024-09-17,payroll,61325.0
ACQ_01735,AcquiredCo,134140,EUR,Monthly,27.5,2024-11-29,payroll,1738454.4000000001
ACQ_01903,AcquiredCo,111852,GBP,Annual,25.9,2024-07-07,payroll,142052.04
ACQ_02777,AcquiredCo,106140,GBP,Annual,29.4,2024-04-20,payroll,134797.8
ACQ_01715,AcquiredCo,122015,EUR,Monthly,11.1,2024-03-05,payroll,1581314.4000000001
ACQ_02623,AcquiredCo,68353,USD,Bi-Weekly,19.9,2023-02-07,payroll,1777178.0
ACQ_02325,AcquiredCo,87783,GBP,Annual,3.6,2024-06-24,payroll,111484.41
ACQ_01298,AcquiredCo,108143,USD,Bi-Weekly,28.7,2024-06-19,payroll,2811718.0
ACQ_02199,AcquiredCo,109916,USD,Annual,29.2,2023-03-12,payroll,109916.0
ACQ_02872,AcquiredCo,100494,USD,Bi-Weekly,16.5,2023-02-09,payroll,2612844.0
ACQ_02199,AcquiredCo,118585,EUR,Monthly,7.9,2023-10-12,payroll,1536861.6
ACQ_01178,AcquiredCo,"£99,792",GBP,Bi-Weekly,5.2,2023-01-11,payroll,3295131.84
ACQ_01996,AcquiredCo,59757,EUR,Annual,28.6,2023-04-30,payroll,64537.560000000005
ACQ_02216,AcquiredCo,110220,USD,Bi-Weekly,24.7,2023-11-08,payroll,2865720.0
ACQ_02219,AcquiredCo,99668,GBP,Bi-Weekly,17.6,2023-02-12,payroll,3291037.36
ACQ_01178,AcquiredCo,122169,GBP,Annual,8.0,2023-02-05,payroll,155154.63
ACQ_00761,AcquiredCo,82057,USD,Monthly,4.5,2023-01-30,payroll,984684.0
ACQ_02208,AcquiredCo,90791,USD,Monthly,24.5,2023-07-18,payroll,1089492.0
ACQ_01972,AcquiredCo,53693,USD,Bi-Weekly,29.1,2023-03-11,payroll,1396018.0
ACQ_02554,AcquiredCo,"£100,111",GBP,Annual,28.8,2024-09-11,payroll,127140.97
ACQ_02785,AcquiredCo,115083,USD,Bi-Weekly,22.1,2023-02-05,payroll,2992158.0
ACQ_02162,AcquiredCo,100211,EUR,Annual,10.5,2024-06-08,payroll,108227.88
ACQ_01878,AcquiredCo,51253,GBP,Monthly,25.0,2023-10-19,payroll,781095.72
ACQ_02595,AcquiredCo,105363,GBP,Bi-Weekly,17.0,2024-07-13,payroll,3479086.2600000002
ACQ_02968,AcquiredCo,50148,GBP,Annual,7.2,2024-12-08,payroll,63687.96
ACQ_00558,AcquiredCo,95972,USD,Monthly,18.7,2023-02-01,payroll,1151664.0
ACQ_01624,AcquiredCo,107770,GBP,Bi-Weekly,17.5,2024-08-12,payroll,3558565.4
ACQ_02486,AcquiredCo,83207,EUR,Annual,2.7,2024-06-23,payroll,89863.56000000001
ACQ_02906,AcquiredCo,131374,EUR,Monthly,1.2,2023-01-10,payroll,1702607.04
ACQ_01969,AcquiredCo,127072,EUR,Annual,2.3,2024-04-07,payroll,137237.76
ACQ_02852,AcquiredCo,89310,GBP,Annual,17.8,2023-02-11,payroll,113423.7
ACQ_01792,AcquiredCo,101694,EUR,Monthly,25.6,2023-11-09,payroll,1317954.24
ACQ_01237,AcquiredCo,"£115,101",GBP,Monthly,0.2,2023-05-01,payroll,1754139.24
ACQ_02505,AcquiredCo,123958,EUR,Bi-Weekly,17.7,2024-03-06,payroll,3480740.64
ACQ_02070,AcquiredCo,46306,GBP,Monthly,10.3,2023-03-22,payroll,705703.4400000001
ACQ_01495,AcquiredCo,137385,USD,Monthly,29.7,2023-12-05,payroll,1648620.0
ACQ_01975,AcquiredCo,97700,GBP,Annual,1.4,2023-06-19,payroll,124079.0
ACQ_01124,AcquiredCo,79517,USD,Annual,10.0,2023-11-18,payroll,79517.0
ACQ_01298,AcquiredCo,179900,USD,Annual,26.6,2024-05-03,payroll,179900.0
ACQ_02848,AcquiredCo,110530,GBP,Annual,25.0,2024-07-01,payroll,140373.1
ACQ_01638,AcquiredCo,93064,USD,Annual,5.6,2023-08-29,payroll,93064.0
ACQ_02256,AcquiredCo,53846,EUR,Bi-Weekly,10.1,2023-05-13,payroll,1511995.6800000002
ACQ_00725,AcquiredCo,106852,GBP,Bi-Weekly,28.0,2023-04-12,payroll,3528253.04
ACQ_02712,AcquiredCo,113629,GBP,Monthly,24.6,2023-05-04,payroll,1731705.96
ACQ_01872,AcquiredCo,86291,USD,Bi-Weekly,29.0,2024-12-11,payroll,2243566.0
ACQ_02942,AcquiredCo,86437,GBP,Bi-Weekly,9.9,2023-10-25,payroll,2854149.74
ACQ_02184,AcquiredCo,93868,USD,Bi-Weekly,13.6,2023-05-20,payroll,2440568.0
ACQ_02849,AcquiredCo,"$134,827",USD,Annual,15.2,2024-10-09,payroll,134827.0
ACQ_02601,AcquiredCo,153227,USD,Monthly,23.2,2024-03-07,payroll,1838724.0
ACQ_01567,AcquiredCo,81824,GBP,Monthly,9.4,2024-05-01,payroll,1246997.76
ACQ_01009,AcquiredCo,64084,GBP,Bi-Weekly,12.5,2024-02-28,payroll,2116053.68
ACQ_02780,AcquiredCo,139519,EUR,Monthly,8.9,2023-07-09,payroll,1808166.2400000002
ACQ_02972,AcquiredCo,96232,USD,Bi-Weekly,26.2,2023-02-17,payroll,2502032.0
ACQ_02970,AcquiredCo,146787,USD,Monthly,13.1,2023-06-16,payroll,1761444.0
ACQ_01048,AcquiredCo,64512,USD,Monthly,13.3,2023-01-06,payroll,774144.0
ACQ_01206,AcquiredCo,139650,USD,Bi-Weekly,18.1,2024-08-30,payroll,3630900.0
ACQ_02745,AcquiredCo,64266,GBP,Annual,29.5,2023-12-20,payroll,81617.82
ACQ_02392,AcquiredCo,127698,USD,Monthly,8.0,2024-12-11,payroll,1532376.0
ACQ_01270,AcquiredCo,123735,USD,Bi-Weekly,21.6,2024-07-21,payroll,3217110.0
ACQ_02340,AcquiredCo,99889,GBP,Annual,25.4,2024-04-11,payroll,126859.03
ACQ_02770,AcquiredCo,86817,USD,Bi-Weekly,9.4,2024-10-26,payroll,2257242.0
ACQ_02412,AcquiredCo,134550,EUR,Annual,4.9,2023-09-10,payroll,145314.0
ACQ_01902,AcquiredCo,149820,USD,Bi-Weekly,6.4,2024-03-08,payroll,3895320.0
ACQ_02159,AcquiredCo,79296,USD,Monthly,19.0,2024-01-03,payroll,951552.0
ACQ_01288,AcquiredCo,96487,USD,Annual,21.9,2023-01-09,payroll,96487.0
ACQ_02989,AcquiredCo,181659,EUR,Annual,2.4,2023-12-13,payroll,196191.72
ACQ_00204,AcquiredCo,69865,EUR,Annual,15.2,2024-11-02,payroll,75454.20000000001
ACQ_02414,AcquiredCo,120457,EUR,Bi-Weekly,16.3,2024-01-31,payroll,3382432.56
ACQ_02091,AcquiredCo,"€93,403",EUR,Monthly,23.3,2024-12-10,payroll,1210502.8800000001
ACQ_02495,AcquiredCo,129868,GBP,Annual,9.6,2024-07-13,payroll,164932.36000000002
ACQ_02924,AcquiredCo,114888,GBP,Annual,27.3,2023-10-22,payroll,145907.76
ACQ_02160,AcquiredCo,131001,GBP,Monthly,10.7,2024-10-05,payroll,1996455.24
ACQ_01681,AcquiredCo,83776,USD,Monthly,0.6,2024-01-04,payroll,1005312.0
ACQ_02677,AcquiredCo,78779,EUR,Monthly,17.9,2023-08-07,payroll,1020975.8400000001
ACQ_02066,AcquiredCo,80861,EUR,Bi-Weekly,28.5,2024-11-17,payroll,2270576.8800000004
ACQ_01390,AcquiredCo,60180,EUR,Bi-Weekly,6.6,2023-09-24,payroll,1689854.4000000001
ACQ_00707,AcquiredCo,107145,EUR,Monthly,15.1,2024-12-02,payroll,1388599.2000000002
ACQ_01663,AcquiredCo,83857,EUR,Annual,18.0,2023-04-14,payroll,90565.56000000001
ACQ_01669,AcquiredCo,81996,EUR,Annual,18.1,2023-01-11,payroll,88555.68000000001
ACQ_02989,AcquiredCo,167670,USD,Annual,16.0,2023-08-20,payroll,167670.0
ACQ_01297,AcquiredCo,61666,USD,Annual,18.4,2024-02-27,payroll,61666.0
ACQ_02195,AcquiredCo,81296,GBP,Monthly,23.6,2023-02-07,payroll,1238951.04
ACQ_02361,AcquiredCo,143661,EUR,Bi-Weekly,25.8,2023-12-11,payroll,4034000.8800000004
ACQ_01041,AcquiredCo,58630,EUR,Bi-Weekly,9.9,2023-08-09,payroll,1646330.4000000001
ACQ_02355,AcquiredCo,144091,USD,Bi-Weekly,12.2,2024-06-11,payroll,3746366.0
ACQ_02522,AcquiredCo,128671,EUR,Annual,26.7,2024-07-30,payroll,138964.68000000002
ACQ_00784,AcquiredCo,71679,GBP,Annual,24.1,2023-03-19,payroll,91032.33
ACQ_02185,AcquiredCo,46485,GBP,Monthly,15.8,2023-08-21,payroll,708431.4
ACQ_00284,AcquiredCo,71656,EUR,Annual,4.3,2023-04-27,payroll,77388.48000000001
ACQ_01615,AcquiredCo,82001,EUR,Bi-Weekly,2.5,2023-04-11,payroll,2302588.08
ACQ_02938,AcquiredCo,81548,EUR,Annual,4.6,2023-03-22,payroll,88071.84000000001
ACQ_01681,AcquiredCo,93542,EUR,Monthly,1.3,2024-06-19,payroll,1212304.32
ACQ_01447,AcquiredCo,68024,USD,Bi-Weekly,0.1,2024-11-15,payroll,1768624.0
ACQ_02415,AcquiredCo,137969,USD,Monthly,11.4,2024-11-05,payroll,1655628.0
ACQ_02200,AcquiredCo,67558,USD,Annual,3.5,2024-07-21,payroll,67558.0
ACQ_02762,AcquiredCo,91505,USD,Annual,19.3,2023-08-03,payroll,91505.0
ACQ_02480,AcquiredCo,105948,USD,Monthly,26.2,2024-09-17,payroll,1271376.0
ACQ_02660,AcquiredCo,132813,USD,Annual,8.1,2024-02-21,payroll,132813.0
ACQ_02833,AcquiredCo,137212,EUR,Monthly,8.2,2024-12-24,payroll,1778267.52
ACQ_02468,AcquiredCo,97321,USD,Annual,23.7,2023-07-16,payroll,97321.0
ACQ_01209,AcquiredCo,48480,EUR,Bi-Weekly,20.9,2024-07-15,payroll,1361318.4000000001
ACQ_01911,AcquiredCo,95180,GBP,Annual,11.7,2023-10-20,payroll,120878.6
ACQ_01214,AcquiredCo,96035,GBP,Annual,10.0,2024-08-06,payroll,121964.45
ACQ_02744,AcquiredCo,47975,EUR,Annual,21.9,2023-10-12,payroll,51813.0
ACQ_02841,AcquiredCo,"£131,100",GBP,Annual,22.8,2024-07-21,payroll,166497.0
ACQ_01049,AcquiredCo,112664,USD,Annual,22.8,2023-10-14,payroll,112664.0
ACQ_02414,AcquiredCo,77936,EUR,Bi-Weekly,14.9,2023-12-30,payroll,2188442.8800000004
ACQ_00693,AcquiredCo,104483,USD,Annual,28.5,2024-01-26,payroll,104483.0
ACQ_02814,AcquiredCo,99973,GBP,Annual,19.3,2023-03-02,payroll,126965.71
ACQ_02852,AcquiredCo,"€114,240",EUR,Annual,19.3,2024-07-26,payroll,123379.20000000001
ACQ_02723,AcquiredCo,64824,EUR,Monthly,4.8,2024-08-28,payroll,840119.04
ACQ_02155,AcquiredCo,99623,USD,Bi-Weekly,24.6,2024-12-03,payroll,2590198.0
ACQ_02365,AcquiredCo,68699,GBP,Bi-Weekly,6.2,2023-08-17,payroll,2268440.98
ACQ_02617,AcquiredCo,95633,EUR,Monthly,12.2,2023-05-22,payroll,1239403.6800000002
ACQ_02012,AcquiredCo,64657,USD,Monthly,7.5,2024-03-10,payroll,775884.0
ACQ_01534,AcquiredCo,114739,EUR,Monthly,3.8,2024-05-23,payroll,1487017.4400000002
ACQ_01637,AcquiredCo,147759,USD,Bi-Weekly,21.9,2024-03-23,payroll,3841734.0
ACQ_02743,AcquiredCo,110813,USD,Annual,9.3,2024-06-05,payroll,110813.0
ACQ_01978,AcquiredCo,133773,USD,Monthly,26.2,2023-05-08,payroll,1605276.0
ACQ_02325,AcquiredCo,117417,EUR,Bi-Weekly,3.1,2024-11-08,payroll,3297069.3600000003
ACQ_02162,AcquiredCo,95392,USD,Bi-Weekly,24.7,2024-02-21,payroll,2480192.0
ACQ_01436,AcquiredCo,109243,EUR,Bi-Weekly,23.6,2023-04-13,payroll,3067543.4400000004
ACQ_01041,AcquiredCo,137481,USD,Annual,14.3,2023-09-30,payroll,137481.0
ACQ_01952,AcquiredCo,"$129,245",USD,Bi-Weekly,5.3,2024-02-13,payroll,3360370.0
ACQ_02480,AcquiredCo,122696,USD,Monthly,27.4,2024-11-24,payroll,1472352.0
ACQ_02638,AcquiredCo,57256,USD,Annual,9.7,2023-10-19,payroll,57256.0
ACQ_00919,AcquiredCo,57237,GBP,Annual,17.1,2023-04-05,payroll,72690.99
ACQ_00945,AcquiredCo,42210,GBP,Monthly,16.6,2023-03-29,payroll,643280.4
ACQ_01178,AcquiredCo,93843,EUR,Monthly,21.4,2023-09-07,payroll,1216205.28
ACQ_01514,AcquiredCo,53189,USD,Monthly,6.6,2024-07-09,payroll,638268.0
ACQ_02295,AcquiredCo,79726,EUR,Monthly,5.8,2023-04-25,payroll,1033248.9600000001
ACQ_02216,AcquiredCo,127205,EUR,Bi-Weekly,6.0,2024-11-23,payroll,3571916.4000000004
ACQ_00222,AcquiredCo,117191,GBP,Monthly,19.8,2024-11-10,payroll,1785990.84
ACQ_02906,AcquiredCo,125380,EUR,Annual,15.3,2023-10-01,payroll,135410.40000000002
ACQ_01079,AcquiredCo,66183,GBP,Bi-Weekly,23.4,2023-09-10,payroll,2185362.66
ACQ_01915,AcquiredCo,179445,EUR,Monthly,27.0,2023-07-12,payroll,2325607.2
ACQ_02486,AcquiredCo,109011,GBP,Annual,27.8,2023-06-04,payroll,138443.97
ACQ_02496,AcquiredCo,82544,GBP,Monthly,8.6,2023-07-30,payroll,1257970.56
ACQ_02770,AcquiredCo,102030,EUR,Bi-Weekly,22.2,2024-11-23,payroll,2865002.4000000004
ACQ_01952,AcquiredCo,"£65,793",GBP,Annual,22.4,2023-05-23,payroll,83557.11
ACQ_02155,AcquiredCo,66536,USD,Bi-Weekly,17.8,2023-12-28,payroll,1729936.0
ACQ_01561,AcquiredCo,69934,GBP,Bi-Weekly,12.6,2024-09-12,payroll,2309220.68
ACQ_02056,AcquiredCo,"$175,470",USD,Monthly,12.5,2023-07-27,payroll,2105640.0
ACQ_01542,AcquiredCo,43298,GBP,Monthly,28.3,2023-04-01,payroll,659861.52
ACQ_02079,AcquiredCo,124024,GBP,Bi-Weekly,24.7,2023-05-09,payroll,4095272.48
ACQ_02762,AcquiredCo,129374,GBP,Bi-Weekly,3.4,2023-10-06,payroll,4271929.48
ACQ_00764,AcquiredCo,55818,GBP,Annual,10.3,2024-08-11,payroll,70888.86
ACQ_02753,AcquiredCo,112272,USD,Monthly,12.4,2023-09-08,payroll,1347264.0
ACQ_01679,AcquiredCo,117647,GBP,Bi-Weekly,21.9,2024-04-06,payroll,3884703.94
ACQ_02195,AcquiredCo,109912,EUR,Annual,26.1,2024-12-25,payroll,118704.96
ACQ_02989,AcquiredCo,129260,EUR,Bi-Weekly,11.0,2024-09-29,payroll,3629620.8000000003
ACQ_02355,AcquiredCo,117858,GBP,Monthly,24.9,2023-04-23,payroll,1796155.92
ACQ_01199,AcquiredCo,58723,EUR,Monthly,22.3,2023-08-05,payroll,761050.0800000001
ACQ_02188,AcquiredCo,"£89,849",GBP,Monthly,14.7,2023-10-23,payroll,1369298.76
ACQ_01698,AcquiredCo,105653,USD,Bi-Weekly,23.5,2024-09-27,payroll,2746978.0
ACQ_01083,AcquiredCo,86288,GBP,Monthly,25.0,2024-10-26,payroll,1315029.12
ACQ_01406,AcquiredCo,"€101,305",EUR,Monthly,3.8,2024-01-30,payroll,1312912.8
ACQ_02080,AcquiredCo,64449,USD,Bi-Weekly,11.4,2024-02-11,payroll,1675674.0
ACQ_00996,AcquiredCo,146656,EUR,Annual,11.8,2023-12-08,payroll,158388.48
ACQ_02208,AcquiredCo,119572,EUR,Annual,18.3,2023-09-20,payroll,129137.76000000001
ACQ_01624,AcquiredCo,104473,EUR,Bi-Weekly,21.5,2023-08-27,payroll,2933601.8400000003
ACQ_01865,AcquiredCo,76959,USD,Annual,18.5,2023-11-12,payroll,76959.0
ACQ_01514,AcquiredCo,51739,USD,Bi-Weekly,14.2,2023-08-16,payroll,1345214.0
ACQ_01233,AcquiredCo,83651,USD,Bi-Weekly,27.6,2024-09-16,payroll,2174926.0
ACQ_01532,AcquiredCo,56019,USD,Annual,13.6,2024-07-31,payroll,56019.0
ACQ_02916,AcquiredCo,82233,GBP,Annual,23.9,2024-05-09,payroll,104435.91
ACQ_01178,AcquiredCo,50107,USD,Monthly,9.1,2024-05-12,payroll,601284.0
ACQ_02553,AcquiredCo,83713,EUR,Annual,18.5,2023-04-24,payroll,90410.04000000001
ACQ_02720,AcquiredCo,48811,EUR,Bi-Weekly,19.5,2023-03-24,payroll,1370612.8800000001
ACQ_02543,AcquiredCo,"£80,670",GBP,Annual,14.2,2024-09-26,payroll,102450.9
ACQ_01913,AcquiredCo,122153,EUR,Annual,22.5,2023-01-12,payroll,131925.24000000002
ACQ_02112,AcquiredCo,72652,GBP,Monthly,13.7,2024-11-26,payroll,1107216.48
ACQ_01778,AcquiredCo,140659,USD,Annual,5.7,2024-11-18,payroll,140659.0
ACQ_02583,AcquiredCo,92931,EUR,Monthly,10.9,2024-02-24,payroll,1204385.76
ACQ_02580,AcquiredCo,158986,USD,Monthly,6.8,2024-09-13,payroll,1907832.0
ACQ_01709,AcquiredCo,70492,EUR,Monthly,13.4,2023-02-20,payroll,913576.3200000001
ACQ_02415,AcquiredCo,62857,USD,Annual,13.2,2024-10-13,payroll,62857.0
ACQ_00566,AcquiredCo,84836,GBP,Monthly,4.4,2024-01-03,payroll,1292900.6400000001
ACQ_02149,AcquiredCo,73278,EUR,Annual,16.5,2024-07-27,payroll,79140.24
ACQ_02321,AcquiredCo,115487,USD,Bi-Weekly,22.4,2023-02-03,payroll,3002662.0
ACQ_02161,AcquiredCo,85952,GBP,Monthly,14.8,2023-08-18,payroll,1309908.48
ACQ_02456,AcquiredCo,146109,USD,Monthly,26.6,2023-12-09,payroll,1753308.0
ACQ_01983,AcquiredCo,40314,GBP,Monthly,18.2,2024-06-17,payroll,614385.36
ACQ_02496,AcquiredCo,47695,GBP,Monthly,9.3,2024-11-09,payroll,726871.8
ACQ_02710,AcquiredCo,91169,USD,Bi-Weekly,17.2,2023-01-11,payroll,2370394.0
ACQ_01888,AcquiredCo,111156,USD,Annual,2.3,2023-07-14,payroll,111156.0
ACQ_02986,AcquiredCo,85628,EUR,Monthly,15.7,2023-02-22,payroll,1109738.8800000001
ACQ_01972,AcquiredCo,64457,EUR,Annual,7.9,2023-12-25,payroll,69613.56
ACQ_01486,AcquiredCo,75472,GBP,Annual,21.6,2023-08-28,payroll,95849.44
ACQ_02326,AcquiredCo,111754,GBP,Annual,18.7,2023-07-02,payroll,141927.58000000002
ACQ_02554,AcquiredCo,52032,EUR,Annual,6.8,2024-12-31,payroll,56194.560000000005
ACQ_01667,AcquiredCo,56286,GBP,Annual,7.5,2023-10-13,payroll,71483.22
ACQ_02209,AcquiredCo,45369,GBP,Bi-Weekly,19.9,2023-04-09,payroll,1498084.3800000001
ACQ_01496,AcquiredCo,133129,USD,Monthly,27.6,2024-01-13,payroll,1597548.0
ACQ_00529,AcquiredCo,103490,GBP,Monthly,1.6,2023-10-30,payroll,1577187.6
ACQ_01704,AcquiredCo,89374,GBP,Monthly,29.7,2024-11-20,payroll,1362059.76
ACQ_02340,AcquiredCo,64155,EUR,Bi-Weekly,25.7,2024-08-25,payroll,1801472.4000000001
ACQ_02970,AcquiredCo,77824,GBP,Monthly,23.4,2024-12-19,payroll,1186037.76
ACQ_02434,AcquiredCo,52216,GBP,Annual,24.2,2024-03-24,payroll,66314.32
ACQ_01252,AcquiredCo,78816,USD,Annual,26.7,2024-09-06,payroll,78816.0
ACQ_00963,AcquiredCo,71836,GBP,Monthly,13.5,2024-06-10,payroll,1094780.6400000001
ACQ_02042,AcquiredCo,83625,USD,Bi-Weekly,14.4,2023-06-12,payroll,2174250.0
ACQ_02125,AcquiredCo,133509,GBP,Bi-Weekly,6.1,2023-07-23,payroll,4408467.18
ACQ_01209,AcquiredCo,102588,GBP,Bi-Weekly,5.6,2024-06-28,payroll,3387455.7600000002
ACQ_00858,AcquiredCo,51069,GBP,Monthly,5.4,2023-06-08,payroll,778291.56
ACQ_01102,AcquiredCo,79928,GBP,Monthly,27.3,2024-08-21,payroll,1218102.72
ACQ_02906,AcquiredCo,93468,GBP,Bi-Weekly,14.5,2024-11-10,payroll,3086313.36
ACQ_00171,AcquiredCo,120930,EUR,Monthly,7.3,2023-06-01,payroll,1567252.8
ACQ_01552,AcquiredCo,73014,GBP,Annual,27.0,2023-02-19,payroll,92727.78
ACQ_01504,AcquiredCo,127204,USD,Annual,3.4,2024-11-16,payroll,127204.0
ACQ_02864,AcquiredCo,81416,USD,Bi-Weekly,14.7,2024-11-30,payroll,2116816.0
ACQ_01048,AcquiredCo,93167,GBP,Bi-Weekly,12.2,2023-05-13,payroll,3076374.34
ACQ_02970,AcquiredCo,148284,USD,Monthly,10.9,2023-02-08,payroll,1779408.0
ACQ_00078,AcquiredCo,124416,EUR,Bi-Weekly,12.8,2023-09-22,payroll,3493601.2800000003
ACQ_02538,AcquiredCo,97768,EUR,Annual,6.4,2024-03-15,payroll,105589.44
ACQ_02152,AcquiredCo,97497,EUR,Monthly,17.7,2023-09-01,payroll,1263561.12
ACQ_02571,AcquiredCo,130343,USD,Monthly,25.3,2024-01-20,payroll,1564116.0
ACQ_01878,AcquiredCo,78784,USD,Bi-Weekly,22.2,2023-07-21,payroll,2048384.0
ACQ_01677,AcquiredCo,124410,EUR,Annual,28.3,2024-01-23,payroll,134362.80000000002
ACQ_02710,AcquiredCo,94351,USD,Annual,23.2,2023-02-13,payroll,94351.0
ACQ_02978,AcquiredCo,191629,EUR,Bi-Weekly,15.7,2024-05-11,payroll,5380942.32
ACQ_02321,AcquiredCo,135595,EUR,Monthly,24.6,2024-06-28,payroll,1757311.2000000002
ACQ_01157,AcquiredCo,96515,GBP,Monthly,6.8,2023-08-26,payroll,1470888.6
ACQ_02195,AcquiredCo,108856,GBP,Annual,5.0,2023-09-24,payroll,138247.12
ACQ_02471,AcquiredCo,134935,EUR,Monthly,7.8,2023-09-23,payroll,1748757.6
ACQ_02794,AcquiredCo,93203,USD,Bi-Weekly,18.4,2024-01-08,payroll,2423278.0
ACQ_02496,AcquiredCo,149705,USD,Bi-Weekly,25.7,2024-09-06,payroll,3892330.0
ACQ_01191,AcquiredCo,84955,USD,Monthly,19.5,2024-03-16,payroll,1019460.0
ACQ_02586,AcquiredCo,113745,EUR,Monthly,9.9,2023-07-16,payroll,1474135.2000000002
ACQ_00514,AcquiredCo,113950,USD,Annual,18.8,2023-10-03,payroll,113950.0
ACQ_01957,AcquiredCo,119989,EUR,Annual,19.6,2023-10-15,payroll,129588.12000000001
ACQ_02791,AcquiredCo,44317,GBP,Annual,16.3,2023-11-22,payroll,56282.590000000004
ACQ_02986,AcquiredCo,132304,GBP,Annual,26.7,2024-05-07,payroll,168026.08000000002
ACQ_01401,AcquiredCo,81412,GBP,Annual,20.0,2024-10-12,payroll,103393.24
ACQ_02966,AcquiredCo,81884,EUR,Monthly,8.1,2024-06-26,payroll,1061216.6400000001
ACQ_01885,AcquiredCo,57373,GBP,Monthly,22.3,2024-11-21,payroll,874364.52
ACQ_02842,AcquiredCo,63622,GBP,Monthly,3.3,2024-07-11,payroll,969599.28
ACQ_02200,AcquiredCo,49740,GBP,Monthly,5.8,2023-01-23,payroll,758037.6
ACQ_02497,AcquiredCo,73739,USD,Bi-Weekly,21.7,2024-09-10,payroll,1917214.0
ACQ_01184,AcquiredCo,50792,EUR,Annual,10.6,2023-01-02,payroll,54855.36
ACQ_01048,AcquiredCo,76943,USD,Monthly,27.0,2023-03-12,payroll,923316.0
ACQ_02831,AcquiredCo,78677,USD,Monthly,17.5,2023-03-25,payroll,944124.0
ACQ_00937,AcquiredCo,101459,EUR,Monthly,17.8,2023-01-30,payroll,1314908.6400000001
ACQ_01902,AcquiredCo,178565,EUR,Annual,10.4,2024-03-22,payroll,192850.2
ACQ_02125,AcquiredCo,106016,GBP,Bi-Weekly,9.7,2023-08-28,payroll,3500648.32
ACQ_01048,AcquiredCo,104139,USD,Monthly,5.4,2023-01-07,payroll,1249668.0
ACQ_01915,AcquiredCo,107833,EUR,Bi-Weekly,2.9,2024-06-09,payroll,3027950.64
ACQ_01952,AcquiredCo,125732,EUR,Annual,25.1,2024-06-27,payroll,135790.56
ACQ_02352,AcquiredCo,96036,GBP,Bi-Weekly,11.8,2023-03-08,payroll,3171108.72
ACQ_02649,AcquiredCo,"$70,080",USD,Bi-Weekly,23.8,2023-06-20,payroll,1822080.0
ACQ_02675,AcquiredCo,79286,USD,Monthly,12.3,2023-05-25,payroll,951432.0
ACQ_02170,AcquiredCo,90672,USD,Annual,10.6,2024-08-01,payroll,90672.0
ACQ_02078,AcquiredCo,111489,USD,Monthly,16.2,2023-11-09,payroll,1337868.0
ACQ_01569,AcquiredCo,99280,GBP,Monthly,24.4,2023-03-15,payroll,1513027.2
ACQ_01664,AcquiredCo,71787,USD,Monthly,23.3,2023-07-14,payroll,861444.0
ACQ_00170,AcquiredCo,105044,GBP,Monthly,17.7,2023-12-02,payroll,1600870.56
ACQ_02936,AcquiredCo,51814,GBP,Bi-Weekly,0.1,2023-08-30,payroll,1710898.28
ACQ_02486,AcquiredCo,148397,USD,Bi-Weekly,23.9,2024-03-10,payroll,3858322.0
ACQ_00702,AcquiredCo,126388,USD,Annual,28.8,2023-06-02,payroll,126388.0
ACQ_02656,AcquiredCo,126495,EUR,Bi-Weekly,6.1,2024-09-06,payroll,3551979.6
ACQ_02607,AcquiredCo,55041,USD,Bi-Weekly,4.0,2024-01-10,payroll,1431066.0
ACQ_02560,AcquiredCo,84341,EUR,Monthly,11.1,2023-01-07,payroll,1093059.36
ACQ_00924,AcquiredCo,112417,USD,Bi-Weekly,20.0,2024-09-18,payroll,2922842.0
ACQ_02877,AcquiredCo,57987,USD,Bi-Weekly,23.1,2024-01-28,payroll,1507662.0
ACQ_02660,AcquiredCo,55018,USD,Annual,10.2,2024-01-21,payroll,55018.0
ACQ_01423,AcquiredCo,146565,USD,Annual,17.5,2024-09-09,payroll,146565.0
ACQ_01122,AcquiredCo,110067,USD,Bi-Weekly,22.2,2024-03-25,payroll,2861742.0
ACQ_02048,AcquiredCo,93568,GBP,Monthly,18.5,2024-07-15,payroll,1425976.32
ACQ_01312,AcquiredCo,92968,GBP,Bi-Weekly,6.0,2023-08-10,payroll,3069803.36
ACQ_01326,AcquiredCo,136167,USD,Monthly,26.9,2023-10-10,payroll,1634004.0
ACQ_02965,AcquiredCo,75992,EUR,Monthly,11.0,2024-08-27,payroll,984856.3200000001
ACQ_00919,AcquiredCo,86737,EUR,Annual,24.6,2024-07-10,payroll,93675.96
ACQ_02974,AcquiredCo,"$51,239",USD,Monthly,15.8,2024-05-22,payroll,614868.0
ACQ_00946,AcquiredCo,134547,USD,Bi-Weekly,15.5,2024-01-26,payroll,3498222.0
ACQ_01388,AcquiredCo,91812,GBP,Monthly,22.6,2023-09-21,payroll,1399214.8800000001
ACQ_01698,AcquiredCo,125319,USD,Bi-Weekly,22.2,2023-03-28,payroll,3258294.0
ACQ_02554,AcquiredCo,87988,GBP,Bi-Weekly,10.8,2023-05-27,payroll,2905363.7600000002
ACQ_02372,AcquiredCo,"£89,972",GBP,Annual,11.9,2024-02-01,payroll,114264.44
ACQ_01664,AcquiredCo,128030,USD,Bi-Weekly,27.7,2024-09-27,payroll,3328780.0
ACQ_02219,AcquiredCo,132387,USD,Bi-Weekly,2.9,2023-04-09,payroll,3442062.0
ACQ_01769,AcquiredCo,93363,EUR,Annual,7.0,2023-07-08,payroll,100832.04000000001
ACQ_01251,AcquiredCo,60547,GBP,Annual,12.9,2023-01-06,payroll,76894.69
ACQ_02777,AcquiredCo,61530,GBP,Bi-Weekly,26.9,2024-09-27,payroll,2031720.6
ACQ_00123,AcquiredCo,106193,USD,Annual,8.0,2024-10-07,payroll,106193.0
ACQ_02791,AcquiredCo,77605,GBP,Monthly,15.9,2024-09-12,payroll,1182700.2
ACQ_02420,AcquiredCo,100567,EUR,Bi-Weekly,12.6,2024-11-26,payroll,2823921.3600000003
ACQ_02666,AcquiredCo,59310,EUR,Bi-Weekly,17.2,2024-08-04,payroll,1665424.8
ACQ_02364,AcquiredCo,100555,EUR,Monthly,18.2,2023-07-10,payroll,1303192.8
ACQ_02430,AcquiredCo,57633,GBP,Annual,0.4,2023-02-18,payroll,73193.91
ACQ_02906,AcquiredCo,63216,GBP,Monthly,18.8,2024-02-28,payroll,963411.84
ACQ_02703,AcquiredCo,95716,USD,Monthly,27.6,2023-12-26,payroll,1148592.0
ACQ_02538,AcquiredCo,100633,USD,Monthly,17.7,2023-05-10,payroll,1207596.0
ACQ_01059,AcquiredCo,119608,EUR,Annual,12.3,2023-09-06,payroll,129176.64000000001
ACQ_02958,AcquiredCo,91955,EUR,Bi-Weekly,3.3,2024-08-08,payroll,2582096.4000000004
ACQ_01326,AcquiredCo,149387,USD,Annual,7.5,2023-10-15,payroll,149387.0
ACQ_02494,AcquiredCo,137762,EUR,Annual,0.7,2024-10-17,payroll,148782.96000000002
ACQ_01890,AcquiredCo,40417,GBP,Bi-Weekly,9.7,2023-06-03,payroll,1334569.34
ACQ_02200,AcquiredCo,52774,USD,Bi-Weekly,9.0,2024-05-04,payroll,1372124.0
ACQ_01860,AcquiredCo,53017,EUR,Annual,22.0,2023-02-26,payroll,57258.36
ACQ_01953,AcquiredCo,103256,USD,Monthly,27.2,2023-03-14,payroll,1239072.0
ACQ_00503,AcquiredCo,85562,EUR,Bi-Weekly,2.5,2023-04-27,payroll,2402580.96
ACQ_02975,AcquiredCo,54903,EUR,Bi-Weekly,12.1,2024-08-31,payroll,1541676.24
ACQ_02199,AcquiredCo,80587,EUR,Bi-Weekly,7.9,2023-10-13,payroll,2262882.96
ACQ_00078,AcquiredCo,96922,EUR,Monthly,13.6,2023-01-02,payroll,1256109.12
ACQ_02084,AcquiredCo,82344,USD,Monthly,27.0,2024-10-11,payroll,988128.0
ACQ_01199,AcquiredCo,106963,EUR,Bi-Weekly,22.8,2023-12-01,payroll,3003521.04
ACQ_02953,AcquiredCo,"€125,683",EUR,Annual,2.6,2024-12-09,payroll,135737.64
ACQ_02960,AcquiredCo,97617,USD,Bi-Weekly,20.1,2024-07-22,payroll,2538042.0
ACQ_02507,AcquiredCo,68406,GBP,Bi-Weekly,25.0,2024-10-16,payroll,2258766.12
ACQ_01950,AcquiredCo,97599,USD,Monthly,10.4,2024-12-17,payroll,1171188.0
ACQ_01161,AcquiredCo,91847,EUR,Bi-Weekly,26.8,2023-12-01,payroll,2579063.7600000002
ACQ_02821,AcquiredCo,104995,EUR,Bi-Weekly,4.3,2024-04-24,payroll,2948259.6
ACQ_01542,AcquiredCo,72135,GBP,Monthly,27.6,2024-04-09,payroll,1099337.4
ACQ_02159,AcquiredCo,67668,GBP,Annual,18.4,2023-01-29,payroll,85938.36
ACQ_02744,AcquiredCo,63154,GBP,Annual,13.3,2024-01-25,payroll,80205.58
ACQ_00918,AcquiredCo,117131,GBP,Bi-Weekly,2.6,2024-03-23,payroll,3867665.62
ACQ_01091,AcquiredCo,"€118,039",EUR,Annual,26.5,2024-01-09,payroll,127482.12000000001
ACQ_00281,AcquiredCo,76144,EUR,Annual,8.4,2024-07-16,payroll,82235.52
ACQ_02436,AcquiredCo,105014,USD,Bi-Weekly,3.8,2023-07-05,payroll,2730364.0
ACQ_02070,AcquiredCo,80073,USD,Monthly,22.9,2024-06-08,payroll,960876.0
ACQ_02239,AcquiredCo,"$64,146",USD,Annual,6.9,2023-06-19,payroll,64146.0
ACQ_02431,AcquiredCo,89480,GBP,Bi-Weekly,11.3,2023-08-18,payroll,2954629.6
ACQ_00882,AcquiredCo,112290,GBP,Bi-Weekly,10.9,2024-07-19,payroll,3707815.8000000003
ACQ_01525,AcquiredCo,68788,GBP,Annual,4.8,2024-10-18,payroll,87360.76
ACQ_01763,AcquiredCo,79064,USD,Annual,4.3,2024-09-12,payroll,79064.0
ACQ_02877,AcquiredCo,73952,GBP,Monthly,11.6,2023-09-01,payroll,1127028.48
ACQ_01730,AcquiredCo,77760,USD,Bi-Weekly,19.3,2024-04-27,payroll,2021760.0
ACQ_02852,AcquiredCo,87769,EUR,Annual,11.2,2023-01-12,payroll,94790.52
ACQ_02965,AcquiredCo,129064,USD,Annual,10.0,2024-11-24,payroll,129064.0
ACQ_02986,AcquiredCo,132100,EUR,Annual,11.9,2023-08-02,payroll,142668.0
ACQ_02528,AcquiredCo,78726,GBP,Monthly,18.9,2023-07-17,payroll,1199784.24
ACQ_02980,AcquiredCo,119754,EUR,Bi-Weekly,13.1,2023-08-25,payroll,3362692.3200000003
ACQ_01057,AcquiredCo,92356,GBP,Monthly,3.0,2023-02-24,payroll,1407505.44
ACQ_02012,AcquiredCo,41122,GBP,Monthly,22.4,2023-06-14,payroll,626699.28
ACQ_02229,AcquiredCo,138877,GBP,Bi-Weekly,11.5,2023-09-09,payroll,4585718.54
ACQ_01527,AcquiredCo,84510,EUR,Monthly,29.4,2024-02-02,payroll,1095249.6
ACQ_01869,AcquiredCo,102998,EUR,Bi-Weekly,29.9,2024-12-25,payroll,2892183.8400000003
ACQ_01966,AcquiredCo,122115,EUR,Bi-Weekly,29.1,2024-10-16,payroll,3428989.2
ACQ_00252,AcquiredCo,67498,USD,Bi-Weekly,5.9,2023-09-29,payroll,1754948.0
ACQ_02468,AcquiredCo,"$161,509",USD,Annual,11.6,2024-10-09,payroll,161509.0
ACQ_01048,AcquiredCo,49169,GBP,Bi-Weekly,0.6,2024-06-01,payroll,1623560.3800000001
ACQ_01237,AcquiredCo,135787,EUR,Bi-Weekly,27.5,2024-12-02,payroll,3812898.9600000004
ACQ_02829,AcquiredCo,84472,GBP,Annual,17.3,2023-08-22,payroll,107279.44
ACQ_02551,AcquiredCo,107918,GBP,Annual,9.6,2024-05-07,payroll,137055.86000000002
ACQ_00123,AcquiredCo,80940,GBP,Bi-Weekly,21.0,2023-09-24,payroll,2672638.8
ACQ_02752,AcquiredCo,47029,GBP,Bi-Weekly,22.2,2023-06-16,payroll,1552897.58
ACQ_00693,AcquiredCo,141077,USD,Bi-Weekly,7.7,2023-05-23,payroll,3668002.0
ACQ_02355,AcquiredCo,69834,USD,Annual,0.1,2024-07-24,payroll,69834.0
ACQ_00979,AcquiredCo,64223,USD,Annual,8.3,2024-02-22,payroll,64223.0
ACQ_02020,AcquiredCo,117994,EUR,Bi-Weekly,11.6,2023-03-30,payroll,3313271.52
ACQ_02102,AcquiredCo,64685,GBP,Annual,21.7,2023-02-16,payroll,82149.95
ACQ_02623,AcquiredCo,51855,GBP,Annual,25.5,2023-10-03,payroll,65855.85
ACQ_02551,AcquiredCo,49326,EUR,Monthly,17.4,2023-05-12,payroll,639264.9600000001
ACQ_00889,AcquiredCo,56794,GBP,Monthly,26.0,2024-12-18,payroll,865540.56
ACQ_02869,AcquiredCo,129633,EUR,Monthly,6.3,2023-03-03,payroll,1680043.6800000002
ACQ_01091,AcquiredCo,106420,EUR,Bi-Weekly,12.3,2023-03-21,payroll,2988273.6
ACQ_02834,AcquiredCo,94704,EUR,Bi-Weekly,10.7,2023-10-14,payroll,2659288.3200000003
ACQ_02528,AcquiredCo,124713,EUR,Bi-Weekly,4.5,2024-09-04,payroll,3501941.04
ACQ_00566,AcquiredCo,77895,USD,Bi-Weekly,0.2,2023-08-29,payroll,2025270.0
ACQ_01252,AcquiredCo,178527,USD,Monthly,23.3,2023-04-19,payroll,2142324.0
ACQ_02143,AcquiredCo,98072,USD,Monthly,18.7,2023-09-15,payroll,1176864.0
ACQ_02124,AcquiredCo,106705,USD,Bi-Weekly,22.9,2023-01-29,payroll,2774330.0
ACQ_00629,AcquiredCo,110517,EUR,Annual,18.3,2024-07-28,payroll,119358.36
ACQ_02112,AcquiredCo,110488,USD,Monthly,24.8,2023-05-15,payroll,1325856.0
ACQ_02752,AcquiredCo,114123,USD,Annual,6.5,2024-10-15,payroll,114123.0
ACQ_02281,AcquiredCo,100910,EUR,Bi-Weekly,15.1,2023-10-19,payroll,2833552.8000000003
ACQ_00859,AcquiredCo,104732,EUR,Monthly,28.6,2024-01-12,payroll,1357326.7200000002
ACQ_02812,AcquiredCo,"$122,122",USD,Monthly,20.0,2023-10-02,payroll,1465464.0
ACQ_01637,AcquiredCo,105180,EUR,Monthly,23.8,2024-05-12,payroll,1363132.8
ACQ_00448,AcquiredCo,43606,GBP,Monthly,10.2,2023-09-27,payroll,664555.4400000001
ACQ_02677,AcquiredCo,166826,EUR,Monthly,8.4,2023-04-11,payroll,2162064.96
ACQ_02755,AcquiredCo,119698,USD,Annual,13.0,2024-05-12,payroll,119698.0
ACQ_01698,AcquiredCo,138651,USD,Annual,18.8,2024-04-28,payroll,138651.0
ACQ_02431,AcquiredCo,207955,USD,Annual,3.0,2023-04-19,payroll,207955.0
ACQ_01662,AcquiredCo,83290,USD,Bi-Weekly,11.4,2024-08-30,payroll,2165540.0
ACQ_02616,AcquiredCo,107134,EUR,Monthly,26.8,2024-06-20,payroll,1388456.6400000001
ACQ_01777,AcquiredCo,96356,GBP,Monthly,5.9,2024-02-20,payroll,1468465.44
ACQ_01199,AcquiredCo,63357,USD,Monthly,3.3,2023-06-30,payroll,760284.0
ACQ_02122,AcquiredCo,57183,USD,Monthly,23.4,2024-02-29,payroll,686196.0
ACQ_01652,AcquiredCo,109536,GBP,Annual,10.9,2023-07-08,payroll,139110.72
ACQ_02785,AcquiredCo,162972,EUR,Annual,22.8,2023-02-26,payroll,176009.76
ACQ_00463,AcquiredCo,133573,USD,Monthly,18.7,2024-06-09,payroll,1602876.0
ACQ_02551,AcquiredCo,93163,USD,Annual,18.6,2024-06-06,payroll,93163.0
ACQ_01298,AcquiredCo,85346,GBP,Annual,19.3,2023-11-02,payroll,108389.42
ACQ_02195,AcquiredCo,195124,GBP,Monthly,9.2,2024-10-21,payroll,2973689.7600000002
ACQ_02430,AcquiredCo,128615,USD,Annual,22.5,2023-07-08,payroll,128615.0
ACQ_01542,AcquiredCo,110226,GBP,Monthly,10.4,2023-02-02,payroll,1679844.24
ACQ_02906,AcquiredCo,51112,GBP,Bi-Weekly,12.9,2024-11-03,payroll,1687718.24
ACQ_00171,AcquiredCo,114928,GBP,Bi-Weekly,20.2,2024-03-03,payroll,3794922.56
ACQ_01252,AcquiredCo,90980,GBP,Annual,23.1,2024-12-14,payroll,115544.6
ACQ_00764,AcquiredCo,109573,USD,Monthly,29.8,2023-06-07,payroll,1314876.0
ACQ_01518,AcquiredCo,146722,USD,Annual,6.8,2024-09-01,payroll,146722.0
ACQ_01769,AcquiredCo,"$100,324",USD,Annual,19.2,2023-10-18,payroll,100324.0
ACQ_01951,AcquiredCo,68452,GBP,Monthly,20.1,2024-02-18,payroll,1043208.48
ACQ_01668,AcquiredCo,51454,GBP,Annual,26.8,2024-04-01,payroll,65346.58
ACQ_02536,AcquiredCo,122009,EUR,Annual,1.4,2024-04-10,payroll,131769.72
ACQ_02996,AcquiredCo,169868,EUR,Annual,2.9,2023-04-12,payroll,183457.44
ACQ_01872,AcquiredCo,100628,GBP,Monthly,25.4,2024-05-27,payroll,1533570.72
ACQ_02201,AcquiredCo,55641,GBP,Annual,1.5,2024-03-20,payroll,70664.07
ACQ_02657,AcquiredCo,78288,USD,Bi-Weekly,19.8,2024-05-22,payroll,2035488.0
ACQ_02003,AcquiredCo,81272,USD,Bi-Weekly,3.4,2023-05-18,payroll,2113072.0
ACQ_00558,AcquiredCo,135098,EUR,Monthly,16.3,2023-04-09,payroll,1750870.08
ACQ_02170,AcquiredCo,"£87,005",GBP,Monthly,0.4,2023-10-01,payroll,1325956.2
ACQ_02206,AcquiredCo,113431,GBP,Bi-Weekly,22.2,2023-09-10,payroll,3745491.62
ACQ_02959,AcquiredCo,107685,USD,Annual,12.9,2023-09-30,payroll,107685.0
ACQ_01723,AcquiredCo,"$82,332",USD,Annual,15.1,2023-10-19,payroll,82332.0
ACQ_02314,AcquiredCo,79997,USD,Bi-Weekly,3.6,2023-04-08,payroll,2079922.0
ACQ_00662,AcquiredCo,125442,USD,Monthly,22.5,2023-09-30,payroll,1505304.0
ACQ_02551,AcquiredCo,71859,USD,Annual,23.2,2024-12-24,payroll,71859.0
ACQ_02807,AcquiredCo,102591,EUR,Monthly,21.2,2023-04-02,payroll,1329579.36
ACQ_02693,AcquiredCo,143213,GBP,Annual,9.5,2023-05-31,payroll,181880.51
ACQ_02546,AcquiredCo,156856,GBP,Annual,26.2,2023-04-02,payroll,199207.12
ACQ_01899,AcquiredCo,62583,USD,Bi-Weekly,6.1,2023-11-22,payroll,1627158.0
ACQ_01237,AcquiredCo,128258,USD,Bi-Weekly,26.1,2024-07-26,payroll,3334708.0
ACQ_02864,AcquiredCo,115521,GBP,Monthly,28.5,2023-04-25,payroll,1760540.04
ACQ_02003,AcquiredCo,60060,USD,Bi-Weekly,1.8,2023-11-23,payroll,1561560.0
ACQ_02831,AcquiredCo,133517,USD,Bi-Weekly,1.6,2024-05-11,payroll,3471442.0
ACQ_02958,AcquiredCo,83232,GBP,Annual,15.9,2023-02-01,payroll,105704.64
ACQ_02352,AcquiredCo,199849,EUR,Annual,24.4,2023-07-09,payroll,215836.92
ACQ_02837,AcquiredCo,74653,EUR,Bi-Weekly,8.2,2024-11-05,payroll,2096256.2400000002
ACQ_01179,AcquiredCo,108791,EUR,Monthly,20.5,2024-05-26,payroll,1409931.36
ACQ_01652,AcquiredCo,82213,EUR,Bi-Weekly,20.1,2024-08-24,payroll,2308541.04
ACQ_02020,AcquiredCo,100160,GBP,Annual,2.4,2023-02-27,payroll,127203.2
ACQ_01721,AcquiredCo,101000,USD,Bi-Weekly,28.7,2024-09-05,payroll,2626000.0
ACQ_00962,AcquiredCo,89988,EUR,Annual,5.7,2024-03-19,payroll,97187.04000000001
ACQ_01184,AcquiredCo,122837,EUR,Annual,11.1,2023-02-08,payroll,132663.96000000002
ACQ_02677,AcquiredCo,154302,EUR,Monthly,10.2,2024-10-30,payroll,1999753.9200000002
ACQ_01721,AcquiredCo,76870,GBP,Monthly,28.7,2023-07-13,payroll,1171498.8
ACQ_02906,AcquiredCo,171897,USD,Annual,13.5,2023-02-06,payroll,171897.0
ACQ_02785,AcquiredCo,137813,EUR,Monthly,2.0,2023-06-17,payroll,1786056.4800000002
ACQ_01952,AcquiredCo,67512,GBP,Monthly,17.2,2023-11-01,payroll,1028882.88
ACQ_02864,AcquiredCo,46733,EUR,Bi-Weekly,20.1,2024-03-02,payroll,1312262.6400000001
ACQ_02494,AcquiredCo,192969,USD,Monthly,7.3,2023-07-29,payroll,2315628.0
ACQ_02938,AcquiredCo,138353,USD,Annual,2.6,2023-08-19,payroll,138353.0
ACQ_02959,AcquiredCo,54309,GBP,Monthly,18.6,2024-05-30,payroll,827669.16
ACQ_02807,AcquiredCo,67542,GBP,Annual,0.2,2024-07-23,payroll,85778.34
ACQ_01652,AcquiredCo,109843,USD,Monthly,29.8,2024-04-16,payroll,1318116.0
ACQ_02706,AcquiredCo,100208,GBP,Annual,24.3,2024-07-16,payroll,127264.16
ACQ_02162,AcquiredCo,135418,USD,Monthly,28.3,2023-02-04,payroll,1625016.0
ACQ_01890,AcquiredCo,63268,GBP,Annual,29.5,2023-08-22,payroll,80350.36
ACQ_01555,AcquiredCo,75948,GBP,Bi-Weekly,25.4,2023-07-04,payroll,2507802.96
ACQ_02845,AcquiredCo,135569,USD,Bi-Weekly,6.2,2023-08-27,payroll,3524794.0
ACQ_00938,AcquiredCo,80549,USD,Bi-Weekly,22.6,2024-10-10,payroll,2094274.0
ACQ_01233,AcquiredCo,136772,GBP,Annual,15.2,2023-05-27,payroll,173700.44
ACQ_01057,AcquiredCo,198102,USD,Monthly,3.4,2023-09-01,payroll,2377224.0
ACQ_02894,AcquiredCo,135384,USD,Monthly,12.4,2023-01-28,payroll,1624608.0
ACQ_02545,AcquiredCo,"£79,521",GBP,Bi-Weekly,4.8,2023-12-20,payroll,2625783.42
ACQ_00566,AcquiredCo,94834,USD,Annual,7.4,2024-06-08,payroll,94834.0
ACQ_02252,AcquiredCo,216727,USD,Annual,19.9,2024-06-19,payroll,216727.0
ACQ_01288,AcquiredCo,50314,GBP,Monthly,10.0,2024-07-06,payroll,766785.36
ACQ_00776,AcquiredCo,56324,GBP,Annual,26.3,2024-09-07,payroll,71531.48
ACQ_02065,AcquiredCo,138188,USD,Annual,4.9,2023-06-21,payroll,138188.0
ACQ_02314,AcquiredCo,88470,GBP,Monthly,7.5,2024-03-22,payroll,1348282.8
ACQ_02675,AcquiredCo,89248,USD,Bi-Weekly,5.4,2023-10-18,payroll,2320448.0
ACQ_02864,AcquiredCo,91944,GBP,Bi-Weekly,14.1,2023-02-08,payroll,3035990.88
ACQ_01615,AcquiredCo,100825,GBP,Monthly,8.6,2024-03-05,payroll,1536573.0
ACQ_02097,AcquiredCo,112802,GBP,Annual,1.5,2024-07-15,payroll,143258.54
ACQ_01889,AcquiredCo,101636,GBP,Bi-Weekly,25.6,2023-05-05,payroll,3356020.72
ACQ_01059,AcquiredCo,151448,USD,Bi-Weekly,2.2,2024-07-10,payroll,3937648.0
ACQ_02456,AcquiredCo,100600,GBP,Bi-Weekly,6.6,2023-01-03,payroll,3321812.0
ACQ_01456,AcquiredCo,136827,EUR,Annual,13.5,2024-08-28,payroll,147773.16
ACQ_00510,AcquiredCo,52653,EUR,Annual,23.4,2023-10-14,payroll,56865.240000000005
ACQ_00666,AcquiredCo,118744,GBP,Monthly,17.2,2024-06-12,payroll,1809658.56
ACQ_02836,AcquiredCo,83543,GBP,Annual,16.1,2023-11-22,payroll,106099.61
ACQ_02149,AcquiredCo,120174,USD,Annual,12.7,2023-04-17,payroll,120174.0
ACQ_02721,AcquiredCo,173886,USD,Bi-Weekly,26.9,2023-07-01,payroll,4521036.0
ACQ_02567,AcquiredCo,40152,GBP,Bi-Weekly,1.8,2023-08-11,payroll,1325819.04
ACQ_01927,AcquiredCo,75894,USD,Monthly,16.5,2023-12-17,payroll,910728.0
ACQ_00170,AcquiredCo,183425,EUR,Monthly,10.4,2024-01-13,payroll,2377188.0
ACQ_00566,AcquiredCo,59128,GBP,Annual,9.4,2024-08-02,payroll,75092.56
ACQ_01541,AcquiredCo,109537,EUR,Bi-Weekly,9.7,2023-01-26,payroll,3075798.9600000004
ACQ_02272,AcquiredCo,104246,GBP,Monthly,4.2,2024-10-19,payroll,1588709.04
ACQ_01161,AcquiredCo,129057,EUR,Monthly,29.1,2024-06-11,payroll,1672578.7200000002
ACQ_02495,AcquiredCo,139818,USD,Bi-Weekly,27.5,2024-11-28,payroll,3635268.0
ACQ_02657,AcquiredCo,"€106,695",EUR,Bi-Weekly,11.9,2023-04-23,payroll,2995995.6
ACQ_00281,AcquiredCo,125545,EUR,Monthly,2.6,2023-09-10,payroll,1627063.2000000002
ACQ_02966,AcquiredCo,133521,GBP,Annual,11.8,2024-09-04,payroll,169571.67
ACQ_00204,AcquiredCo,74720,GBP,Bi-Weekly,25.2,2024-05-23,payroll,2467254.4
ACQ_01399,AcquiredCo,117464,EUR,Bi-Weekly,28.7,2023-11-04,payroll,3298389.12
ACQ_00764,AcquiredCo,119398,EUR,Annual,9.4,2024-03-06,payroll,128949.84000000001
ACQ_02201,AcquiredCo,100147,USD,Monthly,25.9,2024-11-08,payroll,1201764.0
ACQ_02785,AcquiredCo,100656,USD,Monthly,22.0,2023-04-29,payroll,1207872.0
ACQ_02394,AcquiredCo,81825,GBP,Bi-Weekly,26.8,2023-07-08,payroll,2701861.5
ACQ_02834,AcquiredCo,116496,GBP,Bi-Weekly,3.6,2023-04-16,payroll,3846697.92
ACQ_02272,AcquiredCo,108371,GBP,Monthly,5.8,2023-01-01,payroll,1651574.04
ACQ_02448,AcquiredCo,78786,EUR,Monthly,13.7,2024-02-02,payroll,1021066.56
ACQ_02020,AcquiredCo,50436,GBP,Monthly,6.0,2024-11-27,payroll,768644.64
ACQ_02542,AcquiredCo,77253,EUR,Monthly,8.6,2023-08-16,payroll,1001198.8800000001
ACQ_01233,AcquiredCo,112752,EUR,Monthly,28.5,2024-08-05,payroll,1461265.9200000002
ACQ_02261,AcquiredCo,112429,EUR,Monthly,5.4,2023-05-02,payroll,1457079.84
ACQ_02831,AcquiredCo,124989,USD,Bi-Weekly,1.8,2024-02-24,payroll,3249714.0
ACQ_02845,AcquiredCo,112054,EUR,Monthly,10.5,2023-06-29,payroll,1452219.84
ACQ_02706,AcquiredCo,93677,EUR,Bi-Weekly,5.6,2024-10-31,payroll,2630450.16
ACQ_02866,AcquiredCo,91746,EUR,Annual,17.9,2023-04-01,payroll,99085.68000000001
ACQ_02592,AcquiredCo,102417,USD,Bi-Weekly,1.9,2024-12-15,payroll,2662842.0
ACQ_02683,AcquiredCo,69320,USD,Monthly,17.1,2024-10-06,payroll,831840.0
ACQ_02271,AcquiredCo,68117,GBP,Bi-Weekly,16.1,2024-05-19,payroll,2249223.34
ACQ_01953,AcquiredCo,138034,EUR,Monthly,24.8,2024-08-05,payroll,1788920.6400000001
ACQ_00882,AcquiredCo,131900,EUR,Bi-Weekly,23.6,2023-08-10,payroll,3703752.0000000005
ACQ_02737,AcquiredCo,55225,GBP,Monthly,10.9,2024-12-27,payroll,841629.0
ACQ_02019,AcquiredCo,64673,EUR,Monthly,10.6,2024-03-24,payroll,838162.0800000001
ACQ_01178,AcquiredCo,50530,USD,Monthly,6.0,2024-12-01,payroll,606360.0
ACQ_02821,AcquiredCo,91022,EUR,Monthly,26.9,2024-04-17,payroll,1179645.12
GHOST_0001,GlobalTech,59714,USD,Bi-Weekly,22.2,2023-05-07,payroll,1552564.0
GHOST_0002,GlobalTech,108215,USD,Monthly,3.4,2023-08-15,payroll,1298580.0
GHOST_0003,GlobalTech,62711,EUR,Monthly,26.3,2023-10-31,payroll,812734.56
GHOST_0004,GlobalTech,126742,USD,Annual,14.1,2023-11-08,payroll,126742.0
GHOST_0005,GlobalTech,84499,GBP,Annual,15.3,2023-12-19,payroll,107313.73
GHOST_0006,GlobalTech,123573,USD,Bi-Weekly,21.1,2024-12-04,payroll,3212898.0
GHOST_0007,GlobalTech,72847,EUR,Bi-Weekly,7.8,2024-02-01,payroll,2045543.7600000002
GHOST_0008,GlobalTech,87207,EUR,Bi-Weekly,13.8,2023-07-03,payroll,2448772.56
GHOST_0009,GlobalTech,107626,USD,Monthly,5.8,2024-04-17,payroll,1291512.0
GHOST_0010,GlobalTech,72110,USD,Annual,19.0,2023-01-13,payroll,72110.0
GHOST_0011,GlobalTech,121395,EUR,Bi-Weekly,20.7,2024-11-05,payroll,3408771.6
GHOST_0012,GlobalTech,116082,USD,Annual,13.4,2023-09-04,payroll,116082.0
GHOST_0013,GlobalTech,72858,GBP,Annual,15.0,2023-05-21,payroll,92529.66
GHOST_0014,GlobalTech,131437,USD,Monthly,19.5,2024-09-07,payroll,1577244.0
GHOST_0015,GlobalTech,120723,GBP,Annual,23.5,2023-07-09,payroll,153318.21
GHOST_0016,GlobalTech,118811,EUR,Annual,20.8,2023-06-24,payroll,128315.88
GHOST_0017,GlobalTech,53796,GBP,Monthly,25.1,2024-01-14,payroll,819851.04
GHOST_0018,GlobalTech,68169,EUR,Monthly,4.5,2024-11-15,payroll,883470.2400000001
GHOST_0019,GlobalTech,91351,GBP,Annual,16.1,2023-02-21,payroll,116015.77
GHOST_0020,GlobalTech,129162,GBP,Bi-Weekly,11.4,2023-07-28,payroll,4264929.24
GHOST_0021,GlobalTech,84787,EUR,Monthly,10.8,2024-02-22,payroll,1098839.52
GHOST_0022,GlobalTech,122464,EUR,Annual,16.8,2023-02-09,payroll,132261.12
GHOST_0023,GlobalTech,135349,GBP,Annual,6.8,2024-09-29,payroll,171893.23
GHOST_0024,GlobalTech,58507,EUR,Bi-Weekly,26.1,2024-02-16,payroll,1642876.56
GHOST_0025,GlobalTech,70702,USD,Monthly,8.8,2023-05-04,payroll,848424.0
GHOST_0026,GlobalTech,131660,EUR,Bi-Weekly,21.6,2023-11-16,payroll,3697012.8000000003
GHOST_0027,GlobalTech,127923,EUR,Annual,8.9,2023-09-24,payroll,138156.84
GHOST_0028,GlobalTech,57527,GBP,Bi-Weekly,27.8,2023-10-06,payroll,1899541.54
GHOST_0029,GlobalTech,124346,GBP,Monthly,1.0,2024-12-26,payroll,1895033.04
GHOST_0030,GlobalTech,67929,USD,Bi-Weekly,21.3,2023-06-07,payroll,1766154.0
10299,GlobalTech,81654,EUR,Annual,11.7,2023-09-28,payroll,88186.32
9686,GlobalTech,138503,USD,Annual,11.4,2023-09-16,payroll,138503.0
GHOST_0005,GlobalTech,84499,GBP,Annual,15.3,2023-12-19,payroll,107313.73
14971,GlobalTech,97600,EUR,Bi-Weekly,1.5,2024-07-05,payroll,2740608.0
565,GlobalTech,91106,USD,Annual,5.9,2023-02-23,payroll,91106.0
2499,GlobalTech,125489,USD,Annual,8.0,2023-04-14,payroll,125489.0
11058,GlobalTech,102423,USD,Bi-Weekly,8.4,2023-07-25,payroll,2662998.0
11558,GlobalTech,78335,GBP,Monthly,22.3,2024-06-19,payroll,1193825.4
ACQ_00629,AcquiredCo,110517,EUR,Annual,18.3,2024-07-28,payroll,119358.36
ACQ_01401,AcquiredCo,81412,GBP,Annual,20.0,2024-10-12,payroll,103393.24
12298,GlobalTech,63273,EUR,Bi-Weekly,24.1,2024-07-12,payroll,1776705.84
6137,GlobalTech,146266,EUR,Monthly,19.0,2024-07-11,payroll,1895607.36
6548,GlobalTech,119374,GBP,Annual,11.3,2024-01-17,payroll,151604.98
ACQ_01686,AcquiredCo,83411,GBP,Bi-Weekly,11.9,2023-03-14,payroll,2754231.22
10102,GlobalTech,91061,EUR,Annual,14.8,2024-09-09,payroll,98345.88
3352,GlobalTech,119264,GBP,Annual,24.1,2024-12-29,payroll,151465.28
9256,GlobalTech,73644,GBP,Annual,12.0,2023-10-16,payroll,93527.88
8481,GlobalTech,89623,USD,Annual,16.4,2024-09-17,payroll,89623.0
8703,GlobalTech,86017,USD,Annual,18.7,2024-05-26,payroll,86017.0
12361,GlobalTech,54463,GBP,Bi-Weekly,12.7,2023-07-16,payroll,1798368.26
14899,GlobalTech,111157,EUR,Annual,14.5,2024-08-10,payroll,120049.56000000001
13589,GlobalTech,74988,GBP,Bi-Weekly,7.1,2023-09-30,payroll,2476103.7600000002
8707,GlobalTech,53061,EUR,Bi-Weekly,2.2,2023-11-20,payroll,1489952.8800000001
10532,GlobalTech,87734,GBP,Annual,0.2,2024-03-25,payroll,111422.18000000001
10257,GlobalTech,59772,EUR,Monthly,7.5,2023-01-12,payroll,774645.12
9981,GlobalTech,65662,EUR,Annual,8.4,2024-02-22,payroll,70914.96
6710,GlobalTech,112069,USD,Bi-Weekly,0.5,2023-11-27,payroll,2913794.0
13512,GlobalTech,"€90,667",EUR,Annual,6.9,2023-05-13,payroll,97920.36
ACQ_02660,AcquiredCo,132813,USD,Annual,8.1,2024-02-21,payroll,132813.0
2112,GlobalTech,121629,USD,Monthly,4.8,2023-05-12,payroll,1459548.0
10879,GlobalTech,47294,GBP,Annual,24.8,2023-02-10,payroll,60063.38
ACQ_01681,AcquiredCo,"£41,484",GBP,Bi-Weekly,0.9,2024-12-18,payroll,1369801.68
14674,GlobalTech,69106,EUR,Monthly,2.0,2024-03-17,payroll,895613.76
13288,GlobalTech,"€50,815",EUR,Monthly,1.3,2023-04-25,payroll,658562.4
12835,GlobalTech,65071,EUR,Bi-Weekly,5.8,2023-03-06,payroll,1827193.6800000002
9645,GlobalTech,130115,USD,Annual,19.1,2023-09-17,payroll,130115.0
8283,GlobalTech,111292,GBP,Bi-Weekly,1.0,2023-01-06,payroll,3674861.84
13357,GlobalTech,111235,EUR,Annual,3.4,2024-02-01,payroll,120133.8
6293,GlobalTech,64339,EUR,Annual,26.8,2024-09-06,payroll,69486.12000000001
ACQ_02810,AcquiredCo,79956,EUR,Bi-Weekly,21.7,2023-11-02,payroll,2245164.48
12351,GlobalTech,133449,EUR,Bi-Weekly,29.4,2023-04-20,payroll,3747247.9200000004
14661,GlobalTech,102393,USD,Monthly,18.9,2024-09-06,payroll,1228716.0
4754,GlobalTech,76721,EUR,Annual,5.6,2023-10-27,payroll,82858.68000000001
4039,GlobalTech,104636,GBP,Bi-Weekly,1.9,2024-01-01,payroll,3455080.72
10614,GlobalTech,162763,EUR,Monthly,5.8,2024-11-19,payroll,2109408.48
ACQ_01157,AcquiredCo,153460,USD,Monthly,1.8,2023-10-16,payroll,1841520.0
14301,GlobalTech,121930,GBP,Annual,8.5,2023-08-03,payroll,154851.1
6805,GlobalTech,119594,GBP,Annual,13.4,2023-03-22,payroll,151884.38
13609,GlobalTech,54129,GBP,Monthly,2.5,2024-11-10,payroll,824925.96
ACQ_00822,AcquiredCo,63791,GBP,Monthly,12.5,2024-02-18,payroll,972174.84
9097,GlobalTech,126093,EUR,Monthly,0.7,2024-02-10,payroll,1634165.28
8500,GlobalTech,51526,USD,Annual,3.9,2024-05-14,payroll,51526.0
5765,GlobalTech,96376,EUR,Monthly,28.4,2023-06-02,payroll,1249032.9600000002
14935,GlobalTech,69322,EUR,Monthly,23.9,2024-02-10,payroll,898413.1200000001
14902,GlobalTech,56754,GBP,Monthly,25.3,2023-04-25,payroll,864930.96
10970,GlobalTech,101931,GBP,Bi-Weekly,6.5,2024-06-05,payroll,3365761.62
ACQ_02997,AcquiredCo,118132,GBP,Annual,23.8,2023-01-14,payroll,150027.64
12369,GlobalTech,109795,EUR,Monthly,13.3,2023-02-01,payroll,1422943.2000000002
6924,GlobalTech,104125,GBP,Monthly,6.0,2023-11-13,payroll,1586865.0
13494,GlobalTech,90523,GBP,Annual,11.4,2023-03-04,payroll,114964.21
8965,GlobalTech,129895,USD,Annual,26.8,2024-05-07,payroll,129895.0
9410,GlobalTech,106467,EUR,Annual,21.3,2024-05-29,payroll,114984.36
4018,GlobalTech,103978,USD,Monthly,16.8,2024-12-26,payroll,1247736.0
11553,GlobalTech,133706,EUR,Bi-Weekly,0.5,2023-03-28,payroll,3754464.4800000004
11067,GlobalTech,111107,GBP,Annual,17.1,2023-06-29,payroll,141105.89
ACQ_02160,AcquiredCo,113130,USD,Bi-Weekly,17.0,2023-07-03,payroll,2941380.0
12972,GlobalTech,135282,EUR,Monthly,1.9,2024-04-24,payroll,1753254.7200000002
6657,GlobalTech,104474,EUR,Bi-Weekly,5.8,2024-08-14,payroll,2933629.9200000004
13769,GlobalTech,120074,USD,Bi-Weekly,16.1,2024-09-23,payroll,3121924.0
10386,GlobalTech,58255,EUR,Annual,23.9,2023-12-21,payroll,62915.4
8242,GlobalTech,112051,GBP,Annual,16.3,2024-07-11,payroll,142304.77
6970,GlobalTech,109528,GBP,Monthly,7.6,2023-04-10,payroll,1669206.72
ACQ_00078,AcquiredCo,124416,EUR,Bi-Weekly,12.8,2023-09-22,payroll,3493601.2800000003
13570,GlobalTech,94612,USD,Monthly,5.0,2024-02-05,payroll,1135344.0
14424,GlobalTech,97436,USD,Bi-Weekly,17.6,2023-11-17,payroll,2533336.0
3710,GlobalTech,105336,GBP,Bi-Weekly,12.3,2023-06-10,payroll,3478194.72
11062,GlobalTech,212194,USD,Annual,18.2,2024-10-26,payroll,212194.0
6586,GlobalTech,141310,USD,Bi-Weekly,8.0,2024-07-22,payroll,3674060.0
ACQ_01911,AcquiredCo,134797,USD,Bi-Weekly,9.9,2024-10-05,payroll,3504722.0
13287,GlobalTech,61658,EUR,Bi-Weekly,24.7,2023-10-13,payroll,1731356.6400000001
13026,GlobalTech,55457,USD,Annual,29.0,2023-08-04,payroll,55457.0
10859,GlobalTech,62487,GBP,Bi-Weekly,21.7,2023-01-15,payroll,2063320.74
6270,GlobalTech,92139,EUR,Monthly,17.6,2024-10-19,payroll,1194121.4400000002
10492,GlobalTech,48226,EUR,Annual,25.8,2024-03-18,payroll,52084.08
14116,GlobalTech,84170,GBP,Monthly,26.1,2024-02-22,payroll,1282750.8
10677,GlobalTech,80912,EUR,Monthly,7.8,2023-08-11,payroll,1048619.52
9894,GlobalTech,100590,EUR,Monthly,0.6,2024-02-03,payroll,1303646.4000000001
12069,GlobalTech,59271,EUR,Annual,4.6,2024-06-20,payroll,64012.68000000001
6299,GlobalTech,66346,EUR,Monthly,21.7,2024-01-11,payroll,859844.16
8974,GlobalTech,72615,USD,Monthly,9.5,2023-07-08,payroll,871380.0
ACQ_02959,AcquiredCo,87687,EUR,Monthly,0.9,2024-07-23,payroll,1136423.52
2321,GlobalTech,108901,EUR,Bi-Weekly,27.3,2023-01-22,payroll,3057940.08
7349,GlobalTech,139027,EUR,Monthly,6.8,2023-11-19,payroll,1801789.9200000002
773,GlobalTech,66021,EUR,Annual,26.9,2023-05-12,payroll,71302.68000000001
7053,GlobalTech,74238,USD,Annual,21.4,2023-03-18,payroll,74238.0
5191,GlobalTech,76370,USD,Annual,8.1,2023-10-16,payroll,76370.0
7228,GlobalTech,111641,EUR,Monthly,9.8,2023-12-30,payroll,1446867.36
6904,GlobalTech,66758,EUR,Annual,20.7,2023-02-11,payroll,72098.64
8792,GlobalTech,77679,USD,Annual,19.1,2023-11-24,payroll,77679.0
4965,GlobalTech,132341,EUR,Monthly,21.3,2024-03-09,payroll,1715139.36
6908,GlobalTech,117617,EUR,Monthly,7.7,2024-07-23,payroll,1524316.32
13281,GlobalTech,118614,GBP,Monthly,19.5,2023-03-22,payroll,1807677.36
ACQ_02473,AcquiredCo,100181,GBP,Bi-Weekly,29.8,2024-03-15,payroll,3307976.62
10191,GlobalTech,53266,EUR,Monthly,18.5,2023-03-08,payroll,690327.3600000001
4754,GlobalTech,128446,EUR,Bi-Weekly,9.6,2024-10-09,payroll,3606763.68
13495,GlobalTech,86211,USD,Monthly,12.1,2024-12-24,payroll,1034532.0
9056,GlobalTech,91815,USD,Bi-Weekly,10.1,2024-03-28,payroll,2387190.0
14837,GlobalTech,90917,USD,Annual,10.4,2023-11-28,payroll,90917.0
11832,GlobalTech,123352,EUR,Monthly,20.2,2023-09-09,payroll,1598641.9200000002
ACQ_02024,AcquiredCo,59945,GBP,Bi-Weekly,9.5,2024-02-27,payroll,1979383.9000000001
9101,GlobalTech,73984,USD,Monthly,2.8,2023-05-11,payroll,887808.0
ACQ_01388,AcquiredCo,91812,GBP,Monthly,22.6,2023-09-21,payroll,1399214.8800000001
12208,GlobalTech,122456,USD,Annual,4.2,2024-05-20,payroll,122456.0
ACQ_00563,AcquiredCo,69705,GBP,Bi-Weekly,11.8,2024-10-07,payroll,2301659.1
6054,GlobalTech,113992,USD,Monthly,18.2,2024-09-16,payroll,1367904.0
9644,GlobalTech,129156,EUR,Annual,1.8,2024-11-24,payroll,139488.48
ACQ_02892,AcquiredCo,112595,GBP,Monthly,29.5,2024-04-07,payroll,1715947.8
6643,GlobalTech,75686,GBP,Annual,17.3,2023-03-01,payroll,96121.22
4870,GlobalTech,75294,EUR,Bi-Weekly,21.2,2023-08-14,payroll,2114255.52
ACQ_00937,AcquiredCo,101459,EUR,Monthly,17.8,2023-01-30,payroll,1314908.6400000001
ACQ_02809,AcquiredCo,109702,EUR,Annual,15.1,2024-01-22,payroll,118478.16
3852,GlobalTech,70957,EUR,Bi-Weekly,5.2,2024-03-02,payroll,1992472.56
8196,GlobalTech,78563,EUR,Monthly,2.3,2023-07-17,payroll,1018176.4800000001
9210,GlobalTech,106192,EUR,Monthly,25.2,2023-12-14,payroll,1376248.32
8559,GlobalTech,91540,EUR,Annual,10.1,2023-01-24,payroll,98863.20000000001
10612,GlobalTech,"€79,148",EUR,Monthly,3.8,2023-06-03,payroll,1025758.0800000001
11515,GlobalTech,104065,USD,Annual,29.4,2023-01-22,payroll,104065.0
7321,GlobalTech,61200,GBP,Annual,20.3,2024-04-16,payroll,77724.0
13773,GlobalTech,115808,USD,Bi-Weekly,5.3,2023-11-10,payroll,3011008.0
12776,GlobalTech,177512,USD,Monthly,10.0,2023-08-30,payroll,2130144.0
10859,GlobalTech,62487,GBP,Bi-Weekly,21.7,2023-01-15,payroll,2063320.74
8376,GlobalTech,66357,GBP,Bi-Weekly,25.5,2024-06-29,payroll,2191108.14
9806,GlobalTech,99740,EUR,Bi-Weekly,1.1,2024-03-09,payroll,2800699.2
ACQ_00858,AcquiredCo,51069,GBP,Monthly,5.4,2023-06-08,payroll,778291.56
ACQ_01541,AcquiredCo,109537,EUR,Bi-Weekly,9.7,2023-01-26,payroll,3075798.9600000004
5414,GlobalTech,64858,EUR,Monthly,0.4,2024-12-04,payroll,840559.68
12091,GlobalTech,128786,EUR,Annual,0.5,2023-08-07,payroll,139088.88
ACQ_02732,AcquiredCo,128843,USD,Monthly,19.0,2023-11-22,payroll,1546116.0
11139,GlobalTech,113426,EUR,Annual,6.2,2023-10-02,payroll,122500.08
7489,GlobalTech,113040,USD,Annual,29.0,2023-10-12,payroll,113040.0
7950,GlobalTech,82155,EUR,Annual,16.1,2023-07-06,payroll,88727.40000000001
14956,GlobalTech,100631,GBP,Monthly,19.2,2023-04-02,payroll,1533616.44
13701,GlobalTech,107706,GBP,Monthly,21.1,2024-06-15,payroll,1641439.44
6971,GlobalTech,114051,USD,Annual,17.2,2023-08-12,payroll,114051.0
11844,GlobalTech,139147,USD,Monthly,0.7,2023-04-06,payroll,1669764.0
13598,GlobalTech,123524,EUR,Bi-Weekly,6.0,2024-09-18,payroll,3468553.9200000004
11748,GlobalTech,102908,EUR,Bi-Weekly,18.3,2024-06-29,payroll,2889656.64
14649,GlobalTech,54307,EUR,Monthly,25.8,2023-09-27,payroll,703818.7200000001
ACQ_02543,AcquiredCo,137761,USD,Annual,24.5,2024-10-06,payroll,137761.0
14449,GlobalTech,100814,EUR,Annual,20.7,2024-08-28,payroll,108879.12000000001
2606,GlobalTech,86608,EUR,Monthly,26.0,2024-07-16,payroll,1122439.6800000002
4387,GlobalTech,74053,USD,Bi-Weekly,4.5,2024-01-11,payroll,1925378.0
14213,GlobalTech,"$128,264",USD,Monthly,13.5,2023-08-27,payroll,1539168.0
10212,GlobalTech,42490,GBP,Annual,19.4,2023-05-25,payroll,53962.3
4079,GlobalTech,111666,USD,Bi-Weekly,9.8,2023-02-18,payroll,2903316.0
ACQ_02737,AcquiredCo,55225,GBP,Monthly,10.9,2024-12-27,payroll,841629.0
10373,GlobalTech,113476,EUR,Annual,13.4,2023-10-25,payroll,122554.08
ACQ_02657,AcquiredCo,51057,EUR,Annual,19.5,2023-06-23,payroll,55141.560000000005
4628,GlobalTech,136577,EUR,Monthly,19.2,2024-05-08,payroll,1770037.9200000002
13257,GlobalTech,89795,EUR,Monthly,11.2,2024-09-05,payroll,1163743.2000000002
14913,GlobalTech,79543,EUR,Monthly,28.3,2024-05-30,payroll,1030877.28
9063,GlobalTech,"£165,530",GBP,Annual,11.9,2024-04-27,payroll,210223.1
9260,GlobalTech,148533,USD,Monthly,19.5,2024-06-22,payroll,1782396.0
3727,GlobalTech,62567,EUR,Annual,28.6,2024-10-28,payroll,67572.36
14017,GlobalTech,130993,USD,Annual,27.2,2024-04-22,payroll,130993.0
8196,GlobalTech,111007,USD,Annual,28.4,2024-05-10,payroll,111007.0
14247,GlobalTech,69889,USD,Monthly,6.6,2023-10-19,payroll,838668.0
10705,GlobalTech,171886,EUR,Monthly,24.5,2023-10-15,payroll,2227642.56
12938,GlobalTech,117923,USD,Annual,28.3,2024-10-06,payroll,117923.0
ACQ_02538,AcquiredCo,134563,USD,Bi-Weekly,18.6,2023-11-28,payroll,3498638.0
12181,GlobalTech,"$119,516",USD,Monthly,2.7,2024-07-13,payroll,1434192.0
7277,GlobalTech,62636,GBP,Monthly,25.7,2023-12-01,payroll,954572.64
6294,GlobalTech,135814,USD,Monthly,4.1,2024-04-13,payroll,1629768.0
7180,GlobalTech,137228,USD,Bi-Weekly,7.3,2023-08-23,payroll,3567928.0
6596,GlobalTech,97727,EUR,Bi-Weekly,22.8,2024-03-11,payroll,2744174.16
7039,GlobalTech,84976,GBP,Annual,17.1,2024-02-10,payroll,107919.52
8436,GlobalTech,94924,GBP,Monthly,16.0,2024-09-18,payroll,1446641.76
6975,GlobalTech,99273,EUR,Bi-Weekly,23.5,2024-11-07,payroll,2787585.8400000003
6410,GlobalTech,69842,USD,Bi-Weekly,16.2,2023-12-26,payroll,1815892.0
13024,GlobalTech,81282,EUR,Monthly,27.6,2023-03-12,payroll,1053414.72
13750,GlobalTech,46540,EUR,Bi-Weekly,15.7,2024-04-07,payroll,1306843.2000000002
14016,GlobalTech,"£73,019",GBP,Bi-Weekly,18.2,2024-12-21,payroll,2411087.38
12143,GlobalTech,111503,GBP,Monthly,4.8,2023-10-15,payroll,1699305.72
14056,GlobalTech,117815,USD,Monthly,20.4,2024-01-09,payroll,1413780.0
12944,GlobalTech,"£88,511",GBP,Monthly,16.3,2024-01-14,payroll,1348907.6400000001
9060,GlobalTech,56865,EUR,Bi-Weekly,17.8,2024-02-19,payroll,1596769.2000000002
ACQ_02392,AcquiredCo,178661,USD,Monthly,14.0,2024-04-22,payroll,2143932.0
12476,GlobalTech,118481,USD,Monthly,21.5,2024-01-02,payroll,1421772.0
5956,GlobalTech,72300,USD,Bi-Weekly,5.2,2023-08-23,payroll,1879800.0
8098,GlobalTech,"$86,626",USD,Annual,3.2,2023-08-18,payroll,86626.0
3585,GlobalTech,53385,GBP,Monthly,11.4,2024-05-02,payroll,813587.4
ACQ_02770,AcquiredCo,102030,EUR,Bi-Weekly,22.2,2024-11-23,payroll,2865002.4000000004
11206,GlobalTech,87252,USD,Monthly,3.5,2023-02-01,payroll,1047024.0
12228,GlobalTech,40027,GBP,Monthly,9.5,2023-05-20,payroll,610011.48
ACQ_01406,AcquiredCo,59040,GBP,Monthly,1.0,2023-09-15,payroll,899769.6
14007,GlobalTech,114754,USD,Annual,2.3,2024-07-21,payroll,114754.0
6270,GlobalTech,91908,EUR,Monthly,22.5,2024-07-07,payroll,1191127.6800000002
13824,GlobalTech,106874,GBP,Bi-Weekly,8.9,2024-05-31,payroll,3528979.48
11656,GlobalTech,171158,GBP,Annual,12.4,2023-11-05,payroll,217370.66
13099,GlobalTech,129485,USD,Monthly,5.1,2024-08-21,payroll,1553820.0
9242,GlobalTech,120543,USD,Monthly,15.1,2023-08-20,payroll,1446516.0
ACQ_02144,AcquiredCo,55548,GBP,Annual,29.5,2023-08-01,payroll,70545.96
9185,GlobalTech,52350,GBP,Bi-Weekly,5.3,2024-01-15,payroll,1728597.0
7176,GlobalTech,116874,GBP,Annual,21.3,2024-01-07,payroll,148429.98
14903,GlobalTech,"€69,173",EUR,Bi-Weekly,24.9,2024-04-22,payroll,1942377.84
8632,GlobalTech,172032,GBP,Monthly,0.0,2024-01-20,payroll,2621767.68
14961,GlobalTech,57465,EUR,Annual,15.5,2024-07-24,payroll,62062.200000000004
4073,GlobalTech,100435,EUR,Annual,27.6,2023-05-29,payroll,108469.8
ACQ_00889,AcquiredCo,134345,USD,Annual,10.2,2023-06-04,payroll,134345.0
ACQ_01890,AcquiredCo,51669,GBP,Annual,27.7,2023-02-16,payroll,65619.63
13775,GlobalTech,"€51,543",EUR,Bi-Weekly,6.9,2024-11-22,payroll,1447327.4400000002
12956,GlobalTech,"£57,193",GBP,Bi-Weekly,23.6,2023-04-12,payroll,1888512.86
12217,GlobalTech,174685,EUR,Annual,20.0,2023-04-28,payroll,188659.80000000002
6896,GlobalTech,120040,USD,Annual,7.7,2023-03-14,payroll,120040.0
7048,GlobalTech,136885,EUR,Monthly,13.6,2023-05-13,payroll,1774029.6
11801,GlobalTech,128561,USD,Bi-Weekly,8.4,2023-06-21,payroll,3342586.0
6548,GlobalTech,119374,GBP,Annual,11.3,2024-01-17,payroll,151604.98
ACQ_02809,AcquiredCo,109702,EUR,Annual,15.1,2024-01-22,payroll,118478.16
3658,GlobalTech,74792,GBP,Annual,15.3,2023-08-03,payroll,94985.84
14618,GlobalTech,134890,USD,Monthly,13.9,2024-10-13,payroll,1618680.0
8100,GlobalTech,82320,GBP,Monthly,23.4,2023-08-15,payroll,1254556.8
7167,GlobalTech,141252,USD,Annual,5.1,2023-11-27,payroll,141252.0
10280,GlobalTech,174254,USD,Monthly,29.6,2023-06-12,payroll,2091048.0
12215,GlobalTech,106702,EUR,Annual,16.4,2024-07-05,payroll,115238.16
5732,GlobalTech,113425,GBP,Bi-Weekly,10.6,2023-05-08,payroll,3745293.5
9213,GlobalTech,62456,EUR,Bi-Weekly,13.6,2023-01-29,payroll,1753764.4800000002
14042,GlobalTech,54499,EUR,Bi-Weekly,5.6,2024-06-29,payroll,1530331.9200000002
9398,GlobalTech,86944,USD,Annual,13.9,2023-08-29,payroll,86944.0
12942,GlobalTech,40736,GBP,Monthly,14.9,2024-11-17,payroll,620816.64
12649,GlobalTech,85601,GBP,Bi-Weekly,20.2,2023-01-14,payroll,2826545.02
11187,GlobalTech,114740,EUR,Bi-Weekly,5.5,2024-02-09,payroll,3221899.2
