gt_employee_id,gt_name,gt_hire_date,ac_employee_id,ac_name,ac_hire_date,name_score,date_diff_days
GT-002862,Jason Allen,2023-01-03,AC-000020,Janet Allen,2023-03-08,81.81818181818181,64
GT-003964,Michelle Anderson,2016-08-30,AC-000056,Michelle Anderson,2022-11-04,100.0,2257
GT-001055,Angela Anderson,2023-03-31,AC-000109,Angela Anderson,2015-08-22,100.0,2778
GT-010723,Daniel Allen,2023-05-04,AC-000132,Daniel Allen,2016-02-28,100.0,2622
GT-009936,Charles Anderson,2017-11-18,AC-000160,Charles Anderson,2020-02-29,100.0,833
GT-001254,Elizabeth Anderson,2022-09-04,AC-000224,Elizabeth Allen,2024-11-23,78.78787878787878,811
GT-000095,Helen Anderson,2023-04-02,AC-000226,Helen Anderson,2022-12-24,100.0,99
GT-003617,Sandra Anderson,2015-04-30,AC-000238,Sandra Anderson,2020-01-13,100.0,1719
GT-005844,Margaret Allen,2021-04-02,AC-000368,Margaret Allen,2019-07-27,100.0,615
GT-002156,Alexander Anderson,2015-10-18,AC-000466,Alexander Anderson,2018-12-08,100.0,1147
GT-006116,Patricia Allen,2023-02-04,AC-000491,Patricia Allen,2024-10-14,100.0,618
GT-009042,John Anderson,2022-06-01,AC-000551,Jason Anderson,2018-12-30,88.88888888888889,1249
GT-009828,Sharon Anderson,2020-06-26,AC-000553,Sharon Anderson,2020-11-03,100.0,130
GT-001952,Kevin Allen,2015-01-19,AC-000626,Kevin Allen,2024-10-27,100.0,3569
GT-009383,Henry Allen,2020-11-27,AC-000811,Helen Allen,2015-03-01,81.81818181818181,2098
GT-010498,Larry Anderson,2016-03-17,AC-000824,Larry Anderson,2022-11-05,100.0,2424
GT-001195,Stephanie Allen,2022-01-12,AC-000901,Stephanie Allen,2017-06-30,100.0,1657
GT-012343,Sandra Allen,2023-01-30,AC-000987,Sandra Allen,2018-12-27,100.0,1495
GT-012906,Ryan Anderson,2017-04-04,AC-001023,Ryan Anderson,2020-06-12,100.0,1165
GT-005056,Carol Anderson,2023-03-08,AC-001036,Carol Anderson,2017-03-08,100.0,2191
GT-000987,Alexander Allen,2020-06-10,AC-001202,Alexander Allen,2019-10-26,100.0,228
GT-013336,Katherine Anderson,2023-02-19,AC-001224,Katherine Anderson,2018-01-05,100.0,1871
GT-014644,Aaron Anderson,2021-06-30,AC-001271,Aaron Anderson,2017-10-24,100.0,1345
GT-003274,Patrick Allen,2020-09-22,AC-001286,Peter Allen,2023-05-09,75.0,959
GT-001701,Janet Anderson,2022-08-19,AC-001434,Janet Anderson,2020-11-25,100.0,632
GT-014678,Robert Anderson,2024-03-30,AC-001488,Robert Anderson,2018-03-23,100.0,2199
GT-007377,Jack Allen,2016-10-13,AC-001520,Jack Allen,2023-11-08,100.0,2582
GT-011211,Jennifer Allen,2016-12-19,AC-001528,Jennifer Allen,2024-04-16,100.0,2675
GT-010531,Ryan Allen,2022-10-07,AC-001537,Ryan Allen,2021-02-02,100.0,612
GT-000019,Laura Anderson,2021-12-01,AC-001630,Laura Anderson,2023-07-25,100.0,601
GT-006209,Susan Allen,2024-12-13,AC-001706,Susan Allen,2017-03-14,100.0,2831
GT-001531,Joseph Allen,2019-10-08,AC-001879,Joseph Allen,2023-07-30,100.0,1391
GT-004322,Rachel Anderson,2017-12-16,AC-001933,Rachel Anderson,2023-08-17,100.0,2070
GT-001135,Linda Allen,2018-07-24,AC-002006,Lisa Allen,2015-05-16,85.71428571428572,1165
GT-001443,Amy Anderson,2021-06-20,AC-002069,Amy Anderson,2022-01-27,100.0,221
GT-006743,Brian Anderson,2024-02-14,AC-002083,Frank Anderson,2018-05-09,85.71428571428572,2107
GT-000480,Mary Anderson,2017-12-30,AC-002140,Mary Anderson,2021-01-27,100.0,1124
GT-006027,Benjamin Anderson,2021-05-20,AC-002145,Benjamin Anderson,2015-08-07,100.0,2113
GT-005434,Patrick Anderson,2019-06-09,AC-002189,Patrick Anderson,2017-07-28,100.0,681
GT-001406,Raymond Anderson,2018-04-08,AC-002406,Raymond Anderson,2015-02-12,100.0,1151
GT-010815,Thomas Allen,2016-11-19,AC-002459,Thomas Allen,2016-06-01,100.0,171
GT-003716,Karen Allen,2023-07-09,AC-002463,Karen Allen,2020-11-24,100.0,957
GT-012799,Deborah Allen,2021-01-16,AC-002502,Deborah Allen,2024-01-23,100.0,1102
GT-005434,Patrick Anderson,2019-06-09,AC-002517,Eric Anderson,2024-09-20,82.75862068965517,1930
GT-002452,Nicholas Anderson,2024-08-08,AC-002544,Douglas Anderson,2019-04-01,78.78787878787878,1956
GT-001986,Shirley Anderson,2023-01-13,AC-002555,Shirley Anderson,2018-12-15,100.0,1490
GT-006471,Steven Anderson,2019-08-23,AC-002684,Stephen Anderson,2020-01-12,90.32258064516128,142
GT-004088,Jeffrey Allen,2024-02-04,AC-002707,Jeffrey Allen,2016-08-27,100.0,2717
GT-001472,Edward Allen,2019-09-11,AC-002748,Edward Allen,2024-08-18,100.0,1803
GT-007338,Christine Allen,2024-02-12,AC-002802,Christine Allen,2021-12-22,100.0,782
GT-007694,James Anderson,2023-08-02,AC-002868,James Anderson,2015-10-22,100.0,2841
GT-013610,Amy Allen,2016-04-10,AC-002889,Amy Allen,2023-08-05,100.0,2673
GT-007855,Kenneth Anderson,2021-10-23,AC-002940,Kenneth Anderson,2016-05-29,100.0,1973
GT-005110,Nancy Allen,2020-10-21,AC-002962,Nancy Allen,2017-06-16,100.0,1223
GT-001105,John Allen,2016-09-30,AC-000000,John Allen,2015-11-24,100.0,311
GT-006668,Charles Bennett,2016-10-18,AC-000008,Charles Bennett,2023-02-17,100.0,2313
GT-010306,Sandra Burns,2020-04-24,AC-000022,Sarah Burns,2022-05-12,86.95652173913044,748
GT-004269,Karen Brown,2016-01-26,AC-000041,Karen Burns,2017-02-25,81.81818181818181,396
GT-000775,Daniel Brown,2023-04-14,AC-000042,Daniel Burns,2016-06-03,83.33333333333334,2506
GT-005518,Benjamin Bell,2016-12-12,AC-000050,Benjamin Bell,2023-09-24,100.0,2477
GT-004269,Karen Brown,2016-01-26,AC-000054,Kevin Brown,2016-04-03,81.81818181818181,68
GT-003537,Debra Bennett,2020-05-14,AC-000076,Rebecca Bennett,2023-08-06,78.57142857142857,1179
GT-002365,Robert Brown,2019-08-01,AC-000101,Robert Boyd,2018-05-12,78.26086956521739,446
GT-005666,Barbara Bennett,2015-09-30,AC-000131,Barbara Bennett,2019-08-14,100.0,1414
GT-012705,Nicholas Bell,2021-12-19,AC-000153,Nicholas Bell,2019-06-06,100.0,927
GT-005974,Kenneth Burns,2018-07-23,AC-000166,Kenneth Burns,2024-07-04,100.0,2173
GT-000997,Michelle Burns,2023-05-09,AC-000174,Michelle Burns,2018-01-22,100.0,1933
GT-009864,Christine Brown,2016-07-28,AC-000177,Christine Brown,2018-10-20,100.0,814
GT-009181,Gregory Bell,2022-09-15,AC-000182,Gregory Bell,2015-10-16,100.0,2526
GT-004988,Carolyn Brown,2020-04-07,AC-000193,Carolyn Brown,2017-02-08,100.0,1154
GT-006234,Carolyn Bell,2019-11-04,AC-000198,Charles Bell,2017-04-06,75.0,942
GT-007364,Amy Bell,2017-05-21,AC-000207,Amy Bell,2024-09-05,100.0,2664
GT-003705,Justin Bennett,2017-04-10,AC-000209,Justin Bennett,2024-04-08,100.0,2555
GT-002479,Patricia Bell,2023-12-28,AC-000228,Patricia Bell,2018-12-02,100.0,1852
GT-004882,Ashley Burns,2024-06-24,AC-000258,Ashley Burns,2021-07-21,100.0,1069
GT-003897,Peter Boyd,2016-05-15,AC-000296,Peter Boyd,2021-09-19,100.0,1953
GT-003647,Donna Boyd,2020-11-23,AC-000331,Donna Boyd,2023-03-18,100.0,845
GT-007815,Angela Bennett,2018-11-28,AC-000347,Angela Bennett,2024-09-18,100.0,2121
GT-000895,Dennis Brown,2016-01-10,AC-000366,Jennifer Brown,2018-05-16,76.92307692307692,857
GT-006929,Anthony Boyd,2019-12-04,AC-000394,Anthony Boyd,2016-08-29,100.0,1192
GT-009238,Stephanie Bennett,2024-12-04,AC-000395,Stephanie Bennett,2015-11-26,100.0,3296
GT-012397,Ryan Bell,2018-12-15,AC-000403,Ryan Bell,2022-08-24,100.0,1348
GT-003694,Nicholas Burns,2024-01-14,AC-000405,Nicholas Burns,2020-09-20,100.0,1211
GT-008692,Larry Brown,2016-04-30,AC-000417,Mary Brown,2016-04-18,85.71428571428572,12
GT-014552,Steven Brown,2024-02-15,AC-000425,Steven Brown,2020-04-11,100.0,1405
GT-001349,John Burns,2017-04-12,AC-000431,John Burns,2015-02-26,100.0,776
GT-001500,Emily Brown,2019-09-11,AC-000436,Emily Brown,2023-05-18,100.0,1345
GT-002052,Kimberly Bell,2016-01-08,AC-000477,Kimberly Bell,2022-10-24,100.0,2481
GT-005739,Sharon Brown,2016-02-23,AC-000501,Sharon Brown,2017-09-02,100.0,557
GT-007796,Joseph Brown,2023-09-01,AC-000502,Jose Brown,2019-10-21,90.9090909090909,1411
GT-003032,Ryan Bennett,2016-07-18,AC-000523,Ryan Bennett,2018-11-27,100.0,862
GT-008716,Nancy Boyd,2017-01-28,AC-000550,Nancy Boyd,2020-03-16,100.0,1143
GT-001084,Alexander Brown,2020-08-04,AC-000577,Alexander Brown,2016-09-17,100.0,1417
GT-005501,Linda Brown,2020-02-19,AC-000586,Lisa Brown,2016-10-01,85.71428571428572,1236
GT-005805,Charles Burns,2020-08-21,AC-000590,Charles Brown,2022-01-24,84.61538461538461,521
GT-003429,Patrick Bennett,2022-12-12,AC-000620,Patricia Bennett,2019-08-01,90.32258064516128,1229
GT-007017,Christopher Brown,2018-10-14,AC-000630,Christopher Brown,2021-09-04,100.0,1056
GT-009853,Robert Bennett,2017-05-18,AC-000679,Robert Bennett,2020-11-23,100.0,1285
GT-000689,Jack Boyd,2021-03-18,AC-000697,Jack Boyd,2023-07-03,100.0,837
GT-010350,Shirley Bell,2022-10-26,AC-000703,Shirley Bell,2024-12-08,100.0,774
GT-001240,Robert Bell,2021-05-04,AC-000709,Robert Bell,2016-01-26,100.0,1925
GT-004975,William Brown,2017-09-06,AC-000743,William Brown,2022-08-14,100.0,1803
GT-004246,Amanda Boyd,2024-04-06,AC-000751,Aaron Boyd,2016-01-16,76.19047619047619,3003
GT-005928,Brian Burns,2017-03-01,AC-000754,Brian Burns,2023-12-27,100.0,2492
GT-003228,Dennis Bell,2015-02-13,AC-000794,Dennis Bell,2023-11-07,100.0,3189
GT-002625,Susan Boyd,2015-09-25,AC-000823,Susan Boyd,2020-11-29,100.0,1892
GT-012672,Jonathan Boyd,2023-06-26,AC-000831,Jonathan Boyd,2018-01-12,100.0,1991
GT-002780,Emma Boyd,2022-12-20,AC-000883,Emma Boyd,2023-08-24,100.0,247
GT-011552,Barbara Brown,2015-10-03,AC-000910,Barbara Brown,2023-03-28,100.0,2733
GT-000738,Ronald Bennett,2024-12-11,AC-000916,Ronald Bennett,2018-03-23,100.0,2455
GT-006655,Joseph Bennett,2020-10-08,AC-000933,Joseph Bennett,2019-05-12,100.0,515
GT-009640,Susan Bell,2017-10-30,AC-000978,Susan Bell,2024-05-10,100.0,2384
GT-012516,Frank Brown,2022-08-21,AC-001003,Frank Brown,2023-03-05,100.0,196
GT-009243,Donna Burns,2015-03-09,AC-001034,Donna Burns,2024-04-15,100.0,3325
GT-008314,Elizabeth Burns,2022-12-17,AC-001055,Elizabeth Burns,2020-01-12,100.0,1070
GT-000895,Dennis Brown,2016-01-10,AC-001069,Dennis Brown,2024-08-03,100.0,3128
GT-005482,Ronald Boyd,2023-10-11,AC-001072,Ronald Boyd,2024-10-30,100.0,385
GT-013493,Emma Bell,2018-12-07,AC-001171,Emma Bell,2020-03-01,100.0,450
GT-001660,Cynthia Burns,2019-05-06,AC-001172,Cynthia Brown,2015-12-28,84.61538461538461,1225
GT-005910,Samantha Brown,2023-11-15,AC-001234,Samantha Brown,2017-03-20,100.0,2431
GT-006069,Ryan Boyd,2023-02-07,AC-001255,Ryan Boyd,2023-03-28,100.0,49
GT-001020,Sandra Bennett,2021-08-23,AC-001263,Sarah Bennett,2023-09-30,88.88888888888889,768
GT-000308,Michelle Boyd,2024-12-20,AC-001268,Michelle Boyd,2022-10-09,100.0,803
GT-000315,Larry Boyd,2021-05-24,AC-001277,Larry Boyd,2017-12-02,100.0,1269
GT-009107,Donald Bell,2023-02-03,AC-001282,Donald Bell,2021-12-17,100.0,413
GT-007796,Joseph Brown,2023-09-01,AC-001287,Joshua Brown,2015-05-15,83.33333333333334,3031
GT-001741,Donald Bennett,2016-01-21,AC-001299,Donald Bennett,2019-09-01,100.0,1319
GT-008466,John Brown,2022-11-23,AC-001315,John Brown,2015-12-13,100.0,2537
GT-013924,Margaret Boyd,2018-05-07,AC-001365,Margaret Boyd,2023-01-01,100.0,1700
GT-001025,Kathleen Burns,2018-10-25,AC-001377,Kathleen Burns,2022-12-10,100.0,1507
GT-002281,Lisa Burns,2021-09-17,AC-001386,Lisa Burns,2021-11-18,100.0,62
GT-010585,Stephanie Burns,2016-02-16,AC-001392,Stephanie Burns,2017-12-26,100.0,679
GT-002365,Robert Brown,2019-08-01,AC-001415,Robert Brown,2018-07-28,100.0,369
GT-010322,Brandon Brown,2015-03-06,AC-001441,Brian Brown,2021-05-18,83.33333333333334,2265
GT-000613,Rebecca Burns,2021-09-13,AC-001464,Rebecca Burns,2020-07-05,100.0,435
GT-001959,Alexander Bell,2015-12-26,AC-001513,Alexander Bell,2023-08-31,100.0,2805
GT-006529,Ashley Brown,2024-09-06,AC-001521,Ashley Brown,2022-09-07,100.0,730
GT-000117,Laura Bennett,2021-01-27,AC-001523,Laura Bennett,2024-05-07,100.0,1196
GT-010755,Henry Bennett,2024-11-18,AC-001531,Henry Bennett,2019-05-09,100.0,2020
GT-007856,Sharon Boyd,2023-08-23,AC-001547,Sharon Boyd,2016-05-19,100.0,2652
GT-002015,Kevin Bennett,2019-11-22,AC-001560,Kevin Bennett,2023-11-12,100.0,1451
GT-004485,Rachel Brown,2023-01-04,AC-001575,Rachel Brown,2015-11-27,100.0,2595
GT-010455,Jack Brown,2018-09-15,AC-001617,Jack Brown,2018-03-21,100.0,178
GT-009090,Janet Bennett,2023-07-14,AC-001661,Janet Bennett,2020-04-23,100.0,1177
GT-011702,Stephanie Boyd,2018-01-15,AC-001665,Stephanie Boyd,2016-08-29,100.0,504
GT-001745,Rebecca Bell,2015-07-31,AC-001675,Rebecca Bell,2018-08-22,100.0,1118
GT-002797,Stephen Brown,2019-03-12,AC-001678,Stephen Brown,2022-06-13,100.0,1189
GT-004485,Rachel Brown,2023-01-04,AC-001717,Rachel Boyd,2021-02-02,78.26086956521739,701
GT-002749,Jonathan Brown,2021-06-20,AC-001726,Jonathan Brown,2022-03-03,100.0,256
GT-001464,Douglas Brown,2022-10-30,AC-001742,Douglas Brown,2023-09-02,100.0,307
GT-004907,Andrew Brown,2023-05-17,AC-001753,Andrew Brown,2015-02-18,100.0,3010
GT-007991,Samuel Burns,2020-10-15,AC-001754,Samuel Burns,2015-10-25,100.0,1817
GT-001540,Katherine Burns,2022-02-22,AC-001818,Katherine Burns,2023-10-11,100.0,596
GT-005283,Adam Boyd,2023-08-31,AC-001839,Adam Boyd,2017-07-02,100.0,2251
GT-001897,Brenda Burns,2016-09-02,AC-001893,Brenda Burns,2015-09-08,100.0,360
GT-002359,Donald Boyd,2020-03-06,AC-001917,Donald Boyd,2023-12-24,100.0,1388
GT-001118,Sharon Burns,2023-03-28,AC-001993,Sharon Burns,2018-09-02,100.0,1668
GT-001510,Brian Bennett,2017-01-11,AC-001997,Brian Bennett,2021-12-31,100.0,1815
GT-003720,Christopher Bell,2018-11-08,AC-002045,Christopher Bell,2017-06-24,100.0,502
GT-000499,Richard Burns,2018-03-28,AC-002055,Richard Brown,2024-07-26,84.61538461538461,2312
GT-004747,Jacob Burns,2021-11-04,AC-002137,Jacob Burns,2023-06-26,100.0,599
GT-004236,Carolyn Boyd,2018-01-14,AC-002175,Carolyn Boyd,2018-08-20,100.0,218
GT-010203,Carol Brown,2019-12-18,AC-002228,Carol Brown,2016-12-23,100.0,1090
GT-005001,Tyler Burns,2021-12-03,AC-002278,Tyler Burns,2017-05-01,100.0,1677
GT-007209,Stephen Burns,2022-06-28,AC-002283,Stephen Burns,2022-02-06,100.0,142
GT-000222,Pamela Bell,2021-04-02,AC-002304,Pamela Bell,2015-05-13,100.0,2151
GT-009876,Ryan Brown,2017-04-16,AC-002315,Ryan Brown,2018-07-17,100.0,457
GT-000197,Rachel Bell,2019-06-10,AC-002329,Rachel Bell,2024-11-03,100.0,1973
GT-003177,Nancy Burns,2018-07-24,AC-002330,Nancy Burns,2024-10-17,100.0,2277
GT-001191,Ronald Bell,2019-10-09,AC-002332,Raymond Bell,2019-07-24,78.26086956521739,77
GT-008498,Debra Bell,2022-08-05,AC-002338,Debra Bell,2017-02-25,100.0,1987
GT-012017,Jason Boyd,2021-10-29,AC-002345,Jason Boyd,2017-01-27,100.0,1736
GT-000308,Michelle Boyd,2024-12-20,AC-002428,Michael Boyd,2023-07-05,88.0,534
GT-007783,Katherine Brown,2017-05-24,AC-002437,Katherine Boyd,2022-02-23,82.75862068965517,1736
GT-005615,Nicole Bell,2022-11-09,AC-002462,Nicole Bell,2020-08-09,100.0,822
GT-002662,Douglas Bennett,2020-09-30,AC-002483,Douglas Bennett,2015-07-21,100.0,1898
GT-000958,Benjamin Burns,2024-07-15,AC-002513,Benjamin Burns,2018-09-10,100.0,2135
GT-003729,Scott Brown,2021-09-18,AC-002520,Scott Burns,2019-07-21,81.81818181818181,790
GT-008467,Larry Burns,2022-07-24,AC-002534,Larry Burns,2023-05-21,100.0,301
GT-006420,Jacob Bell,2022-02-08,AC-002579,Jacob Bell,2018-10-07,100.0,1220
GT-011996,Samuel Bell,2018-10-16,AC-002584,Samuel Bell,2016-11-05,100.0,710
GT-005326,Jerry Brown,2017-02-15,AC-002612,Jerry Brown,2021-09-27,100.0,1685
GT-001655,Henry Brown,2018-02-09,AC-002625,Henry Brown,2021-06-17,100.0,1224
GT-000017,Brian Bell,2019-02-09,AC-002627,Brian Bell,2020-05-28,100.0,474
GT-007883,David Burns,2019-11-24,AC-002722,David Burns,2023-07-24,100.0,1338
GT-002890,Gary Bennett,2018-11-27,AC-002751,Gary Bennett,2022-08-21,100.0,1363
GT-010418,Pamela Burns,2015-09-06,AC-002813,Pamela Burns,2024-10-31,100.0,3343
GT-008273,Ashley Bell,2024-02-16,AC-002822,Ashley Bell,2016-07-04,100.0,2783
GT-001051,James Burns,2016-01-13,AC-002900,James Burns,2022-03-14,100.0,2252
GT-007237,William Boyd,2016-07-07,AC-002927,William Boyd,2022-09-23,100.0,2269
GT-006234,Carolyn Bell,2019-11-04,AC-002991,Carolyn Bell,2018-11-22,100.0,347
GT-006616,Kathleen Brown,2017-02-02,AC-002993,Kathleen Brown,2019-10-03,100.0,973
GT-008325,Michael Crawford,2021-01-06,AC-000002,Michael Crawford,2021-06-09,100.0,154
GT-000189,Rachel Clark,2017-03-12,AC-000005,Rachel Clark,2017-05-01,100.0,50
GT-004296,Michelle Cooper,2020-03-14,AC-000013,Michelle Cooper,2022-08-15,100.0,884
GT-007417,Benjamin Cooper,2016-07-12,AC-000024,Benjamin Cooper,2024-03-04,100.0,2792
GT-005070,Stephanie Campbell,2018-07-04,AC-000025,Stephanie Campbell,2020-10-29,100.0,848
GT-002190,Thomas Clark,2022-10-05,AC-000027,Thomas Clark,2017-12-16,100.0,1754
GT-007849,Dorothy Collins,2015-08-09,AC-000033,Dorothy Collins,2021-01-01,100.0,1972
GT-002014,Samantha Crawford,2015-11-07,AC-000039,Samantha Crawford,2016-04-30,100.0,175
GT-002484,Adam Cooper,2016-02-24,AC-000044,Adam Cooper,2022-07-15,100.0,2333
GT-011095,Nicholas Crawford,2024-08-17,AC-000082,Nicholas Crawford,2019-06-02,100.0,1903
GT-000377,Amanda Crawford,2022-12-20,AC-000085,Amanda Crawford,2021-05-28,100.0,571
GT-008027,Charles Campbell,2024-09-10,AC-000087,Charles Campbell,2023-08-19,100.0,388
GT-006352,Charles Clark,2019-01-08,AC-000091,Carol Clark,2018-08-30,83.33333333333334,131
GT-000520,Anna Collins,2021-06-13,AC-000107,Anna Collins,2015-01-10,100.0,2346
GT-001644,Deborah Crawford,2023-03-24,AC-000111,Deborah Crawford,2018-05-13,100.0,1776
GT-001673,Joshua Cooper,2020-02-03,AC-000143,Joshua Cooper,2017-10-31,100.0,825
GT-001901,Amanda Cooper,2019-12-30,AC-000149,Amanda Cooper,2016-12-19,100.0,1106
GT-003906,Debra Crawford,2022-11-25,AC-000196,Debra Crawford,2015-04-27,100.0,2769
GT-003175,Henry Cooper,2017-05-31,AC-000219,Henry Cooper,2020-10-20,100.0,1238
GT-003181,Helen Collins,2016-06-28,AC-000220,Helen Collins,2017-01-02,100.0,188
GT-001747,Justin Cooper,2019-09-28,AC-000223,Justin Cooper,2021-09-15,100.0,718
GT-010349,Anthony Cooper,2018-12-25,AC-000231,Anthony Cooper,2021-03-16,100.0,812
GT-003932,Charles Cooper,2017-01-19,AC-000317,Charles Cooper,2018-12-23,100.0,703
GT-000703,Elizabeth Collins,2020-08-16,AC-000322,Elizabeth Collins,2016-11-11,100.0,1374
GT-002424,Joseph Cooper,2024-02-28,AC-000328,Joseph Cooper,2022-02-22,100.0,736
GT-003588,Sharon Campbell,2018-10-28,AC-000335,Carolyn Campbell,2022-02-09,83.87096774193549,1200
GT-011440,Christine Crawford,2021-09-11,AC-000348,Christine Crawford,2017-08-17,100.0,1486
GT-012052,Barbara Clark,2021-10-24,AC-000379,Barbara Clark,2019-02-01,100.0,996
GT-007543,Patrick Campbell,2024-04-09,AC-000390,Eric Campbell,2017-03-13,82.75862068965517,2584
GT-007735,Margaret Cooper,2024-10-22,AC-000406,Margaret Clark,2023-05-17,75.86206896551724,524
GT-001742,Adam Clark,2021-12-10,AC-000411,Adam Clark,2023-08-25,100.0,623
GT-008931,Emily Campbell,2023-04-06,AC-000413,Emily Campbell,2022-08-14,100.0,235
GT-012726,Jack Clark,2018-12-03,AC-000422,Jack Clark,2023-12-04,100.0,1827
GT-000317,Justin Campbell,2019-02-28,AC-000429,Justin Campbell,2015-03-25,100.0,1436
GT-002133,Brandon Clark,2015-09-29,AC-000433,Brandon Clark,2018-08-28,100.0,1064
GT-000605,Nicole Collins,2017-05-25,AC-000440,Nicole Collins,2023-05-03,100.0,2169
GT-010786,Justin Collins,2017-09-09,AC-000445,Justin Collins,2021-11-03,100.0,1516
GT-009982,John Clark,2015-03-04,AC-000457,Jason Clark,2020-02-19,85.71428571428572,1813
GT-008101,Emma Campbell,2022-03-24,AC-000458,Emma Campbell,2018-10-03,100.0,1268
GT-004753,Henry Crawford,2017-10-11,AC-000469,Henry Crawford,2022-01-29,100.0,1571
GT-014826,Samuel Cooper,2020-10-13,AC-000474,Samuel Cooper,2019-04-18,100.0,544
GT-006368,Janet Campbell,2022-09-08,AC-000479,Janet Campbell,2017-05-22,100.0,1935
GT-005886,Ryan Crawford,2021-01-12,AC-000489,Ryan Crawford,2016-03-28,100.0,1751
GT-005040,Lisa Clark,2019-10-05,AC-000528,Lisa Clark,2020-04-01,100.0,179
GT-003932,Charles Cooper,2017-01-19,AC-000531,Carolyn Cooper,2021-10-12,78.57142857142857,1727
GT-007925,Jason Campbell,2016-01-12,AC-000562,Jason Campbell,2022-03-24,100.0,2263
GT-001502,Douglas Clark,2019-10-16,AC-000567,Douglas Clark,2024-08-31,100.0,1781
GT-000080,Steven Cooper,2020-09-25,AC-000593,Steven Cooper,2016-02-15,100.0,1684
GT-010270,Benjamin Crawford,2021-05-17,AC-000618,Benjamin Clark,2024-12-08,77.41935483870968,1301
GT-006932,Andrew Campbell,2022-06-23,AC-000619,Andrew Campbell,2019-09-29,100.0,998
GT-007127,Michelle Crawford,2022-05-19,AC-000633,Michelle Crawford,2018-12-17,100.0,1249
GT-002380,Dennis Collins,2016-04-10,AC-000638,Dennis Collins,2020-01-01,100.0,1361
GT-011440,Christine Crawford,2021-09-11,AC-000654,Catherine Crawford,2017-10-14,83.33333333333334,1428
GT-004225,James Crawford,2023-10-01,AC-000664,Janet Crawford,2017-08-05,85.71428571428572,2248
GT-005758,Deborah Campbell,2017-02-14,AC-000668,Deborah Campbell,2017-04-21,100.0,66
GT-000920,Aaron Clark,2020-06-24,AC-000678,Aaron Clark,2023-06-03,100.0,1074
GT-003424,Kathleen Clark,2017-04-19,AC-000715,Kathleen Clark,2020-09-27,100.0,1257
GT-012900,Amy Campbell,2024-05-27,AC-000721,Amy Campbell,2020-01-13,100.0,1596
GT-004022,Jonathan Crawford,2021-06-15,AC-000730,Jonathan Crawford,2020-10-16,100.0,242
GT-010295,Joshua Collins,2017-11-17,AC-000745,Joshua Collins,2015-05-11,100.0,921
GT-014770,Ruth Cooper,2021-09-19,AC-000766,Ruth Cooper,2015-10-20,100.0,2161
GT-009214,Brian Clark,2017-01-05,AC-000768,Brian Clark,2015-06-06,100.0,579
GT-000046,David Collins,2020-07-22,AC-000769,David Collins,2021-12-20,100.0,516
GT-007651,Daniel Cooper,2023-04-22,AC-000775,Daniel Cooper,2017-12-09,100.0,1960
GT-006487,Elizabeth Clark,2023-03-30,AC-000799,Elizabeth Cooper,2023-09-04,77.41935483870968,158
GT-008461,Katherine Crawford,2019-08-16,AC-000813,Katherine Crawford,2015-05-19,100.0,1550
GT-009361,Richard Collins,2021-02-26,AC-000832,Richard Collins,2021-06-28,100.0,122
GT-005146,Thomas Collins,2016-07-30,AC-000904,Thomas Collins,2021-04-28,100.0,1733
GT-007571,Jessica Campbell,2015-07-15,AC-000915,Jessica Campbell,2024-11-06,100.0,3402
GT-002979,Lisa Crawford,2022-10-04,AC-000934,Lisa Crawford,2016-01-24,100.0,2445
GT-006837,Samantha Campbell,2021-07-20,AC-000952,Samantha Campbell,2016-02-01,100.0,1996
GT-001054,Sarah Collins,2018-04-07,AC-000960,Sandra Collins,2021-02-10,88.88888888888889,1040
GT-006099,Andrew Crawford,2023-03-20,AC-000971,Andrew Crawford,2021-03-23,100.0,727
GT-001256,Kathleen Collins,2023-09-25,AC-000982,Kathleen Collins,2017-10-14,100.0,2172
GT-000829,Tyler Cooper,2020-03-31,AC-001020,Tyler Cooper,2017-02-12,100.0,1143
GT-008464,Daniel Collins,2018-08-07,AC-001030,Daniel Collins,2018-11-25,100.0,110
GT-000843,Aaron Campbell,2018-08-30,AC-001039,Aaron Campbell,2017-10-27,100.0,307
GT-000317,Justin Campbell,2019-02-28,AC-001042,Susan Campbell,2020-12-15,82.75862068965517,656
GT-010850,Justin Clark,2018-08-17,AC-001101,Justin Clark,2020-06-08,100.0,661
GT-012372,Karen Campbell,2015-12-30,AC-001123,Kathleen Campbell,2021-01-31,83.87096774193549,1859
GT-006384,Larry Clark,2023-08-16,AC-001141,Larry Clark,2016-07-31,100.0,2572
GT-001512,Patricia Clark,2018-11-14,AC-001143,Patrick Clark,2021-02-07,88.88888888888889,816
GT-000490,Carol Collins,2020-07-20,AC-001175,Charles Collins,2022-08-30,85.71428571428572,771
GT-004474,Kimberly Cooper,2015-12-10,AC-001216,Kimberly Cooper,2020-02-14,100.0,1527
GT-013976,Ashley Cooper,2022-06-29,AC-001229,Ashley Cooper,2020-09-06,100.0,661
GT-007656,Stephen Collins,2020-10-27,AC-001248,Stephen Collins,2016-02-26,100.0,1705
GT-004610,Michelle Campbell,2016-02-07,AC-001254,Michelle Campbell,2023-07-22,100.0,2722
GT-000700,Richard Campbell,2018-01-10,AC-001310,Richard Campbell,2018-06-15,100.0,156
GT-004186,Emma Crawford,2024-01-05,AC-001317,Emma Crawford,2024-11-23,100.0,323
GT-006524,William Collins,2019-09-09,AC-001322,William Collins,2017-09-11,100.0,728
GT-002961,Emily Clark,2019-03-06,AC-001339,Emily Clark,2017-07-23,100.0,591
GT-000070,Sandra Clark,2021-11-23,AC-001348,Sandra Clark,2017-09-26,100.0,1519
GT-011117,Brenda Collins,2015-09-02,AC-001363,Benjamin Collins,2020-01-02,80.0,1583
GT-007890,Emily Cooper,2022-03-01,AC-001376,Shirley Cooper,2021-01-12,76.92307692307692,413
GT-006582,Cynthia Collins,2018-08-26,AC-001397,Cynthia Collins,2021-05-12,100.0,990
GT-001618,Dennis Clark,2022-04-11,AC-001411,Donna Clark,2023-04-24,78.26086956521739,378
GT-002627,Samuel Campbell,2018-07-11,AC-001421,Samuel Campbell,2022-05-11,100.0,1400
GT-001881,Michael Collins,2018-06-25,AC-001426,Michael Collins,2016-01-26,100.0,881
GT-008418,Donna Cooper,2023-09-27,AC-001433,Donna Cooper,2023-12-06,100.0,70
GT-004441,Paul Collins,2016-04-22,AC-001458,Paul Collins,2023-09-03,100.0,2690
GT-011750,Catherine Campbell,2020-01-07,AC-001467,Katherine Campbell,2019-10-20,94.44444444444444,79
GT-004585,Mary Crawford,2018-01-13,AC-001479,Margaret Crawford,2024-07-25,80.0,2385
GT-014966,Raymond Cooper,2021-05-30,AC-001480,Raymond Cooper,2016-04-26,100.0,1860
GT-002509,Debra Cooper,2019-07-08,AC-001517,Debra Cooper,2016-01-23,100.0,1262
GT-009024,Nicholas Collins,2016-10-31,AC-001544,Nicholas Collins,2022-07-11,100.0,2079
GT-001898,Michelle Collins,2022-04-05,AC-001554,Michelle Collins,2019-03-29,100.0,1103
GT-000015,Lisa Campbell,2023-08-19,AC-001593,Lisa Campbell,2022-06-26,100.0,419
GT-000559,Christine Cooper,2024-12-04,AC-001594,Christine Cooper,2023-06-07,100.0,546
GT-003297,Aaron Collins,2024-06-23,AC-001602,Aaron Collins,2023-12-15,100.0,191
GT-003993,Ronald Clark,2019-11-16,AC-001611,Donald Clark,2016-09-07,91.66666666666666,1165
GT-000286,Christine Clark,2017-07-10,AC-001620,Catherine Clark,2021-10-20,80.0,1563
GT-002722,Jack Cooper,2020-10-17,AC-001623,Frank Cooper,2019-10-01,78.26086956521739,382
GT-003795,Samantha Clark,2023-08-12,AC-001693,Samantha Clark,2019-01-11,100.0,1674
GT-001035,John Cooper,2017-09-16,AC-001711,John Cooper,2023-05-17,100.0,2069
GT-009656,Ashley Campbell,2015-09-08,AC-001712,Ashley Campbell,2016-07-08,100.0,304
GT-001171,Aaron Crawford,2021-06-25,AC-001714,Aaron Crawford,2016-04-20,100.0,1892
GT-005489,Nicholas Campbell,2023-12-31,AC-001724,Nicholas Campbell,2016-05-27,100.0,2774
GT-010270,Benjamin Crawford,2021-05-17,AC-001804,Benjamin Crawford,2018-09-04,100.0,986
GT-004640,Angela Clark,2020-04-15,AC-001814,Angela Clark,2018-05-21,100.0,695
GT-001666,Ronald Collins,2019-08-29,AC-001822,Donald Collins,2021-11-01,92.85714285714286,795
GT-007715,Gregory Cooper,2018-12-14,AC-001833,Gregory Cooper,2022-07-23,100.0,1317
GT-004302,Tyler Collins,2024-06-27,AC-001841,Tyler Collins,2018-02-16,100.0,2323
GT-000093,Scott Clark,2018-06-17,AC-001867,Scott Clark,2019-04-28,100.0,315
GT-005216,Dennis Campbell,2021-07-19,AC-001874,Dennis Campbell,2024-08-27,100.0,1135
GT-012182,Rebecca Cooper,2015-06-12,AC-001876,Rebecca Cooper,2024-02-13,100.0,3168
GT-001490,Joshua Campbell,2016-02-21,AC-001881,Joshua Campbell,2024-05-13,100.0,3004
GT-006718,Anna Cooper,2022-08-23,AC-001905,Anna Cooper,2021-09-16,100.0,341
GT-001035,John Cooper,2017-09-16,AC-001912,Jason Cooper,2022-09-10,86.95652173913044,1820
GT-002339,Joseph Crawford,2015-06-26,AC-001925,Joseph Crawford,2021-04-16,100.0,2121
GT-002199,Brian Crawford,2022-06-20,AC-001929,Brandon Crawford,2022-03-21,86.66666666666667,91
GT-000490,Carol Collins,2020-07-20,AC-001938,Carol Collins,2022-08-15,100.0,756
GT-001124,Michelle Clark,2024-03-02,AC-001954,Michael Clark,2020-02-21,88.88888888888889,1471
GT-004217,Tyler Clark,2015-08-08,AC-001986,Tyler Clark,2022-03-03,100.0,2399
GT-012372,Karen Campbell,2015-12-30,AC-001991,Karen Campbell,2021-03-04,100.0,1891
GT-009443,Sarah Campbell,2020-11-13,AC-002008,Sarah Campbell,2020-12-19,100.0,36
GT-001419,Christopher Collins,2016-12-04,AC-002018,Christine Collins,2023-11-13,83.33333333333334,2535
GT-001266,Susan Crawford,2023-12-31,AC-002076,Susan Crawford,2016-04-13,100.0,2818
GT-008787,Jerry Collins,2023-08-16,AC-002082,Jerry Collins,2018-07-19,100.0,1854
GT-007084,Nancy Collins,2022-09-19,AC-002104,Nancy Collins,2016-03-31,100.0,2363
GT-006544,Linda Clark,2017-01-15,AC-002169,Linda Clark,2023-04-02,100.0,2268
GT-000861,Jerry Campbell,2015-08-20,AC-002196,Jeffrey Campbell,2022-08-13,86.66666666666667,2550
GT-003487,Ronald Crawford,2024-08-08,AC-002237,Ronald Crawford,2015-06-13,100.0,3344
GT-012671,William Cooper,2021-09-07,AC-002240,William Cooper,2017-07-31,100.0,1499
GT-013484,Cynthia Cooper,2016-01-01,AC-002257,Cynthia Cooper,2019-02-19,100.0,1145
GT-001054,Sarah Collins,2018-04-07,AC-002260,Sarah Collins,2017-09-25,100.0,194
GT-008612,Jacob Crawford,2015-07-02,AC-002282,Jacob Crawford,2023-09-07,100.0,2989
GT-001124,Michelle Clark,2024-03-02,AC-002320,Michelle Clark,2023-05-13,100.0,294
GT-014215,Gary Cooper,2018-03-29,AC-002347,Gary Cooper,2015-07-30,100.0,973
GT-008138,Gary Campbell,2020-02-22,AC-002363,Gregory Campbell,2023-11-04,82.75862068965517,1351
GT-011115,Laura Clark,2020-08-21,AC-002404,Laura Clark,2024-09-04,100.0,1475
GT-001809,Linda Cooper,2023-11-23,AC-002409,Linda Cooper,2024-11-06,100.0,349
GT-002948,Mary Collins,2021-05-24,AC-002411,Mary Collins,2022-02-24,100.0,276
GT-000116,Janet Collins,2021-11-07,AC-002532,Kenneth Collins,2023-12-22,78.57142857142857,775
GT-001868,Rebecca Campbell,2016-08-02,AC-002549,Rebecca Campbell,2016-09-08,100.0,37
GT-000114,Christine Campbell,2019-07-15,AC-002570,Christine Campbell,2018-01-03,100.0,558
GT-005290,Frank Crawford,2020-06-18,AC-002573,Frank Crawford,2022-02-19,100.0,611
GT-001484,Gary Clark,2018-04-06,AC-002606,Gregory Clark,2018-06-01,78.26086956521739,56
GT-002575,Samantha Collins,2015-03-27,AC-002610,Samantha Collins,2015-06-18,100.0,83
GT-009564,Peter Cooper,2018-03-01,AC-002620,Peter Cooper,2016-03-21,100.0,710
GT-010790,Sarah Cooper,2017-04-08,AC-002719,Sandra Cooper,2017-07-15,88.0,98
GT-000411,Angela Crawford,2022-08-18,AC-002726,Angela Crawford,2016-09-12,100.0,2166
GT-005012,Jonathan Collins,2023-10-26,AC-002771,Jonathan Collins,2018-11-23,100.0,1798
GT-013359,Jack Collins,2017-04-10,AC-002797,Jacob Collins,2018-06-09,88.0,425
GT-010953,Melissa Clark,2022-09-07,AC-002835,Melissa Clark,2018-08-21,100.0,1478
GT-005344,Dorothy Campbell,2024-07-18,AC-002875,Dorothy Campbell,2019-06-07,100.0,1868
GT-002372,Jessica Clark,2018-07-28,AC-002881,Jessica Clark,2018-10-28,100.0,92
GT-007843,Emma Collins,2017-09-02,AC-002901,Emma Collins,2019-04-20,100.0,595
GT-012246,Laura Crawford,2015-12-11,AC-002919,Laura Crawford,2024-07-06,100.0,3130
GT-004329,Shirley Collins,2024-07-26,AC-002981,Shirley Collins,2015-10-04,100.0,3218
GT-000989,Ruth Dixon,2020-09-22,AC-000011,Ruth Dixon,2023-02-26,100.0,887
GT-007575,Matthew Davis,2016-07-11,AC-000035,Matthew Davis,2022-12-29,100.0,2362
GT-004158,Jason Dixon,2015-09-10,AC-000118,Jason Dixon,2024-11-03,100.0,3342
GT-006872,Rebecca Davis,2020-09-28,AC-000126,Rebecca Davis,2020-03-04,100.0,208
GT-002932,Linda Davis,2017-07-04,AC-000187,Linda Davis,2023-11-30,100.0,2340
GT-013530,Timothy Davis,2020-12-28,AC-000266,Timothy Davis,2024-09-28,100.0,1370
GT-001574,Eric Dixon,2020-07-09,AC-000297,Eric Dixon,2024-06-27,100.0,1449
GT-008102,Jack Davis,2021-11-19,AC-000298,Jack Davis,2021-01-12,100.0,311
GT-007303,Brandon Dixon,2016-07-16,AC-000321,Brandon Dixon,2017-11-08,100.0,480
GT-004303,John Davis,2020-09-25,AC-000441,John Davis,2022-10-20,100.0,755
GT-014377,Charles Davis,2023-08-26,AC-000478,Charles Davis,2023-11-26,100.0,92
GT-004009,Deborah Davis,2024-11-10,AC-000488,Deborah Davis,2024-02-28,100.0,256
GT-006982,Anna Davis,2017-12-01,AC-000591,Anthony Davis,2021-12-31,78.26086956521739,1491
GT-000145,David Davis,2024-11-29,AC-000617,David Davis,2017-04-13,100.0,2787
GT-001100,Lisa Dixon,2018-02-27,AC-000681,Lisa Dixon,2015-04-20,100.0,1044
GT-007432,Sandra Davis,2020-10-11,AC-000782,Sarah Davis,2018-12-21,86.95652173913044,660
GT-005711,William Davis,2023-04-02,AC-000786,William Davis,2019-03-16,100.0,1478
GT-003020,Brenda Dixon,2022-06-03,AC-000792,Brenda Dixon,2020-09-25,100.0,616
GT-000356,Kathleen Dixon,2023-10-29,AC-000851,Kathleen Dixon,2018-04-24,100.0,2014
GT-010792,Susan Davis,2021-03-10,AC-000890,Susan Davis,2016-03-17,100.0,1819
GT-000927,Joshua Davis,2019-12-10,AC-000940,Joshua Davis,2018-10-05,100.0,431
GT-006779,Pamela Dixon,2021-06-26,AC-001177,Pamela Dixon,2016-01-01,100.0,2003
GT-011028,Edward Davis,2017-05-03,AC-001284,Edward Davis,2024-06-28,100.0,2613
GT-000797,Donna Davis,2022-12-09,AC-001340,Dennis Davis,2023-12-03,78.26086956521739,359
GT-006236,Aaron Davis,2019-07-05,AC-001354,Aaron Davis,2022-02-11,100.0,952
GT-004911,Brian Dixon,2019-06-06,AC-001499,Brian Dixon,2015-03-06,100.0,1553
GT-001557,Jessica Davis,2017-01-23,AC-001563,Jessica Davis,2022-09-03,100.0,2049
GT-004677,Debra Dixon,2017-11-22,AC-001601,Debra Dixon,2021-11-06,100.0,1445
GT-013060,Raymond Dixon,2018-09-03,AC-001644,Raymond Dixon,2016-03-02,100.0,915
GT-006228,Anna Dixon,2017-05-20,AC-001645,Angela Dixon,2021-07-09,81.81818181818181,1511
GT-014451,Jose Dixon,2021-05-12,AC-001683,Jose Dixon,2019-10-03,100.0,587
GT-004105,Mary Dixon,2015-02-26,AC-001741,Gary Dixon,2017-04-06,90.0,770
GT-010417,Kathleen Davis,2017-04-17,AC-001780,Kathleen Davis,2019-12-03,100.0,960
GT-003304,Helen Davis,2022-10-02,AC-001871,Helen Davis,2024-07-08,100.0,645
GT-002057,Steven Davis,2020-01-20,AC-001906,Steven Davis,2019-06-24,100.0,210
GT-008944,Ronald Davis,2024-01-05,AC-001919,Ronald Davis,2016-04-15,100.0,2821
GT-004654,Lisa Davis,2016-03-06,AC-001939,Lisa Davis,2016-01-18,100.0,48
GT-006916,Stephen Dixon,2020-11-28,AC-002191,Stephen Dixon,2018-02-09,100.0,1023
GT-009003,Jeffrey Davis,2024-07-26,AC-002262,Jeffrey Davis,2022-09-21,100.0,674
GT-006030,Susan Dixon,2015-02-02,AC-002273,Susan Dixon,2021-07-27,100.0,2367
GT-003808,Patricia Dixon,2018-07-04,AC-002306,Patricia Dixon,2023-07-06,100.0,1828
GT-007465,Deborah Dixon,2023-08-20,AC-002421,Deborah Dixon,2024-10-12,100.0,419
GT-001185,Kimberly Davis,2021-05-06,AC-002442,Kimberly Davis,2021-03-26,100.0,41
GT-005754,Amanda Davis,2018-08-01,AC-002578,Amanda Davis,2022-10-09,100.0,1530
GT-002216,Mary Davis,2015-10-02,AC-002618,Gary Davis,2017-07-20,90.0,657
GT-008049,Frank Davis,2019-11-05,AC-002668,Frank Davis,2020-03-07,100.0,123
GT-002692,Margaret Davis,2019-02-06,AC-002695,Margaret Davis,2020-08-15,100.0,556
GT-002560,Dorothy Dixon,2024-07-21,AC-002741,Timothy Dixon,2017-02-23,76.92307692307692,2705
GT-006430,William Dixon,2018-05-13,AC-002766,William Dixon,2023-07-22,100.0,1896
GT-004929,Andrew Dixon,2018-12-05,AC-002838,Andrew Dixon,2017-12-18,100.0,352
GT-004953,Brandon Davis,2020-12-12,AC-002932,Brian Davis,2016-02-17,83.33333333333334,1760
GT-011340,Susan Edwards,2019-03-30,AC-000016,Susan Edwards,2024-03-13,100.0,1810
GT-003889,Patrick Edwards,2023-11-15,AC-000106,Peter Edwards,2020-01-19,78.57142857142857,1396
GT-014170,Helen Edwards,2016-03-10,AC-000165,Helen Edwards,2022-03-23,100.0,2204
GT-006754,Pamela Edwards,2022-07-27,AC-000212,Samuel Edwards,2022-11-13,85.71428571428572,109
GT-002011,Angela Edwards,2015-12-18,AC-000299,Angela Edwards,2023-11-12,100.0,2886
GT-005000,Deborah Edwards,2017-09-09,AC-000353,Deborah Edwards,2023-03-04,100.0,2002
GT-004862,Michael Edwards,2017-11-26,AC-000383,Michael Edwards,2015-07-30,100.0,850
GT-007984,Kevin Edwards,2024-03-02,AC-000624,Kevin Edwards,2023-09-18,100.0,166
GT-006754,Pamela Edwards,2022-07-27,AC-000655,Pamela Edwards,2019-05-01,100.0,1183
GT-008331,Nicholas Edwards,2020-02-25,AC-000746,Nicholas Edwards,2016-06-11,100.0,1354
GT-004042,Stephanie Edwards,2017-04-04,AC-000830,Stephanie Edwards,2020-08-22,100.0,1236
GT-006212,Sandra Edwards,2017-10-13,AC-001149,Sandra Edwards,2021-08-28,100.0,1415
GT-000668,Jerry Edwards,2019-08-15,AC-001150,Jerry Edwards,2020-11-20,100.0,463
GT-000496,Laura Edwards,2018-03-08,AC-001278,Margaret Edwards,2021-10-31,75.86206896551724,1333
GT-001718,Sharon Edwards,2022-06-23,AC-001381,Sharon Edwards,2015-04-06,100.0,2635
GT-006484,Donald Edwards,2020-05-30,AC-001553,Donna Edwards,2023-08-19,88.88888888888889,1176
GT-004200,Aaron Edwards,2017-04-19,AC-001751,Aaron Edwards,2017-09-18,100.0,152
GT-003480,Gary Edwards,2017-09-06,AC-001853,Mary Edwards,2016-03-20,91.66666666666666,535
GT-009271,Carol Edwards,2020-04-07,AC-001897,Carolyn Edwards,2023-06-24,92.85714285714286,1173
GT-006854,Debra Edwards,2020-12-08,AC-001900,Debra Edwards,2023-06-03,100.0,907
GT-003325,Cynthia Edwards,2019-11-17,AC-002007,Cynthia Edwards,2024-07-04,100.0,1691
GT-003001,Douglas Edwards,2016-06-15,AC-002142,Douglas Edwards,2021-09-24,100.0,1927
GT-003433,Catherine Edwards,2023-06-05,AC-002287,Catherine Edwards,2022-01-03,100.0,518
GT-010056,Robert Edwards,2021-12-09,AC-002376,Robert Edwards,2019-11-08,100.0,762
GT-013423,Sarah Edwards,2015-02-12,AC-002506,Sarah Edwards,2018-03-24,100.0,1136
GT-000635,Karen Edwards,2017-05-26,AC-002575,Kenneth Edwards,2020-01-31,78.57142857142857,980
GT-000167,Richard Edwards,2015-03-02,AC-002611,Richard Edwards,2015-06-05,100.0,95
GT-012848,Raymond Edwards,2017-12-31,AC-002699,Ronald Edwards,2019-04-26,82.75862068965517,481
GT-009931,John Edwards,2023-07-23,AC-002700,John Edwards,2022-01-22,100.0,547
GT-002698,Brian Edwards,2015-05-21,AC-002758,Barbara Edwards,2018-12-27,78.57142857142857,1316
GT-009271,Carol Edwards,2020-04-07,AC-002820,Carol Edwards,2024-05-23,100.0,1507
GT-011540,Alexander Fox,2020-09-06,AC-000173,Alexander Fox,2015-04-01,100.0,1985
GT-012051,Margaret Fox,2023-08-26,AC-000454,Margaret Fox,2019-10-31,100.0,1395
GT-011936,Nicole Fox,2018-08-02,AC-000484,Nicole Fox,2023-03-15,100.0,1686
GT-001378,Dorothy Fox,2022-01-28,AC-000509,Dorothy Fox,2023-12-30,100.0,701
GT-012198,Christine Fox,2020-06-18,AC-000516,Christine Fox,2019-05-28,100.0,387
GT-003914,Catherine Fox,2018-08-23,AC-000800,Catherine Fox,2016-11-30,100.0,631
GT-000142,Carol Fox,2020-01-27,AC-001186,Carol Fox,2022-05-23,100.0,847
GT-013935,Joseph Fox,2016-08-16,AC-001239,Jose Fox,2022-02-28,88.88888888888889,2022
GT-004033,Brandon Fox,2023-12-30,AC-001273,Brenda Fox,2022-05-20,76.19047619047619,589
GT-010300,Thomas Fox,2016-11-27,AC-001280,Thomas Fox,2019-05-30,100.0,914
GT-000716,Robert Fox,2023-01-10,AC-001345,Robert Fox,2016-06-03,100.0,2412
GT-002634,Adam Fox,2020-03-03,AC-001356,Amanda Fox,2016-03-05,77.77777777777779,1459
GT-003625,Jacob Fox,2019-12-14,AC-001427,Jacob Fox,2021-03-23,100.0,465
GT-001113,Melissa Fox,2024-02-09,AC-001439,Melissa Fox,2019-07-13,100.0,1672
GT-008278,Jonathan Fox,2020-11-28,AC-001460,Jonathan Fox,2016-04-22,100.0,1681
GT-014476,Joshua Fox,2024-07-30,AC-001607,Joshua Fox,2020-10-04,100.0,1395
GT-007466,Kathleen Fox,2017-10-08,AC-001676,Kathleen Fox,2020-02-04,100.0,849
GT-002745,Nicholas Fox,2017-09-15,AC-001776,Nicholas Fox,2022-02-02,100.0,1601
GT-000434,Kevin Fox,2023-04-04,AC-001936,Kevin Fox,2021-03-20,100.0,745
GT-000322,Nancy Fox,2024-09-24,AC-002009,Nancy Fox,2021-10-25,100.0,1065
GT-006748,Ryan Fox,2022-10-17,AC-002025,Ryan Fox,2016-07-14,100.0,2286
GT-003445,Ruth Fox,2021-11-20,AC-002220,Ruth Fox,2020-11-17,100.0,368
GT-002660,Patricia Fox,2017-06-27,AC-002426,Patrick Fox,2015-05-22,86.95652173913044,767
GT-011371,William Fox,2018-08-29,AC-002746,William Fox,2022-10-15,100.0,1508
GT-004261,Melissa Gordon,2022-05-15,AC-000018,Melissa Gordon,2017-03-17,100.0,1885
GT-003383,Michael Gomez,2018-08-27,AC-000043,Michelle Gomez,2018-12-07,88.88888888888889,102
GT-009692,Robert Garcia,2020-11-02,AC-000046,Robert Garcia,2019-06-01,100.0,520
GT-009330,Dorothy Garrison,2024-10-16,AC-000069,Dorothy Gordon,2019-01-02,80.0,2114
GT-003277,Patrick Gomez,2020-02-13,AC-000095,Patrick Gomez,2020-05-27,100.0,104
GT-003901,Elizabeth Gomez,2016-01-14,AC-000099,Elizabeth Gomez,2018-04-29,100.0,836
GT-002256,Edward Garrison,2024-01-20,AC-000102,Edward Garrison,2022-06-17,100.0,582
GT-005451,Kathleen Garrison,2016-09-15,AC-000104,Kathleen Garrison,2024-01-18,100.0,2681
GT-007307,Michelle Gordon,2018-10-15,AC-000116,Michael Gordon,2019-08-19,89.65517241379311,308
GT-000835,Kenneth Gomez,2015-12-13,AC-000130,Kenneth Gomez,2024-08-12,100.0,3165
GT-004557,Henry Garcia,2018-02-03,AC-000158,Henry Garcia,2019-02-16,100.0,378
GT-004860,Richard Garcia,2016-07-03,AC-000159,Richard Garcia,2020-12-17,100.0,1628
GT-005976,Joseph Gonzalez,2015-11-17,AC-000168,Joseph Gonzalez,2024-04-25,100.0,3082
GT-004408,Daniel Garrison,2018-09-14,AC-000181,Daniel Garrison,2020-08-25,100.0,711
GT-013461,Frank Garcia,2019-01-06,AC-000200,Frank Garcia,2019-12-17,100.0,345
GT-000947,Paul Garcia,2024-10-27,AC-000201,Paul Garcia,2021-07-09,100.0,1206
GT-005451,Kathleen Garrison,2016-09-15,AC-000253,Katherine Garrison,2022-08-04,85.71428571428572,2149
GT-000998,Patrick Garrison,2017-11-15,AC-000256,Patrick Garrison,2023-12-28,100.0,2234
GT-010729,Jason Gomez,2019-10-08,AC-000257,Jason Gomez,2020-10-09,100.0,367
GT-004433,Nancy Gonzalez,2023-06-16,AC-000265,Nancy Gomez,2018-03-25,80.0,1909
GT-004248,Margaret Gomez,2020-10-15,AC-000278,Margaret Gomez,2022-05-22,100.0,584
GT-009020,Stephanie Gordon,2023-11-16,AC-000293,Stephanie Gordon,2016-09-26,100.0,2607
GT-004333,John Gordon,2022-03-06,AC-000306,John Gordon,2016-03-04,100.0,2193
GT-001028,Patricia Garcia,2016-12-18,AC-000332,Patricia Garcia,2022-05-13,100.0,1972
GT-003616,Edward Gonzalez,2023-01-30,AC-000351,Edward Gonzalez,2022-07-26,100.0,188
GT-014934,Anna Gordon,2018-07-15,AC-000360,Anna Gordon,2016-02-29,100.0,867
GT-002997,Rebecca Garcia,2023-12-05,AC-000397,Rebecca Garcia,2021-02-20,100.0,1018
GT-004590,Benjamin Garrison,2021-10-03,AC-000407,Benjamin Garrison,2019-08-21,100.0,774
GT-003697,Deborah Gomez,2016-12-09,AC-000416,Debra Gomez,2024-03-13,91.66666666666666,2651
GT-000220,Amy Gomez,2020-05-20,AC-000430,Amy Gomez,2024-04-15,100.0,1426
GT-014045,Anthony Garcia,2021-05-11,AC-000443,Anthony Garcia,2018-07-11,100.0,1035
GT-000734,Michael Gonzalez,2021-01-23,AC-000460,Michael Gonzalez,2024-12-24,100.0,1431
GT-012517,Peter Gordon,2017-02-26,AC-000487,Peter Gordon,2019-10-17,100.0,963
GT-008334,Karen Gonzalez,2018-02-28,AC-000497,Karen Gonzalez,2017-09-19,100.0,162
GT-010752,Michael Garrison,2018-08-06,AC-000508,Michael Garrison,2024-02-15,100.0,2019
GT-004852,Steven Garcia,2019-01-25,AC-000533,Stephen Garcia,2022-05-23,88.88888888888889,1214
GT-005100,Kenneth Garrison,2020-08-25,AC-000542,Kenneth Garrison,2018-08-14,100.0,742
GT-004710,Brian Garrison,2020-07-22,AC-000547,Brenda Garrison,2024-01-17,82.75862068965517,1274
GT-003278,Gary Garrison,2021-07-18,AC-000570,Gary Garrison,2018-10-19,100.0,1003
GT-000182,Stephen Garrison,2017-11-29,AC-000584,Steven Garrison,2018-04-30,90.32258064516128,152
GT-001235,Jerry Gonzalez,2024-04-08,AC-000589,Jeffrey Gonzalez,2018-12-20,86.66666666666667,1936
GT-000828,Amy Garrison,2022-09-26,AC-000600,Adam Garrison,2021-05-11,88.0,503
GT-007407,Sandra Garrison,2024-07-08,AC-000606,Sandra Garrison,2020-08-28,100.0,1410
GT-012354,Dorothy Gomez,2015-09-21,AC-000627,Dorothy Gomez,2018-09-13,100.0,1088
GT-007724,Brenda Gonzalez,2017-12-20,AC-000635,Brenda Gonzalez,2024-09-26,100.0,2472
GT-014827,Stephanie Gonzalez,2023-10-30,AC-000639,Stephanie Gonzalez,2023-03-18,100.0,226
GT-000206,Angela Gonzalez,2016-10-19,AC-000646,Angela Gonzalez,2022-11-30,100.0,2233
GT-000182,Stephen Garrison,2017-11-29,AC-000663,Stephen Garrison,2017-08-11,100.0,110
GT-003404,Carol Garcia,2019-09-24,AC-000667,Carol Garcia,2020-02-16,100.0,145
GT-002536,Henry Garrison,2022-07-24,AC-000671,Henry Garrison,2017-12-14,100.0,1683
GT-002192,Justin Garcia,2020-02-19,AC-000675,Justin Garcia,2023-05-21,100.0,1187
GT-011946,Linda Gonzalez,2023-03-07,AC-000686,Linda Gonzalez,2017-05-29,100.0,2108
GT-000284,Kevin Gordon,2015-07-24,AC-000687,Kevin Gordon,2021-01-10,100.0,1997
GT-003078,Ryan Gordon,2017-01-30,AC-000692,Ryan Gordon,2015-04-15,100.0,656
GT-001098,Paul Gonzalez,2015-11-02,AC-000705,Paul Gonzalez,2021-12-18,100.0,2238
GT-005164,Ronald Garcia,2020-05-08,AC-000748,Raymond Garcia,2024-12-22,81.4814814814815,1689
GT-003961,Ronald Gomez,2024-09-14,AC-000750,Ronald Gomez,2018-12-16,100.0,2099
GT-006505,Shirley Gomez,2015-06-20,AC-000752,Shirley Gomez,2020-09-12,100.0,1911
GT-002833,Stephen Gomez,2015-10-18,AC-000765,Stephen Gomez,2017-04-16,100.0,546
GT-005061,Lisa Garcia,2024-01-08,AC-000770,Lisa Garcia,2016-12-24,100.0,2571
GT-004834,Anthony Gonzalez,2019-09-18,AC-000807,Anthony Gomez,2016-01-12,82.75862068965517,1345
GT-014119,David Garcia,2021-09-25,AC-000879,David Garcia,2018-12-08,100.0,1022
GT-000337,Catherine Gordon,2020-07-17,AC-000880,Catherine Gordon,2015-08-15,100.0,1798
GT-004582,Jennifer Gonzalez,2022-06-17,AC-000898,Jennifer Gonzalez,2020-09-02,100.0,653
GT-002475,Charles Gonzalez,2015-02-02,AC-000902,Charles Gonzalez,2016-05-23,100.0,476
GT-000342,Peter Gomez,2023-09-05,AC-000929,Peter Gonzalez,2015-07-26,80.0,2963
GT-008360,Jacob Gomez,2022-11-19,AC-000965,Jacob Gomez,2020-06-17,100.0,885
GT-000431,Jonathan Gonzalez,2016-06-21,AC-000967,Jonathan Gonzalez,2024-06-21,100.0,2922
GT-004085,Jack Gomez,2019-08-31,AC-000975,Jack Gomez,2018-12-20,100.0,254
GT-013331,Patrick Gordon,2023-06-30,AC-001065,Patrick Gordon,2023-08-01,100.0,32
GT-010232,Samuel Gonzalez,2019-03-13,AC-001086,Samuel Gonzalez,2020-10-04,100.0,571
GT-005969,Amanda Garrison,2019-02-15,AC-001099,Amanda Garrison,2016-04-20,100.0,1031
GT-008345,Amy Gordon,2017-02-05,AC-001107,Amy Gordon,2024-11-29,100.0,2854
GT-005981,Alexander Gonzalez,2023-07-02,AC-001118,Alexander Gomez,2021-03-26,84.84848484848484,828
GT-007307,Michelle Gordon,2018-10-15,AC-001125,Rachel Gordon,2024-01-01,78.57142857142857,1904
GT-012123,Nicole Gomez,2020-11-13,AC-001127,Nicholas Gomez,2016-04-29,84.61538461538461,1659
GT-003202,Samuel Gordon,2015-02-12,AC-001136,Samuel Gordon,2019-09-27,100.0,1688
GT-011304,Benjamin Gomez,2015-01-18,AC-001159,Benjamin Gomez,2021-04-05,100.0,2269
GT-001173,Patricia Gordon,2019-09-15,AC-001167,Patricia Gordon,2017-12-20,100.0,634
GT-000287,Amanda Garcia,2020-07-13,AC-001169,Amanda Garcia,2019-02-02,100.0,527
GT-006934,Lisa Gonzalez,2015-05-05,AC-001201,Lisa Gonzalez,2020-05-19,100.0,1841
GT-002314,Nicholas Garcia,2018-08-26,AC-001218,Nicholas Garcia,2020-07-27,100.0,701
GT-000908,Jack Gordon,2020-07-10,AC-001232,Jack Gordon,2019-11-20,100.0,233
GT-000562,Thomas Gomez,2015-11-29,AC-001240,Thomas Gonzalez,2020-09-07,81.4814814814815,1744
GT-007576,Gregory Garrison,2020-08-10,AC-001242,Gregory Garrison,2024-03-26,100.0,1324
GT-001015,Matthew Garcia,2015-06-10,AC-001256,Matthew Garcia,2022-02-15,100.0,2442
GT-001477,Debra Gonzalez,2022-06-12,AC-001266,Deborah Gonzalez,2017-01-04,93.33333333333333,1985
GT-001382,Larry Gomez,2019-02-01,AC-001335,Larry Gomez,2024-03-08,100.0,1862
GT-007590,Ashley Gordon,2015-04-15,AC-001355,Ashley Gordon,2021-12-26,100.0,2447
GT-009163,Dennis Gordon,2023-08-22,AC-001369,Dennis Gordon,2016-08-21,100.0,2557
GT-013315,Janet Gordon,2024-11-16,AC-001405,Janet Gordon,2021-11-22,100.0,1090
GT-004005,Douglas Garrison,2024-04-15,AC-001432,Douglas Garrison,2023-11-27,100.0,140
GT-005981,Alexander Gonzalez,2023-07-02,AC-001438,Alexander Gonzalez,2023-11-17,100.0,138
GT-001635,Brian Garcia,2021-05-07,AC-001440,Brian Garcia,2021-11-06,100.0,183
GT-002351,Frank Gordon,2023-12-28,AC-001470,Frank Gordon,2016-11-02,100.0,2612
GT-006611,Charles Gordon,2015-10-14,AC-001483,Charles Gordon,2017-09-28,100.0,715
GT-001475,Christopher Garrison,2023-04-28,AC-001490,Christopher Garrison,2022-03-22,100.0,402
GT-006554,Carolyn Garrison,2022-03-10,AC-001502,Carolyn Garrison,2023-10-05,100.0,574
GT-004045,Dennis Garcia,2018-12-02,AC-001543,Dennis Garcia,2017-12-03,100.0,364
GT-001805,Linda Garrison,2020-05-14,AC-001581,Linda Garrison,2023-07-21,100.0,1163
GT-001817,Kathleen Garcia,2023-08-01,AC-001592,Katherine Garcia,2024-10-19,83.87096774193549,445
GT-002564,Jose Garrison,2020-02-27,AC-001609,Jose Garrison,2024-08-05,100.0,1621
GT-000893,Barbara Garrison,2015-02-22,AC-001613,Barbara Garrison,2024-08-28,100.0,3475
GT-001382,Larry Gomez,2019-02-01,AC-001619,Mary Gomez,2018-09-08,85.71428571428572,146
GT-006262,Stephanie Garrison,2020-11-20,AC-001622,Stephanie Garrison,2019-09-04,100.0,443
GT-008364,Dorothy Gonzalez,2020-04-05,AC-001629,Dorothy Gonzalez,2015-04-07,100.0,1825
GT-006732,Daniel Garcia,2017-02-08,AC-001633,Daniel Garcia,2022-12-25,100.0,2146
GT-004475,Andrew Gordon,2017-04-14,AC-001636,Andrew Gordon,2021-10-29,100.0,1659
GT-005824,Melissa Gomez,2018-09-06,AC-001646,Jessica Gomez,2023-06-27,76.92307692307692,1755
GT-011743,Aaron Gordon,2018-12-06,AC-001670,Aaron Gordon,2023-06-20,100.0,1657
GT-001364,Jennifer Gordon,2020-02-14,AC-001696,Jennifer Gordon,2019-07-12,100.0,217
GT-001697,Helen Gomez,2015-06-18,AC-001710,Helen Gomez,2022-01-15,100.0,2403
GT-008321,Laura Gordon,2021-11-30,AC-001718,Laura Gordon,2017-10-19,100.0,1503
GT-005803,Jonathan Gordon,2022-12-29,AC-001736,Jonathan Gordon,2017-02-19,100.0,2139
GT-002983,Douglas Garcia,2022-04-09,AC-001766,Douglas Garcia,2020-11-18,100.0,507
GT-009870,Shirley Garrison,2023-06-09,AC-001799,Shirley Garrison,2019-06-21,100.0,1449
GT-009416,Barbara Gomez,2015-12-25,AC-001801,Barbara Gomez,2024-09-04,100.0,3176
GT-000857,Carolyn Gordon,2016-11-12,AC-001802,Carolyn Gordon,2021-02-26,100.0,1567
GT-004783,Amy Garcia,2023-06-15,AC-001837,Amy Garcia,2018-11-15,100.0,1673
GT-000712,James Garcia,2021-06-05,AC-001854,James Garcia,2023-05-12,100.0,706
GT-008668,Peter Garcia,2018-09-25,AC-001896,Peter Garcia,2023-08-08,100.0,1778
GT-010694,Catherine Garrison,2016-04-04,AC-001922,Catherine Garrison,2024-08-25,100.0,3065
GT-009924,Alexander Garrison,2017-07-23,AC-001937,Alexander Garrison,2021-06-27,100.0,1435
GT-003870,Janet Gomez,2018-11-17,AC-001943,Janet Gomez,2018-12-26,100.0,39
GT-009844,Alexander Garcia,2018-09-27,AC-001944,Alexander Garcia,2018-02-26,100.0,213
GT-001568,Kevin Gomez,2018-12-17,AC-001948,Kevin Gomez,2015-04-21,100.0,1336
GT-002464,Brenda Garcia,2020-07-21,AC-001955,Brenda Garcia,2016-03-11,100.0,1593
GT-000491,Debra Gordon,2021-06-08,AC-002036,Debra Gordon,2017-04-15,100.0,1515
GT-009719,Charles Gomez,2024-05-26,AC-002087,Charles Gomez,2023-10-01,100.0,238
GT-006962,Jose Gordon,2017-06-21,AC-002088,Jose Gordon,2019-12-13,100.0,905
GT-000396,Cynthia Gordon,2019-11-26,AC-002119,Cynthia Gordon,2022-09-24,100.0,1033
GT-005627,Larry Garcia,2021-11-04,AC-002153,Larry Garcia,2021-06-04,100.0,153
GT-010731,Samantha Garcia,2016-12-15,AC-002165,Samantha Garcia,2021-10-02,100.0,1752
GT-000115,Donald Gordon,2022-06-27,AC-002279,Donald Gordon,2015-09-29,100.0,2463
GT-003668,Lisa Garrison,2019-02-08,AC-002301,Melissa Garrison,2024-05-07,82.75862068965517,1915
GT-002071,Gregory Garcia,2021-05-28,AC-002333,Gregory Garcia,2020-04-29,100.0,394
GT-007572,Jeffrey Garcia,2018-08-20,AC-002351,Jeffrey Garcia,2022-05-25,100.0,1374
GT-008380,Richard Gonzalez,2018-07-13,AC-002357,Richard Gonzalez,2016-03-31,100.0,834
GT-000088,Michelle Garrison,2023-01-06,AC-002362,Michelle Garrison,2022-09-25,100.0,103
GT-004852,Steven Garcia,2019-01-25,AC-002368,Steven Garcia,2015-11-02,100.0,1180
GT-008296,Thomas Gordon,2023-06-04,AC-002427,Thomas Gordon,2017-05-29,100.0,2197
GT-001426,Jennifer Garcia,2017-11-11,AC-002439,Jennifer Garcia,2020-04-24,100.0,895
GT-006678,Gary Garcia,2020-01-22,AC-002445,Gary Garcia,2018-08-13,100.0,527
GT-010170,Linda Garcia,2022-03-15,AC-002467,Linda Garcia,2023-10-21,100.0,585
GT-011074,Samuel Garcia,2019-11-11,AC-002476,Samuel Garcia,2024-12-27,100.0,1873
GT-004710,Brian Garrison,2020-07-22,AC-002477,Brandon Garrison,2020-10-05,86.66666666666667,75
GT-000178,Amy Gonzalez,2017-09-03,AC-002510,Amy Gonzalez,2021-02-23,100.0,1269
GT-009394,Brandon Gordon,2016-07-18,AC-002540,Brandon Gordon,2024-12-28,100.0,3085
GT-010769,Joshua Garcia,2015-11-07,AC-002541,Joshua Garcia,2017-10-21,100.0,714
GT-009203,Benjamin Garcia,2023-02-02,AC-002561,Benjamin Garcia,2018-04-12,100.0,1757
GT-009519,Catherine Garcia,2019-08-27,AC-002574,Catherine Garcia,2023-11-27,100.0,1553
GT-000850,Donald Gomez,2022-01-27,AC-002593,Donna Gomez,2023-04-08,86.95652173913044,436
GT-001936,Christopher Gordon,2015-05-09,AC-002613,Christopher Gordon,2022-02-20,100.0,2479
GT-002254,Karen Gomez,2017-06-30,AC-002614,Karen Gomez,2019-09-05,100.0,797
GT-006726,Charles Garcia,2024-07-18,AC-002619,Charles Garcia,2022-07-09,100.0,740
GT-007809,Sarah Gomez,2022-03-01,AC-002637,Sarah Gomez,2024-05-18,100.0,809
GT-005100,Kenneth Garrison,2020-08-25,AC-002641,Kevin Garrison,2016-05-20,80.0,1558
GT-004433,Nancy Gonzalez,2023-06-16,AC-002642,Nancy Gonzalez,2017-02-22,100.0,2305
GT-002306,Jason Gonzalez,2023-07-02,AC-002667,Jason Gonzalez,2024-01-14,100.0,196
GT-009259,Eric Garcia,2020-10-01,AC-002725,Eric Garcia,2019-02-07,100.0,602
GT-004851,James Gordon,2022-05-03,AC-002738,James Gordon,2019-03-06,100.0,1154
GT-008693,Scott Gonzalez,2021-02-17,AC-002747,Scott Gonzalez,2023-11-13,100.0,999
GT-001779,Scott Garcia,2024-12-02,AC-002803,Scott Garcia,2021-07-08,100.0,1243
GT-001176,Donna Garrison,2020-05-03,AC-002854,Dennis Garrison,2020-10-06,82.75862068965517,156
GT-003590,Susan Garcia,2022-09-22,AC-002903,Susan Garcia,2018-11-03,100.0,1419
GT-002925,Mary Gonzalez,2022-04-02,AC-002943,Larry Gonzalez,2024-01-28,88.88888888888889,666
GT-000579,Kathleen Gonzalez,2022-11-30,AC-002954,Kathleen Gonzalez,2015-05-29,100.0,2742
GT-004157,Matthew Gonzalez,2022-12-11,AC-002955,Matthew Gonzalez,2023-12-03,100.0,357
GT-007837,Stephen Gonzalez,2017-12-15,AC-002999,Steven Gonzalez,2019-05-28,90.32258064516128,529
GT-011450,Jason Harris,2015-11-23,AC-000057,Jason Harris,2024-06-19,100.0,3131
GT-001739,Emma Henry,2021-01-02,AC-000079,Emma Henry,2018-08-14,100.0,872
GT-001052,Larry Hernandez,2019-07-04,AC-000083,Mary Hernandez,2020-05-12,89.65517241379311,313
GT-004481,Henry Hicks,2023-12-27,AC-000113,Henry Hicks,2018-11-05,100.0,1878
GT-000976,Douglas Hicks,2017-12-05,AC-000114,Douglas Hicks,2017-07-14,100.0,144
GT-001995,Kimberly Hernandez,2022-09-30,AC-000129,Kimberly Hernandez,2022-05-12,100.0,141
GT-003715,Ruth Hernandez,2021-07-11,AC-000145,Ruth Hernandez,2017-08-29,100.0,1412
GT-010477,Gregory Henry,2024-02-01,AC-000148,Gregory Henry,2017-08-14,100.0,2362
GT-001542,Stephanie Harris,2017-10-22,AC-000161,Stephanie Harris,2017-07-28,100.0,86
GT-005529,Barbara Hernandez,2021-03-14,AC-000172,Barbara Hernandez,2015-04-28,100.0,2147
GT-008845,Katherine Hernandez,2021-03-17,AC-000178,Kathleen Hernandez,2018-11-21,86.48648648648648,847
GT-007075,Angela Henry,2015-02-03,AC-000242,Angela Henry,2016-10-06,100.0,611
GT-002937,Andrew Hernandez,2024-12-08,AC-000246,Andrew Hernandez,2020-04-16,100.0,1697
GT-011153,Alexander Hunter,2016-11-04,AC-000251,Alexander Hunter,2022-08-17,100.0,2112
GT-002440,Dorothy Henry,2024-04-14,AC-000269,Dorothy Henry,2015-12-11,100.0,3047
GT-003118,Carolyn Henry,2017-08-17,AC-000275,Carolyn Henry,2015-04-24,100.0,846
GT-001711,Kimberly Henry,2021-11-25,AC-000286,Kimberly Henry,2023-07-22,100.0,604
GT-005970,Deborah Harris,2019-12-10,AC-000338,Deborah Harris,2024-07-15,100.0,1679
GT-003068,Patrick Hernandez,2016-03-07,AC-000339,Patrick Hernandez,2017-01-31,100.0,330
GT-005554,Ryan Hernandez,2024-10-06,AC-000343,Ryan Hernandez,2021-11-19,100.0,1052
GT-003880,Larry Hunter,2022-05-30,AC-000344,Jerry Hunter,2015-12-02,83.33333333333334,2371
GT-012682,John Hicks,2020-08-17,AC-000371,John Hicks,2015-11-12,100.0,1740
GT-002360,Susan Hernandez,2021-06-28,AC-000408,Susan Hernandez,2019-08-09,100.0,689
GT-003118,Carolyn Henry,2017-08-17,AC-000421,Aaron Henry,2016-06-02,83.33333333333334,441
GT-007455,Tyler Harris,2020-05-23,AC-000465,Tyler Harris,2017-05-29,100.0,1090
GT-011007,Benjamin Hunter,2020-07-26,AC-000504,Benjamin Henry,2017-09-17,82.75862068965517,1043
GT-008689,Gary Harris,2020-12-31,AC-000506,Gary Harris,2018-02-05,100.0,1060
GT-011685,Samuel Harris,2019-12-25,AC-000524,Samuel Hicks,2016-10-15,80.0,1166
GT-012501,Charles Hicks,2017-02-21,AC-000572,Charles Hicks,2023-12-27,100.0,2500
GT-001470,Larry Henry,2019-03-11,AC-000595,Larry Henry,2022-11-01,100.0,1331
GT-000804,Amy Hicks,2023-04-14,AC-000602,Amy Hicks,2016-12-08,100.0,2318
GT-001167,Alexander Henry,2021-05-01,AC-000607,Alexander Henry,2024-01-05,100.0,979
GT-002677,Dennis Henry,2017-12-07,AC-000616,Dennis Henry,2022-11-09,100.0,1798
GT-001052,Larry Hernandez,2019-07-04,AC-000625,Larry Hernandez,2015-04-06,100.0,1550
GT-007764,Justin Hunter,2019-01-16,AC-000647,Justin Hunter,2017-04-27,100.0,629
GT-006189,Sarah Hunter,2016-02-03,AC-000658,Sarah Hunter,2020-03-25,100.0,1512
GT-008561,Aaron Harris,2022-04-04,AC-000688,Aaron Harris,2020-06-29,100.0,644
GT-006565,Laura Hicks,2020-08-03,AC-000691,Laura Hicks,2023-08-13,100.0,1105
GT-013097,Justin Hernandez,2017-12-29,AC-000706,Justin Hernandez,2020-06-16,100.0,900
GT-014891,Joshua Henry,2023-11-30,AC-000719,Joshua Henry,2021-01-19,100.0,1045
GT-006466,Dorothy Hunter,2016-07-25,AC-000722,Dorothy Hunter,2015-09-24,100.0,305
GT-005900,Nancy Hunter,2018-12-07,AC-000735,Nancy Hunter,2017-10-09,100.0,424
GT-007546,Sandra Hunter,2017-02-11,AC-000753,Sandra Hunter,2024-08-01,100.0,2728
GT-000313,Raymond Henry,2021-02-20,AC-000757,Raymond Henry,2018-06-17,100.0,979
GT-010699,Aaron Hernandez,2017-06-01,AC-000778,Aaron Hernandez,2019-04-19,100.0,687
GT-007549,Scott Hernandez,2016-06-07,AC-000787,Scott Hernandez,2024-06-02,100.0,2917
GT-005207,Timothy Hunter,2015-11-04,AC-000809,Timothy Hunter,2017-12-27,100.0,784
GT-007262,Adam Harris,2015-02-21,AC-000812,Adam Harris,2024-01-29,100.0,3264
GT-005989,Shirley Harris,2022-04-16,AC-000840,Shirley Hicks,2019-06-21,81.4814814814815,1030
GT-011116,Gregory Hicks,2024-09-10,AC-000843,Gregory Hicks,2021-11-24,100.0,1021
GT-006173,Richard Henry,2022-07-14,AC-000850,Richard Henry,2017-05-25,100.0,1876
GT-001511,Jennifer Hicks,2020-12-08,AC-000866,Jennifer Hicks,2021-05-27,100.0,170
GT-013998,Matthew Henry,2023-09-21,AC-000868,Matthew Hunter,2016-01-06,81.4814814814815,2815
GT-004262,Donna Hunter,2018-12-17,AC-000872,Donna Hunter,2024-12-30,100.0,2205
GT-003436,Stephen Harris,2021-08-23,AC-000893,Stephen Harris,2015-06-16,100.0,2260
GT-006958,Emily Hicks,2016-12-05,AC-000899,Emily Hicks,2016-07-30,100.0,128
GT-006219,Michelle Hicks,2021-11-16,AC-000906,Michael Hicks,2016-03-02,88.88888888888889,2085
GT-007433,Brenda Harris,2020-10-31,AC-000911,Brenda Harris,2024-04-04,100.0,1251
GT-002488,Benjamin Hernandez,2016-01-21,AC-000923,Benjamin Hernandez,2019-10-19,100.0,1367
GT-000412,Emma Harris,2015-10-01,AC-000953,Emma Hicks,2015-07-20,76.19047619047619,73
GT-004565,Katherine Harris,2018-01-14,AC-000970,Katherine Harris,2024-08-31,100.0,2421
GT-011651,Jeffrey Hicks,2019-08-04,AC-000981,Jeffrey Hicks,2021-05-09,100.0,644
GT-002435,Steven Henry,2021-07-28,AC-000986,Steven Henry,2022-07-17,100.0,354
GT-006265,Henry Hunter,2022-10-30,AC-000993,Helen Hunter,2021-12-11,83.33333333333334,323
GT-005138,Donna Henry,2023-11-19,AC-001001,Donna Henry,2019-01-26,100.0,1758
GT-007835,Joseph Hunter,2016-02-06,AC-001025,Joseph Hunter,2015-12-13,100.0,55
GT-006265,Henry Hunter,2022-10-30,AC-001031,Henry Hunter,2018-02-24,100.0,1709
GT-011424,Kenneth Henry,2023-09-30,AC-001037,Kenneth Henry,2016-03-12,100.0,2758
GT-009170,Jessica Hicks,2022-01-02,AC-001040,Jessica Hicks,2019-08-16,100.0,870
GT-009133,Robert Hicks,2015-08-09,AC-001058,Robert Hicks,2020-11-27,100.0,1937
GT-014036,Gary Henry,2016-04-27,AC-001078,Gary Henry,2016-06-24,100.0,58
GT-003563,Joshua Hicks,2015-04-07,AC-001087,Joshua Hicks,2015-02-27,100.0,39
GT-008868,Janet Harris,2016-03-07,AC-001117,Janet Harris,2016-11-12,100.0,250
GT-000132,Ashley Hunter,2019-07-29,AC-001146,Ashley Hunter,2016-07-30,100.0,1094
GT-005329,Larry Harris,2020-09-24,AC-001163,Larry Harris,2024-07-05,100.0,1380
GT-005737,Nicole Henry,2024-03-14,AC-001195,Nicole Henry,2024-12-14,100.0,275
GT-011614,Patrick Harris,2022-06-10,AC-001197,Patrick Harris,2023-01-05,100.0,209
GT-005138,Donna Henry,2023-11-19,AC-001213,Douglas Henry,2020-07-19,75.0,1218
GT-002648,Katherine Hicks,2024-03-06,AC-001227,Katherine Hicks,2018-09-20,100.0,1994
GT-012377,Stephen Henry,2017-06-13,AC-001260,Stephen Henry,2015-05-12,100.0,763
GT-003389,Janet Hicks,2024-11-25,AC-001316,Janet Hicks,2020-11-02,100.0,1484
GT-000570,Melissa Hicks,2020-01-03,AC-001333,Melissa Hicks,2023-03-11,100.0,1163
GT-009133,Robert Hicks,2015-08-09,AC-001346,Robert Harris,2019-10-29,80.0,1542
GT-003178,Frank Hernandez,2016-07-08,AC-001359,Frank Hernandez,2022-08-08,100.0,2222
GT-004928,Mary Harris,2015-06-29,AC-001362,Nancy Harris,2023-11-08,78.26086956521739,3054
GT-011633,Jonathan Henry,2018-08-22,AC-001372,Jonathan Henry,2015-09-17,100.0,1070
GT-006318,Debra Hunter,2023-03-27,AC-001404,Debra Hunter,2015-08-24,100.0,2772
GT-007027,Patricia Harris,2024-01-08,AC-001422,Patricia Harris,2015-08-06,100.0,3077
GT-002364,Samuel Hunter,2023-01-07,AC-001435,Samuel Hunter,2024-08-10,100.0,581
GT-001696,Linda Hunter,2023-12-17,AC-001473,Linda Hunter,2022-09-25,100.0,448
GT-000544,Dennis Harris,2023-10-07,AC-001574,Dennis Harris,2019-11-16,100.0,1421
GT-000933,Samantha Hunter,2018-06-18,AC-001588,Samantha Hunter,2022-08-09,100.0,1513
GT-010402,David Hernandez,2017-08-13,AC-001640,Daniel Hernandez,2018-08-28,83.87096774193549,380
GT-007374,Carol Harris,2018-07-19,AC-001653,Carol Harris,2019-11-15,100.0,484
GT-001522,Eric Hicks,2015-11-10,AC-001694,Eric Hicks,2016-03-15,100.0,126
GT-003281,Daniel Hicks,2023-07-20,AC-001759,Daniel Hicks,2021-02-05,100.0,895
GT-002450,Benjamin Hicks,2021-07-19,AC-001764,Benjamin Hicks,2019-09-18,100.0,670
GT-002298,Ruth Hicks,2016-03-04,AC-001773,Ruth Hicks,2018-11-02,100.0,973
GT-004928,Mary Harris,2015-06-29,AC-001774,Mary Harris,2022-09-23,100.0,2643
GT-007810,Samuel Henry,2022-04-11,AC-001790,Pamela Henry,2024-09-17,83.33333333333334,890
GT-004987,Patrick Hicks,2018-04-26,AC-001838,Patrick Hicks,2017-02-15,100.0,435
GT-002075,Lisa Hunter,2023-02-26,AC-001849,Lisa Hunter,2018-08-17,100.0,1654
GT-004599,Sandra Henry,2017-05-27,AC-001852,Sandra Henry,2019-09-04,100.0,830
GT-006303,Janet Henry,2024-06-23,AC-001870,Janet Henry,2019-09-10,100.0,1748
GT-006168,Jerry Harris,2019-02-08,AC-001882,Jerry Harris,2015-06-02,100.0,1347
GT-001636,Gregory Hunter,2019-05-14,AC-001883,Gary Hunter,2023-04-09,80.0,1426
GT-003326,Nicholas Henry,2019-08-11,AC-001967,Nicholas Henry,2023-10-11,100.0,1522
GT-006254,Adam Henry,2020-05-10,AC-001981,Adam Henry,2020-10-04,100.0,147
GT-000901,Adam Hernandez,2021-02-07,AC-002029,Amanda Hernandez,2015-10-08,86.66666666666667,1949
GT-001049,Stephanie Henry,2016-06-30,AC-002030,Stephanie Henry,2017-11-02,100.0,490
GT-008893,Brian Harris,2016-07-22,AC-002047,Frank Harris,2015-06-16,83.33333333333334,402
GT-004725,Anna Hernandez,2019-01-23,AC-002090,Anna Hernandez,2016-12-08,100.0,776
GT-000614,William Harris,2021-06-15,AC-002109,William Harris,2015-10-15,100.0,2070
GT-011799,Joshua Hunter,2021-05-22,AC-002123,Joshua Hunter,2020-03-21,100.0,427
GT-007844,Cynthia Harris,2019-07-26,AC-002130,Cynthia Hicks,2016-02-11,81.4814814814815,1261
GT-003880,Larry Hunter,2022-05-30,AC-002192,Mary Hunter,2023-02-16,86.95652173913044,262
GT-008888,Samuel Hernandez,2016-01-07,AC-002214,Samuel Hernandez,2021-04-23,100.0,1933
GT-009308,Amanda Hicks,2024-06-06,AC-002215,Amanda Hicks,2017-04-05,100.0,2619
GT-001933,Kevin Harris,2016-01-03,AC-002233,Kevin Harris,2021-02-25,100.0,1880
GT-000126,Kevin Hunter,2018-03-15,AC-002254,Kevin Hunter,2015-04-02,100.0,1078
GT-005207,Timothy Hunter,2015-11-04,AC-002267,Timothy Henry,2021-08-21,81.4814814814815,2117
GT-000378,Jeffrey Hernandez,2016-10-21,AC-002277,Jerry Hernandez,2023-07-12,87.5,2455
GT-004262,Donna Hunter,2018-12-17,AC-002299,Douglas Hunter,2020-05-26,76.92307692307692,526
GT-004884,David Hicks,2024-02-18,AC-002310,David Hicks,2015-03-22,100.0,3255
GT-007425,Linda Hernandez,2015-04-24,AC-002312,Linda Hernandez,2022-02-06,100.0,2480
GT-008143,Joseph Hernandez,2024-07-12,AC-002388,Jose Hernandez,2024-12-25,93.33333333333333,166
GT-011077,Edward Harris,2022-01-17,AC-002396,Edward Hicks,2016-09-05,80.0,1960
GT-000309,James Hunter,2023-08-03,AC-002405,James Hunter,2024-01-28,100.0,178
GT-006219,Michelle Hicks,2021-11-16,AC-002446,Michelle Hicks,2016-10-28,100.0,1845
GT-000741,James Henry,2019-03-27,AC-002481,James Henry,2015-10-08,100.0,1266
GT-003104,Jason Hernandez,2021-03-30,AC-002508,Jason Hernandez,2022-09-10,100.0,529
GT-006408,Amy Harris,2023-05-06,AC-002547,Amy Harris,2020-07-02,100.0,1038
GT-013791,Steven Hunter,2022-09-25,AC-002566,Steven Hunter,2018-02-11,100.0,1687
GT-001865,Jason Henry,2019-04-07,AC-002587,John Henry,2020-10-24,85.71428571428572,566
GT-006787,Karen Hunter,2016-07-19,AC-002621,Karen Hunter,2018-03-19,100.0,608
GT-011288,Amy Henry,2024-03-02,AC-002632,Amy Henry,2015-05-15,100.0,3214
GT-002837,Andrew Harris,2016-08-23,AC-002652,Andrew Harris,2019-09-20,100.0,1123
GT-013104,Melissa Hunter,2022-05-02,AC-002704,Melissa Hunter,2020-03-07,100.0,786
GT-001414,Jason Hunter,2021-04-06,AC-002761,Jason Hunter,2015-11-06,100.0,1978
GT-002486,Joshua Hernandez,2017-01-31,AC-002818,Joshua Hernandez,2021-09-27,100.0,1700
GT-001339,Ashley Harris,2022-03-20,AC-002840,Ashley Harris,2017-08-27,100.0,1666
GT-002260,Nicholas Hernandez,2020-08-12,AC-002855,Richard Hernandez,2015-11-12,80.0,1735
GT-008066,Matthew Hernandez,2017-02-05,AC-002859,Matthew Hernandez,2022-09-07,100.0,2040
GT-001748,Eric Hernandez,2015-12-13,AC-002873,Eric Hernandez,2022-12-30,100.0,2574
GT-005822,Anna Henry,2023-04-08,AC-002956,Anna Henry,2016-06-10,100.0,2493
GT-004873,Brian Hunter,2020-05-28,AC-002983,Brian Hunter,2023-08-07,100.0,1166
GT-006518,Justin Johnson,2024-03-01,AC-000029,Justin Johnson,2021-12-02,100.0,820
GT-001849,Deborah Jones,2015-10-22,AC-000047,Deborah Jones,2020-05-31,100.0,1683
GT-004472,Debra Jones,2021-08-17,AC-000138,Debra Jones,2019-11-20,100.0,636
GT-011294,Kimberly Johnson,2016-01-14,AC-000151,Kimberly Johnson,2016-08-23,100.0,222
GT-000061,Brian Jackson,2024-02-08,AC-000155,Brian Jackson,2023-01-23,100.0,381
GT-008985,Eric Jackson,2019-02-26,AC-000230,Eric Jackson,2021-06-21,100.0,846
GT-000979,Kenneth Jackson,2017-12-07,AC-000313,Kenneth Jackson,2022-10-19,100.0,1777
GT-000522,Donna Johnson,2017-07-28,AC-000327,Donna Johnson,2019-06-15,100.0,687
GT-001916,Jennifer Jones,2016-04-27,AC-000380,Jennifer Jones,2016-01-17,100.0,101
GT-008563,Ruth Jackson,2024-10-29,AC-000389,Ruth Jackson,2018-02-26,100.0,2437
GT-007372,Richard Johnson,2021-11-10,AC-000391,Richard Johnson,2022-01-26,100.0,77
GT-001221,Raymond Jones,2015-03-29,AC-000424,Raymond Jones,2020-05-13,100.0,1872
GT-008915,Elizabeth Jones,2019-04-01,AC-000459,Elizabeth Johnson,2016-05-04,87.5,1062
GT-012745,Brian Jones,2016-04-29,AC-000483,Brian Jones,2019-11-27,100.0,1307
GT-001331,Samuel Johnson,2020-07-25,AC-000596,Paul Johnson,2024-10-09,84.61538461538461,1537
GT-004461,Helen Johnson,2022-04-02,AC-000604,Helen Johnson,2018-03-16,100.0,1478
GT-001847,Emma Jones,2018-11-27,AC-000609,Emma Jones,2023-05-05,100.0,1620
GT-004619,Patricia Jones,2017-06-09,AC-000612,Patrick Jones,2021-04-28,88.88888888888889,1419
GT-002248,Laura Jackson,2020-10-14,AC-000631,Laura Jackson,2015-12-01,100.0,1779
GT-002573,Amanda Jackson,2019-05-23,AC-000637,Amanda Jackson,2023-01-01,100.0,1319
GT-008642,Pamela Jones,2015-06-13,AC-000640,Pamela Jones,2016-10-19,100.0,494
GT-004171,Jacob Jones,2016-07-09,AC-000641,Jack Jones,2022-12-01,85.71428571428572,2336
GT-009986,Jerry Jones,2019-07-22,AC-000683,Jerry Jones,2018-07-16,100.0,371
GT-004461,Helen Johnson,2022-04-02,AC-000727,Henry Johnson,2019-03-15,84.61538461538461,1114
GT-003363,Steven Jones,2022-04-21,AC-000825,Steven Jones,2019-04-02,100.0,1115
GT-006665,Stephen Jones,2019-06-14,AC-000826,Stephen Jones,2021-05-04,100.0,690
GT-005605,Amy Jackson,2024-03-26,AC-000844,Amy Jackson,2024-10-30,100.0,218
GT-002915,Rebecca Jones,2018-05-26,AC-000846,Rebecca Jones,2015-04-22,100.0,1130
GT-012963,Stephen Johnson,2020-06-04,AC-000864,Stephen Johnson,2017-09-18,100.0,990
GT-002540,Carol Johnson,2020-12-12,AC-000877,Carol Johnson,2023-01-19,100.0,768
GT-013792,Sharon Jackson,2022-08-15,AC-001033,Sharon Jackson,2019-01-25,100.0,1298
GT-002206,Gregory Jackson,2024-10-13,AC-001035,Gregory Jackson,2022-12-17,100.0,666
GT-005068,Katherine Jones,2023-12-16,AC-001046,Katherine Jones,2024-10-27,100.0,316
GT-008295,Peter Jones,2015-02-07,AC-001051,Peter Jones,2023-07-30,100.0,3095
GT-006105,Barbara Johnson,2023-05-31,AC-001074,Barbara Johnson,2023-12-15,100.0,198
GT-003636,Barbara Jones,2017-06-02,AC-001093,Barbara Jones,2024-10-27,100.0,2704
GT-001984,Edward Jones,2015-06-25,AC-001135,Edward Jones,2019-02-05,100.0,1321
GT-013237,Benjamin Johnson,2022-04-22,AC-001140,Benjamin Johnson,2015-08-22,100.0,2435
GT-001086,Jennifer Johnson,2021-07-27,AC-001166,Jennifer Johnson,2017-10-07,100.0,1389
GT-002504,Nicholas Jones,2018-08-02,AC-001221,Nicholas Jones,2021-10-08,100.0,1163
GT-002182,Jessica Jackson,2022-08-31,AC-001228,Jessica Jackson,2017-03-22,100.0,1988
GT-000833,Kathleen Jackson,2018-11-19,AC-001283,Kathleen Jackson,2017-04-16,100.0,582
GT-004808,Anthony Jackson,2021-11-22,AC-001304,Anthony Jackson,2024-04-17,100.0,877
GT-014537,Joseph Jones,2019-11-21,AC-001330,Joseph Jones,2016-11-04,100.0,1112
GT-001761,John Jones,2020-05-11,AC-001398,John Jones,2024-07-24,100.0,1535
GT-001721,Mary Jones,2020-02-20,AC-001412,Mary Jones,2024-11-22,100.0,1737
GT-011398,Robert Johnson,2024-09-30,AC-001413,Robert Jackson,2022-08-03,78.57142857142857,789
GT-006498,Angela Jones,2017-02-18,AC-001491,Angela Jones,2016-02-19,100.0,365
GT-004090,William Johnson,2022-11-19,AC-001494,William Johnson,2020-09-14,100.0,796
GT-011938,Timothy Jackson,2022-11-16,AC-001508,Timothy Jackson,2020-03-31,100.0,960
GT-011243,Samantha Jackson,2021-03-01,AC-001545,Samantha Jackson,2016-02-10,100.0,1846
GT-012821,Donald Jackson,2016-10-01,AC-001558,Donna Jackson,2024-02-10,88.88888888888889,2688
GT-010519,Adam Jones,2016-04-06,AC-001565,Adam Jones,2015-01-15,100.0,447
GT-003597,Paul Jackson,2019-05-13,AC-001582,Paul Jackson,2021-10-05,100.0,876
GT-005855,Jeffrey Jones,2024-05-15,AC-001687,Jeffrey Jones,2018-02-28,100.0,2268
GT-011398,Robert Johnson,2024-09-30,AC-001722,Robert Johnson,2018-09-27,100.0,2195
GT-008747,Tyler Johnson,2024-01-25,AC-001795,Tyler Johnson,2024-03-09,100.0,44
GT-011294,Kimberly Johnson,2016-01-14,AC-001820,Kimberly Jones,2023-03-30,86.66666666666667,2632
GT-001034,Stephen Jackson,2024-10-12,AC-001828,Stephen Jackson,2015-12-08,100.0,3231
GT-002682,Melissa Jackson,2020-12-25,AC-001830,Melissa Jackson,2019-04-12,100.0,623
GT-007553,James Johnson,2015-11-04,AC-001873,James Jones,2021-11-13,83.33333333333334,2201
GT-009626,Justin Jones,2020-11-19,AC-001892,Justin Jones,2020-06-26,100.0,146
GT-002417,Joseph Johnson,2023-01-11,AC-001898,Joseph Johnson,2021-12-25,100.0,382
GT-001331,Samuel Johnson,2020-07-25,AC-001924,Samuel Johnson,2015-11-07,100.0,1722
GT-010672,Sharon Jones,2019-12-31,AC-001971,Sharon Jones,2021-04-24,100.0,480
GT-006589,Katherine Johnson,2020-08-31,AC-002037,Katherine Johnson,2022-05-02,100.0,609
GT-002042,Emma Johnson,2017-06-30,AC-002046,Emma Johnson,2023-05-26,100.0,2156
GT-000744,Christine Jones,2018-10-18,AC-002063,Christine Jones,2015-01-10,100.0,1377
GT-000825,Gregory Johnson,2016-03-25,AC-002099,Gregory Johnson,2019-04-23,100.0,1124
GT-000355,Tyler Jones,2017-02-19,AC-002116,Tyler Jones,2015-10-22,100.0,486
GT-004308,Adam Jackson,2019-05-13,AC-002126,Adam Jackson,2024-03-31,100.0,1784
GT-003936,Anna Jones,2017-09-24,AC-002156,Anna Jones,2022-08-11,100.0,1782
GT-000110,Janet Johnson,2024-09-07,AC-002181,Janet Jones,2022-09-04,83.33333333333334,734
GT-000484,Brian Johnson,2022-10-24,AC-002222,Frank Johnson,2017-05-22,84.61538461538461,1981
GT-011265,Joseph Jackson,2017-12-19,AC-002294,Joseph Jackson,2022-12-07,100.0,1814
GT-000726,Benjamin Jackson,2018-03-08,AC-002311,Benjamin Jackson,2016-06-15,100.0,631
GT-000747,Jerry Jackson,2015-05-15,AC-002398,Jerry Jackson,2021-06-20,100.0,2228
GT-000484,Brian Johnson,2022-10-24,AC-002400,Brian Johnson,2015-12-29,100.0,2491
GT-003122,Scott Jackson,2019-07-08,AC-002464,Scott Jackson,2015-05-09,100.0,1521
GT-001772,Kathleen Johnson,2024-01-08,AC-002629,Kathleen Johnson,2016-05-12,100.0,2797
GT-007680,Nicole Jackson,2019-12-24,AC-002648,Nicholas Jackson,2019-05-19,86.66666666666667,219
GT-011896,Nancy Johnson,2015-10-21,AC-002671,Nancy Jones,2020-02-21,83.33333333333334,1584
GT-001408,Karen Jackson,2019-02-18,AC-002685,Karen Jackson,2018-06-06,100.0,257
GT-002401,Jack Jackson,2020-02-04,AC-002851,Jack Jackson,2022-06-17,100.0,864
GT-005359,Samantha Jones,2020-03-25,AC-002905,Samantha Jones,2018-09-17,100.0,555
GT-002896,Kevin Johnson,2024-06-05,AC-002909,Kevin Jones,2017-10-12,83.33333333333334,2428
GT-001772,Kathleen Johnson,2024-01-08,AC-002917,Kathleen Jones,2022-02-17,86.66666666666667,690
GT-014838,Rachel Kemp,2020-10-14,AC-000014,Rachel Kemp,2022-01-09,100.0,452
GT-006681,Nicholas Kennedy,2015-03-08,AC-000068,Nicholas Kennedy,2017-06-16,100.0,831
GT-003351,William King,2021-08-31,AC-000108,William King,2017-08-09,100.0,1483
GT-001605,Christopher King,2018-10-18,AC-000139,Christopher Knox,2020-02-17,87.5,487
GT-003777,Andrew Kemp,2021-09-27,AC-000213,Andrew Kemp,2018-06-08,100.0,1207
GT-006327,Donna King,2021-11-26,AC-000241,Donna King,2023-06-15,100.0,566
GT-000173,Justin King,2018-08-21,AC-000254,Justin King,2024-05-23,100.0,2102
GT-007926,Jason Kennedy,2024-01-03,AC-000276,John Kennedy,2023-03-17,88.0,292
GT-006654,Samantha Knox,2024-09-12,AC-000290,Samantha Knox,2021-02-22,100.0,1298
GT-008047,Joseph Kemp,2019-05-07,AC-000308,Jose Kemp,2015-11-15,90.0,1269
GT-003028,Joseph Kennedy,2017-02-01,AC-000309,Jose Kennedy,2024-10-11,92.3076923076923,2809
GT-006806,Amy Kemp,2023-07-20,AC-000320,Amy Kemp,2021-09-04,100.0,684
GT-002800,Mary King,2023-07-30,AC-000326,Mary King,2018-08-24,100.0,1801
GT-014142,Linda Kemp,2024-04-12,AC-000330,Linda Kemp,2019-10-14,100.0,1642
GT-009244,Nancy King,2024-04-20,AC-000350,Nancy King,2022-01-10,100.0,831
GT-003096,Shirley Kemp,2023-02-24,AC-000378,Shirley Kemp,2015-04-28,100.0,2859
GT-004486,Anthony Kennedy,2021-08-20,AC-000388,Anthony Kennedy,2024-02-25,100.0,919
GT-002040,Donna Kemp,2015-12-18,AC-000447,Anna Kemp,2017-10-28,84.21052631578947,680
GT-009515,Patricia Kennedy,2015-02-26,AC-000498,Patricia Kennedy,2017-06-19,100.0,844
GT-000176,Ashley Kemp,2017-04-27,AC-000500,Ashley Kemp,2023-08-28,100.0,2314
GT-008047,Joseph Kemp,2019-05-07,AC-000522,Joshua Kemp,2016-04-24,81.81818181818181,1108
GT-010333,Brenda Kemp,2018-12-06,AC-000582,Brenda Kemp,2023-09-19,100.0,1748
GT-001887,Jonathan Knox,2020-05-25,AC-000614,Jonathan Knox,2021-10-10,100.0,503
GT-003412,Scott Knox,2015-08-31,AC-000621,Scott Knox,2015-02-04,100.0,208
GT-003841,Pamela King,2015-12-15,AC-000628,Pamela King,2022-03-03,100.0,2270
GT-003684,Brenda Knox,2020-11-11,AC-000645,Brenda King,2018-04-26,81.81818181818181,930
GT-009320,Gregory Knox,2019-10-11,AC-000648,Gregory Knox,2024-08-12,100.0,1767
GT-002766,Lisa Kemp,2022-01-17,AC-000767,Lisa Kemp,2020-08-23,100.0,512
GT-009794,Anthony Knox,2015-03-31,AC-000795,Anthony Knox,2020-06-09,100.0,1897
GT-006891,Benjamin Kennedy,2016-02-07,AC-000815,Benjamin Kennedy,2020-09-24,100.0,1691
GT-008695,Edward Kennedy,2016-12-31,AC-000827,Edward Kennedy,2019-01-28,100.0,758
GT-003141,Laura Kennedy,2015-02-26,AC-000920,Laura Kennedy,2018-03-05,100.0,1103
GT-009395,Cynthia Kemp,2024-06-11,AC-000927,Cynthia Knox,2020-06-26,75.0,1446
GT-003280,Mary Kemp,2020-09-14,AC-000942,Larry Kemp,2024-11-22,84.21052631578947,1530
GT-002363,Sandra Knox,2016-11-17,AC-000972,Sandra Knox,2018-09-13,100.0,665
GT-000701,Ryan King,2020-01-31,AC-000989,Ryan Knox,2019-12-20,77.77777777777779,42
GT-002377,Brian Kennedy,2018-09-09,AC-001014,Brian Kennedy,2022-10-15,100.0,1497
GT-005043,Jerry Kemp,2019-05-20,AC-001019,Jerry Kemp,2020-04-26,100.0,342
GT-013215,Barbara Knox,2015-09-24,AC-001024,Barbara Knox,2024-07-20,100.0,3222
GT-007617,Patrick King,2024-08-06,AC-001088,Patrick King,2018-06-26,100.0,2233
GT-003137,Jason King,2021-09-21,AC-001098,Jason King,2024-01-22,100.0,853
GT-001404,Michelle Kemp,2021-12-13,AC-001105,Michael Kemp,2023-10-27,88.0,683
GT-007314,Helen King,2017-11-06,AC-001114,Helen Knox,2018-06-23,80.0,229
GT-010304,Thomas Kennedy,2023-02-04,AC-001126,Thomas Kennedy,2018-07-13,100.0,1667
GT-001613,Steven Kennedy,2024-10-15,AC-001162,Steven Kennedy,2016-12-24,100.0,2852
GT-007295,Shirley King,2023-08-06,AC-001220,Shirley Knox,2015-05-04,83.33333333333334,3016
GT-001495,Kevin Kemp,2017-02-16,AC-001275,Kevin Kemp,2022-09-19,100.0,2041
GT-011178,Brandon King,2023-09-12,AC-001285,Brandon King,2018-07-04,100.0,1896
GT-005350,Barbara King,2015-01-29,AC-001313,Barbara King,2021-02-11,100.0,2205
GT-012308,Raymond King,2020-08-28,AC-001320,Raymond King,2015-04-27,100.0,1950
GT-012168,Patricia King,2016-06-18,AC-001342,Patricia King,2024-11-02,100.0,3059
GT-002999,Gregory Kemp,2018-12-29,AC-001353,Gregory Kemp,2024-09-24,100.0,2096
GT-005879,Brian Knox,2022-06-03,AC-001357,Brian Knox,2023-01-30,100.0,241
GT-001434,Tyler Kennedy,2016-04-30,AC-001360,Tyler Kennedy,2016-07-22,100.0,83
GT-002377,Brian Kennedy,2018-09-09,AC-001428,Eric Kennedy,2016-02-22,80.0,930
GT-007314,Helen King,2017-11-06,AC-001430,Helen King,2019-03-14,100.0,493
GT-010726,Donna Knox,2020-02-25,AC-001468,Donald Knox,2021-03-04,85.71428571428572,373
GT-000706,Daniel Knox,2016-06-22,AC-001484,Daniel Knox,2017-03-25,100.0,276
GT-005986,Jeffrey King,2019-07-31,AC-001512,Jeffrey King,2024-06-10,100.0,1776
GT-002487,Rachel King,2018-06-17,AC-001526,Rachel Knox,2015-12-16,81.81818181818181,914
GT-005354,Gregory King,2024-11-25,AC-001548,Gregory King,2019-01-05,100.0,2151
GT-000119,Karen Kemp,2018-05-15,AC-001568,Karen Kemp,2024-01-05,100.0,2061
GT-000725,Peter Kennedy,2017-03-09,AC-001584,Peter Kennedy,2024-07-13,100.0,2683
GT-000177,Sandra Kemp,2016-01-29,AC-001649,Sandra Kemp,2023-10-30,100.0,2831
GT-000910,Stephanie King,2015-06-02,AC-001656,Stephanie Knox,2023-09-23,85.71428571428572,3035
GT-001851,Amy Knox,2017-01-03,AC-001659,Amy Knox,2017-03-14,100.0,70
GT-005577,Donald King,2022-08-02,AC-001703,Donald King,2017-08-18,100.0,1810
GT-003003,Richard Knox,2015-07-18,AC-001727,Richard Knox,2022-02-06,100.0,2395
GT-005593,Carol Kennedy,2016-08-14,AC-001758,Carol Kennedy,2019-05-28,100.0,1017
GT-001528,Scott Kemp,2019-04-01,AC-001760,Scott Kemp,2021-04-02,100.0,732
GT-014791,Ronald Kennedy,2020-12-22,AC-001819,Ronald Kennedy,2022-05-19,100.0,513
GT-001769,Jacob Kemp,2024-09-01,AC-001824,Jacob Kemp,2020-04-29,100.0,1586
GT-005107,Samantha Kemp,2023-01-28,AC-001826,Samantha Kemp,2019-12-12,100.0,1143
GT-001508,Michael Kennedy,2017-09-18,AC-001829,Michael Kennedy,2022-12-12,100.0,1911
GT-006747,Jack Knox,2018-03-29,AC-001862,Jack Knox,2016-06-14,100.0,653
GT-005967,Karen Knox,2024-10-23,AC-001868,Karen Knox,2018-11-29,100.0,2155
GT-000448,Brandon Kemp,2022-09-10,AC-001880,Brian Kemp,2022-08-15,81.81818181818181,26
GT-003511,James Knox,2022-09-04,AC-001941,James Knox,2024-06-16,100.0,651
GT-001508,Michael Kennedy,2017-09-18,AC-001942,Rachel Kennedy,2023-10-16,82.75862068965517,2219
GT-008909,Raymond Knox,2019-08-06,AC-001963,Raymond Knox,2023-03-01,100.0,1303
GT-012346,Ruth Knox,2023-03-23,AC-001964,Ruth King,2020-10-22,77.77777777777779,882
GT-000009,Scott Kennedy,2015-06-05,AC-001970,Scott Kennedy,2016-01-24,100.0,233
GT-006747,Jack Knox,2018-03-29,AC-001995,Jacob Knox,2024-01-06,84.21052631578947,2109
GT-009395,Cynthia Kemp,2024-06-11,AC-001999,Cynthia Kemp,2022-09-13,100.0,637
GT-000539,Jennifer Kemp,2016-01-30,AC-002001,Jennifer Kemp,2023-07-18,100.0,2726
GT-001580,Ronald King,2022-07-19,AC-002013,Ronald King,2017-05-30,100.0,1876
GT-014647,Jessica King,2023-03-30,AC-002027,Jessica King,2022-01-29,100.0,425
GT-000125,Melissa King,2015-04-16,AC-002028,Melissa King,2023-02-20,100.0,2867
GT-014039,Susan Kennedy,2020-10-01,AC-002032,Susan Kennedy,2021-08-24,100.0,327
GT-002934,Susan Knox,2018-11-09,AC-002035,Susan Knox,2015-12-08,100.0,1067
GT-011395,Rebecca Knox,2017-02-19,AC-002040,Rebecca Knox,2019-04-13,100.0,783
GT-009057,Patrick Kemp,2022-02-01,AC-002095,Patrick Kemp,2018-10-19,100.0,1201
GT-009578,James Kennedy,2020-02-17,AC-002134,James Kennedy,2022-01-18,100.0,701
GT-007126,Helen Kemp,2022-06-11,AC-002182,Helen Kemp,2015-08-20,100.0,2487
GT-003787,Emily King,2024-03-09,AC-002212,Emily King,2015-02-27,100.0,3298
GT-005184,Tyler Kemp,2022-12-29,AC-002217,Tyler Kemp,2018-12-15,100.0,1475
GT-002616,Angela Kennedy,2019-11-14,AC-002241,Angela Kennedy,2019-05-28,100.0,170
GT-004173,William Knox,2016-10-21,AC-002324,William Knox,2022-06-08,100.0,2056
GT-011010,Jennifer King,2020-12-07,AC-002327,Jennifer King,2024-02-09,100.0,1159
GT-001044,Linda Kennedy,2020-08-04,AC-002359,Lisa Kennedy,2016-07-30,88.0,1466
GT-003086,Jerry Knox,2018-12-27,AC-002378,Jerry Knox,2020-09-07,100.0,620
GT-009787,Raymond Kemp,2021-07-27,AC-002425,Ronald Kemp,2018-11-09,78.26086956521739,991
GT-007398,Margaret King,2016-02-03,AC-002450,Margaret King,2017-04-24,100.0,446
GT-009787,Raymond Kemp,2021-07-27,AC-002451,Raymond Kemp,2023-06-29,100.0,702
GT-003684,Brenda Knox,2020-11-11,AC-002466,Brenda Knox,2017-02-10,100.0,1370
GT-009437,Steven Knox,2023-05-02,AC-002469,Steven Knox,2022-07-29,100.0,277
GT-007295,Shirley King,2023-08-06,AC-002479,Shirley King,2016-05-14,100.0,2640
GT-012346,Ruth Knox,2023-03-23,AC-002499,Ruth Knox,2021-01-04,100.0,808
GT-007993,John Kemp,2023-07-31,AC-002500,John Kemp,2015-05-11,100.0,3003
GT-001759,Jose Knox,2024-05-29,AC-002537,Jose Knox,2022-04-05,100.0,785
GT-010166,Elizabeth Kennedy,2023-03-01,AC-002539,Elizabeth Kennedy,2018-02-03,100.0,1852
GT-006159,Nancy Knox,2016-08-17,AC-002576,Nancy Knox,2021-09-04,100.0,1844
GT-007805,Aaron Kemp,2019-07-12,AC-002577,Aaron Kemp,2023-12-29,100.0,1631
GT-012387,Timothy Kennedy,2021-07-13,AC-002600,Timothy Kennedy,2018-02-10,100.0,1249
GT-002175,Patricia Kemp,2022-07-14,AC-002609,Patricia Kemp,2019-11-02,100.0,985
GT-010726,Donna Knox,2020-02-25,AC-002626,Donna Knox,2019-05-02,100.0,299
GT-001409,Frank Kemp,2017-06-09,AC-002633,Frank Kemp,2016-02-03,100.0,492
GT-003593,Gary Kemp,2018-07-12,AC-002676,Gary Kemp,2022-01-02,100.0,1270
GT-003209,Adam King,2024-12-11,AC-002760,Amy King,2024-12-17,82.35294117647058,6
GT-002150,Gary Kennedy,2017-07-14,AC-002847,Gary Kennedy,2023-04-10,100.0,2096
GT-000001,Michael King,2016-09-21,AC-002856,Michael King,2019-10-21,100.0,1125
GT-000557,Frank King,2023-10-18,AC-002886,Frank King,2016-10-09,100.0,2565
GT-001446,Andrew King,2020-12-18,AC-002902,Andrew King,2023-06-05,100.0,899
GT-005686,Sarah King,2022-01-16,AC-002915,Sarah King,2024-05-28,100.0,863
GT-005350,Barbara King,2015-01-29,AC-002923,Barbara Kemp,2024-08-03,75.0,3474
GT-003050,Susan King,2016-04-07,AC-002928,Susan King,2024-01-11,100.0,2835
GT-005996,Adam Kennedy,2022-04-10,AC-002931,Amanda Kennedy,2018-05-21,84.61538461538461,1420
GT-000202,Matthew King,2022-05-27,AC-002934,Matthew Knox,2022-06-30,83.33333333333334,34
GT-003252,Margaret Knox,2018-06-23,AC-002961,Margaret Knox,2024-11-02,100.0,2324
GT-004627,Anna Lopez,2023-12-11,AC-000017,Anna Lopez,2015-06-27,100.0,3089
GT-005101,Donald Lewis,2024-05-06,AC-000031,Donald Lewis,2023-01-27,100.0,465
GT-004865,Donald Lopez,2015-11-07,AC-000037,Donald Lopez,2019-01-29,100.0,1179
GT-006612,Stephen Lee,2022-05-13,AC-000086,Stephen Lee,2018-03-07,100.0,1528
GT-002859,Ruth Lee,2019-04-15,AC-000100,Ruth Lee,2018-09-02,100.0,225
GT-000994,Donna Lee,2023-03-24,AC-000169,Donna Lee,2017-11-19,100.0,1951
GT-008148,Amanda Lee,2015-05-02,AC-000176,Amanda Lee,2019-01-14,100.0,1353
GT-013500,Patrick Lee,2023-01-04,AC-000185,Patrick Lee,2020-11-24,100.0,771
GT-002913,Samuel Lee,2022-06-05,AC-000192,Samuel Lee,2020-10-06,100.0,607
GT-011388,Jeffrey Lopez,2018-03-24,AC-000205,Jeffrey Lopez,2021-08-18,100.0,1243
GT-000159,Jennifer Lopez,2015-09-27,AC-000217,Jennifer Lopez,2016-02-09,100.0,135
GT-000341,Ruth Lewis,2018-02-20,AC-000229,Ruth Lewis,2017-02-08,100.0,377
GT-012241,Raymond Lewis,2022-11-13,AC-000236,Raymond Lewis,2024-06-08,100.0,573
GT-006798,Frank Lopez,2019-09-07,AC-000248,Frank Lopez,2021-08-17,100.0,710
GT-003633,Emma Lopez,2023-03-09,AC-000263,Emma Lopez,2015-07-19,100.0,2790
GT-006687,Helen Lopez,2018-01-21,AC-000267,Helen Lopez,2022-04-16,100.0,1546
GT-000660,Brenda Lee,2024-06-18,AC-000340,Brenda Lewis,2024-02-22,81.81818181818181,117
GT-008059,Ruth Lopez,2017-01-27,AC-000367,Ruth Lopez,2019-10-03,100.0,979
GT-001857,James Lopez,2021-12-01,AC-000434,James Lopez,2023-11-16,100.0,715
GT-008697,Samantha Lee,2018-02-13,AC-000449,Samantha Lee,2021-11-28,100.0,1384
GT-003248,Jose Lewis,2021-07-02,AC-000543,Joshua Lewis,2024-02-11,81.81818181818181,954
GT-002107,Emily Lopez,2015-08-27,AC-000615,Emily Lee,2021-07-22,80.0,2156
GT-013899,Benjamin Lopez,2017-05-03,AC-000642,Benjamin Lopez,2023-08-30,100.0,2310
GT-001966,Michelle Lopez,2015-09-12,AC-000649,Michelle Lopez,2017-10-07,100.0,756
GT-003944,Edward Lewis,2021-05-19,AC-000651,Edward Lewis,2023-04-18,100.0,699
GT-000334,Jerry Lopez,2021-01-11,AC-000731,Jerry Lopez,2020-11-27,100.0,45
GT-000923,Matthew Lewis,2024-05-19,AC-000744,Matthew Lewis,2020-06-23,100.0,1426
GT-007831,Daniel Lee,2021-09-25,AC-000747,Daniel Lee,2024-10-21,100.0,1122
GT-000089,Peter Lopez,2018-11-09,AC-000789,Peter Lopez,2020-12-11,100.0,763
GT-007135,Donna Lewis,2018-12-15,AC-000790,Donna Lewis,2015-05-01,100.0,1324
GT-004183,Charles Lopez,2021-03-26,AC-000818,Charles Lopez,2024-08-15,100.0,1238
GT-009959,Kevin Lee,2017-07-27,AC-000819,Kevin Lee,2024-07-10,100.0,2540
GT-010146,Jack Lopez,2024-05-25,AC-000833,Jacob Lopez,2015-10-15,85.71428571428572,3145
GT-005924,Scott Lewis,2017-09-30,AC-000964,Scott Lewis,2019-08-20,100.0,689
GT-000397,Elizabeth Lopez,2021-12-23,AC-000968,Elizabeth Lopez,2024-02-17,100.0,786
GT-006356,Pamela Lee,2019-05-05,AC-000992,Pamela Lee,2023-08-28,100.0,1576
GT-004468,Stephen Lopez,2023-12-24,AC-001032,Stephen Lopez,2020-01-18,100.0,1436
GT-013631,Rachel Lopez,2017-02-18,AC-001076,Rachel Lopez,2016-05-20,100.0,274
GT-006849,Jerry Lee,2016-04-19,AC-001080,Jerry Lee,2022-11-28,100.0,2414
GT-004238,Emma Lewis,2024-06-25,AC-001081,Emma Lewis,2018-11-04,100.0,2060
GT-002045,Brian Lewis,2022-01-17,AC-001110,Brian Lewis,2023-10-28,100.0,649
GT-003098,Daniel Lopez,2017-02-04,AC-001155,David Lopez,2018-08-07,78.26086956521739,549
GT-000495,Benjamin Lee,2016-05-11,AC-001222,Benjamin Lee,2017-09-11,100.0,488
GT-002103,Michael Lewis,2016-12-25,AC-001223,Michael Lewis,2017-05-30,100.0,156
GT-011560,Peter Lewis,2023-08-13,AC-001235,Peter Lewis,2019-01-06,100.0,1680
GT-014250,Susan Lopez,2022-06-24,AC-001246,Susan Lopez,2020-04-10,100.0,805
GT-001011,Melissa Lee,2016-07-14,AC-001265,Melissa Lee,2024-09-30,100.0,3000
GT-009032,Sharon Lewis,2024-02-02,AC-001295,Sharon Lewis,2015-05-16,100.0,3184
GT-005009,Eric Lee,2022-10-28,AC-001329,Eric Lee,2021-11-22,100.0,340
GT-004650,Gregory Lopez,2017-07-08,AC-001334,Gregory Lopez,2020-04-15,100.0,1012
GT-000253,Emma Lee,2021-03-23,AC-001416,Emma Lee,2024-01-27,100.0,1040
GT-002905,William Lewis,2022-02-12,AC-001452,William Lewis,2021-12-07,100.0,67
GT-011498,Douglas Lewis,2022-02-19,AC-001472,Douglas Lewis,2021-04-25,100.0,300
GT-009903,Ashley Lee,2016-11-09,AC-001482,Ashley Lewis,2017-03-24,81.81818181818181,135
GT-003061,John Lopez,2019-12-30,AC-001597,John Lopez,2015-02-13,100.0,1781
GT-005829,Alexander Lopez,2020-07-30,AC-001616,Alexander Lopez,2023-06-12,100.0,1047
GT-001294,Deborah Lopez,2019-02-20,AC-001651,Deborah Lopez,2023-08-23,100.0,1645
GT-008058,Ronald Lewis,2021-07-15,AC-001666,Ronald Lewis,2016-07-26,100.0,1815
GT-003302,Justin Lewis,2023-01-11,AC-001680,Justin Lewis,2024-10-26,100.0,654
GT-005766,Angela Lee,2017-10-02,AC-001697,Angela Lee,2018-03-21,100.0,170
GT-006194,Raymond Lopez,2015-04-21,AC-001705,Raymond Lopez,2020-02-25,100.0,1771
GT-007622,Anthony Lee,2018-02-21,AC-001738,Anthony Lee,2018-05-08,100.0,76
GT-003618,Laura Lee,2015-11-13,AC-001746,Laura Lee,2022-11-29,100.0,2573
GT-005811,Patricia Lopez,2022-02-27,AC-001768,Patrick Lopez,2021-08-03,88.88888888888889,208
GT-006409,Robert Lee,2024-05-15,AC-001935,Robert Lee,2022-07-29,100.0,656
GT-003499,Michael Lee,2022-12-07,AC-002067,Michael Lee,2015-04-22,100.0,2786
GT-000367,Brandon Lee,2015-07-01,AC-002073,Brandon Lee,2023-06-24,100.0,2915
GT-003193,Jack Lewis,2019-01-07,AC-002118,Jack Lewis,2021-10-13,100.0,1010
GT-005611,Edward Lopez,2020-09-22,AC-002164,Edward Lopez,2022-12-16,100.0,815
GT-009365,Eric Lewis,2019-01-17,AC-002166,Eric Lewis,2019-03-07,100.0,49
GT-004074,Janet Lee,2021-02-12,AC-002221,Janet Lee,2023-10-18,100.0,978
GT-000758,Ashley Lopez,2015-09-01,AC-002251,Ashley Lopez,2018-07-18,100.0,1051
GT-000054,Larry Lopez,2022-09-19,AC-002275,Larry Lopez,2022-05-02,100.0,140
GT-001128,Christine Lee,2024-12-21,AC-002293,Christine Lee,2021-04-27,100.0,1334
GT-005478,Joseph Lopez,2016-01-05,AC-002385,Joseph Lopez,2015-07-14,100.0,175
GT-009968,Henry Lee,2019-05-20,AC-002397,Henry Lee,2023-04-30,100.0,1441
GT-002960,Joseph Lee,2023-02-21,AC-002410,Joseph Lee,2021-10-09,100.0,500
GT-002107,Emily Lopez,2015-08-27,AC-002453,Emily Lopez,2023-11-24,100.0,3011
GT-001589,Stephanie Lopez,2016-02-02,AC-002475,Stephanie Lee,2022-03-29,85.71428571428572,2247
GT-006002,Sarah Lopez,2018-02-24,AC-002490,Sarah Lopez,2022-08-16,100.0,1634
GT-012370,David Lewis,2020-03-16,AC-002511,David Lewis,2020-05-26,100.0,71
GT-009664,Steven Lewis,2018-02-08,AC-002523,Stephen Lewis,2017-05-10,88.0,274
GT-001734,Adam Lewis,2024-08-05,AC-002624,Adam Lewis,2023-07-16,100.0,386
GT-009306,Jason Lewis,2018-03-02,AC-002634,Jason Lewis,2015-05-25,100.0,1012
GT-000955,Carol Lopez,2015-04-10,AC-002679,Carol Lopez,2020-04-29,100.0,1846
GT-002297,Rachel Lee,2021-02-03,AC-002692,Rachel Lee,2018-08-12,100.0,906
GT-001961,Justin Lee,2017-08-30,AC-002697,Justin Lee,2021-10-05,100.0,1497
GT-010279,Nicole Lee,2015-04-24,AC-002754,Nicole Lee,2019-02-19,100.0,1397
GT-000784,Kevin Lewis,2017-05-14,AC-002776,Kevin Lewis,2023-05-27,100.0,2204
GT-006194,Raymond Lopez,2015-04-21,AC-002895,Raymond Lee,2021-06-28,83.33333333333334,2260
GT-008844,Nicole Lopez,2019-04-14,AC-002921,Nicole Lopez,2019-06-18,100.0,65
GT-007790,Ryan Lewis,2024-06-29,AC-002949,Ryan Lewis,2024-08-30,100.0,62
GT-008927,Rachel Lewis,2019-12-23,AC-002957,Rachel Lewis,2022-10-01,100.0,1013
GT-001389,Larry Lewis,2024-07-28,AC-002976,Laura Lewis,2016-10-10,81.81818181818181,2848
GT-009079,Jeffrey Lewis,2023-10-13,AC-002992,Jerry Lewis,2016-03-03,83.33333333333334,2780
GT-008286,Brandon Moore,2023-09-12,AC-000003,Brandon Moore,2022-06-20,100.0,449
GT-007160,Ashley Moore,2022-01-27,AC-000004,Ashley Moore,2022-04-27,100.0,90
GT-005256,Michael Mason,2016-10-23,AC-000009,Michael Mason,2020-12-20,100.0,1519
GT-013188,Adam Moreno,2021-08-19,AC-000015,Amy Moreno,2021-01-16,85.71428571428572,215
GT-000133,Ronald Mason,2023-04-30,AC-000026,Ronald Mason,2022-06-07,100.0,327
GT-010072,Samantha Miller,2023-04-16,AC-000032,Samantha Miller,2022-03-16,100.0,396
GT-005679,Stephanie Mason,2023-07-27,AC-000036,Stephanie Mason,2023-11-20,100.0,116
GT-005303,Stephanie Morris,2023-08-19,AC-000053,Stephanie Morris,2020-03-27,100.0,1240
GT-005165,Richard Morris,2019-04-22,AC-000072,Richard Morris,2017-03-15,100.0,768
GT-003126,Rachel Moore,2023-08-24,AC-000084,Rachel Morris,2018-09-16,80.0,1803
GT-000837,Carolyn Morris,2018-05-03,AC-000089,Carolyn Morris,2024-10-12,100.0,2354
GT-008007,Sandra Moreno,2024-01-28,AC-000097,Sandra Moreno,2023-11-20,100.0,69
GT-001998,Michael Moore,2019-12-23,AC-000127,Michael Moore,2024-04-20,100.0,1580
GT-002169,Jeffrey Mason,2024-04-10,AC-000140,Jeffrey Mason,2019-12-03,100.0,1590
GT-010720,Michelle Martinez,2019-09-01,AC-000142,Michelle Martinez,2021-10-30,100.0,790
GT-004075,Ashley Morgan,2018-07-25,AC-000154,Ashley Morgan,2015-07-16,100.0,1105
GT-007670,Benjamin Moreno,2015-07-24,AC-000175,Benjamin Moreno,2020-08-21,100.0,1855
GT-001377,Carol Martinez,2020-07-19,AC-000186,Carol Martinez,2024-05-04,100.0,1385
GT-004946,Sharon Martin,2021-08-16,AC-000188,Sharon Martinez,2023-10-26,92.85714285714286,801
GT-002355,Mary Mason,2024-12-14,AC-000199,Mary Mason,2021-05-08,100.0,1316
GT-008075,William Martinez,2024-07-22,AC-000210,William Martinez,2017-09-03,100.0,2514
GT-000137,Shirley Morris,2017-02-01,AC-000211,Shirley Morris,2015-11-26,100.0,433
GT-002441,Edward Martin,2022-09-19,AC-000234,Edward Martin,2016-10-09,100.0,2171
GT-003640,Catherine Mason,2021-12-27,AC-000245,Catherine Mason,2022-06-17,100.0,172
GT-000419,Pamela Martinez,2017-05-12,AC-000260,Pamela Martin,2016-09-19,92.85714285714286,235
GT-004546,Sharon Moreno,2017-10-30,AC-000272,Sharon Moreno,2015-12-18,100.0,682
GT-012511,Lisa Murphy,2022-06-09,AC-000274,Lisa Murphy,2022-12-24,100.0,198
GT-001361,Kathleen Murphy,2016-03-02,AC-000280,Kathleen Murphy,2024-09-10,100.0,3114
GT-005418,Linda Moore,2016-08-15,AC-000282,Linda Moore,2024-01-11,100.0,2705
GT-012416,Karen Mason,2018-07-14,AC-000291,Karen Mason,2024-12-14,100.0,2345
GT-008994,Debra Mason,2016-01-09,AC-000294,Debra Mason,2017-12-09,100.0,700
GT-002352,Susan Murphy,2022-08-07,AC-000301,Ryan Murphy,2019-05-23,78.26086956521739,1172
GT-004321,Christopher Morgan,2019-07-27,AC-000303,Christopher Morgan,2018-09-25,100.0,305
GT-003513,Angela Mason,2022-01-29,AC-000314,Angela Mason,2023-10-29,100.0,638
GT-001323,Lisa Morgan,2020-06-26,AC-000318,Lisa Morgan,2016-01-18,100.0,1621
GT-003926,Larry Mason,2019-09-15,AC-000319,Larry Mason,2017-12-04,100.0,650
GT-002220,Andrew Moreno,2022-03-14,AC-000323,Andrew Moreno,2020-12-28,100.0,441
GT-006972,Angela Martinez,2015-11-25,AC-000329,Angela Martinez,2020-07-19,100.0,1698
GT-001326,Brenda Mason,2020-05-25,AC-000334,Brenda Mason,2015-06-05,100.0,1816
GT-001387,Debra Martin,2017-05-14,AC-000336,Debra Martin,2015-01-18,100.0,847
GT-003746,Joshua Miller,2023-07-12,AC-000345,Joshua Miller,2018-12-20,100.0,1665
GT-001724,David Murphy,2018-01-21,AC-000352,Daniel Murphy,2023-09-15,80.0,2063
GT-002719,Carol Miller,2016-09-28,AC-000356,Carol Miller,2017-04-03,100.0,187
GT-008389,Michael Morris,2020-06-11,AC-000365,Michael Morris,2021-11-18,100.0,525
GT-000024,Katherine Mason,2016-08-31,AC-000370,Katherine Mason,2018-06-07,100.0,645
GT-000372,Raymond Martinez,2015-01-11,AC-000374,Raymond Martinez,2021-03-21,100.0,2261
GT-013346,Daniel Miller,2019-08-21,AC-000377,Daniel Miller,2024-03-15,100.0,1668
GT-000991,Matthew Mason,2016-09-28,AC-000387,Matthew Mason,2016-04-30,100.0,151
GT-010021,Jack Martin,2019-05-17,AC-000393,Jack Martin,2020-04-28,100.0,347
GT-000297,Justin Mason,2017-04-23,AC-000400,Justin Mason,2016-03-29,100.0,390
GT-001056,Anthony Mason,2021-03-21,AC-000414,Anthony Mason,2016-07-02,100.0,1723
GT-001872,William Moore,2020-09-05,AC-000438,William Morris,2017-08-21,81.4814814814815,1111
GT-003371,Catherine Morgan,2022-01-29,AC-000439,Catherine Morgan,2017-01-20,100.0,1835
GT-002708,Patricia Moore,2018-11-10,AC-000462,Patricia Moore,2017-12-08,100.0,337
GT-012317,Donna Morris,2020-07-22,AC-000464,Donna Morris,2017-01-02,100.0,1297
GT-004836,Cynthia Moore,2015-11-15,AC-000472,Cynthia Moore,2017-05-05,100.0,537
GT-001037,William Mason,2024-10-29,AC-000475,William Mason,2024-03-23,100.0,220
GT-001929,Daniel Mason,2024-04-23,AC-000486,Daniel Mason,2021-12-17,100.0,858
GT-007012,Nicholas Mason,2017-04-21,AC-000492,Nicholas Mason,2023-07-28,100.0,2289
GT-000514,Joshua Mason,2023-01-04,AC-000495,Joshua Mason,2023-03-10,100.0,65
GT-003284,Kenneth Mason,2016-09-04,AC-000505,Kenneth Mason,2019-12-16,100.0,1198
GT-007267,David Martin,2024-04-04,AC-000527,David Martin,2022-07-29,100.0,615
GT-002421,Barbara Moreno,2023-06-01,AC-000530,Barbara Moore,2020-12-01,88.88888888888889,912
GT-003126,Rachel Moore,2023-08-24,AC-000539,Rachel Moore,2023-04-15,100.0,131
GT-006956,Emma Martin,2015-06-16,AC-000540,Emma Martin,2016-07-31,100.0,411
GT-011360,John Martin,2020-12-30,AC-000546,John Martin,2021-08-18,100.0,231
GT-000713,Timothy Moreno,2024-05-17,AC-000554,Timothy Moore,2018-04-03,88.88888888888889,2236
GT-003422,Elizabeth Miller,2019-01-01,AC-000556,Elizabeth Miller,2024-04-18,100.0,1934
GT-003245,Anthony Morgan,2017-11-03,AC-000571,Anthony Morgan,2020-04-07,100.0,886
GT-002856,Kathleen Morgan,2020-02-12,AC-000574,Kathleen Morgan,2021-11-20,100.0,647
GT-004180,Gregory Murphy,2017-02-23,AC-000575,Gregory Murphy,2024-03-13,100.0,2575
GT-000103,Jonathan Moore,2017-12-29,AC-000578,Jonathan Moore,2018-08-23,100.0,237
GT-001057,Dorothy Morris,2018-11-28,AC-000587,Dorothy Morris,2020-09-30,100.0,672
GT-001749,Gregory Moreno,2021-08-03,AC-000588,Gregory Moreno,2019-08-29,100.0,705
GT-001836,Alexander Moreno,2021-05-14,AC-000592,Alexander Moore,2024-03-29,90.32258064516128,1050
GT-001143,Jacob Moreno,2024-09-04,AC-000594,Jacob Moreno,2018-09-28,100.0,2168
GT-009735,Patricia Miller,2015-06-11,AC-000605,Patricia Miller,2022-03-15,100.0,2469
GT-000362,Katherine Martinez,2018-11-05,AC-000622,Katherine Martinez,2022-10-30,100.0,1455
GT-001717,Anthony Martin,2024-08-17,AC-000657,Anthony Martinez,2019-10-30,93.33333333333333,1753
GT-010514,Barbara Murphy,2015-02-24,AC-000677,Barbara Murphy,2015-05-07,100.0,72
GT-014437,Michelle Miller,2017-10-02,AC-000694,Michelle Miller,2022-06-25,100.0,1727
GT-008446,Jason Moreno,2020-06-08,AC-000695,Jason Moreno,2017-07-08,100.0,1066
GT-003458,Mary Martin,2022-10-23,AC-000737,Mary Martin,2017-03-11,100.0,2052
GT-002582,Patrick Moreno,2015-03-08,AC-000741,Patrick Moreno,2016-07-31,100.0,511
GT-009563,Christopher Miller,2020-06-10,AC-000763,Christopher Miller,2018-05-04,100.0,768
GT-004948,Michelle Moore,2024-02-14,AC-000771,Michelle Moore,2021-07-30,100.0,929
GT-007427,Eric Martin,2023-11-24,AC-000777,Eric Martin,2017-02-04,100.0,2484
GT-004361,Ryan Morris,2020-10-04,AC-000779,Ryan Morris,2021-09-11,100.0,342
GT-002814,Richard Mason,2018-08-17,AC-000806,Richard Mason,2015-11-19,100.0,1002
GT-010351,Steven Moreno,2023-04-24,AC-000808,Steven Moreno,2016-06-02,100.0,2517
GT-006063,Debra Morris,2015-05-21,AC-000810,Debra Morris,2020-06-12,100.0,1849
GT-001702,Katherine Morgan,2015-05-16,AC-000821,Katherine Morgan,2015-12-09,100.0,207
GT-005660,Scott Moore,2021-09-03,AC-000828,Scott Moreno,2024-03-23,86.95652173913044,932
GT-004068,Carol Martin,2018-05-13,AC-000829,Carol Martin,2020-09-22,100.0,863
GT-003348,Katherine Murphy,2023-05-25,AC-000834,Katherine Murphy,2021-01-06,100.0,869
GT-005584,Henry Morris,2023-08-08,AC-000835,Henry Morris,2016-04-12,100.0,2674
GT-000654,Michael Martin,2022-04-26,AC-000838,Michael Martin,2023-08-14,100.0,475
GT-000150,Douglas Morris,2015-06-28,AC-000849,Douglas Morris,2015-10-16,100.0,110
GT-004974,Amanda Mason,2020-10-08,AC-000854,Amanda Mason,2017-06-27,100.0,1199
GT-004136,Emma Moreno,2023-12-20,AC-000861,Emma Moreno,2018-07-14,100.0,1985
GT-000075,Timothy Morgan,2015-04-20,AC-000869,Timothy Morris,2024-05-01,78.57142857142857,3299
GT-009730,Jessica Morris,2020-08-05,AC-000871,Jessica Morris,2015-09-13,100.0,1788
GT-003802,Anthony Moore,2016-11-15,AC-000873,Anthony Moore,2018-12-17,100.0,762
GT-008166,Rebecca Moreno,2018-08-24,AC-000892,Rebecca Moreno,2015-06-20,100.0,1161
GT-009977,Amy Martin,2019-08-07,AC-000894,Amy Martin,2021-08-08,100.0,732
GT-002423,Karen Miller,2018-11-18,AC-000896,Karen Miller,2022-01-17,100.0,1156
GT-003167,John Moore,2020-04-27,AC-000922,John Moore,2021-05-31,100.0,399
GT-004037,Tyler Morgan,2020-07-27,AC-000949,Tyler Morgan,2019-04-29,100.0,455
GT-001114,Gary Mason,2022-07-30,AC-000959,Gary Mason,2017-09-28,100.0,1766
GT-001836,Alexander Moreno,2021-05-14,AC-000966,Alexander Moreno,2016-02-17,100.0,1913
GT-008170,Pamela Morgan,2015-07-05,AC-000969,Pamela Morgan,2015-11-06,100.0,124
GT-004083,Donna Miller,2018-11-29,AC-000983,Donna Miller,2024-03-01,100.0,1919
GT-001393,Anna Moreno,2016-03-25,AC-000985,Anna Moreno,2020-04-17,100.0,1484
GT-004401,Ruth Mason,2023-01-28,AC-000997,Ruth Mason,2024-07-08,100.0,527
GT-007089,Dorothy Moore,2024-12-22,AC-001005,Dorothy Moore,2016-09-29,100.0,3006
GT-001170,Robert Martin,2015-01-05,AC-001007,Robert Martin,2018-01-21,100.0,1112
GT-002130,Samuel Mason,2023-09-29,AC-001043,Samuel Mason,2015-05-10,100.0,3064
GT-005408,Mary Murphy,2015-07-15,AC-001052,Mary Murphy,2021-03-04,100.0,2059
GT-001946,Sarah Martinez,2016-08-30,AC-001062,Sarah Martin,2023-04-15,92.3076923076923,2419
GT-001781,Patrick Miller,2016-04-19,AC-001094,Patrick Miller,2019-04-11,100.0,1087
GT-013794,Shirley Murphy,2018-04-27,AC-001095,Shirley Murphy,2017-06-28,100.0,303
GT-005059,Cynthia Mason,2018-08-17,AC-001096,Cynthia Mason,2018-12-30,100.0,135
GT-008313,Amanda Moore,2022-05-02,AC-001097,Amanda Moore,2021-10-25,100.0,189
GT-004885,Janet Martin,2019-06-29,AC-001103,Janet Martin,2019-08-18,100.0,50
GT-001850,Donald Mason,2017-04-22,AC-001111,Donald Mason,2022-10-26,100.0,2013
GT-002421,Barbara Moreno,2023-06-01,AC-001112,Barbara Moreno,2024-09-02,100.0,459
GT-005041,Scott Mason,2020-04-16,AC-001116,Scott Mason,2021-10-08,100.0,540
GT-005724,Emily Miller,2024-07-18,AC-001147,Emily Miller,2016-06-21,100.0,2949
GT-003525,Karen Morris,2021-02-06,AC-001151,Karen Morris,2023-02-28,100.0,752
GT-005179,Christopher Mason,2017-12-09,AC-001185,Christopher Mason,2020-04-07,100.0,850
GT-004874,Donald Miller,2018-01-31,AC-001208,Donald Miller,2019-06-19,100.0,504
GT-001992,Catherine Martin,2016-06-07,AC-001210,Catherine Martin,2021-11-30,100.0,2002
GT-001438,Donna Morgan,2019-01-22,AC-001217,Donna Morgan,2015-02-20,100.0,1432
GT-001163,Linda Murphy,2018-03-10,AC-001231,Linda Murphy,2024-07-27,100.0,2331
GT-000924,Peter Mason,2016-04-23,AC-001236,Peter Mason,2016-11-18,100.0,209
GT-010415,Jerry Martin,2015-10-04,AC-001245,Jerry Martin,2021-12-17,100.0,2266
GT-006900,Adam Mason,2018-10-19,AC-001267,Adam Mason,2018-07-14,100.0,97
GT-000458,Brian Martinez,2018-04-28,AC-001289,Brian Martinez,2015-01-17,100.0,1197
GT-002432,Melissa Martinez,2022-12-07,AC-001291,Melissa Martinez,2021-05-11,100.0,575
GT-007676,Dennis Morris,2019-10-04,AC-001302,Dennis Morris,2023-02-13,100.0,1228
GT-001994,Deborah Martin,2016-04-10,AC-001303,Deborah Martin,2019-09-15,100.0,1253
GT-005570,Jacob Mason,2015-07-02,AC-001308,Jacob Mason,2023-10-01,100.0,3013
GT-009747,Joseph Murphy,2015-03-19,AC-001323,Jose Murphy,2022-12-13,91.66666666666666,2826
GT-009899,Amanda Murphy,2018-08-03,AC-001332,Amanda Murphy,2017-02-18,100.0,531
GT-003504,Aaron Mason,2017-02-01,AC-001343,Aaron Mason,2021-09-14,100.0,1686
GT-013836,Eric Morris,2022-06-04,AC-001347,Eric Morris,2019-06-19,100.0,1081
GT-012616,Eric Martinez,2015-07-28,AC-001361,Eric Martinez,2019-04-18,100.0,1360
GT-006083,Mary Moreno,2015-01-11,AC-001367,Mary Moreno,2022-06-10,100.0,2707
GT-005431,Nicole Moreno,2015-01-02,AC-001368,Nicole Moreno,2020-04-30,100.0,1945
GT-004345,Jonathan Morgan,2020-02-29,AC-001387,Jonathan Morgan,2015-10-14,100.0,1599
GT-013613,Andrew Morris,2015-08-04,AC-001391,Andrew Morris,2021-01-26,100.0,2002
GT-000468,Kathleen Martin,2018-06-14,AC-001396,Kathleen Martin,2019-10-16,100.0,489
GT-010654,Justin Morgan,2023-10-22,AC-001407,Justin Morgan,2022-01-09,100.0,651
GT-010651,Carolyn Miller,2016-09-15,AC-001408,Carolyn Miller,2016-03-30,100.0,169
GT-004583,Andrew Martin,2022-03-22,AC-001425,Andrew Martin,2018-08-18,100.0,1312
GT-011650,Sharon Mason,2022-08-11,AC-001445,Sharon Mason,2023-09-06,100.0,391
GT-004687,Kenneth Murphy,2020-03-16,AC-001448,Kenneth Murphy,2015-08-25,100.0,1665
GT-003521,Jennifer Morgan,2017-11-07,AC-001450,Jennifer Morgan,2021-03-05,100.0,1214
GT-004025,Alexander Martinez,2024-07-29,AC-001451,Alexander Martinez,2022-06-10,100.0,780
GT-010952,Sarah Moreno,2021-04-13,AC-001461,Sarah Moreno,2021-03-10,100.0,34
GT-001342,Kevin Martin,2015-09-19,AC-001475,Kevin Martin,2015-04-08,100.0,164
GT-001950,Anthony Miller,2018-02-13,AC-001476,Anthony Miller,2017-02-21,100.0,357
GT-002009,Joseph Martinez,2021-04-20,AC-001485,Joseph Martinez,2016-10-09,100.0,1654
GT-003510,Janet Martinez,2020-08-26,AC-001506,Janet Martinez,2021-06-23,100.0,301
GT-003450,Peter Martinez,2022-11-18,AC-001510,Peter Martinez,2024-12-15,100.0,758
GT-000201,Richard Moreno,2022-01-22,AC-001511,Richard Morgan,2017-10-17,85.71428571428572,1558
GT-000948,Samantha Moore,2020-02-26,AC-001515,Samantha Morris,2015-06-30,82.75862068965517,1702
GT-000821,Carolyn Martinez,2017-10-26,AC-001516,Carolyn Martinez,2017-08-31,100.0,56
GT-003349,Jacob Miller,2021-06-25,AC-001524,Jacob Miller,2019-02-17,100.0,859
GT-009022,Benjamin Murphy,2019-07-19,AC-001540,Benjamin Murphy,2016-06-11,100.0,1133
GT-008649,Donald Martinez,2017-12-02,AC-001549,Donald Martinez,2018-07-02,100.0,212
GT-004256,Nicholas Miller,2021-05-16,AC-001578,Nicholas Miller,2015-01-12,100.0,2316
GT-000583,Patrick Morris,2015-11-23,AC-001579,Patrick Morris,2018-03-08,100.0,836
GT-009547,Donna Martinez,2015-08-13,AC-001590,Donna Martinez,2021-09-18,100.0,2228
GT-002857,William Moreno,2017-03-15,AC-001631,William Moreno,2017-01-05,100.0,69
GT-007811,Christine Murphy,2022-06-23,AC-001647,Christopher Murphy,2016-07-10,82.35294117647058,2174
GT-004352,Robert Murphy,2020-01-12,AC-001650,Robert Murphy,2017-02-15,100.0,1061
GT-007845,Dorothy Miller,2024-10-27,AC-001660,Dorothy Miller,2022-02-15,100.0,985
GT-006956,Emma Martin,2015-06-16,AC-001671,Emma Martinez,2022-11-27,91.66666666666666,2721
GT-013270,Michael Morgan,2022-07-07,AC-001673,Michael Morgan,2017-12-25,100.0,1655
GT-012810,Margaret Martinez,2019-06-27,AC-001690,Margaret Martinez,2022-04-02,100.0,1010
GT-004723,Debra Morgan,2017-06-22,AC-001713,Deborah Morgan,2018-04-20,92.3076923076923,302
GT-012324,Benjamin Martinez,2015-08-04,AC-001725,Benjamin Martinez,2022-11-14,100.0,2659
GT-004814,Brandon Miller,2021-12-09,AC-001761,Brandon Miller,2022-10-14,100.0,309
GT-002630,Rachel Martinez,2022-04-17,AC-001762,Rachel Martinez,2017-11-01,100.0,1628
GT-005847,Ronald Morris,2018-03-12,AC-001772,Ronald Morris,2016-09-03,100.0,555
GT-011904,Nicole Murphy,2021-07-03,AC-001783,Nicole Murphy,2023-09-09,100.0,798
GT-003474,Alexander Morgan,2019-09-25,AC-001794,Alexander Morgan,2016-05-03,100.0,1240
GT-002739,Samuel Moore,2017-07-22,AC-001797,Samuel Moore,2018-09-25,100.0,430
GT-001206,Laura Murphy,2018-02-05,AC-001798,Laura Murphy,2017-04-15,100.0,296
GT-000026,Linda Mason,2018-02-17,AC-001803,Linda Mason,2022-08-06,100.0,1631
GT-009007,Janet Mason,2024-05-12,AC-001806,Janet Mason,2020-04-02,100.0,1501
GT-004777,Joshua Morris,2024-04-26,AC-001808,Joshua Morris,2017-06-30,100.0,2492
GT-000344,Brenda Morris,2017-05-01,AC-001815,Brenda Morris,2024-08-20,100.0,2668
GT-010565,Rebecca Murphy,2015-06-14,AC-001827,Rebecca Murphy,2018-11-14,100.0,1249
GT-005887,Jack Morris,2017-06-08,AC-001834,Jack Morris,2020-09-21,100.0,1201
GT-010973,Jennifer Moore,2022-06-27,AC-001843,Jennifer Moore,2023-02-22,100.0,240
GT-005099,Linda Morris,2018-09-08,AC-001847,Linda Morris,2024-10-10,100.0,2224
GT-000112,Mary Morgan,2023-06-26,AC-001861,Gary Morgan,2024-09-03,90.9090909090909,435
GT-006232,Paul Mason,2017-09-22,AC-001877,Paul Mason,2019-03-03,100.0,527
GT-007252,James Murphy,2023-07-31,AC-001887,James Murphy,2023-10-21,100.0,82
GT-004916,Deborah Miller,2024-10-31,AC-001901,Debra Miller,2023-01-26,92.3076923076923,644
GT-000293,Brian Moore,2024-08-28,AC-001918,Brian Moore,2016-04-14,100.0,3058
GT-000461,Joseph Moreno,2024-11-01,AC-001956,Joseph Moreno,2019-03-01,100.0,2072
GT-008672,Raymond Miller,2017-03-28,AC-001960,Raymond Miller,2015-01-21,100.0,797
GT-001860,James Mason,2020-08-21,AC-001961,James Mason,2024-02-10,100.0,1268
GT-000713,Timothy Moreno,2024-05-17,AC-001962,Timothy Moreno,2018-06-30,100.0,2148
GT-002447,Amy Martinez,2023-09-13,AC-001973,Amy Martinez,2017-01-14,100.0,2433
GT-002490,Robert Moore,2016-12-30,AC-001979,Robert Moore,2023-07-14,100.0,2387
GT-011128,Emily Mason,2021-11-25,AC-001994,Emily Mason,2022-07-16,100.0,233
GT-001749,Gregory Moreno,2021-08-03,AC-002016,Gregory Morgan,2018-01-12,85.71428571428572,1299
GT-003106,Nancy Mason,2020-08-21,AC-002021,Nancy Mason,2019-05-31,100.0,448
GT-003435,Robert Morgan,2023-04-28,AC-002038,Robert Morgan,2016-06-25,100.0,2498
GT-004242,Laura Moreno,2020-07-21,AC-002049,Laura Moreno,2023-04-14,100.0,997
GT-005639,Deborah Moreno,2016-06-28,AC-002062,Deborah Moreno,2019-05-07,100.0,1043
GT-005227,Elizabeth Moreno,2024-03-14,AC-002111,Elizabeth Moreno,2019-07-29,100.0,1690
GT-000323,Paul Martin,2018-10-06,AC-002115,Paul Martin,2020-11-15,100.0,771
GT-001170,Robert Martin,2015-01-05,AC-002117,Robert Martinez,2016-08-21,92.85714285714286,594
GT-002302,Steven Morris,2022-05-06,AC-002127,Steven Morris,2020-07-20,100.0,655
GT-004216,Stephanie Miller,2024-08-22,AC-002131,Stephanie Miller,2020-02-01,100.0,1664
GT-003595,Tyler Morris,2019-04-14,AC-002133,Tyler Morris,2016-03-26,100.0,1114
GT-008017,Jose Mason,2023-05-11,AC-002138,Jose Mason,2018-02-20,100.0,1906
GT-001671,Peter Miller,2023-03-02,AC-002146,Peter Miller,2021-09-29,100.0,519
GT-003127,Nicholas Moreno,2016-10-18,AC-002168,Nicholas Moreno,2021-02-13,100.0,1579
GT-009012,Gary Moore,2023-10-18,AC-002172,Gary Moore,2022-10-18,100.0,365
GT-002753,Sandra Moore,2018-03-26,AC-002173,Sandra Moore,2019-06-25,100.0,456
GT-000516,Amanda Martin,2024-03-02,AC-002176,Amanda Martin,2016-05-26,100.0,2837
GT-004046,Sarah Mason,2021-03-26,AC-002183,Sarah Mason,2024-01-10,100.0,1020
GT-004523,Kenneth Moreno,2023-06-11,AC-002203,Kenneth Moreno,2019-10-28,100.0,1322
GT-003785,Angela Morgan,2021-06-30,AC-002223,Angela Morgan,2023-06-14,100.0,714
GT-001587,Deborah Mason,2023-01-23,AC-002232,Deborah Mason,2024-03-25,100.0,427
GT-010083,Robert Morris,2016-10-14,AC-002235,Robert Morris,2019-10-04,100.0,1085
GT-001541,Timothy Miller,2021-04-08,AC-002238,Timothy Miller,2018-11-16,100.0,874
GT-009183,Melissa Moore,2022-09-25,AC-002243,Melissa Moore,2018-02-19,100.0,1679
GT-006015,Cynthia Miller,2017-02-11,AC-002245,Cynthia Miller,2016-12-14,100.0,59
GT-001791,Justin Miller,2017-03-03,AC-002246,Justin Miller,2016-07-29,100.0,217
GT-005983,Lisa Miller,2020-03-02,AC-002280,Linda Miller,2017-04-23,86.95652173913044,1044
GT-000372,Raymond Martinez,2015-01-11,AC-002291,Raymond Martin,2021-09-02,93.33333333333333,2426
GT-009229,Nicholas Morris,2022-05-15,AC-002303,Nicholas Morris,2017-04-13,100.0,1858
GT-004626,Brandon Mason,2019-10-01,AC-002323,Brandon Mason,2018-05-08,100.0,511
GT-005521,Anthony Murphy,2017-02-23,AC-002342,Anthony Murphy,2019-12-17,100.0,1027
GT-001108,Nicole Martin,2020-12-08,AC-002370,Nicole Martin,2016-05-04,100.0,1679
GT-000921,Steven Moore,2016-08-26,AC-002374,Steven Moore,2016-07-04,100.0,53
GT-001752,Lisa Martinez,2015-10-15,AC-002377,Lisa Martinez,2023-02-14,100.0,2679
GT-001205,Laura Martin,2015-01-10,AC-002383,Laura Martin,2021-05-13,100.0,2315
GT-003959,Joseph Mason,2020-01-18,AC-002390,Joseph Mason,2022-12-05,100.0,1052
GT-011613,Jacob Morgan,2021-02-01,AC-002417,Jacob Morgan,2018-08-31,100.0,885
GT-010266,Brandon Moreno,2017-02-26,AC-002419,Brandon Moreno,2024-06-18,100.0,2669
GT-006604,Jessica Miller,2018-08-28,AC-002423,Jessica Miller,2017-11-24,100.0,277
GT-009343,Matthew Morgan,2016-07-04,AC-002429,Matthew Morgan,2023-03-29,100.0,2459
GT-010155,Catherine Moreno,2023-08-03,AC-002435,Catherine Moreno,2023-04-02,100.0,123
GT-014660,Kimberly Moore,2022-11-29,AC-002440,Kimberly Moore,2020-10-03,100.0,787
GT-010182,Richard Martin,2024-12-08,AC-002447,Richard Martin,2018-07-07,100.0,2346
GT-001798,Janet Miller,2016-11-27,AC-002452,Janet Miller,2023-10-07,100.0,2505
GT-010772,Carolyn Murphy,2021-07-15,AC-002454,Carolyn Murphy,2019-10-12,100.0,642
GT-014771,James Morris,2015-02-25,AC-002460,James Morris,2015-12-03,100.0,281
GT-002891,Margaret Martin,2020-07-30,AC-002485,Margaret Martin,2023-09-18,100.0,1145
GT-000693,Brian Miller,2017-10-28,AC-002504,Barbara Miller,2020-11-30,76.92307692307692,1129
GT-010651,Carolyn Miller,2016-09-15,AC-002518,Aaron Miller,2024-09-13,84.61538461538461,2920
GT-006351,Larry Murphy,2022-04-11,AC-002525,Larry Murphy,2019-11-12,100.0,881
GT-004209,Elizabeth Martinez,2021-12-29,AC-002526,Elizabeth Martinez,2018-06-07,100.0,1301
GT-001685,Shirley Moreno,2024-05-05,AC-002535,Shirley Moreno,2020-12-28,100.0,1224
GT-004422,Timothy Martinez,2019-10-08,AC-002556,Timothy Martinez,2020-01-04,100.0,88
GT-000474,Benjamin Mason,2024-01-13,AC-002563,Benjamin Mason,2024-09-22,100.0,253
GT-010457,Stephen Moore,2019-02-21,AC-002569,Stephen Moore,2015-06-25,100.0,1337
GT-000813,Ruth Moore,2020-12-05,AC-002581,Ruth Moore,2018-03-16,100.0,995
GT-004572,Joseph Moore,2023-12-28,AC-002582,Joseph Moore,2016-04-02,100.0,2826
GT-003360,Angela Murphy,2022-11-11,AC-002590,Angela Murphy,2024-05-03,100.0,539
GT-002786,Ashley Mason,2018-01-17,AC-002597,Ashley Mason,2017-10-13,100.0,96
GT-001491,Gary Martinez,2022-05-11,AC-002598,Gary Martinez,2022-10-26,100.0,168
GT-000939,Rachel Martin,2020-06-08,AC-002615,Rachel Martin,2023-01-20,100.0,956
GT-005641,Jonathan Martinez,2020-04-16,AC-002644,Jonathan Martinez,2023-02-21,100.0,1041
GT-003282,Matthew Martinez,2015-04-13,AC-002650,Matthew Martin,2019-03-15,93.33333333333333,1432
GT-001830,Debra Martinez,2019-06-30,AC-002655,Debra Martinez,2024-02-09,100.0,1685
GT-007242,Ronald Moore,2021-07-27,AC-002659,Ronald Moore,2020-01-31,100.0,543
GT-004511,Adam Morgan,2017-07-29,AC-002664,Adam Morgan,2015-11-09,100.0,628
GT-003838,Thomas Mason,2015-03-13,AC-002670,Thomas Mason,2018-09-19,100.0,1286
GT-004345,Jonathan Morgan,2020-02-29,AC-002694,John Morgan,2021-01-02,84.61538461538461,308
GT-010334,Edward Morris,2022-11-06,AC-002698,Edward Morris,2015-07-12,100.0,2674
GT-007505,Dennis Miller,2018-07-25,AC-002713,Dennis Miller,2015-08-20,100.0,1070
GT-001427,Nancy Moreno,2019-12-20,AC-002728,Nancy Moreno,2020-10-10,100.0,295
GT-005941,Donald Moreno,2023-10-03,AC-002735,Donna Moreno,2023-12-29,88.0,87
GT-001700,Jennifer Mason,2018-12-20,AC-002774,Jennifer Mason,2021-08-15,100.0,969
GT-001813,William Morgan,2024-12-27,AC-002789,William Morgan,2019-01-01,100.0,2187
GT-003613,Carolyn Mason,2022-07-05,AC-002792,Carolyn Mason,2017-03-06,100.0,1947
GT-003332,Stephanie Martin,2024-11-03,AC-002808,Stephanie Martin,2021-11-12,100.0,1087
GT-000800,Paul Miller,2021-04-27,AC-002823,Paul Miller,2019-11-26,100.0,518
GT-004562,Sharon Miller,2015-12-20,AC-002844,Sharon Miller,2019-08-09,100.0,1328
GT-001344,Charles Murphy,2024-01-07,AC-002862,Charles Murphy,2023-08-16,100.0,144
GT-009071,Aaron Morgan,2020-02-01,AC-002876,Karen Morgan,2016-01-18,83.33333333333334,1475
GT-004471,Janet Morgan,2024-01-30,AC-002882,James Morgan,2017-08-13,83.33333333333334,2361
GT-003381,Patrick Mason,2024-10-03,AC-002885,Patrick Mason,2022-04-24,100.0,893
GT-003155,Ashley Morris,2020-09-01,AC-002904,Ashley Morris,2024-05-22,100.0,1359
GT-001301,Andrew Morgan,2020-06-23,AC-002950,Andrew Morgan,2023-04-10,100.0,1021
GT-005620,Kevin Moreno,2020-10-05,AC-002979,Kevin Moreno,2024-03-16,100.0,1258
GT-002124,Adam Morris,2022-10-29,AC-002982,Adam Morris,2015-04-07,100.0,2762
GT-007318,Jessica Moreno,2024-05-29,AC-002990,Jessica Moreno,2016-08-18,100.0,2841
GT-003315,Deborah Nickerson,2016-08-19,AC-000080,Deborah Nickerson,2021-03-12,100.0,1666
GT-003462,Donna Nickerson,2024-07-01,AC-000164,Dennis Nickerson,2016-08-26,83.87096774193549,2866
GT-010364,Mary Nickerson,2024-04-06,AC-000202,Mary Nickerson,2022-07-05,100.0,641
GT-003024,Aaron Nickerson,2016-07-15,AC-000218,Aaron Nickerson,2019-10-04,100.0,1176
GT-000903,Samantha Nickerson,2015-12-27,AC-000243,Samantha Nickerson,2018-12-03,100.0,1072
GT-000041,Nancy Nickerson,2021-06-26,AC-000402,Nancy Nickerson,2016-03-06,100.0,1938
GT-002061,Ashley Nickerson,2017-07-07,AC-000468,Ashley Nickerson,2016-03-23,100.0,471
GT-004371,Kenneth Nickerson,2019-03-06,AC-000499,Kenneth Nickerson,2022-05-20,100.0,1171
GT-012795,Margaret Nickerson,2020-09-22,AC-000515,Margaret Nickerson,2017-05-21,100.0,1220
GT-003501,Emma Nickerson,2024-07-03,AC-000661,Emma Nickerson,2019-07-02,100.0,1828
GT-008705,John Nickerson,2015-07-22,AC-000742,John Nickerson,2024-09-10,100.0,3338
GT-007422,Laura Nickerson,2017-12-03,AC-000791,Laura Nickerson,2022-04-29,100.0,1608
GT-000881,Rebecca Nickerson,2017-11-04,AC-000801,Rebecca Nickerson,2017-12-11,100.0,37
GT-001197,Henry Nickerson,2017-12-09,AC-000802,Henry Nickerson,2020-05-01,100.0,874
GT-013600,Ruth Nickerson,2024-02-07,AC-000912,Ruth Nickerson,2016-10-13,100.0,2673
GT-012601,Jose Nickerson,2020-02-16,AC-000988,Jose Nickerson,2019-09-07,100.0,162
GT-000134,Peter Nickerson,2018-01-07,AC-001017,Peter Nickerson,2023-09-16,100.0,2078
GT-003007,Elizabeth Nickerson,2015-09-16,AC-001064,Elizabeth Nickerson,2016-06-05,100.0,263
GT-006142,Raymond Nickerson,2021-09-21,AC-001090,Raymond Nickerson,2019-06-10,100.0,834
GT-006200,Brian Nickerson,2023-11-03,AC-001158,Brian Nickerson,2016-12-12,100.0,2517
GT-013064,Susan Nickerson,2021-07-15,AC-001301,Susan Nickerson,2023-08-21,100.0,767
GT-001755,Barbara Nickerson,2023-06-09,AC-001349,Barbara Nickerson,2019-10-31,100.0,1317
GT-003793,Sandra Nickerson,2018-06-24,AC-001418,Sandra Nickerson,2019-10-27,100.0,490
GT-007480,Nicole Nickerson,2023-09-21,AC-001737,Nicole Nickerson,2017-07-31,100.0,2243
GT-006708,Jeffrey Nickerson,2017-02-06,AC-001807,Jeffrey Nickerson,2022-11-16,100.0,2109
GT-003444,Karen Nickerson,2022-04-04,AC-001831,Karen Nickerson,2023-02-27,100.0,329
GT-004224,Dorothy Nickerson,2021-02-02,AC-001863,Dorothy Nickerson,2020-11-16,100.0,78
GT-011661,Patrick Nickerson,2024-07-08,AC-001908,Patrick Nickerson,2017-08-27,100.0,2507
GT-009597,James Nickerson,2016-05-27,AC-001992,James Nickerson,2024-03-18,100.0,2852
GT-013485,Justin Nickerson,2021-03-04,AC-002101,Justin Nickerson,2020-02-28,100.0,370
GT-000794,Benjamin Nickerson,2018-12-08,AC-002248,Benjamin Nickerson,2023-08-12,100.0,1708
GT-005819,Carolyn Nickerson,2018-07-29,AC-002339,Carolyn Nickerson,2022-02-25,100.0,1307
GT-013019,Carol Nickerson,2018-08-20,AC-002461,Carol Nickerson,2020-06-24,100.0,674
GT-004530,Jason Nickerson,2024-03-18,AC-002533,Janet Nickerson,2017-10-02,86.66666666666667,2359
GT-011713,Michelle Nickerson,2023-11-09,AC-002929,Michelle Nickerson,2017-02-08,100.0,2465
GT-007982,Ruth Perez,2018-11-08,AC-000006,Ruth Perez,2017-12-12,100.0,331
GT-005755,Alexander Parker,2018-10-25,AC-000019,Alexander Parker,2023-11-11,100.0,1843
GT-008165,Jerry Porter,2024-08-29,AC-000021,Jerry Porter,2018-05-16,100.0,2297
GT-008588,Margaret Peterson,2019-08-02,AC-000023,Margaret Peterson,2024-04-27,100.0,1730
GT-009766,Gary Phillips,2016-05-01,AC-000038,Gary Phillips,2022-02-19,100.0,2120
GT-001009,Jerry Perez,2020-08-08,AC-000040,Jerry Perez,2015-05-10,100.0,1917
GT-001179,Jerry Parker,2015-12-03,AC-000045,Jerry Parker,2017-04-11,100.0,495
GT-003623,James Parker,2019-10-01,AC-000055,James Parker,2024-11-15,100.0,1872
GT-007000,Brian Phillips,2022-04-22,AC-000064,Frank Phillips,2022-05-21,85.71428571428572,29
GT-002990,Kimberly Peterson,2015-07-05,AC-000071,Kimberly Peterson,2018-04-09,100.0,1009
GT-008339,Douglas Perez,2019-01-10,AC-000075,Douglas Perez,2017-06-04,100.0,585
GT-007124,Raymond Price,2016-03-20,AC-000093,Raymond Price,2017-06-02,100.0,439
GT-005876,Dorothy Peterson,2017-05-05,AC-000110,Dorothy Peterson,2015-07-31,100.0,644
GT-001947,William Parker,2018-10-26,AC-000120,William Parker,2024-12-03,100.0,2230
GT-000619,Pamela Phillips,2019-02-28,AC-000122,Pamela Phillips,2019-12-24,100.0,299
GT-012721,Scott Perez,2019-03-01,AC-000128,Scott Perez,2024-04-11,100.0,1868
GT-008763,Dorothy Parker,2015-11-26,AC-000136,Dorothy Parker,2022-02-10,100.0,2268
GT-007110,Richard Peterson,2019-12-15,AC-000147,Richard Peterson,2017-06-10,100.0,918
GT-002477,Patricia Perez,2021-08-26,AC-000189,Patricia Perez,2024-09-04,100.0,1105
GT-005462,Helen Perez,2020-11-15,AC-000197,Helen Perez,2020-10-05,100.0,41
GT-005945,Jeffrey Porter,2018-12-22,AC-000206,Jeffrey Porter,2016-09-23,100.0,820
GT-002368,Christopher Peterson,2022-04-06,AC-000249,Christopher Peterson,2022-09-15,100.0,162
GT-001838,Barbara Parker,2019-03-28,AC-000262,Barbara Parker,2022-04-08,100.0,1107
GT-005192,Rebecca Perez,2018-09-07,AC-000268,Rebecca Perez,2024-07-30,100.0,2153
GT-002118,Carol Porter,2021-12-01,AC-000270,Carol Porter,2022-03-11,100.0,100
GT-002065,Ruth Parker,2022-05-26,AC-000273,Ruth Parker,2019-04-10,100.0,1142
GT-003074,Scott Porter,2017-11-18,AC-000292,Scott Porter,2018-05-31,100.0,194
GT-000518,Samantha Peterson,2018-02-19,AC-000305,Samantha Peterson,2022-01-20,100.0,1431
GT-011968,Samantha Porter,2024-08-14,AC-000324,Samantha Porter,2015-05-25,100.0,3369
GT-002579,Ruth Price,2015-09-19,AC-000333,Ruth Price,2022-02-28,100.0,2354
GT-006325,Eric Price,2018-10-05,AC-000337,Eric Price,2020-11-24,100.0,781
GT-004208,Patrick Phillips,2024-06-01,AC-000349,Jack Phillips,2019-03-27,82.75862068965517,1893
GT-003087,Sharon Parker,2022-10-05,AC-000357,Sharon Parker,2019-10-19,100.0,1082
GT-005764,Mary Price,2020-10-01,AC-000358,Mary Price,2017-02-17,100.0,1322
GT-003369,Amanda Porter,2015-08-29,AC-000359,Amanda Porter,2021-02-11,100.0,1993
GT-006832,Anna Price,2021-01-19,AC-000361,Anna Price,2023-03-31,100.0,801
GT-006377,Timothy Peterson,2016-03-17,AC-000363,Timothy Peterson,2022-01-28,100.0,2143
GT-007773,Thomas Perez,2024-05-27,AC-000372,Thomas Perez,2018-07-16,100.0,2142
GT-010500,Jennifer Price,2016-12-22,AC-000386,Jennifer Price,2022-08-04,100.0,2051
GT-008609,Aaron Parker,2018-05-16,AC-000415,Aaron Parker,2024-12-08,100.0,2398
GT-002827,Joshua Peterson,2023-08-08,AC-000418,Joshua Peterson,2024-08-28,100.0,386
GT-002261,Raymond Peterson,2024-07-05,AC-000420,Raymond Peterson,2024-08-13,100.0,39
GT-001379,Andrew Peterson,2023-05-17,AC-000432,Andrew Peterson,2019-02-01,100.0,1566
GT-001532,Christopher Porter,2021-07-23,AC-000435,Christopher Porter,2021-12-29,100.0,159
GT-002214,Jennifer Phillips,2015-09-07,AC-000450,Jennifer Phillips,2017-10-25,100.0,779
GT-000266,Michelle Peterson,2019-06-16,AC-000452,Michelle Peterson,2017-07-06,100.0,710
GT-000513,Lisa Phillips,2016-10-11,AC-000453,Melissa Phillips,2023-02-23,82.75862068965517,2326
GT-001914,Melissa Perez,2021-08-21,AC-000455,Melissa Perez,2016-11-30,100.0,1725
GT-001516,Douglas Parker,2020-01-31,AC-000470,Douglas Parker,2015-08-25,100.0,1620
GT-000452,Brian Peterson,2024-06-21,AC-000493,Brian Peterson,2022-06-25,100.0,727
GT-002046,Jennifer Porter,2024-10-17,AC-000494,Jennifer Porter,2015-11-16,100.0,3258
GT-005496,Sandra Price,2021-04-09,AC-000507,Sandra Price,2019-02-13,100.0,786
GT-002266,Adam Parker,2015-07-27,AC-000513,Amy Parker,2018-08-17,85.71428571428572,1117
GT-003378,Robert Price,2016-01-20,AC-000532,Robert Price,2018-09-02,100.0,956
GT-013793,John Peterson,2017-07-14,AC-000538,John Peterson,2022-08-08,100.0,1851
GT-002537,Charles Peterson,2015-05-20,AC-000557,Charles Peterson,2015-01-30,100.0,110
GT-012337,Aaron Phillips,2021-12-21,AC-000560,Aaron Phillips,2023-08-09,100.0,596
GT-000384,David Parker,2016-03-07,AC-000568,David Parker,2023-08-14,100.0,2716
GT-012918,Carolyn Parker,2017-07-14,AC-000580,Carolyn Parker,2021-09-27,100.0,1536
GT-002796,Kevin Price,2020-10-13,AC-000598,Kevin Price,2020-08-29,100.0,45
GT-003073,Sarah Porter,2020-11-11,AC-000603,Sarah Porter,2018-03-24,100.0,963
GT-012872,Rachel Price,2021-01-01,AC-000623,Rachel Perez,2015-02-11,83.33333333333334,2151
GT-002141,Amanda Phillips,2015-08-20,AC-000636,Amanda Phillips,2023-04-13,100.0,2793
GT-006012,Tyler Peterson,2022-02-19,AC-000644,Tyler Peterson,2022-09-03,100.0,196
GT-005280,Frank Peterson,2021-02-16,AC-000650,Frank Peterson,2024-07-29,100.0,1259
GT-003858,Robert Perez,2019-01-22,AC-000670,Robert Perez,2019-04-23,100.0,91
GT-001137,Sarah Phillips,2019-10-27,AC-000685,Sarah Phillips,2024-07-11,100.0,1719
GT-002569,Alexander Peterson,2020-03-28,AC-000689,Alexander Peterson,2016-05-29,100.0,1399
GT-006986,Anna Peterson,2023-11-14,AC-000708,Anna Peterson,2017-11-24,100.0,2181
GT-010076,Nancy Peterson,2018-08-09,AC-000716,Nancy Peterson,2017-10-31,100.0,282
GT-004512,Deborah Porter,2022-05-17,AC-000720,Deborah Porter,2019-03-30,100.0,1144
GT-003340,Eric Peterson,2020-03-04,AC-000729,Eric Peterson,2021-07-24,100.0,507
GT-004380,Katherine Porter,2018-04-27,AC-000749,Kathleen Porter,2022-01-20,83.87096774193549,1364
GT-005241,Anna Parker,2016-02-23,AC-000781,Anna Parker,2021-09-02,100.0,2018
GT-007044,Emily Peterson,2018-09-16,AC-000804,Emily Peterson,2015-10-18,100.0,1064
GT-000302,Margaret Perez,2021-04-10,AC-000805,Margaret Perez,2024-12-20,100.0,1350
GT-005704,Donald Peterson,2018-08-15,AC-000836,Donald Peterson,2021-12-10,100.0,1213
GT-001095,Nicole Perez,2019-11-13,AC-000839,Nicole Perez,2023-03-22,100.0,1225
GT-000002,David Phillips,2022-02-06,AC-000852,David Phillips,2017-04-06,100.0,1767
GT-004634,Richard Perez,2022-11-17,AC-000855,Richard Perez,2017-11-05,100.0,1838
GT-002647,Joseph Peterson,2017-02-18,AC-000867,Joseph Peterson,2024-04-04,100.0,2602
GT-011033,Linda Price,2021-09-04,AC-000891,Linda Price,2015-12-20,100.0,2085
GT-006499,Barbara Phillips,2021-05-07,AC-000908,Barbara Phillips,2017-02-28,100.0,1529
GT-000005,Stephen Parker,2023-03-09,AC-000931,Stephen Parker,2019-11-29,100.0,1196
GT-001315,Jonathan Peterson,2016-02-29,AC-000935,Jonathan Peterson,2020-05-31,100.0,1553
GT-002512,Timothy Parker,2016-10-25,AC-000948,Timothy Parker,2017-12-18,100.0,419
GT-001345,Donald Price,2015-11-14,AC-000958,Donald Price,2023-08-15,100.0,2831
GT-012420,Deborah Phillips,2017-03-13,AC-000973,Deborah Phillips,2020-11-29,100.0,1357
GT-008153,Jason Price,2016-04-06,AC-000980,Jason Price,2021-03-10,100.0,1799
GT-014823,Tyler Perez,2016-04-14,AC-000990,Tyler Perez,2022-03-06,100.0,2152
GT-009935,Jason Peterson,2015-11-19,AC-000995,Jason Peterson,2020-12-05,100.0,1843
GT-011066,Andrew Perez,2023-09-03,AC-001000,Andrew Price,2016-12-27,83.33333333333334,2441
GT-000477,Jose Parker,2018-12-04,AC-001008,Jose Parker,2019-04-13,100.0,130
GT-004901,Donald Parker,2024-09-26,AC-001012,Donald Parker,2016-09-25,100.0,2923
GT-000382,Jacob Peterson,2019-11-24,AC-001016,Jacob Peterson,2024-09-22,100.0,1764
GT-005677,Patrick Porter,2022-10-27,AC-001021,Patrick Porter,2021-05-27,100.0,518
GT-001909,Larry Peterson,2024-04-24,AC-001027,Larry Peterson,2017-06-13,100.0,2507
GT-008900,Dorothy Porter,2024-12-29,AC-001050,Dorothy Porter,2022-10-28,100.0,793
GT-002784,Jason Phillips,2020-12-31,AC-001068,Jacob Phillips,2023-02-13,85.71428571428572,774
GT-005785,Scott Price,2020-01-21,AC-001130,Scott Price,2023-12-31,100.0,1440
GT-009300,Linda Perez,2015-11-01,AC-001138,Linda Perez,2018-07-01,100.0,973
GT-008771,Donald Phillips,2015-06-25,AC-001139,Donna Phillips,2018-10-26,89.65517241379311,1219
GT-007793,Nicholas Phillips,2016-02-09,AC-001142,Nicole Phillips,2016-12-07,87.5,302
GT-004897,Jeffrey Parker,2023-10-23,AC-001164,Jeffrey Parker,2022-04-18,100.0,553
GT-008771,Donald Phillips,2015-06-25,AC-001168,Donald Phillips,2021-12-01,100.0,2351
GT-006727,William Perez,2016-07-09,AC-001181,William Price,2021-08-11,84.61538461538461,1859
GT-002378,Lisa Peterson,2019-09-30,AC-001187,Lisa Peterson,2015-12-16,100.0,1384
GT-001940,Tyler Phillips,2024-05-01,AC-001194,Tyler Phillips,2016-08-22,100.0,2809
GT-000642,Kathleen Peterson,2019-08-11,AC-001198,Kathleen Peterson,2015-03-01,100.0,1624
GT-000745,Catherine Peterson,2018-07-02,AC-001247,Catherine Peterson,2021-02-26,100.0,970
GT-000277,Cynthia Peterson,2022-03-27,AC-001257,Cynthia Peterson,2016-02-03,100.0,2244
GT-007116,Samantha Parker,2024-11-16,AC-001272,Samantha Parker,2020-07-27,100.0,1573
GT-002667,Matthew Perez,2024-10-03,AC-001274,Matthew Parker,2017-04-10,81.4814814814815,2733
GT-009462,Catherine Parker,2017-09-26,AC-001293,Catherine Parker,2020-03-24,100.0,910
GT-001768,Patrick Parker,2023-12-17,AC-001296,Patrick Parker,2020-11-19,100.0,1123
GT-009708,Amy Porter,2017-11-05,AC-001307,Amy Porter,2015-12-05,100.0,701
GT-011588,Sarah Parker,2024-01-27,AC-001309,Sarah Parker,2015-06-12,100.0,3151
GT-000887,Joshua Price,2020-12-21,AC-001327,Joshua Price,2020-02-10,100.0,315
GT-007741,Brenda Peterson,2024-07-21,AC-001336,Brenda Peterson,2019-02-06,100.0,1992
GT-000801,Robert Peterson,2016-03-15,AC-001366,Robert Peterson,2024-03-27,100.0,2934
GT-007527,Frank Price,2020-03-31,AC-001374,Frank Price,2016-08-10,100.0,1329
GT-004487,Katherine Peterson,2017-05-01,AC-001382,Katherine Peterson,2024-01-31,100.0,2466
GT-001169,Kimberly Porter,2022-04-11,AC-001414,Kimberly Parker,2015-04-12,86.66666666666667,2556
GT-000731,Debra Peterson,2024-06-16,AC-001417,Debra Peterson,2020-06-23,100.0,1454
GT-002373,Henry Peterson,2023-06-26,AC-001419,Henry Peterson,2024-09-15,100.0,447
GT-006492,John Perez,2019-02-24,AC-001429,John Perez,2016-11-14,100.0,832
GT-001417,Mary Porter,2015-12-13,AC-001442,Mary Porter,2015-11-08,100.0,35
GT-014366,Robert Parker,2020-09-08,AC-001444,Robert Parker,2016-11-16,100.0,1392
GT-004313,Gregory Perez,2016-09-12,AC-001446,Gregory Price,2015-06-10,84.61538461538461,460
GT-008891,Anthony Price,2021-04-11,AC-001454,Anthony Price,2015-04-03,100.0,2200
GT-004622,Timothy Porter,2023-02-17,AC-001487,Timothy Porter,2018-08-24,100.0,1638
GT-003393,Brenda Perez,2019-06-14,AC-001489,Brenda Price,2016-05-19,83.33333333333334,1121
GT-000486,Brenda Parker,2022-08-24,AC-001493,Brenda Porter,2021-03-21,84.61538461538461,521
GT-000742,Jason Perez,2021-07-15,AC-001529,Janet Perez,2023-02-15,81.81818181818181,580
GT-009001,Karen Perez,2022-08-18,AC-001536,Karen Perez,2022-03-03,100.0,168
GT-002062,William Peterson,2015-10-06,AC-001538,William Peterson,2023-12-17,100.0,2994
GT-003367,Daniel Perez,2021-11-27,AC-001573,Daniel Perez,2016-11-26,100.0,1827
GT-009319,Ashley Peterson,2017-02-25,AC-001585,Ashley Peterson,2021-06-22,100.0,1578
GT-012356,Patricia Peterson,2016-12-06,AC-001604,Patricia Peterson,2018-08-03,100.0,605
GT-000993,Deborah Perez,2021-07-23,AC-001608,Deborah Perez,2023-06-08,100.0,685
GT-010486,Ryan Porter,2019-02-04,AC-001614,Ryan Parker,2020-03-16,81.81818181818181,406
GT-004889,Steven Perez,2017-12-08,AC-001627,Steven Perez,2018-11-04,100.0,331
GT-000194,Douglas Porter,2020-07-16,AC-001654,Douglas Porter,2020-02-29,100.0,138
GT-013648,Andrew Porter,2018-01-23,AC-001658,Andrew Porter,2017-12-07,100.0,47
GT-006016,Scott Phillips,2021-09-04,AC-001691,Scott Phillips,2024-06-09,100.0,1009
GT-003572,Edward Parker,2023-01-14,AC-001733,Edward Parker,2023-09-22,100.0,251
GT-004534,Thomas Peterson,2023-09-01,AC-001743,Thomas Peterson,2022-07-26,100.0,402
GT-000462,Janet Porter,2024-03-05,AC-001755,Janet Porter,2020-09-14,100.0,1268
GT-007988,Kenneth Perez,2022-10-20,AC-001767,Kenneth Perez,2023-10-16,100.0,361
GT-008618,Brandon Perez,2021-10-20,AC-001785,Brandon Perez,2018-12-14,100.0,1041
GT-000656,Ronald Price,2023-05-11,AC-001840,Ronald Price,2017-10-04,100.0,2045
GT-001309,Nancy Parker,2023-05-11,AC-001866,Nancy Parker,2015-12-03,100.0,2716
GT-001941,Emma Perez,2022-04-25,AC-001884,Emma Perez,2020-09-27,100.0,575
GT-001125,Joshua Porter,2017-04-20,AC-001894,Joshua Porter,2023-09-05,100.0,2329
GT-007015,Christine Price,2021-06-23,AC-001923,Christine Price,2021-09-10,100.0,79
GT-000946,Jack Peterson,2020-05-02,AC-001947,Jack Peterson,2024-07-22,100.0,1542
GT-004901,Donald Parker,2024-09-26,AC-001974,Donna Parker,2017-12-25,88.0,2467
GT-001287,Kenneth Porter,2019-05-24,AC-002010,Kenneth Porter,2020-09-06,100.0,471
GT-000451,Dennis Peterson,2018-03-20,AC-002017,Dennis Peterson,2022-01-13,100.0,1395
GT-008211,James Price,2020-11-24,AC-002022,James Price,2020-06-04,100.0,173
GT-009925,Kevin Peterson,2020-01-07,AC-002054,Kevin Peterson,2015-07-05,100.0,1647
GT-010405,Susan Parker,2019-11-04,AC-002077,Susan Parker,2018-03-31,100.0,583
GT-012617,Karen Porter,2021-03-09,AC-002114,Karen Porter,2015-07-18,100.0,2061
GT-000213,Angela Parker,2016-11-30,AC-002132,Angela Parker,2024-10-25,100.0,2886
GT-003197,Jonathan Price,2017-01-21,AC-002151,Jonathan Price,2015-06-23,100.0,578
GT-003794,Christine Peterson,2023-07-15,AC-002154,Christine Peterson,2020-05-12,100.0,1159
GT-005420,Dennis Perez,2018-09-02,AC-002157,Dennis Price,2022-12-28,83.33333333333334,1578
GT-002538,Sharon Porter,2020-10-03,AC-002171,Sharon Porter,2023-09-30,100.0,1092
GT-000954,Melissa Peterson,2018-05-07,AC-002180,Melissa Peterson,2016-05-13,100.0,724
GT-008829,Sharon Price,2021-05-30,AC-002194,Sharon Price,2021-02-02,100.0,117
GT-006636,Linda Parker,2020-02-23,AC-002244,Linda Parker,2020-01-19,100.0,35
GT-005420,Dennis Perez,2018-09-02,AC-002250,Dennis Perez,2021-02-16,100.0,898
GT-002387,Emma Peterson,2015-06-27,AC-002269,Emma Peterson,2015-04-20,100.0,68
GT-003269,Gary Peterson,2019-04-01,AC-002284,Gary Peterson,2022-05-27,100.0,1152
GT-002383,Jeffrey Phillips,2020-08-25,AC-002297,Jeffrey Phillips,2016-04-23,100.0,1585
GT-005449,Raymond Parker,2016-06-29,AC-002335,Raymond Parker,2019-06-11,100.0,1077
GT-004184,Linda Peterson,2016-11-20,AC-002366,Linda Peterson,2017-12-08,100.0,383
GT-003648,Dennis Porter,2021-01-13,AC-002382,Dennis Porter,2017-10-24,100.0,1177
GT-006323,John Porter,2016-12-12,AC-002384,Jason Porter,2021-05-01,86.95652173913044,1601
GT-006775,Kevin Phillips,2022-03-05,AC-002416,Kenneth Phillips,2018-04-30,80.0,1405
GT-001894,Helen Peterson,2024-03-02,AC-002433,Helen Peterson,2022-08-03,100.0,577
GT-001440,Joseph Parker,2018-08-08,AC-002489,Joseph Parker,2018-05-05,100.0,95
GT-010570,Ryan Price,2015-12-25,AC-002498,Ryan Price,2024-11-04,100.0,3237
GT-001157,Carolyn Peterson,2017-11-18,AC-002527,Carolyn Peterson,2021-04-28,100.0,1257
GT-003579,Susan Peterson,2024-09-13,AC-002530,Susan Peterson,2024-01-14,100.0,243
GT-000321,Larry Porter,2022-10-11,AC-002568,Larry Porter,2022-03-25,100.0,200
GT-007325,Helen Phillips,2022-10-11,AC-002599,Helen Phillips,2023-12-28,100.0,443
GT-007635,Brandon Price,2018-09-01,AC-002604,Brandon Price,2017-01-12,100.0,597
GT-001633,Elizabeth Perez,2015-05-15,AC-002643,Elizabeth Perez,2020-06-26,100.0,1869
GT-000172,Jeffrey Peterson,2020-05-12,AC-002661,Jeffrey Peterson,2020-11-06,100.0,178
GT-009571,Christopher Price,2015-01-11,AC-002665,Christopher Perez,2019-04-29,88.23529411764706,1569
GT-002329,Lisa Parker,2019-05-22,AC-002673,Lisa Parker,2023-12-09,100.0,1662
GT-001989,Laura Peterson,2023-06-06,AC-002682,Laura Peterson,2016-12-09,100.0,2370
GT-012719,Jonathan Porter,2019-10-22,AC-002696,Jonathan Porter,2015-12-08,100.0,1414
GT-005128,Raymond Porter,2015-04-13,AC-002701,Raymond Porter,2015-12-05,100.0,236
GT-002251,Benjamin Phillips,2016-08-26,AC-002709,Benjamin Phillips,2022-07-31,100.0,2165
GT-006558,Nicole Price,2017-12-19,AC-002716,Nicole Price,2016-12-06,100.0,378
GT-001682,Lisa Price,2016-07-22,AC-002729,Lisa Price,2018-02-23,100.0,581
GT-001196,Debra Parker,2020-01-08,AC-002730,Debra Parker,2016-10-08,100.0,1187
GT-002293,Barbara Peterson,2021-08-09,AC-002736,Barbara Peterson,2017-07-26,100.0,1475
GT-006145,Stephen Perez,2024-08-08,AC-002739,Stephen Perez,2018-05-14,100.0,2278
GT-001142,Ruth Peterson,2018-12-19,AC-002740,Ruth Peterson,2021-08-20,100.0,975
GT-000407,Aaron Price,2019-09-25,AC-002742,Aaron Price,2022-08-16,100.0,1056
GT-003358,Jonathan Parker,2017-07-12,AC-002756,John Parker,2015-04-29,84.61538461538461,805
GT-001583,Barbara Perez,2015-03-28,AC-002767,Barbara Perez,2019-01-16,100.0,1390
GT-009574,Amanda Peterson,2021-09-11,AC-002772,Amanda Peterson,2019-11-10,100.0,671
GT-000678,Cynthia Parker,2015-03-09,AC-002778,Cynthia Parker,2020-12-01,100.0,2094
GT-007777,John Price,2015-03-11,AC-002782,John Price,2016-08-25,100.0,533
GT-010784,Katherine Parker,2020-05-09,AC-002790,Kathleen Parker,2022-12-09,83.87096774193549,944
GT-000845,Pamela Parker,2018-05-22,AC-002799,Pamela Parker,2015-12-24,100.0,880
GT-009016,Samuel Parker,2020-04-19,AC-002815,Samuel Porter,2023-09-30,84.61538461538461,1259
GT-004208,Patrick Phillips,2024-06-01,AC-002824,Eric Phillips,2022-10-01,82.75862068965517,609
GT-001422,Ryan Peterson,2020-11-29,AC-002826,Ryan Peterson,2018-10-23,100.0,768
GT-007337,Catherine Porter,2016-12-16,AC-002857,Catherine Porter,2021-07-13,100.0,1670
GT-003111,Mary Perez,2024-02-11,AC-002861,Larry Perez,2019-01-02,85.71428571428572,1866
GT-013201,William Porter,2023-07-09,AC-002891,William Porter,2017-07-01,100.0,2199
GT-002729,Cynthia Price,2019-02-14,AC-002893,Cynthia Price,2021-11-17,100.0,1007
GT-004602,Susan Porter,2023-05-17,AC-002896,Susan Porter,2017-02-23,100.0,2274
GT-005713,Kevin Porter,2022-12-08,AC-002897,Kevin Porter,2024-07-07,100.0,577
GT-002935,Cynthia Phillips,2024-02-21,AC-002910,Cynthia Phillips,2015-10-25,100.0,3041
GT-001162,Tyler Price,2021-09-14,AC-002922,Tyler Price,2024-01-10,100.0,848
GT-006124,Matthew Peterson,2021-02-21,AC-002944,Matthew Peterson,2022-01-27,100.0,340
GT-008197,Elizabeth Porter,2023-05-21,AC-002951,Elizabeth Porter,2019-03-13,100.0,1530
GT-003386,David Porter,2017-08-16,AC-002973,David Porter,2016-03-11,100.0,523
GT-002742,David Peterson,2020-02-21,AC-002977,David Peterson,2022-07-30,100.0,890
GT-005278,Patricia Parker,2015-09-12,AC-002987,Patricia Parker,2018-11-29,100.0,1174
GT-003564,Justin Price,2018-05-22,AC-002988,Justin Parker,2022-02-21,80.0,1371
GT-003316,Jonathan Reed,2023-12-14,AC-000007,Jonathan Reed,2022-07-16,100.0,516
GT-003054,Nicole Reyes,2022-07-17,AC-000010,Nicole Reyes,2018-02-28,100.0,1600
GT-000889,Helen Rogers,2015-11-29,AC-000030,Helen Rogers,2015-01-13,100.0,320
GT-010631,Jerry Rogers,2020-08-03,AC-000048,Jerry Rogers,2020-01-11,100.0,205
GT-004190,Laura Reeves,2024-06-21,AC-000052,Laura Reeves,2021-08-20,100.0,1036
GT-009009,Ruth Reyes,2022-12-16,AC-000058,Ruth Reyes,2015-12-27,100.0,2546
GT-003956,Gary Ramirez,2022-05-01,AC-000059,Gary Ramirez,2020-06-28,100.0,672
GT-006317,Stephen Ramos,2024-04-17,AC-000061,Stephanie Ramos,2024-01-19,85.71428571428572,89
GT-005978,Jack Reyes,2015-11-04,AC-000066,Jack Reyes,2023-04-27,100.0,2731
GT-008797,Jack Rodriguez,2024-09-10,AC-000070,Jack Rodriguez,2019-07-24,100.0,1875
GT-000162,Sarah Ramirez,2017-10-18,AC-000074,Sarah Ramirez,2022-12-12,100.0,1881
GT-010620,Donald Reyes,2018-03-21,AC-000081,Donald Reyes,2015-02-25,100.0,1120
GT-000131,Nicole Ramos,2017-07-08,AC-000096,Nicole Ramos,2015-12-09,100.0,577
GT-000248,Sharon Rogers,2016-04-26,AC-000119,Sharon Rogers,2022-05-18,100.0,2213
GT-001277,Matthew Rodriguez,2019-04-24,AC-000135,Matthew Rodriguez,2017-02-26,100.0,787
GT-008096,Mary Robinson,2024-04-03,AC-000146,Mary Robinson,2022-05-04,100.0,700
GT-002631,Jennifer Reed,2021-09-29,AC-000150,Jennifer Reed,2016-08-31,100.0,1855
GT-001246,Barbara Ramirez,2017-07-04,AC-000179,Barbara Ramirez,2018-09-24,100.0,447
GT-000996,Charles Rodriguez,2018-10-08,AC-000184,Charles Rodriguez,2022-04-22,100.0,1292
GT-004394,Sandra Russell,2018-02-05,AC-000190,Sandra Russell,2022-07-12,100.0,1618
GT-001790,Rachel Ramos,2016-10-10,AC-000194,Rachel Ramos,2021-12-05,100.0,1882
GT-011091,Emily Robinson,2020-09-17,AC-000208,Emily Robinson,2016-01-04,100.0,1718
GT-000285,Raymond Reeves,2024-05-08,AC-000214,Raymond Reeves,2015-07-14,100.0,3221
GT-000505,Thomas Reed,2021-04-10,AC-000235,Thomas Reed,2024-01-10,100.0,1005
GT-009980,John Reeves,2017-10-04,AC-000237,John Reeves,2021-01-22,100.0,1206
GT-005589,Lisa Russell,2017-02-15,AC-000240,Linda Russell,2022-02-12,88.0,1823
GT-005949,Brandon Reed,2019-05-22,AC-000250,Brandon Reed,2018-02-25,100.0,451
GT-005781,Tyler Reed,2019-11-04,AC-000259,Tyler Reed,2021-04-09,100.0,522
GT-002946,Laura Rodriguez,2016-11-14,AC-000264,Laura Rodriguez,2024-09-13,100.0,2860
GT-006214,Lisa Robinson,2022-01-09,AC-000277,Lisa Robinson,2019-11-10,100.0,791
GT-006093,Karen Reeves,2016-05-06,AC-000285,Karen Reeves,2018-07-22,100.0,807
GT-007561,Matthew Russell,2015-09-08,AC-000287,Matthew Russell,2017-06-27,100.0,658
GT-013683,David Reyes,2017-04-29,AC-000304,David Reyes,2021-12-03,100.0,1679
GT-003973,Henry Robinson,2022-06-29,AC-000315,Henry Robinson,2016-01-16,100.0,2356
GT-002831,Amy Reed,2017-11-05,AC-000376,Amy Reed,2016-01-07,100.0,668
GT-004749,Gregory Ramos,2023-10-15,AC-000382,Gregory Ramos,2023-11-15,100.0,31
GT-003159,Ryan Rogers,2015-01-12,AC-000396,Ryan Rogers,2022-12-19,100.0,2898
GT-001141,Jessica Rogers,2016-08-14,AC-000398,Jessica Rogers,2023-05-26,100.0,2476
GT-004278,Gary Rogers,2022-12-13,AC-000410,Gary Rogers,2016-10-06,100.0,2259
GT-008306,Margaret Robinson,2016-05-02,AC-000423,Margaret Robinson,2022-09-26,100.0,2338
GT-006819,Michael Rodriguez,2015-11-07,AC-000446,Michael Rodriguez,2016-09-13,100.0,311
GT-006289,Joshua Ramos,2020-01-21,AC-000456,Joshua Ramos,2019-03-26,100.0,301
GT-000252,Debra Rogers,2022-09-02,AC-000467,Deborah Rogers,2023-02-24,92.3076923076923,175
GT-000440,Daniel Ramos,2024-12-23,AC-000482,Daniel Ramos,2022-09-26,100.0,819
GT-006491,Christopher Ramirez,2020-09-02,AC-000517,Christopher Ramirez,2016-09-13,100.0,1450
GT-003540,James Rogers,2024-12-01,AC-000521,James Rogers,2017-02-20,100.0,2841
GT-000057,Jerry Reyes,2020-08-12,AC-000541,Jerry Reyes,2019-11-11,100.0,275
GT-003860,Angela Reyes,2016-09-25,AC-000544,Angela Reyes,2024-02-17,100.0,2701
GT-003607,Thomas Reeves,2022-03-17,AC-000555,Thomas Reeves,2016-06-08,100.0,2108
GT-002567,Matthew Ramirez,2019-08-02,AC-000576,Matthew Ramirez,2024-05-13,100.0,1746
GT-008540,Dennis Reed,2016-09-19,AC-000583,Dennis Reed,2024-07-21,100.0,2862
GT-004521,Robert Reeves,2016-03-16,AC-000585,Robert Reeves,2015-12-31,100.0,76
GT-002079,Jason Reeves,2024-12-18,AC-000632,Jason Reeves,2022-01-10,100.0,1073
GT-012085,Janet Ramirez,2018-07-24,AC-000653,Janet Ramirez,2022-03-06,100.0,1321
GT-013194,Joshua Reeves,2019-06-24,AC-000659,Joshua Reeves,2019-11-04,100.0,133
GT-000740,Paul Ramos,2015-12-01,AC-000680,Paul Ramos,2015-10-17,100.0,45
GT-005062,Amanda Reyes,2016-07-02,AC-000682,Amanda Reyes,2023-10-30,100.0,2676
GT-010452,Jerry Russell,2024-11-04,AC-000684,Jerry Russell,2015-04-13,100.0,3493
GT-000050,Sarah Reeves,2021-06-01,AC-000701,Sarah Reeves,2017-10-13,100.0,1327
GT-004795,Steven Robinson,2024-09-16,AC-000704,Steven Robinson,2018-07-09,100.0,2261
GT-010488,Kimberly Ramirez,2023-03-07,AC-000710,Kimberly Ramirez,2016-08-05,100.0,2405
GT-003105,Melissa Russell,2016-08-01,AC-000711,Melissa Russell,2022-04-22,100.0,2090
GT-001012,Sandra Reed,2015-08-30,AC-000712,Sandra Reed,2024-08-16,100.0,3274
GT-007354,Daniel Ramirez,2023-07-07,AC-000723,Daniel Ramirez,2018-12-08,100.0,1672
GT-006164,Tyler Ramos,2016-04-29,AC-000734,Tyler Ramos,2021-10-09,100.0,1989
GT-004131,Larry Rodriguez,2016-09-13,AC-000755,Larry Rodriguez,2015-06-20,100.0,451
GT-007610,Karen Ramirez,2024-05-02,AC-000759,Karen Ramirez,2015-08-15,100.0,3183
GT-001829,Kevin Rodriguez,2019-05-18,AC-000772,Kevin Rodriguez,2022-04-27,100.0,1075
GT-002180,Patricia Rodriguez,2019-12-27,AC-000783,Patricia Rodriguez,2017-08-28,100.0,851
GT-000847,Elizabeth Rodriguez,2021-02-24,AC-000788,Elizabeth Rodriguez,2023-07-11,100.0,867
GT-002643,Thomas Robinson,2016-03-03,AC-000837,Thomas Robinson,2015-02-19,100.0,378
GT-003973,Henry Robinson,2022-06-29,AC-000875,Helen Robinson,2018-06-04,85.71428571428572,1486
GT-012971,James Robinson,2022-09-13,AC-000881,James Robinson,2021-08-11,100.0,398
GT-001549,Michelle Russell,2021-10-09,AC-000884,Michael Russell,2016-10-08,90.32258064516128,1827
GT-013869,Barbara Russell,2016-04-22,AC-000885,Barbara Russell,2016-06-06,100.0,45
GT-006373,Jose Reed,2024-06-22,AC-000886,Jose Reed,2015-01-03,100.0,3458
GT-008024,Samantha Russell,2018-10-26,AC-000887,Samantha Russell,2017-08-28,100.0,424
GT-003836,Jerry Robinson,2023-01-01,AC-000895,Jerry Robinson,2020-04-12,100.0,994
GT-000155,Cynthia Reeves,2015-06-22,AC-000913,Cynthia Reeves,2016-09-27,100.0,463
GT-004740,Ruth Rodriguez,2018-03-21,AC-000926,Ruth Rodriguez,2016-11-24,100.0,482
GT-009562,Nancy Russell,2018-03-18,AC-000936,Nancy Russell,2015-07-22,100.0,970
GT-006022,Dorothy Ramirez,2018-02-04,AC-000943,Dorothy Ramirez,2021-01-22,100.0,1083
GT-003630,Donald Rogers,2023-03-10,AC-000944,Donald Rogers,2021-02-11,100.0,757
GT-000252,Debra Rogers,2022-09-02,AC-000954,Debra Rogers,2017-06-11,100.0,1909
GT-002836,Adam Robinson,2017-04-03,AC-000956,Adam Robinson,2024-07-17,100.0,2662
GT-000256,Robert Ramirez,2016-08-14,AC-000957,Robert Ramirez,2019-09-04,100.0,1116
GT-008300,Helen Reeves,2016-02-29,AC-000991,Helen Reeves,2018-06-25,100.0,847
GT-003171,Pamela Rodriguez,2018-11-30,AC-000994,Pamela Rodriguez,2022-12-20,100.0,1481
GT-011986,Susan Rodriguez,2018-11-03,AC-000999,Susan Rodriguez,2016-04-28,100.0,919
GT-004149,Matthew Rogers,2021-06-16,AC-001002,Matthew Rogers,2016-01-11,100.0,1983
GT-010780,Peter Ramirez,2018-11-15,AC-001006,Peter Ramirez,2018-01-30,100.0,289
GT-000985,Emma Ramos,2016-10-12,AC-001011,Emma Ramos,2016-05-07,100.0,158
GT-003577,Gary Robinson,2017-05-17,AC-001026,Gary Robinson,2023-05-06,100.0,2180
GT-001109,Charles Russell,2021-12-22,AC-001066,Carol Russell,2019-04-13,85.71428571428572,984
GT-001974,Sharon Robinson,2023-01-10,AC-001075,Sharon Robinson,2018-05-04,100.0,1712
GT-008348,Gregory Reyes,2022-02-06,AC-001077,Gregory Reyes,2023-08-07,100.0,547
GT-011314,Nicholas Rogers,2015-05-29,AC-001089,Nicholas Rogers,2016-08-18,100.0,447
GT-010511,Aaron Russell,2018-03-08,AC-001115,Carolyn Russell,2017-10-02,85.71428571428572,157
GT-006017,Joshua Reyes,2016-02-16,AC-001120,Joshua Reyes,2019-01-26,100.0,1075
GT-005643,Scott Robinson,2015-12-08,AC-001121,Scott Robinson,2017-09-26,100.0,658
GT-004631,Linda Robinson,2022-09-03,AC-001128,Linda Robinson,2017-07-31,100.0,1860
GT-009754,Jessica Ramirez,2022-04-05,AC-001133,Jessica Ramirez,2021-12-22,100.0,104
GT-004696,Shirley Ramirez,2024-07-03,AC-001137,Shirley Ramirez,2018-02-02,100.0,2343
GT-004394,Sandra Russell,2018-02-05,AC-001148,Sarah Russell,2023-09-05,88.88888888888889,2038
GT-008797,Jack Rodriguez,2024-09-10,AC-001176,Jacob Rodriguez,2018-01-08,89.65517241379311,2437
GT-006707,Kimberly Ramos,2020-06-06,AC-001188,Kimberly Ramos,2018-11-16,100.0,568
GT-013944,Stephen Rodriguez,2017-09-10,AC-001189,Stephen Rodriguez,2017-06-16,100.0,86
GT-003431,Helen Reed,2016-06-06,AC-001196,Helen Reed,2024-12-21,100.0,3120
GT-009492,Jason Rodriguez,2017-01-09,AC-001204,Jason Rodriguez,2022-04-19,100.0,1926
GT-010217,Ruth Ramirez,2018-04-05,AC-001238,Ruth Ramirez,2021-12-03,100.0,1338
GT-001859,Larry Rogers,2015-02-19,AC-001244,Larry Rogers,2015-12-23,100.0,307
GT-000464,Ruth Reeves,2015-04-04,AC-001249,Ruth Reeves,2020-09-08,100.0,1984
GT-012591,Stephen Reeves,2017-08-24,AC-001253,Stephen Reeves,2023-07-24,100.0,2160
GT-002301,Gary Rodriguez,2015-01-26,AC-001258,Mary Rodriguez,2021-12-31,92.85714285714286,2531
GT-000107,Jerry Rodriguez,2020-02-03,AC-001259,Jerry Rodriguez,2020-04-17,100.0,74
GT-000860,Donald Russell,2022-04-25,AC-001262,Donald Russell,2021-09-29,100.0,208
GT-006811,Frank Reeves,2022-12-05,AC-001264,Frank Reeves,2016-10-24,100.0,2233
GT-007192,Jennifer Rogers,2016-11-10,AC-001279,Jennifer Rogers,2019-11-28,100.0,1113
GT-002136,Ashley Ramos,2016-05-23,AC-001281,Ashley Ramos,2021-01-29,100.0,1712
GT-014223,Jeffrey Reeves,2023-05-09,AC-001300,Jeffrey Reed,2015-01-09,84.61538461538461,3042
GT-011986,Susan Rodriguez,2018-11-03,AC-001319,Ryan Rodriguez,2023-06-22,82.75862068965517,1692
GT-001738,Amy Russell,2021-12-21,AC-001321,Amy Russell,2018-04-02,100.0,1359
GT-000071,Ronald Russell,2019-06-11,AC-001337,Raymond Russell,2020-03-29,82.75862068965517,292
GT-000675,Sandra Reyes,2022-09-11,AC-001350,Sandra Reyes,2024-07-29,100.0,687
GT-013627,Michael Robinson,2015-04-03,AC-001351,Richard Robinson,2021-07-08,81.25,2288
GT-005671,Anthony Robinson,2015-07-09,AC-001358,Anthony Robinson,2024-08-26,100.0,3336
GT-002050,Gregory Rogers,2020-09-01,AC-001364,Gregory Rogers,2018-08-04,100.0,759
GT-003475,Lisa Rogers,2022-04-17,AC-001373,Linda Rogers,2019-10-06,86.95652173913044,924
GT-000276,Jessica Reeves,2023-12-29,AC-001375,Jessica Reeves,2019-05-31,100.0,1673
GT-006640,Deborah Reeves,2022-03-02,AC-001380,Debra Reeves,2018-04-26,92.3076923076923,1406
GT-012176,Kathleen Reyes,2015-08-05,AC-001384,Kathleen Reyes,2018-07-07,100.0,1067
GT-008212,Barbara Rogers,2021-11-14,AC-001437,Barbara Ramos,2022-05-08,81.4814814814815,175
GT-000739,Donna Rogers,2015-12-18,AC-001457,Donna Rogers,2020-06-23,100.0,1649
GT-000831,William Rodriguez,2021-10-14,AC-001463,William Rodriguez,2017-09-05,100.0,1500
GT-003851,Raymond Rogers,2017-09-11,AC-001465,Raymond Rogers,2015-08-29,100.0,744
GT-012686,Alexander Rodriguez,2019-05-25,AC-001507,Alexander Rodriguez,2015-07-31,100.0,1394
GT-011442,Larry Reed,2018-11-24,AC-001519,Larry Reed,2024-09-26,100.0,2133
GT-011271,Paul Reeves,2022-01-23,AC-001539,Paul Reeves,2016-02-19,100.0,2165
GT-001556,Stephanie Reed,2022-10-28,AC-001556,Stephanie Reyes,2024-07-28,89.65517241379311,639
GT-000214,Kimberly Rodriguez,2023-05-07,AC-001566,Kimberly Rodriguez,2020-11-24,100.0,894
GT-001783,Jennifer Ramos,2020-10-10,AC-001572,Jennifer Ramos,2019-05-09,100.0,520
GT-001991,Douglas Reed,2020-09-18,AC-001583,Douglas Reed,2022-05-19,100.0,608
GT-013519,Joseph Reed,2018-11-24,AC-001596,Joseph Reed,2017-10-26,100.0,394
GT-007248,Nicole Reed,2020-12-12,AC-001598,Nicole Reed,2015-09-03,100.0,1927
GT-000408,Angela Rodriguez,2018-04-28,AC-001605,Angela Rodriguez,2016-09-27,100.0,578
GT-000913,Donald Robinson,2015-04-05,AC-001610,Donald Robinson,2024-03-21,100.0,3273
GT-014810,Jacob Ramos,2022-02-14,AC-001612,Jacob Ramos,2016-09-16,100.0,1977
GT-003547,Anna Ramos,2024-03-09,AC-001628,Amanda Ramos,2021-08-30,81.81818181818181,922
GT-000325,Donna Ramos,2024-06-14,AC-001635,Donna Ramos,2018-03-16,100.0,2282
GT-000963,Carol Reed,2017-12-26,AC-001641,Carol Reed,2018-11-21,100.0,330
GT-000409,Janet Reyes,2020-05-15,AC-001642,Janet Reyes,2016-01-30,100.0,1567
GT-014869,Kenneth Reeves,2021-08-25,AC-001657,Kenneth Reeves,2019-07-08,100.0,779
GT-008187,Matthew Robinson,2016-07-30,AC-001674,Matthew Robinson,2024-08-02,100.0,2925
GT-000534,Elizabeth Reed,2020-02-29,AC-001684,Elizabeth Reed,2017-10-25,100.0,857
GT-003952,Amy Rodriguez,2017-07-02,AC-001689,Amy Rodriguez,2020-01-25,100.0,937
GT-007388,Carolyn Reed,2022-08-21,AC-001695,Carolyn Reed,2019-08-25,100.0,1092
GT-005503,Henry Reed,2020-08-17,AC-001699,Henry Reed,2015-09-29,100.0,1784
GT-002333,Donna Rodriguez,2022-09-08,AC-001702,Donald Rodriguez,2016-03-15,90.32258064516128,2368
GT-003849,James Ramirez,2024-05-07,AC-001707,James Ramirez,2016-06-11,100.0,2887
GT-011731,Christopher Reed,2020-12-20,AC-001716,Christopher Reed,2016-04-26,100.0,1699
GT-003839,Lisa Rodriguez,2021-01-05,AC-001731,Lisa Rodriguez,2022-01-21,100.0,381
GT-008340,Janet Reeves,2016-01-29,AC-001732,Janet Reeves,2019-08-18,100.0,1297
GT-001449,Jeffrey Ramirez,2018-12-26,AC-001740,Jerry Ramirez,2022-02-17,85.71428571428572,1149
GT-007829,Lisa Ramirez,2018-01-23,AC-001748,Lisa Ramirez,2021-10-08,100.0,1354
GT-002681,Patrick Russell,2022-06-28,AC-001752,Peter Russell,2015-03-17,78.57142857142857,2660
GT-004002,Carol Rogers,2018-08-06,AC-001756,Carol Rogers,2023-05-27,100.0,1755
GT-009493,James Reeves,2017-05-21,AC-001770,James Reeves,2015-03-14,100.0,799
GT-001297,Brandon Reeves,2015-10-18,AC-001779,Brandon Reeves,2017-11-27,100.0,771
GT-003846,Pamela Ramirez,2017-11-20,AC-001786,Pamela Ramirez,2024-04-09,100.0,2332
GT-006590,Nicholas Rodriguez,2015-07-18,AC-001796,Nicholas Rodriguez,2020-10-29,100.0,1930
GT-000161,Brian Robinson,2015-09-19,AC-001800,Frank Robinson,2020-11-24,85.71428571428572,1893
GT-001738,Amy Russell,2021-12-21,AC-001812,Emily Russell,2021-11-04,83.33333333333334,47
GT-013055,Cynthia Ramirez,2020-02-05,AC-001817,Cynthia Ramirez,2017-07-22,100.0,928
GT-003922,Anthony Rogers,2021-02-02,AC-001850,Anthony Rogers,2015-12-13,100.0,1878
GT-004395,Margaret Ramirez,2024-06-24,AC-001875,Margaret Ramirez,2024-12-09,100.0,168
GT-003225,Susan Reyes,2019-03-30,AC-001886,Susan Reeves,2022-01-24,86.95652173913044,1031
GT-000879,Eric Ramirez,2016-09-23,AC-001891,Eric Ramirez,2018-09-13,100.0,720
GT-003186,Shirley Reyes,2019-01-11,AC-001895,Shirley Reyes,2015-12-17,100.0,1121
GT-004937,Robert Rogers,2019-09-29,AC-001909,Robert Rogers,2020-11-15,100.0,413
GT-012145,Timothy Reed,2022-04-02,AC-001910,Timothy Reed,2023-12-22,100.0,629
GT-001695,Elizabeth Rogers,2015-05-18,AC-001914,Elizabeth Rogers,2024-03-15,100.0,3224
GT-004028,Dennis Rogers,2022-09-20,AC-001921,Dennis Rogers,2021-10-09,100.0,346
GT-001927,Douglas Robinson,2015-04-18,AC-001931,Douglas Robinson,2017-04-24,100.0,737
GT-006923,Kenneth Robinson,2022-02-21,AC-001932,Kenneth Robinson,2024-08-20,100.0,911
GT-002718,Brandon Russell,2020-07-07,AC-001940,Brian Russell,2023-12-17,85.71428571428572,1258
GT-008987,Patrick Reyes,2024-04-23,AC-001965,Patrick Reyes,2019-09-24,100.0,1673
GT-001325,Steven Rogers,2021-06-25,AC-001980,Steven Rogers,2016-10-30,100.0,1699
GT-014574,Deborah Reed,2020-07-24,AC-001984,Debra Reed,2018-08-06,90.9090909090909,718
GT-000870,Jack Reeves,2021-10-09,AC-001988,Jack Reeves,2016-08-09,100.0,1887
GT-007896,Anthony Russell,2021-09-27,AC-002005,Anthony Russell,2017-05-11,100.0,1600
GT-005859,Amy Reeves,2021-11-02,AC-002031,Amy Reeves,2015-11-03,100.0,2191
GT-009043,Christopher Ramos,2016-07-25,AC-002033,Christopher Ramos,2015-12-06,100.0,232
GT-001077,Charles Ramirez,2021-11-21,AC-002043,Charles Ramirez,2020-04-09,100.0,591
GT-004540,Brenda Reyes,2024-04-23,AC-002068,Brenda Reyes,2020-11-08,100.0,1262
GT-003952,Amy Rodriguez,2017-07-02,AC-002094,Adam Rodriguez,2016-03-10,88.88888888888889,479
GT-000400,Cynthia Rodriguez,2017-04-07,AC-002108,Cynthia Rodriguez,2016-11-14,100.0,144
GT-001816,Ashley Rogers,2016-10-15,AC-002113,Ashley Rogers,2021-01-25,100.0,1563
GT-014414,Jack Ramos,2024-05-23,AC-002121,Jack Ramos,2019-08-17,100.0,1741
GT-001270,Amanda Rogers,2020-01-31,AC-002139,Amanda Rogers,2015-06-19,100.0,1687
GT-004443,Dennis Robinson,2018-09-10,AC-002148,Dennis Robinson,2023-07-07,100.0,1761
GT-010813,Brenda Reeves,2023-04-22,AC-002179,Brenda Reeves,2016-01-01,100.0,2668
GT-009932,John Rodriguez,2023-07-16,AC-002187,John Rodriguez,2017-12-21,100.0,2033
GT-007292,Deborah Ramos,2022-12-08,AC-002190,Deborah Ramos,2016-05-08,100.0,2405
GT-003843,Deborah Reyes,2023-09-08,AC-002193,Debra Reyes,2015-04-21,91.66666666666666,3062
GT-011489,Carol Rodriguez,2024-10-03,AC-002225,Carolyn Rodriguez,2024-01-09,93.75,268
GT-012610,Charles Rogers,2023-09-13,AC-002231,Charles Rogers,2021-02-08,100.0,947
GT-003385,Sarah Reed,2020-12-31,AC-002242,Sarah Reed,2015-11-07,100.0,1881
GT-000328,Brenda Rodriguez,2020-08-06,AC-002255,Brenda Rodriguez,2018-10-17,100.0,659
GT-003671,Tyler Robinson,2024-01-24,AC-002292,Tyler Robinson,2018-05-02,100.0,2093
GT-011855,Michelle Reyes,2024-11-15,AC-002296,Michelle Reyes,2022-12-06,100.0,710
GT-004076,William Rogers,2022-05-27,AC-002300,William Rogers,2022-12-17,100.0,204
GT-001908,Richard Rogers,2018-03-09,AC-002308,Richard Rogers,2017-01-30,100.0,403
GT-000838,Jeffrey Russell,2015-09-12,AC-002317,Jeffrey Russell,2021-05-04,100.0,2061
GT-003201,Susan Ramirez,2018-05-14,AC-002318,Susan Ramirez,2018-01-01,100.0,133
GT-000633,Janet Reed,2024-11-24,AC-002322,Janet Reed,2020-06-25,100.0,1613
GT-014919,Jonathan Ramirez,2019-11-10,AC-002328,Jonathan Ramirez,2022-02-26,100.0,839
GT-007379,Stephen Reed,2021-06-09,AC-002358,Stephen Reed,2016-11-03,100.0,1679
GT-001758,Nancy Ramirez,2015-12-07,AC-002401,Nancy Ramirez,2018-11-19,100.0,1078
GT-001120,Emily Rogers,2019-04-19,AC-002432,Emily Rogers,2015-03-02,100.0,1509
GT-010082,Alexander Ramos,2024-11-03,AC-002444,Alexander Ramos,2017-07-27,100.0,2656
GT-010126,Lisa Reyes,2015-11-06,AC-002449,Lisa Reyes,2019-01-29,100.0,1180
GT-004222,Patrick Robinson,2024-02-22,AC-002472,Peter Robinson,2017-08-27,80.0,2370
GT-001773,William Russell,2021-02-25,AC-002474,William Russell,2020-11-26,100.0,91
GT-002384,Stephanie Robinson,2016-12-21,AC-002484,Stephanie Robinson,2018-02-27,100.0,433
GT-003756,Nicholas Reyes,2023-06-28,AC-002487,Nicholas Reyes,2024-09-02,100.0,432
GT-002059,Melissa Rodriguez,2019-04-19,AC-002501,Jessica Rodriguez,2019-08-10,82.35294117647058,113
GT-000224,Joseph Ramirez,2015-06-23,AC-002519,Joshua Ramirez,2024-03-31,85.71428571428572,3204
GT-000311,Aaron Rogers,2023-01-13,AC-002531,Karen Rogers,2020-08-23,83.33333333333334,873
GT-004462,Adam Reeves,2020-06-23,AC-002548,Adam Reeves,2022-10-18,100.0,847
GT-014657,Elizabeth Robinson,2023-11-29,AC-002558,Elizabeth Robinson,2022-01-27,100.0,671
GT-004118,Carolyn Reeves,2016-06-09,AC-002564,Carolyn Reeves,2015-05-26,100.0,380
GT-004535,Debra Robinson,2023-08-30,AC-002596,Debra Robinson,2016-12-30,100.0,2434
GT-001706,Samuel Russell,2020-10-26,AC-002602,Samuel Russell,2023-03-25,100.0,880
GT-001307,John Robinson,2024-02-24,AC-002605,Jason Robinson,2023-09-06,88.88888888888889,171
GT-000065,Jacob Reyes,2021-02-02,AC-002639,Jacob Reeves,2024-04-15,86.95652173913044,1168
GT-000652,Katherine Ramos,2016-10-19,AC-002645,Katherine Ramos,2018-03-02,100.0,499
GT-000447,Brian Ramos,2018-11-17,AC-002646,Brian Ramos,2020-03-10,100.0,479
GT-004414,Scott Reeves,2018-04-07,AC-002672,Scott Reeves,2018-07-13,100.0,97
GT-003419,Carolyn Rogers,2019-02-10,AC-002678,Carolyn Rogers,2020-05-08,100.0,453
GT-008737,Kenneth Reed,2022-09-02,AC-002686,Kenneth Reed,2018-11-07,100.0,1395
GT-004902,Christopher Rodriguez,2022-09-27,AC-002708,Christine Rodriguez,2016-12-09,85.0,2118
GT-001071,Eric Reyes,2018-10-16,AC-002714,Eric Reeves,2020-03-26,85.71428571428572,527
GT-012555,Brian Reeves,2022-01-27,AC-002724,Brian Reeves,2019-07-21,100.0,921
GT-014473,Susan Russell,2022-02-03,AC-002731,Susan Russell,2022-11-08,100.0,278
GT-006454,Daniel Rogers,2018-09-21,AC-002750,Daniel Rogers,2021-11-14,100.0,1150
GT-014710,Steven Ramirez,2021-03-24,AC-002764,Steven Ramirez,2016-01-05,100.0,1905
GT-004776,Douglas Russell,2024-03-19,AC-002773,Douglas Russell,2021-01-15,100.0,1159
GT-000699,Jason Reed,2021-07-11,AC-002783,John Reed,2024-07-22,84.21052631578947,1107
GT-006375,Samantha Reyes,2024-04-07,AC-002786,Samantha Reyes,2019-07-25,100.0,1718
GT-000878,Ronald Reyes,2020-01-04,AC-002787,Ronald Rogers,2021-03-31,80.0,452
GT-001217,Sharon Reeves,2018-01-01,AC-002801,Sharon Reeves,2018-06-29,100.0,179
GT-005014,Alexander Reyes,2022-08-08,AC-002804,Alexander Rogers,2024-06-09,83.87096774193549,671
GT-000168,Donald Reed,2023-07-25,AC-002811,Donald Reed,2015-03-30,100.0,3039
GT-004332,Donald Reeves,2019-03-09,AC-002819,Donald Reeves,2020-07-05,100.0,484
GT-007382,Rachel Reeves,2018-11-29,AC-002827,Rachel Reeves,2024-12-11,100.0,2204
GT-000969,Rebecca Russell,2022-04-15,AC-002832,Rebecca Russell,2020-03-14,100.0,762
GT-000918,Janet Ramos,2018-07-11,AC-002860,James Ramos,2022-02-22,81.81818181818181,1322
GT-001433,Adam Reyes,2019-05-28,AC-002878,Adam Reyes,2017-11-23,100.0,551
GT-004998,Jacob Rogers,2017-01-23,AC-002899,Jacob Rogers,2020-12-28,100.0,1435
GT-003951,Amanda Russell,2018-10-28,AC-002912,Andrew Russell,2024-06-03,78.57142857142857,2045
GT-013323,Dennis Ramos,2023-05-21,AC-002913,Dennis Ramos,2021-03-11,100.0,801
GT-008144,Jeffrey Rogers,2016-12-01,AC-002918,Jeffrey Rogers,2021-09-04,100.0,1738
GT-003465,Ruth Russell,2018-07-12,AC-002920,Ruth Russell,2017-10-24,100.0,261
GT-010448,Frank Ramirez,2024-08-04,AC-002926,Frank Ramirez,2015-01-12,100.0,3492
GT-000224,Joseph Ramirez,2015-06-23,AC-002946,Joseph Ramirez,2016-07-25,100.0,398
GT-012281,Catherine Robinson,2015-06-30,AC-002948,Catherine Robinson,2020-11-18,100.0,1968
GT-000064,Richard Reed,2017-10-09,AC-002984,Richard Reed,2022-08-01,100.0,1757
GT-005614,Raymond Reed,2020-06-15,AC-002985,Raymond Reed,2021-07-03,100.0,383
GT-004106,Larry Smith,2021-09-24,AC-000001,Larry Smith,2024-06-27,100.0,1007
GT-006098,Ruth Stevens,2019-11-29,AC-000012,Ruth Stevens,2018-06-06,100.0,541
GT-004067,Daniel Shelton,2020-11-13,AC-000049,Daniel Shelton,2022-12-18,100.0,765
GT-004376,Dennis Smith,2023-05-21,AC-000065,Dennis Smith,2024-12-04,100.0,563
GT-005744,Cynthia Sanchez,2024-07-17,AC-000073,Cynthia Sanchez,2022-10-24,100.0,632
GT-000043,Samuel Shelton,2017-03-31,AC-000105,Samuel Shelton,2021-11-19,100.0,1694
GT-009782,Christopher Scott,2016-03-21,AC-000115,Christopher Scott,2019-05-14,100.0,1149
GT-001656,Nicholas Stevens,2017-04-09,AC-000124,Nicholas Stevens,2020-12-26,100.0,1357
GT-003817,Amy Smith,2019-02-19,AC-000152,Amy Smith,2019-04-29,100.0,69
GT-005872,Jack Sanchez,2015-09-18,AC-000195,Jack Sanchez,2023-11-11,100.0,2976
GT-001602,Brandon Scott,2023-12-25,AC-000203,Brandon Scott,2021-06-08,100.0,930
GT-000371,Janet Scott,2020-02-24,AC-000216,Janet Scott,2019-02-16,100.0,373
GT-001915,Ashley Smith,2023-11-12,AC-000239,Ashley Smith,2019-03-28,100.0,1690
GT-003674,Dennis Stevens,2021-03-31,AC-000247,Dennis Stevens,2016-08-30,100.0,1674
GT-001975,Scott Sanchez,2019-04-10,AC-000255,Scott Sanchez,2016-04-13,100.0,1092
GT-004378,Catherine Shelton,2018-05-11,AC-000279,Catherine Shelton,2021-05-30,100.0,1115
GT-000916,Dorothy Scott,2024-10-18,AC-000288,Dorothy Scott,2016-12-17,100.0,2862
GT-002522,Mary Sanchez,2020-03-21,AC-000289,Mary Sanchez,2015-02-05,100.0,1871
GT-007728,Sandra Stevens,2019-05-03,AC-000302,Sarah Stevens,2017-04-05,88.88888888888889,758
GT-001915,Ashley Smith,2023-11-12,AC-000307,Shirley Smith,2017-07-06,80.0,2320
GT-000036,Rebecca Sanchez,2020-02-14,AC-000310,Rebecca Sanchez,2015-09-29,100.0,1599
GT-013017,Jessica Sanchez,2021-03-29,AC-000312,Jessica Sanchez,2022-07-14,100.0,472
GT-014325,Tyler Shelton,2024-03-30,AC-000342,Tyler Shelton,2019-02-26,100.0,1859
GT-002027,Jessica Stevens,2021-12-11,AC-000346,Jessica Stevens,2023-09-24,100.0,652
GT-002974,Benjamin Shelton,2017-05-15,AC-000364,Benjamin Shelton,2015-10-30,100.0,563
GT-011142,Ashley Sanchez,2015-12-23,AC-000381,Ashley Sanchez,2018-02-02,100.0,772
GT-014235,Katherine Sanchez,2017-03-08,AC-000409,Catherine Sanchez,2022-05-15,94.11764705882352,1894
GT-000154,Amanda Stevens,2020-04-11,AC-000412,Amanda Stevens,2016-03-19,100.0,1484
GT-000603,Daniel Sanchez,2016-07-01,AC-000426,Daniel Sanchez,2016-10-19,100.0,110
GT-001987,Mary Shelton,2015-08-01,AC-000428,Gary Shelton,2015-11-10,91.66666666666666,101
GT-004961,Sandra Sanchez,2016-05-05,AC-000471,Sandra Sanchez,2015-10-02,100.0,216
GT-009217,Donald Stevens,2021-10-16,AC-000473,Ronald Stevens,2018-04-17,92.85714285714286,1278
GT-001399,Carolyn Shelton,2020-12-04,AC-000485,Carolyn Shelton,2019-09-21,100.0,440
GT-005398,Deborah Shelton,2020-02-11,AC-000511,Deborah Shelton,2020-09-15,100.0,217
GT-011446,Scott Stevens,2017-12-12,AC-000519,Scott Stevens,2021-06-23,100.0,1289
GT-005264,Jennifer Sanchez,2017-10-28,AC-000534,Jennifer Sanchez,2022-10-04,100.0,1802
GT-000698,Barbara Scott,2022-07-09,AC-000537,Barbara Scott,2015-05-09,100.0,2618
GT-005464,Deborah Sanchez,2018-08-24,AC-000564,Deborah Sanchez,2015-12-17,100.0,981
GT-010189,Ruth Smith,2024-04-15,AC-000565,Ruth Smith,2019-04-25,100.0,1817
GT-012163,Ronald Smith,2016-12-20,AC-000569,Ronald Smith,2024-06-22,100.0,2741
GT-000624,Ronald Shelton,2023-03-14,AC-000581,Raymond Shelton,2019-06-25,82.75862068965517,1358
GT-002148,Margaret Smith,2023-12-12,AC-000601,Margaret Smith,2023-09-03,100.0,100
GT-000624,Ronald Shelton,2023-03-14,AC-000613,Donald Shelton,2019-12-26,92.85714285714286,1174
GT-004111,Mary Smith,2019-02-26,AC-000674,Mary Smith,2018-12-19,100.0,69
GT-001566,Michael Shelton,2024-04-28,AC-000696,Michelle Shelton,2018-02-28,90.32258064516128,2251
GT-001249,Daniel Stevens,2021-05-30,AC-000736,Daniel Stevens,2024-05-01,100.0,1067
GT-005386,Kevin Sanchez,2020-06-17,AC-000758,Kevin Sanchez,2017-10-19,100.0,972
GT-009127,Matthew Stevens,2021-07-14,AC-000773,Matthew Stevens,2015-04-06,100.0,2291
GT-001866,Steven Shelton,2017-07-26,AC-000780,Stephanie Shelton,2015-06-22,77.41935483870968,765
GT-006812,Christopher Stevens,2018-02-03,AC-000793,Christopher Stevens,2016-07-07,100.0,576
GT-011818,Kevin Stevens,2015-01-25,AC-000803,Kevin Stevens,2019-05-23,100.0,1579
GT-003198,Kevin Shelton,2024-06-08,AC-000820,Kevin Shelton,2019-07-22,100.0,1783
GT-000631,Catherine Scott,2017-09-08,AC-000842,Katherine Scott,2020-07-09,93.33333333333333,1035
GT-004714,Gary Stevens,2021-12-11,AC-000845,Gary Stevens,2015-03-30,100.0,2448
GT-005632,Richard Sanchez,2023-10-19,AC-000847,Richard Sanchez,2017-03-26,100.0,2398
GT-002956,Jason Scott,2023-01-28,AC-000848,Jason Scott,2022-01-05,100.0,388
GT-000787,Steven Stevens,2020-01-11,AC-000863,Steven Stevens,2016-06-11,100.0,1309
GT-013014,Larry Scott,2015-03-04,AC-000903,Laura Scott,2020-06-22,81.81818181818181,1937
GT-013731,Aaron Stevens,2023-05-13,AC-000905,Aaron Stevens,2017-07-22,100.0,2121
GT-014945,Justin Stevens,2015-08-17,AC-000907,Justin Stevens,2021-06-21,100.0,2135
GT-004397,Raymond Scott,2022-09-25,AC-000932,Raymond Scott,2017-03-18,100.0,2017
GT-008490,Sandra Smith,2015-03-14,AC-000950,Sandra Smith,2017-04-26,100.0,774
GT-005767,Edward Shelton,2019-08-20,AC-000984,Edward Shelton,2019-01-06,100.0,226
GT-006316,James Shelton,2020-11-24,AC-000998,Janet Shelton,2017-07-12,84.61538461538461,1231
GT-006432,Pamela Smith,2016-05-12,AC-001015,Pamela Smith,2018-05-18,100.0,736
GT-004187,Edward Smith,2017-07-25,AC-001028,Edward Smith,2015-12-15,100.0,588
GT-003432,Jonathan Scott,2017-11-09,AC-001047,Jonathan Scott,2017-07-28,100.0,104
GT-012619,Matthew Scott,2024-09-30,AC-001063,Matthew Scott,2016-03-02,100.0,3134
GT-006382,Sarah Smith,2018-12-01,AC-001070,Sarah Smith,2020-06-26,100.0,573
GT-001681,David Scott,2015-06-30,AC-001082,David Scott,2024-08-19,100.0,3338
GT-011818,Kevin Stevens,2015-01-25,AC-001100,Karen Stevens,2018-11-28,84.61538461538461,1403
GT-005542,Susan Scott,2015-03-03,AC-001109,Susan Scott,2023-10-02,100.0,3135
GT-012082,Donna Shelton,2016-07-06,AC-001134,Dennis Shelton,2022-10-17,81.4814814814815,2294
GT-004545,Jerry Sanchez,2016-12-30,AC-001153,Henry Sanchez,2019-03-12,84.61538461538461,802
GT-001081,Janet Stevens,2022-08-17,AC-001160,Janet Stevens,2017-01-27,100.0,2028
GT-000743,Scott Scott,2020-12-30,AC-001173,Scott Scott,2018-06-21,100.0,923
GT-008490,Sandra Smith,2015-03-14,AC-001174,Amanda Smith,2021-01-09,83.33333333333334,2128
GT-003398,Elizabeth Sanchez,2017-02-09,AC-001180,Elizabeth Sanchez,2020-04-12,100.0,1158
GT-000820,Andrew Scott,2022-04-15,AC-001203,Andrew Scott,2016-03-01,100.0,2236
GT-001625,Anna Smith,2023-08-25,AC-001219,Anna Smith,2016-10-19,100.0,2501
GT-004060,Cynthia Shelton,2016-11-13,AC-001241,Cynthia Shelton,2023-01-26,100.0,2265
GT-014151,Carolyn Scott,2017-05-06,AC-001243,Carolyn Scott,2020-03-24,100.0,1053
GT-011636,Amy Scott,2023-03-27,AC-001269,Amy Scott,2016-11-07,100.0,2331
GT-001352,Frank Sanchez,2024-01-26,AC-001294,Frank Sanchez,2019-11-25,100.0,1523
GT-000609,Carol Scott,2015-02-08,AC-001306,Carol Scott,2016-08-16,100.0,555
GT-002646,Debra Smith,2018-04-01,AC-001311,Debra Smith,2022-02-12,100.0,1413
GT-004980,Jerry Scott,2015-07-14,AC-001318,Jerry Scott,2016-06-14,100.0,336
GT-006306,Emily Smith,2022-03-29,AC-001331,Emily Smith,2023-08-20,100.0,509
GT-000488,Emily Scott,2021-09-05,AC-001371,Emma Scott,2024-10-18,76.19047619047619,1139
GT-007071,Scott Shelton,2020-12-01,AC-001378,Scott Shelton,2020-10-22,100.0,40
GT-000410,Sandra Shelton,2017-05-26,AC-001420,Andrew Shelton,2019-11-06,78.57142857142857,894
GT-002521,Justin Shelton,2019-11-03,AC-001466,Justin Shelton,2017-07-09,100.0,847
GT-000488,Emily Scott,2021-09-05,AC-001474,Emily Scott,2019-01-16,100.0,963
GT-010476,Daniel Scott,2021-05-08,AC-001477,Daniel Scott,2017-10-23,100.0,1293
GT-001987,Mary Shelton,2015-08-01,AC-001551,Mary Shelton,2022-07-18,100.0,2543
GT-001186,Samuel Sanchez,2021-12-20,AC-001571,Samuel Sanchez,2023-09-24,100.0,643
GT-011992,Angela Sanchez,2017-04-01,AC-001587,Angela Sanchez,2020-02-09,100.0,1044
GT-004787,Carolyn Smith,2021-11-03,AC-001621,Carolyn Smith,2024-10-10,100.0,1072
GT-008494,Elizabeth Shelton,2024-12-18,AC-001625,Elizabeth Shelton,2021-06-15,100.0,1282
GT-002354,Nicholas Smith,2023-05-18,AC-001643,Nicholas Smith,2015-09-24,100.0,2793
GT-002323,Karen Sanchez,2021-08-03,AC-001648,Karen Sanchez,2020-10-14,100.0,293
GT-001638,Adam Sanchez,2022-09-24,AC-001672,Edward Sanchez,2021-12-29,76.92307692307692,269
GT-011947,Nicole Shelton,2024-05-13,AC-001682,Nicholas Shelton,2016-02-21,86.66666666666667,3004
GT-000299,Patrick Sanchez,2022-09-24,AC-001688,Patrick Sanchez,2022-06-13,100.0,103
GT-007728,Sandra Stevens,2019-05-03,AC-001719,Sandra Stevens,2018-05-31,100.0,337
GT-004666,Susan Sanchez,2019-09-12,AC-001744,Susan Sanchez,2019-01-08,100.0,247
GT-003295,Michelle Smith,2015-10-20,AC-001784,Michelle Smith,2020-04-20,100.0,1644
GT-012233,Joseph Stevens,2015-02-02,AC-001825,Joseph Stevens,2018-09-18,100.0,1324
GT-012901,Kathleen Smith,2015-06-03,AC-001846,Kathleen Smith,2018-08-20,100.0,1174
GT-007966,Dennis Scott,2021-04-09,AC-001864,Dennis Scott,2023-11-06,100.0,941
GT-010330,Alexander Sanchez,2016-01-07,AC-001916,Alexander Sanchez,2015-08-05,100.0,155
GT-007963,Joshua Smith,2021-07-06,AC-001926,Joshua Smith,2024-06-24,100.0,1084
GT-005705,Anna Sanchez,2015-07-29,AC-001928,Anna Sanchez,2017-03-17,100.0,597
GT-008420,Adam Stevens,2024-07-04,AC-001949,Amy Stevens,2023-04-14,86.95652173913044,447
GT-006579,Sharon Sanchez,2023-06-02,AC-001990,Sharon Sanchez,2019-10-16,100.0,1325
GT-001866,Steven Shelton,2017-07-26,AC-002026,Steven Shelton,2019-10-25,100.0,821
GT-004632,Christopher Shelton,2019-10-13,AC-002039,Christopher Shelton,2019-01-11,100.0,275
GT-004291,Scott Smith,2015-03-26,AC-002071,Scott Smith,2022-03-29,100.0,2560
GT-011372,Patrick Scott,2018-12-02,AC-002074,Patrick Scott,2016-08-14,100.0,840
GT-001481,Benjamin Sanchez,2015-04-16,AC-002106,Benjamin Sanchez,2019-03-17,100.0,1431
GT-000855,Jason Stevens,2022-05-23,AC-002128,Jason Stevens,2020-05-28,100.0,725
GT-003415,Brian Shelton,2022-02-15,AC-002136,Brian Shelton,2017-09-23,100.0,1606
GT-011467,Adam Scott,2015-07-19,AC-002147,Adam Scott,2019-06-19,100.0,1431
GT-001499,Angela Smith,2021-12-14,AC-002150,Angela Smith,2020-10-14,100.0,426
GT-000631,Catherine Scott,2017-09-08,AC-002174,Catherine Scott,2020-09-13,100.0,1101
GT-003473,Ryan Stevens,2024-05-17,AC-002177,Ryan Stevens,2019-07-11,100.0,1772
GT-001756,Brandon Sanchez,2024-04-05,AC-002202,Brandon Sanchez,2017-04-24,100.0,2538
GT-001370,Michelle Sanchez,2018-04-02,AC-002264,Michelle Sanchez,2022-07-13,100.0,1563
GT-000345,Robert Scott,2017-12-30,AC-002270,Robert Scott,2022-12-09,100.0,1805
GT-001462,David Smith,2015-06-09,AC-002276,David Smith,2023-04-05,100.0,2857
GT-004536,Deborah Stevens,2021-08-12,AC-002302,Deborah Stevens,2022-01-20,100.0,161
GT-005251,Melissa Smith,2016-10-22,AC-002336,Melissa Smith,2019-03-31,100.0,890
GT-002174,Patricia Sanchez,2019-09-26,AC-002354,Patricia Sanchez,2022-03-14,100.0,900
GT-014084,Mary Stevens,2020-10-24,AC-002379,Mary Stevens,2017-11-19,100.0,1070
GT-005255,Douglas Sanchez,2024-05-23,AC-002488,Douglas Sanchez,2022-11-12,100.0,558
GT-004012,Amy Shelton,2017-05-13,AC-002491,Amy Shelton,2020-01-05,100.0,967
GT-001727,Emma Sanchez,2018-09-12,AC-002492,Emma Sanchez,2022-03-30,100.0,1295
GT-000430,Frank Scott,2022-06-18,AC-002493,Frank Scott,2023-07-19,100.0,396
GT-005368,Sarah Shelton,2017-06-25,AC-002509,Sarah Shelton,2017-08-20,100.0,56
GT-003983,Jonathan Smith,2017-10-22,AC-002591,Jonathan Smith,2023-08-10,100.0,2118
GT-006812,Christopher Stevens,2018-02-03,AC-002603,Christine Stevens,2020-07-26,83.33333333333334,904
GT-001691,Emma Stevens,2021-07-30,AC-002628,Emma Stevens,2016-11-25,100.0,1708
GT-000854,Cynthia Stevens,2017-08-12,AC-002654,Cynthia Stevens,2017-06-22,100.0,51
GT-001572,Michael Scott,2018-11-20,AC-002674,Rachel Scott,2018-02-28,80.0,265
GT-002956,Jason Scott,2023-01-28,AC-002687,John Scott,2018-05-14,85.71428571428572,1720
GT-001081,Janet Stevens,2022-08-17,AC-002705,Kenneth Stevens,2019-08-18,78.57142857142857,1095
GT-009568,Edward Stevens,2018-12-27,AC-002711,Edward Stevens,2015-05-27,100.0,1310
GT-003153,Christine Scott,2018-12-07,AC-002759,Christine Scott,2020-09-26,100.0,659
GT-005211,Douglas Smith,2019-12-02,AC-002769,Douglas Scott,2019-03-28,76.92307692307692,249
GT-005127,Michael Sanchez,2020-02-08,AC-002775,Michael Sanchez,2022-11-09,100.0,1005
GT-001675,Carol Smith,2022-08-23,AC-002793,Carol Smith,2024-07-19,100.0,696
GT-005229,Jose Smith,2018-04-10,AC-002816,Jose Smith,2024-11-02,100.0,2398
GT-012732,Henry Stevens,2021-11-05,AC-002846,Helen Stevens,2019-10-11,84.61538461538461,756
GT-000930,Gary Smith,2015-06-23,AC-002850,Gary Smith,2016-07-30,100.0,403
GT-008460,Donna Stevens,2016-03-04,AC-002865,Donna Stevens,2015-09-20,100.0,166
GT-002323,Karen Sanchez,2021-08-03,AC-002884,Helen Sanchez,2022-12-09,76.92307692307692,493
GT-001866,Steven Shelton,2017-07-26,AC-002888,Stephen Shelton,2019-05-08,89.65517241379311,651
GT-001858,Paul Smith,2023-02-22,AC-002890,Paul Smith,2016-01-27,100.0,2583
GT-011762,Linda Stevens,2019-10-05,AC-002907,Linda Stevens,2022-07-14,100.0,1013
GT-004704,Sharon Scott,2017-07-28,AC-002908,Sharon Scott,2023-01-29,100.0,2011
GT-005772,Sharon Stevens,2015-10-03,AC-002933,Sharon Stevens,2023-11-05,100.0,2955
GT-003557,Jeffrey Taylor,2018-01-14,AC-000034,Jeffrey Taylor,2017-08-27,100.0,140
GT-012687,Kathleen Torres,2016-02-13,AC-000051,Kathleen Torres,2019-04-12,100.0,1154
GT-005562,Christopher Thompson,2016-07-23,AC-000060,Christopher Thompson,2018-03-09,100.0,594
GT-002304,Carol Thompson,2019-03-21,AC-000063,Carol Thompson,2020-08-21,100.0,519
GT-009847,Sarah Torres,2020-06-25,AC-000088,Sarah Torres,2018-11-04,100.0,599
GT-004772,John Torres,2021-12-17,AC-000094,John Torres,2024-02-22,100.0,797
GT-011727,Jacob Taylor,2015-11-24,AC-000103,Jacob Taylor,2020-10-10,100.0,1782
GT-012067,Carolyn Torres,2023-01-18,AC-000180,Carolyn Torres,2024-06-08,100.0,507
GT-002622,Jeffrey Thompson,2015-02-01,AC-000215,Jeffrey Thompson,2015-06-21,100.0,140
GT-001062,Alexander Thompson,2020-05-03,AC-000221,Alexander Thompson,2016-02-04,100.0,1550
GT-001047,Mary Taylor,2019-09-07,AC-000232,Mary Taylor,2018-07-27,100.0,407
GT-006201,Steven Thomas,2021-04-20,AC-000244,Steven Thomas,2015-06-19,100.0,2132
GT-005163,Jason Thomas,2018-10-26,AC-000341,John Thomas,2019-05-25,86.95652173913044,211
GT-007782,Brandon Thomas,2016-12-17,AC-000354,Brandon Thomas,2024-07-18,100.0,2770
GT-000272,Alexander Thomas,2019-02-15,AC-000355,Alexander Thomas,2024-07-20,100.0,1982
GT-000500,Eric Torres,2023-10-03,AC-000385,Eric Torres,2019-05-09,100.0,1608
GT-000937,Rachel Torres,2023-02-11,AC-000399,Rachel Torres,2023-09-17,100.0,218
GT-002519,Larry Taylor,2017-12-27,AC-000401,Larry Taylor,2023-09-04,100.0,2077
GT-000798,Richard Taylor,2017-06-30,AC-000427,Richard Taylor,2015-01-04,100.0,908
GT-001722,Ronald Taylor,2024-08-10,AC-000442,Raymond Taylor,2018-03-05,81.4814814814815,2350
GT-005574,Jennifer Taylor,2020-02-12,AC-000451,Jennifer Taylor,2024-08-24,100.0,1655
GT-004334,Jack Thomas,2016-09-04,AC-000461,Jack Thomas,2020-09-13,100.0,1470
GT-001209,Gary Thompson,2015-09-24,AC-000476,Larry Thompson,2017-12-22,88.88888888888889,820
GT-002549,Amy Torres,2023-03-21,AC-000496,Amy Torres,2016-12-07,100.0,2295
GT-001289,Karen Taylor,2022-10-09,AC-000518,Karen Taylor,2020-10-25,100.0,714
GT-005004,Laura Torres,2022-11-16,AC-000545,Laura Torres,2018-02-11,100.0,1739
GT-003751,Emma Thompson,2017-05-31,AC-000548,Emma Thompson,2017-11-18,100.0,171
GT-014735,Michelle Thompson,2015-07-29,AC-000552,Michelle Thompson,2018-06-19,100.0,1056
GT-002467,Kimberly Taylor,2018-06-15,AC-000573,Kimberly Taylor,2016-12-08,100.0,554
GT-001008,Debra Torres,2018-05-03,AC-000597,Debra Torres,2015-09-25,100.0,951
GT-000959,Melissa Taylor,2022-10-21,AC-000599,Melissa Taylor,2021-09-14,100.0,402
GT-002478,Kevin Thompson,2024-01-01,AC-000652,Kevin Thomas,2022-09-14,84.61538461538461,474
GT-010872,Samantha Taylor,2021-07-31,AC-000700,Samantha Taylor,2017-03-06,100.0,1608
GT-007791,Deborah Taylor,2017-02-23,AC-000713,Debra Taylor,2019-10-08,92.3076923076923,957
GT-002019,Benjamin Thomas,2022-01-11,AC-000732,Benjamin Torres,2021-01-31,80.0,345
GT-004649,Jeffrey Thomas,2024-08-17,AC-000740,Jeffrey Thomas,2023-08-19,100.0,364
GT-010263,David Thomas,2015-06-07,AC-000785,David Thomas,2024-05-19,100.0,3269
GT-000691,Helen Torres,2023-11-25,AC-000798,Helen Torres,2023-02-05,100.0,293
GT-005238,Stephen Taylor,2017-09-15,AC-000816,Stephen Taylor,2018-05-28,100.0,255
GT-013917,Raymond Torres,2023-05-14,AC-000841,Raymond Torres,2015-07-19,100.0,2856
GT-006801,Robert Thomas,2015-08-07,AC-000856,Robert Thomas,2016-05-16,100.0,283
GT-006846,Anna Torres,2016-08-05,AC-000857,Anna Torres,2019-12-23,100.0,1235
GT-000199,Stephanie Torres,2020-01-05,AC-000862,Stephanie Torres,2019-08-29,100.0,129
GT-001211,Joseph Thompson,2022-08-14,AC-000870,Joseph Thompson,2020-10-31,100.0,652
GT-007259,Melissa Torres,2019-07-07,AC-000874,Melissa Torres,2015-10-18,100.0,1358
GT-001445,Donna Thompson,2022-11-20,AC-000888,Douglas Thompson,2016-08-18,80.0,2285
GT-007250,Eric Thompson,2021-05-20,AC-000897,Eric Thompson,2016-08-11,100.0,1743
GT-006721,Samuel Taylor,2017-12-02,AC-000928,Samuel Taylor,2023-02-14,100.0,1900
GT-005939,Sharon Thomas,2018-12-20,AC-000939,Sharon Thomas,2023-07-04,100.0,1657
GT-003101,Elizabeth Torres,2020-03-07,AC-000951,Elizabeth Torres,2020-12-26,100.0,294
GT-001213,Emily Thompson,2019-03-16,AC-001054,Emily Thomas,2015-06-09,84.61538461538461,1376
GT-000769,Lisa Thompson,2024-02-19,AC-001060,Linda Thompson,2017-12-29,88.88888888888889,2243
GT-000413,Dorothy Torres,2018-08-21,AC-001071,Dorothy Torres,2017-10-14,100.0,311
GT-000280,Andrew Thompson,2017-07-06,AC-001084,Andrew Thompson,2022-04-13,100.0,1742
GT-004059,Katherine Taylor,2024-10-24,AC-001108,Katherine Taylor,2017-11-16,100.0,2534
GT-001008,Debra Torres,2018-05-03,AC-001113,Deborah Torres,2016-10-04,92.3076923076923,576
GT-006264,Stephanie Thomas,2018-03-14,AC-001131,Stephanie Thomas,2022-07-19,100.0,1588
GT-007765,Joshua Torres,2019-05-20,AC-001154,Joshua Torres,2017-07-25,100.0,664
GT-007365,Joshua Thomas,2020-09-09,AC-001156,Joshua Thomas,2015-12-05,100.0,1740
GT-006119,Joseph Thomas,2019-11-07,AC-001170,Joseph Thomas,2019-05-31,100.0,160
GT-001213,Emily Thompson,2019-03-16,AC-001183,Emily Thompson,2016-09-17,100.0,910
GT-000030,Jennifer Thompson,2021-11-12,AC-001250,Jennifer Thompson,2021-12-17,100.0,35
GT-007189,Kenneth Thompson,2018-01-16,AC-001261,Kenneth Thompson,2022-05-04,100.0,1569
GT-005297,Charles Thomas,2018-02-25,AC-001305,Charles Thomas,2018-12-19,100.0,297
GT-002163,Christine Thomas,2019-09-06,AC-001324,Christine Thomas,2020-06-10,100.0,278
GT-002764,Emily Torres,2021-08-22,AC-001325,Emma Torres,2015-01-10,78.26086956521739,2416
GT-006000,Andrew Taylor,2016-10-14,AC-001383,Andrew Taylor,2022-08-25,100.0,2141
GT-010326,Janet Thompson,2020-07-19,AC-001385,Janet Thompson,2024-07-07,100.0,1449
GT-000915,Samuel Thomas,2020-12-15,AC-001389,Paul Thomas,2020-11-25,83.33333333333334,20
GT-006037,Shirley Torres,2020-11-20,AC-001459,Shirley Torres,2016-05-17,100.0,1648
GT-010399,Samantha Thompson,2015-08-15,AC-001462,Samantha Thompson,2018-03-02,100.0,930
GT-002258,Jacob Torres,2024-08-18,AC-001481,Jack Torres,2017-06-25,86.95652173913044,2611
GT-007205,Adam Torres,2024-04-10,AC-001505,Adam Torres,2021-09-29,100.0,924
GT-007693,Nicholas Torres,2017-02-07,AC-001564,Nicholas Torres,2019-01-10,100.0,702
GT-005562,Christopher Thompson,2016-07-23,AC-001589,Christopher Thomas,2021-01-08,89.47368421052632,1630
GT-000956,Gary Taylor,2023-05-07,AC-001606,Gary Taylor,2022-04-29,100.0,373
GT-007619,Nancy Taylor,2022-10-08,AC-001618,Nancy Taylor,2016-11-11,100.0,2157
GT-003335,Sarah Taylor,2022-03-25,AC-001692,Sandra Taylor,2020-06-21,88.0,642
GT-007151,Joseph Torres,2019-02-22,AC-001728,Joseph Torres,2017-09-04,100.0,536
GT-001732,Sandra Thomas,2019-11-26,AC-001739,Sandra Thomas,2022-05-11,100.0,897
GT-013171,Ryan Thompson,2018-02-19,AC-001745,Ryan Thompson,2020-11-07,100.0,992
GT-006760,Carolyn Thompson,2023-06-06,AC-001747,Carolyn Thompson,2019-11-26,100.0,1288
GT-007024,Debra Thompson,2016-03-23,AC-001749,Debra Thompson,2019-01-27,100.0,1040
GT-003733,Susan Taylor,2021-09-15,AC-001787,Justin Taylor,2021-10-28,80.0,43
GT-006192,Matthew Thomas,2020-08-12,AC-001793,Matthew Thomas,2016-02-21,100.0,1634
GT-003213,Dorothy Thompson,2019-04-04,AC-001805,Dorothy Thompson,2023-11-17,100.0,1688
GT-003763,Timothy Thompson,2017-08-22,AC-001813,Timothy Thompson,2017-09-30,100.0,39
GT-000439,Brandon Thompson,2021-09-01,AC-001816,Brandon Thompson,2020-04-27,100.0,492
GT-008014,Ryan Torres,2023-05-15,AC-001835,Ryan Torres,2019-05-22,100.0,1454
GT-003733,Susan Taylor,2021-09-15,AC-001836,Susan Taylor,2022-07-26,100.0,314
GT-000871,Carol Torres,2020-03-26,AC-001845,Carol Torres,2015-06-23,100.0,1738
GT-001289,Karen Taylor,2022-10-09,AC-001855,Kevin Taylor,2022-12-19,83.33333333333334,71
GT-013081,Stephen Thomas,2018-05-27,AC-001858,Stephen Thomas,2021-03-10,100.0,1018
GT-007879,Alexander Torres,2018-11-23,AC-001907,Alexander Torres,2019-04-29,100.0,157
GT-014870,Margaret Torres,2021-11-24,AC-001930,Margaret Torres,2016-03-12,100.0,2083
GT-004205,Sandra Torres,2024-11-29,AC-001985,Sandra Torres,2017-04-13,100.0,2787
GT-001283,Deborah Thomas,2018-05-20,AC-001987,Deborah Thomas,2015-06-28,100.0,1057
GT-014965,Edward Thompson,2015-10-31,AC-002011,Edward Thompson,2023-10-08,100.0,2899
GT-010607,Cynthia Torres,2015-11-12,AC-002014,Cynthia Torres,2022-04-26,100.0,2357
GT-003820,Brenda Thomas,2015-06-24,AC-002034,Brenda Thomas,2020-04-24,100.0,1766
GT-003981,Henry Torres,2023-08-29,AC-002052,Henry Torres,2024-07-19,100.0,325
GT-008265,William Thompson,2020-01-23,AC-002092,William Thompson,2022-04-13,100.0,811
GT-002332,Jennifer Thomas,2016-02-23,AC-002110,Jennifer Thomas,2022-06-25,100.0,2314
GT-000234,Angela Thomas,2021-01-02,AC-002120,Angela Thomas,2020-07-28,100.0,158
GT-007018,Anna Thompson,2015-08-17,AC-002204,Anna Thompson,2016-06-07,100.0,295
GT-006647,Donna Thomas,2015-10-31,AC-002205,Donna Thomas,2018-07-26,100.0,999
GT-003239,Shirley Taylor,2023-08-17,AC-002218,Shirley Taylor,2015-11-08,100.0,2839
GT-008586,Catherine Torres,2022-05-28,AC-002236,Katherine Torres,2024-01-14,93.75,596
GT-011759,Nicholas Thomas,2022-07-21,AC-002247,Nicholas Thomas,2018-06-23,100.0,1489
GT-009307,Stephen Torres,2024-02-29,AC-002253,Steven Torres,2022-12-29,88.88888888888889,427
GT-001209,Gary Thompson,2015-09-24,AC-002285,Gary Thompson,2023-08-22,100.0,2889
GT-001031,Elizabeth Taylor,2017-12-13,AC-002289,Elizabeth Taylor,2016-09-24,100.0,445
GT-007623,Jason Thompson,2023-10-19,AC-002307,Jason Thompson,2023-06-02,100.0,139
GT-011147,Gregory Taylor,2020-10-12,AC-002349,Gregory Taylor,2020-07-14,100.0,90
GT-012441,Debra Thomas,2015-04-30,AC-002360,Debra Thomas,2023-01-22,100.0,2824
GT-009307,Stephen Torres,2024-02-29,AC-002381,Stephen Torres,2015-09-03,100.0,3101
GT-003966,Aaron Thompson,2018-05-14,AC-002407,Aaron Thompson,2021-02-05,100.0,998
GT-001787,Pamela Thomas,2017-08-30,AC-002478,Pamela Thomas,2015-12-25,100.0,614
GT-001797,Donald Thompson,2017-01-21,AC-002514,Donald Thompson,2023-05-14,100.0,2304
GT-001209,Gary Thompson,2015-09-24,AC-002529,Mary Thompson,2022-03-06,92.3076923076923,2355
GT-010006,Patrick Taylor,2019-11-19,AC-002550,Eric Taylor,2022-01-16,80.0,789
GT-011658,Helen Thomas,2023-03-28,AC-002663,Helen Thomas,2023-05-13,100.0,46
GT-000937,Rachel Torres,2023-02-11,AC-002669,Michael Torres,2022-01-17,81.4814814814815,390
GT-006108,Donald Torres,2021-08-23,AC-002795,Donald Torres,2021-10-04,100.0,42
GT-004877,Ashley Torres,2020-07-25,AC-002830,Ashley Torres,2018-07-02,100.0,754
GT-009386,Pamela Taylor,2015-06-17,AC-002867,Pamela Taylor,2016-09-03,100.0,444
GT-011246,Deborah Thompson,2018-09-19,AC-002870,Deborah Thompson,2016-10-27,100.0,692
GT-000278,Rebecca Thomas,2020-08-02,AC-002925,Rebecca Thomas,2015-05-31,100.0,1890
GT-010462,Douglas Taylor,2024-04-11,AC-002935,Douglas Taylor,2022-12-06,100.0,492
GT-004211,Paul Taylor,2017-03-01,AC-002941,Paul Taylor,2015-10-27,100.0,491
GT-004402,Stephen Thompson,2023-09-12,AC-002947,Stephanie Thompson,2015-06-30,88.23529411764706,2996
GT-002641,Jason Wilson,2019-03-07,AC-000028,Jason Wilson,2021-05-21,100.0,806
GT-006207,Michelle Wilson,2015-11-09,AC-000062,Michelle Wilson,2015-09-30,100.0,40
GT-001818,Melissa Wright,2015-04-03,AC-000067,Lisa Wright,2024-01-18,80.0,3212
GT-003218,Rebecca Warren,2020-08-19,AC-000077,Rebecca Warren,2020-06-04,100.0,76
GT-012536,Karen Wilson,2017-07-22,AC-000090,Kevin Wilson,2017-03-01,83.33333333333334,143
GT-006660,Cynthia White,2024-08-03,AC-000092,Cynthia White,2023-06-24,100.0,406
GT-009757,Benjamin Walker,2020-06-17,AC-000098,Benjamin Walker,2020-03-26,100.0,83
GT-003913,Christine White,2021-04-17,AC-000112,Christine White,2024-06-08,100.0,1148
GT-004623,Brian Williams,2023-01-28,AC-000117,Brian Williams,2018-05-29,100.0,1705
GT-005424,Ruth Wright,2019-05-21,AC-000121,Ruth White,2023-07-18,76.19047619047619,1519
GT-007302,Susan Williams,2017-04-06,AC-000133,Susan Williams,2017-05-27,100.0,51
GT-005865,Cynthia Williams,2016-12-06,AC-000134,Cynthia Williams,2018-03-07,100.0,456
GT-004055,Patricia Walker,2024-12-02,AC-000137,Patricia Walker,2016-05-12,100.0,3126
GT-003476,Rebecca Wilson,2023-04-09,AC-000141,Rebecca Williams,2024-09-01,80.0,511
GT-004429,Tyler Williams,2018-03-24,AC-000144,Tyler Williams,2015-05-27,100.0,1032
GT-005568,Mary Warren,2015-03-19,AC-000163,Mary Warren,2020-01-16,100.0,1764
GT-003507,Anna Wilson,2018-04-29,AC-000167,Anna Wilson,2017-05-01,100.0,363
GT-007428,Barbara Wright,2019-03-02,AC-000183,Barbara Wright,2022-09-03,100.0,1281
GT-000523,Stephen Wright,2024-06-04,AC-000191,Stephanie Wright,2021-10-25,86.66666666666667,953
GT-000816,Edward Williams,2016-01-12,AC-000225,Edward Williams,2017-05-03,100.0,477
GT-000135,Lisa Warren,2015-09-04,AC-000227,Lisa Warren,2024-01-10,100.0,3050
GT-001639,Laura Williams,2022-08-09,AC-000233,Laura Williams,2023-03-12,100.0,215
GT-011914,Elizabeth Walker,2019-06-24,AC-000261,Elizabeth Walker,2022-04-25,100.0,1036
GT-001126,Kimberly Wilson,2015-07-21,AC-000271,Kimberly Williams,2016-10-20,81.25,457
GT-006443,Christine Walker,2019-06-17,AC-000283,Christine Walker,2022-08-06,100.0,1146
GT-002106,Scott Wilson,2020-01-25,AC-000295,Scott Wilson,2023-02-25,100.0,1127
GT-003664,Emma Walker,2015-05-17,AC-000300,Emma Walker,2021-05-07,100.0,2182
GT-009110,Christopher Wilson,2019-06-27,AC-000325,Christopher Wilson,2020-12-11,100.0,533
GT-001875,Matthew Wright,2024-01-27,AC-000362,Matthew Wright,2015-11-30,100.0,2980
GT-013950,Nicholas Wright,2024-12-17,AC-000369,Nicholas Wright,2021-03-06,100.0,1382
GT-007132,Henry White,2024-11-07,AC-000373,Henry White,2015-11-28,100.0,3267
GT-003670,Paul Walker,2020-12-08,AC-000384,Paul Walker,2019-04-11,100.0,607
GT-003566,Debra Walker,2018-06-08,AC-000392,Debra Walker,2023-03-11,100.0,1737
GT-000777,Ashley Wilson,2020-07-12,AC-000419,Ashley Wilson,2022-06-28,100.0,716
GT-004864,Amy Warren,2018-10-11,AC-000444,Amy Warren,2021-07-03,100.0,996
GT-005373,Gregory Warren,2021-09-14,AC-000480,Gregory Warren,2024-12-30,100.0,1203
GT-003212,Brian Wilson,2023-07-12,AC-000481,Brian Wilson,2015-08-09,100.0,2894
GT-004864,Amy Warren,2018-10-11,AC-000490,Adam Warren,2024-06-09,85.71428571428572,2068
GT-000473,Jerry Williams,2018-10-02,AC-000525,Henry Williams,2021-03-31,85.71428571428572,911
GT-005237,Charles Walker,2023-08-25,AC-000526,Charles Walker,2023-01-26,100.0,211
GT-010059,Dennis White,2019-02-04,AC-000536,Dennis White,2016-12-14,100.0,782
GT-000796,Debra Wilson,2021-10-20,AC-000549,Debra Wilson,2017-12-17,100.0,1403
GT-010740,Raymond Walker,2022-02-08,AC-000559,Ronald Walker,2023-07-14,81.4814814814815,521
GT-000210,Thomas Warren,2024-11-04,AC-000561,Thomas Warren,2021-08-23,100.0,1169
GT-010048,Gregory Wright,2017-05-04,AC-000579,Gregory Wright,2022-01-15,100.0,1717
GT-000135,Lisa Warren,2015-09-04,AC-000608,Melissa Warren,2015-03-19,80.0,169
GT-000966,Gary Wilson,2016-05-28,AC-000665,Gary Wilson,2016-04-27,100.0,31
GT-011638,Linda Wilson,2016-09-24,AC-000672,Lisa Wilson,2018-10-15,86.95652173913044,751
GT-003226,Kathleen Walker,2015-04-16,AC-000676,Kathleen Walker,2020-07-31,100.0,1933
GT-006287,Jose Wilson,2022-08-24,AC-000698,Jose Wilson,2016-03-07,100.0,2361
GT-007247,Adam Wilson,2024-06-19,AC-000717,Adam Wilson,2019-12-24,100.0,1639
GT-005202,Joshua Wright,2017-06-19,AC-000718,Joshua Wright,2015-12-11,100.0,556
GT-009199,Jonathan Walker,2019-05-09,AC-000724,Jonathan Walker,2023-01-06,100.0,1338
GT-012656,Katherine White,2018-12-31,AC-000726,Katherine White,2021-10-20,100.0,1024
GT-002889,Shirley White,2019-02-03,AC-000728,Shirley White,2022-04-04,100.0,1156
GT-003260,Sharon Walker,2016-10-21,AC-000733,Sharon Walker,2023-10-07,100.0,2542
GT-005511,Carol Wright,2019-11-16,AC-000738,Carolyn Wright,2023-01-09,92.3076923076923,1150
GT-009943,Raymond Warren,2018-06-10,AC-000739,Raymond Warren,2017-02-26,100.0,469
GT-000141,Gary Wright,2021-11-18,AC-000756,Gary Wright,2018-12-31,100.0,1053
GT-005424,Ruth Wright,2019-05-21,AC-000760,Ruth Wright,2022-02-05,100.0,991
GT-002562,Brandon Wright,2019-09-22,AC-000796,Brenda Wright,2020-11-26,81.4814814814815,431
GT-013082,Joshua Wilson,2017-10-02,AC-000797,Joshua Wilson,2022-02-18,100.0,1600
GT-000394,Paul Warren,2016-06-23,AC-000814,Paul Warren,2022-08-03,100.0,2232
GT-001102,Rebecca White,2021-12-23,AC-000817,Rebecca White,2020-07-16,100.0,525
GT-001664,Jason Williams,2015-07-18,AC-000865,Jason Williams,2015-09-30,100.0,74
GT-003566,Debra Walker,2018-06-08,AC-000876,David Walker,2024-04-09,75.0,2132
GT-000243,Susan Wright,2018-09-04,AC-000878,Justin Wright,2023-08-06,80.0,1797
GT-004311,Larry White,2018-08-08,AC-000900,Larry White,2015-06-04,100.0,1161
GT-010665,Shirley Wright,2017-08-16,AC-000909,Ashley Wright,2019-06-15,81.4814814814815,668
GT-008856,Carol White,2021-11-04,AC-000914,Carol White,2022-12-19,100.0,410
GT-002820,Dennis Walker,2024-03-19,AC-000941,Daniel Walker,2023-03-21,76.92307692307692,364
GT-007496,Kimberly Walker,2017-11-24,AC-000961,Kimberly Walker,2016-04-19,100.0,584
GT-014444,Charles White,2020-12-11,AC-000976,Charles White,2016-01-13,100.0,1794
GT-004212,James Williams,2022-05-06,AC-001010,James Williams,2015-09-25,100.0,2415
GT-005133,Matthew Wilson,2015-01-02,AC-001029,Matthew Wilson,2020-04-23,100.0,1938
GT-000135,Lisa Warren,2015-09-04,AC-001044,Linda Warren,2023-06-15,86.95652173913044,2841
GT-005459,Sandra Wright,2016-07-29,AC-001045,Sandra Wright,2020-06-06,100.0,1408
GT-010929,Susan Wilson,2021-11-03,AC-001053,Susan Wilson,2017-01-26,100.0,1742
GT-002953,Timothy Wilson,2024-11-13,AC-001056,Timothy Williams,2017-04-24,80.0,2760
GT-004912,Emma White,2021-06-24,AC-001129,Emma White,2020-03-14,100.0,467
GT-012411,John Williams,2018-05-26,AC-001132,Jonathan Williams,2019-05-14,86.66666666666667,353
GT-005234,Pamela Wilson,2016-03-21,AC-001152,Pamela Wilson,2024-11-06,100.0,3152
GT-008054,Joseph White,2019-11-12,AC-001165,Joseph White,2016-07-20,100.0,1210
GT-009019,Mary Williams,2021-04-21,AC-001192,Mary Williams,2024-08-22,100.0,1219
GT-000171,Nancy Wright,2022-08-20,AC-001207,Nancy Wright,2020-08-01,100.0,749
GT-013150,Brian Wright,2020-03-31,AC-001211,Brian Wright,2024-08-12,100.0,1595
GT-004643,Steven Warren,2019-10-29,AC-001212,Steven Warren,2024-12-07,100.0,1866
GT-000330,Nicole Wilson,2015-05-26,AC-001230,Nicole Wilson,2016-06-24,100.0,395
GT-000020,Catherine Wilson,2022-11-28,AC-001292,Catherine Wilson,2018-06-16,100.0,1626
GT-001802,Stephanie Walker,2019-07-27,AC-001328,Stephanie Walker,2021-09-11,100.0,777
GT-005649,Dennis Williams,2021-07-14,AC-001338,Dennis Williams,2022-07-29,100.0,380
GT-005631,Jason White,2024-09-13,AC-001344,Jason White,2021-09-02,100.0,1107
GT-007570,Nicholas Williams,2024-04-07,AC-001352,Nicholas Williams,2018-05-06,100.0,2163
GT-003532,Susan Walker,2023-07-23,AC-001394,Susan Walker,2024-01-02,100.0,163
GT-002995,Stephen Warren,2017-01-11,AC-001395,Stephen Warren,2020-02-04,100.0,1119
GT-011326,Samantha Warren,2016-05-31,AC-001403,Samantha Warren,2015-12-27,100.0,156
GT-004424,Jacob Warren,2022-01-28,AC-001431,Jacob Warren,2024-02-21,100.0,754
GT-000883,Daniel White,2023-06-23,AC-001443,David White,2024-06-09,78.26086956521739,352
GT-000563,Tyler Walker,2018-08-07,AC-001500,Tyler Walker,2019-11-14,100.0,464
GT-007236,Christopher White,2024-11-14,AC-001535,Christopher White,2024-12-20,100.0,36
GT-000476,Emily Wilson,2016-03-12,AC-001550,Emily Wilson,2017-12-08,100.0,636
GT-006615,Nicole Walker,2015-05-11,AC-001562,Nicole Walker,2018-07-20,100.0,1166
GT-001828,Samantha Wilson,2021-10-26,AC-001570,Samantha Wilson,2017-01-22,100.0,1738
GT-004054,Jason Walker,2018-07-31,AC-001576,John Walker,2016-04-20,86.95652173913044,832
GT-011144,Emily White,2023-11-08,AC-001580,Emily White,2021-10-24,100.0,745
GT-002832,Debra Wright,2020-09-06,AC-001586,Debra Wright,2023-05-07,100.0,973
GT-002134,Katherine Walker,2016-05-01,AC-001591,Katherine Walker,2018-11-01,100.0,914
GT-005405,Rachel Wilson,2023-11-22,AC-001595,Rachel Wilson,2020-07-30,100.0,1210
GT-014855,Angela Warren,2021-06-21,AC-001599,Angela Warren,2024-11-01,100.0,1229
GT-002443,Michael Walker,2022-08-25,AC-001655,Michael Walker,2023-01-20,100.0,148
GT-002194,Jeffrey Walker,2017-08-31,AC-001685,Jeffrey Walker,2017-06-08,100.0,84
GT-010951,Jason Warren,2022-01-05,AC-001701,Jason Warren,2020-06-08,100.0,576
GT-012536,Karen Wilson,2017-07-22,AC-001708,Karen Wilson,2017-04-23,100.0,90
GT-006512,Anna Walker,2020-06-20,AC-001720,Anna Walker,2016-09-16,100.0,1373
GT-001744,Edward Walker,2015-12-07,AC-001750,Edward Walker,2016-08-16,100.0,253
GT-000815,Ruth Walker,2017-06-13,AC-001765,Ruth Walker,2020-05-18,100.0,1070
GT-012415,Deborah Williams,2022-08-28,AC-001771,Deborah Williams,2018-01-03,100.0,1698
GT-004569,William Wilson,2018-12-16,AC-001789,William Wilson,2017-06-01,100.0,563
GT-006048,Stephanie Williams,2015-01-06,AC-001809,Stephanie Williams,2017-12-11,100.0,1070
GT-002930,Andrew White,2018-04-10,AC-001810,Andrew White,2024-11-22,100.0,2418
GT-006221,Elizabeth Wilson,2018-11-30,AC-001811,Elizabeth Wilson,2021-04-14,100.0,866
GT-000523,Stephen Wright,2024-06-04,AC-001856,Stephen Wright,2020-01-26,100.0,1591
GT-000273,Robert Williams,2019-03-19,AC-001857,Ruth Williams,2015-02-21,78.57142857142857,1487
GT-003969,Gregory White,2022-06-10,AC-001859,Gregory White,2020-01-15,100.0,877
GT-009952,James White,2023-02-20,AC-001920,James White,2018-09-05,100.0,1629
GT-004036,Ronald White,2017-08-19,AC-001934,Ronald White,2016-09-27,100.0,326
GT-011771,Brandon Williams,2015-07-20,AC-001958,Brandon Williams,2023-01-21,100.0,2742
GT-000349,Margaret White,2021-04-10,AC-001976,Margaret White,2017-10-11,100.0,1277
GT-001428,Kevin White,2020-06-23,AC-001977,Kevin White,2019-09-17,100.0,280
GT-004348,Debra White,2015-04-10,AC-002002,Debra White,2018-12-10,100.0,1340
GT-002390,Brenda Wilson,2017-05-31,AC-002004,Brenda Wilson,2024-02-22,100.0,2458
GT-001155,Michael Williams,2016-06-08,AC-002059,Rachel Williams,2016-09-12,83.87096774193549,96
GT-001550,Stephen White,2017-03-28,AC-002060,Stephanie White,2019-12-18,85.71428571428572,995
GT-008657,Jeffrey White,2018-03-15,AC-002061,Jeffrey Wright,2015-07-04,81.4814814814815,985
GT-001765,Rachel White,2022-06-28,AC-002064,Rachel White,2019-05-03,100.0,1152
GT-011089,Paul Williams,2020-03-28,AC-002086,Paul Williams,2015-12-23,100.0,1557
GT-004342,Aaron Williams,2020-02-18,AC-002098,Carolyn Williams,2017-12-24,86.66666666666667,786
GT-005499,Eric Wright,2023-08-27,AC-002100,Eric Wright,2022-04-11,100.0,503
GT-005845,Christopher Williams,2019-10-12,AC-002105,Christine Williams,2024-04-12,84.21052631578947,1644
GT-002003,Anthony Warren,2023-10-04,AC-002167,Anthony Warren,2018-04-22,100.0,1991
GT-001155,Michael Williams,2016-06-08,AC-002178,Michael Williams,2019-10-12,100.0,1221
GT-001229,Margaret Wilson,2019-10-16,AC-002211,Margaret Wilson,2020-05-22,100.0,219
GT-006102,Dorothy White,2021-07-23,AC-002213,Dorothy White,2016-05-29,100.0,1881
GT-002194,Jeffrey Walker,2017-08-31,AC-002227,Jerry Walker,2016-11-26,84.61538461538461,278
GT-000263,Benjamin Warren,2020-03-28,AC-002234,Benjamin Warren,2024-03-21,100.0,1454
GT-014663,Sarah White,2018-12-28,AC-002259,Sarah White,2023-08-08,100.0,1684
GT-012411,John Williams,2018-05-26,AC-002265,John Williams,2024-04-20,100.0,2156
GT-003374,Joseph Williams,2018-02-11,AC-002268,Joseph Williams,2018-12-22,100.0,314
GT-000961,Ronald Williams,2015-10-08,AC-002274,Ronald Williams,2021-11-13,100.0,2228
GT-002894,Jonathan Warren,2024-09-02,AC-002313,Jonathan Warren,2023-03-16,100.0,536
GT-002004,Kenneth Wright,2018-06-09,AC-002369,Kenneth Wright,2022-01-03,100.0,1304
GT-003526,Joshua Williams,2024-12-06,AC-002371,Joshua Williams,2023-02-20,100.0,655
GT-003327,Frank Warren,2023-09-30,AC-002389,Frank Warren,2018-06-28,100.0,1920
GT-014795,Angela White,2018-04-06,AC-002395,Angela White,2019-12-07,100.0,610
GT-003536,Emily Warren,2020-02-01,AC-002399,Emily Warren,2016-05-23,100.0,1349
GT-002482,Jessica Warren,2024-02-04,AC-002418,Jessica Walker,2022-02-18,78.57142857142857,716
GT-005550,Katherine Williams,2018-05-21,AC-002443,Katherine Williams,2020-10-07,100.0,870
GT-002806,Ryan Wright,2017-03-07,AC-002465,Ryan Wright,2018-04-10,100.0,399
GT-013183,Jonathan White,2024-09-03,AC-002516,Jonathan White,2020-01-26,100.0,1682
GT-004665,Steven Walker,2018-03-22,AC-002552,Steven Walker,2023-12-14,100.0,2093
GT-002099,Samantha Williams,2015-08-07,AC-002565,Samantha Williams,2023-04-29,100.0,2822
GT-004268,Sharon Williams,2019-08-08,AC-002572,Sharon Williams,2022-08-26,100.0,1114
GT-001278,Jonathan Wright,2017-04-19,AC-002681,Jonathan Wright,2015-11-01,100.0,535
GT-014556,Peter Williams,2024-06-05,AC-002690,Peter Williams,2022-06-03,100.0,733
GT-004702,Catherine Warren,2017-03-26,AC-002734,Catherine Warren,2016-03-23,100.0,368
GT-014714,Linda White,2018-01-08,AC-002763,Linda White,2015-04-07,100.0,1007
GT-004643,Steven Warren,2019-10-29,AC-002765,Kevin Warren,2020-12-09,80.0,407
GT-001555,Henry Walker,2016-08-30,AC-002779,Henry Walker,2018-11-08,100.0,800
GT-012485,Michael Wilson,2015-01-28,AC-002796,Michael Wilson,2024-07-06,100.0,3447
GT-004625,Laura Walker,2022-08-21,AC-002817,Laura Walker,2015-08-04,100.0,2574
GT-006948,Carol Walker,2022-03-26,AC-002874,Carol Walker,2016-11-11,100.0,1961
GT-000919,Amanda Walker,2019-04-22,AC-002879,Andrew Walker,2023-07-30,76.92307692307692,1560
GT-008141,Patricia Wright,2019-12-03,AC-002880,Patricia Wright,2022-03-08,100.0,826
GT-004641,Anthony Wilson,2024-05-23,AC-002911,Anthony Wilson,2022-08-08,100.0,654
GT-011958,Samuel Wilson,2021-08-20,AC-002939,Samuel Wilson,2022-07-12,100.0,326
GT-008980,Larry Wilson,2019-12-01,AC-002963,Larry Wilson,2017-07-01,100.0,883
GT-001796,Raymond Williams,2020-11-12,AC-002964,Raymond Williams,2019-04-23,100.0,569
GT-012656,Katherine White,2018-12-31,AC-002969,Kathleen White,2016-10-08,82.75862068965517,814
GT-009881,Timothy Wright,2017-02-23,AC-002994,Timothy Wright,2023-09-18,100.0,2398
GT-011917,Jeffrey Wilson,2017-07-08,AC-002998,Jeffrey Wilson,2023-10-31,100.0,2306
GT-002078,Frank Wilson,2024-11-18,AC-003000,Frank Wilson,2017-04-05,100.0,2784
GT-005780,Amanda Young,2016-07-13,AC-000125,Amanda Young,2020-11-17,100.0,1588
GT-007654,Mary Young,2017-06-26,AC-000156,Mary Young,2022-07-09,100.0,1839
GT-009160,Jeffrey Young,2017-04-09,AC-000157,Jeffrey Young,2023-07-09,100.0,2282
GT-000052,Larry Young,2023-11-05,AC-000162,Barbara Young,2021-02-10,75.0,998
GT-005748,Benjamin Young,2020-07-04,AC-000316,Benjamin Young,2022-07-03,100.0,729
GT-013804,Sarah Young,2017-06-21,AC-000762,Sarah Young,2019-10-22,100.0,853
GT-008510,Ashley Young,2020-10-12,AC-000860,Ashley Young,2017-06-18,100.0,1212
GT-012559,Jennifer Young,2015-04-18,AC-000974,Jennifer Young,2023-08-17,100.0,3043
GT-003183,David Young,2016-03-03,AC-001004,Daniel Young,2015-04-28,78.26086956521739,310
GT-011592,Ruth Young,2020-07-02,AC-001022,Ruth Young,2016-05-28,100.0,1496
GT-001362,Brenda Young,2020-08-20,AC-001067,Brenda Young,2020-10-28,100.0,69
GT-002750,Melissa Young,2018-11-21,AC-001145,Melissa Young,2017-05-17,100.0,553
GT-005410,Samuel Young,2021-10-17,AC-001226,Samuel Young,2024-07-23,100.0,1010
GT-010205,Sandra Young,2022-06-26,AC-001501,Sandra Young,2015-12-28,100.0,2372
GT-008764,Adam Young,2021-03-30,AC-001559,Adam Young,2020-02-18,100.0,406
GT-009615,Justin Young,2015-02-01,AC-001639,Justin Young,2017-11-14,100.0,1017
GT-011354,Nicholas Young,2015-05-14,AC-001821,Nicholas Young,2022-07-07,100.0,2611
GT-004656,Anna Young,2023-02-23,AC-001844,Anna Young,2016-08-31,100.0,2367
GT-003828,Gregory Young,2024-06-02,AC-001904,Gregory Young,2023-02-27,100.0,461
GT-006490,Jessica Young,2020-11-01,AC-001959,Jessica Young,2021-09-25,100.0,328
GT-011231,Scott Young,2021-05-25,AC-001982,Scott Young,2017-07-28,100.0,1397
GT-000319,Jose Young,2019-03-02,AC-002015,Jose Young,2017-12-02,100.0,455
GT-000483,Anthony Young,2017-10-16,AC-002107,Anthony Young,2017-07-13,100.0,95
GT-008758,Nancy Young,2019-01-23,AC-002186,Nancy Young,2017-10-12,100.0,468
GT-013577,Carol Young,2015-04-09,AC-002337,Carol Young,2023-11-11,100.0,3138
GT-005578,Pamela Young,2015-12-14,AC-002380,Pamela Young,2023-08-21,100.0,2807
GT-000084,Michelle Young,2020-06-26,AC-002387,Michelle Young,2023-05-27,100.0,1065
GT-004228,Janet Young,2020-05-16,AC-002393,Janet Young,2016-12-21,100.0,1242
GT-001459,Tyler Young,2017-12-19,AC-002408,Tyler Young,2018-04-11,100.0,113
GT-003183,David Young,2016-03-03,AC-002422,David Young,2022-10-07,100.0,2409
GT-004386,Henry Young,2021-04-03,AC-002559,Henry Young,2018-06-15,100.0,1023
GT-000459,Kathleen Young,2020-04-06,AC-002640,Kathleen Young,2015-08-10,100.0,1701
